row_id,row_number,description,title,brand,model,category,condition,sku,upc,quantity,retail_value,notes,base_cost,ideal_price
1,1,cenozo Modern Chandeliers LED Dimmable Light Acrylic Balls Ceiling Pendant Lighting for Living Room Dining Room Bedroom Adjustable Hanging Lights 90 Watts Black Lamp,,cenozo,,BUILDING_AND_HARDWARE,USED_GOOD,,,1,700.70,Lot: AMZ_3PL_20260409_025 | Pallet: LIQ:3PL:PALLET:LNRM:PAL-69669 | LPN: LPNNA6DYPQFZQ,43.45,86.90
2,2,500ml Teflon Lined Hydrothermal Synthesis Autoclave Reactor 220℃ 3Mpa 304 Steel High Pressure Hydrothermal PTFE Hydrothermal Reactor Digestion Tank PTFE Vessel,,Rebrisbol,,MIXED_BUILDING_AND_INDUSTRIAL,USED_GOOD,,747165688949,1,622.70,Lot: AMZ_3PL_20260409_025 | Pallet: LIQ:3PL:PALLET:LNRM:PAL-69685 | LPN: LPNNA6H4HSC7R,38.62,77.24
3,3,"MOOONICHE Large Crystal Caged Ceiling Fan with Light 10 Lights Vintage Bronze Crystal Chandelier Fan 34"" Flush Mounted Ceiling Fan Light Fixture for Living Room Dining Room Hotel Foyer",,MOOONICHE,,BUILDING_AND_HARDWARE,USED_GOOD,,733241241603,1,584.99,Lot: AMZ_3PL_20260409_025 | Pallet: LIQ:3PL:PALLET:LNRM:PAL-69648 | LPN: LPNNA6JXLP9P2,36.28,72.56
4,4,"TOCHIC French Empire Crystal Chandelier, 9-Light Farmhouse Antique Bronze Chandelier Vintage Rustic Ceiling Light Fixture for Dining Living Room, Bedroom, Kitchen Island, Bathroom, Foyer, 24"" W",,TOCHIC,,BUILDING_AND_HARDWARE,USED_GOOD,,,1,350.99,Lot: AMZ_3PL_20260409_025 | Pallet: LIQ:3PL:PALLET:LNRM:PAL-69729 | LPN: LPNNA6PTRQ8QC,21.77,43.54
5,5,"WASSERMANN 3/4 HP Sewage Pump 2 inch Discharge with Auto Float Switch, 115V 7200 GPH Cast Iron Submersible Sewage Pump, Sump Pump for Basement Sump Basin Sewer Well 2"" NPT Discharge with 10 FT Cable",,wassermann,,BUILDING_AND_HARDWARE,USED_GOOD,,,1,341.89,Lot: AMZ_3PL_20260409_025 | Pallet: LIQ:3PL:PALLET:LNRM:PAL-69648 | LPN: LPNNA63HHZ96Q,21.20,42.40
6,6,"Boho Ceiling Fans with Lights and Remote, Wood Beaded 52 inch Ceiling Fan with Light,6 Speed Reversible Motor LED Flush Mount Ceiling Fans, Ceiling Fan Light for Bedroom Living Room(Wood Blades)",,HITOO,,BUILDING_AND_HARDWARE,USED_GOOD,,,1,337.99,Lot: AMZ_3PL_20260409_025 | Pallet: LIQ:3PL:PALLET:LNRM:PAL-69856 | LPN: LPNNA6N4HCCTV,20.96,41.92
7,7,"B2855 2HP Pool Pump Motor Replaces Century/AO Smith Regal Beloit B855 Swimming Pool Pump Motors, 230V, 10A, 3450RPM 1.5KW 56Y Frame 1.1 SF Include Replace Parts, Single Phase Square Flange Leungoo",,LEUNGOO,,BUILDING_AND_HARDWARE,USED_GOOD,,,1,337.84,Lot: AMZ_3PL_20260409_025 | Pallet: LIQ:3PL:PALLET:LNRM:PAL-69532 | LPN: LPNNA6654MJV8,20.95,41.90
8,8,SANYCASA 33 Inch Undermount Kitchen Sink with Quiet Drain - 11 Gauge Stainless Steel Sink Single Bowl - Multifunctional Handmade Modern Integrated Ledge Workstation,,SANYCASA,,BUILDING_AND_HARDWARE,USED_GOOD,,,1,306.14,Lot: AMZ_3PL_20260409_025 | Pallet: LIQ:3PL:PALLET:LNRM:PAL-69745 | LPN: LPNNA6N67TTPJ,18.98,37.96
9,9,KCO Lighting 12-Light Glass Globe Sputnik Chandelier Light Fixture Mid Century Modern Chandeliers Brushed Brass Chandelier Milk White Glass Ceiling Light Fixture (Gold+White),,KCO,,BUILDING_AND_HARDWARE,USED_GOOD,,,1,297.69,Lot: AMZ_3PL_20260409_025 | Pallet: LIQ:3PL:PALLET:LNRM:PAL-69532 | LPN: LPNNA632WNRHX,18.46,36.92
10,10,"Gutter Guards 6 inch, Aluminum Leaf Filter Rain Gutter Covers with Screws Included, 64 PCS 216FT DIY Gutter Guards Protection for 5-inch and 6-inch Gutters, Fits Any Roof or Gutter Type (Mill Finish)",,PPOLB,,BUILDING_AND_HARDWARE,USED_GOOD,,,1,292.49,Lot: AMZ_3PL_20260409_025 | Pallet: LIQ:3PL:PALLET:LNRM:PAL-69519 | LPN: LPNNK5KZYVCG6,18.14,36.28
11,11,"22"" Boho Wood Beaded Chandelier Farmhouse Rattan Pendant Light Fixtures Bohemia Large Rattan Chandeliers for Dining Room Living Room Kitchen Island Entryway Foyer, White, 5-Lights",,Pavloatu,,BUILDING_AND_HARDWARE,USED_GOOD,,,1,289.24,Lot: AMZ_3PL_20260409_025 | Pallet: LIQ:3PL:PALLET:LNRM:PAL-68868 | LPN: LPNNA6SCGKZWS,17.94,35.88
12,12,"COCOSTAR 24"" Crystal Chandeliers, Flush Mount Chandelier LED Ceiling Light, Modern Crystal Raindrop Chandeliers for Dining Room, Living Room, Bedroom",,COCOSTAR,,BUILDING_AND_HARDWARE,USED_GOOD,,,1,285.87,Lot: AMZ_3PL_20260409_025 | Pallet: LIQ:3PL:PALLET:LNRM:PAL-69856 | LPN: LPNNK5XHBKLX7,17.73,35.46
13,13,"Black utility sink, 25x18 Inch Stainless Steel Freestanding Laundry Sink Practicality With Accessories-Black Faucet,Soap Dispenser, SS Sink Grid, Colander For Laundry,Garage,Outdoor Kitchen,Garden...",,FAUENPEEY,,BUILDING_AND_HARDWARE,USED_GOOD,,,1,279.37,Lot: AMZ_3PL_20260409_025 | Pallet: LIQ:3PL:PALLET:LNRM:PAL-69856 | LPN: LPNNA6DCDC5M1,17.32,34.64
14,14,"Acquaer Shallow/Deep Well Jet Pump, Cast Iron Convertible Pump with Ejector Kit, Well Depth Up to 25ft or 90ft, 115V/230V Dual Voltage, Automatic Pressure Switch,1HP",,Acquaer,,BUILDING_AND_HARDWARE,USED_GOOD,,744985596416,1,271.69,Lot: AMZ_3PL_20260409_025 | Pallet: LIQ:3PL:PALLET:LNRM:PAL-69172 | LPN: LPNNA62Q8FYWG,16.85,33.70
15,15,"602208 Cast Iron Shallow Well Jet Pump, 1 HP 23 GPM 115/230V Dual Voltage, RJS-100-PREM Shallow Well Jet Pump for Home, Irrigation & Agriculture",,czobloik,,BUILDING_AND_HARDWARE,USED_GOOD,,,1,493.99,Lot: AMZ_3PL_20260409_025 | Pallet: LIQ:3PL:PALLET:LNRM:PAL-69648 | LPN: LPNNA6WFX9NW6,30.63,61.26
16,16,"JGWSMQ Tiffany Chandelier 11 Lights Cream Brown Stained Glass Pendant Light Chain Adjustable Victorian Hang Lighting Fixtures for Living Room Dining Room Bedroom Hotel,35 inch",,JGWSMQ,,BUILDING_AND_HARDWARE,USED_GOOD,,,1,479.62,Lot: AMZ_3PL_20260409_025 | Pallet: LIQ:3PL:PALLET:LNRM:PAL-69172 | LPN: LPNNA6BNM5KD2,29.74,59.48
17,17,"Wedding Electric Butterfly Floor Lamp: Giant Moving LED Butterflies Decoration with Movement & Lights Up - Big Movable Butterfly Props with Flapping Wings - for Birthday Party (White Light, 31.4 IN)",,YM sky,,BUILDING_AND_HARDWARE,USED_GOOD,,,1,452.61,Lot: AMZ_3PL_20260409_025 | Pallet: LIQ:3PL:PALLET:LNRM:PAL-69742 | LPN: LPNNA6X17SZY8,28.07,56.14
18,18,"TODOLUZ 2-Packs Large 3-Lights LED Outdoor Wall Light Fixture, Dimmable 5CCT Waterproof Exterior Porch Wall Sconce Lighting for Garage Front Door (3000K/3500K/4500K/5000K/6000K)",,TODOLUZ,,BUILDING_AND_HARDWARE,USED_GOOD,,,1,441.99,Lot: AMZ_3PL_20260409_025 | Pallet: LIQ:3PL:PALLET:LNRM:PAL-69648 | LPN: LPNNA6Z17TF5Z,27.41,54.82
19,19,Drydiet 323 Sqft Uncoupling Membrane for Tile 1/8''(3mm) Thick Waterproofing Membrane Crack Prevention Anti Fracture Flooring Underlayment for Bathroom Shower Kitchen Basement(Blue),,Drydiet,,BUILDING_AND_HARDWARE,USED_GOOD,,,1,415.99,Lot: AMZ_3PL_20260409_025 | Pallet: LIQ:3PL:PALLET:LNRM:PAL-69519 | LPN: LPNNA67Q58C49,25.80,51.60
20,20,"HKDQ Egg Incubator - 2026 New Egg Incubator with Automatic Egg Turning and Humidity Control,Large Poultry Hatcher for Chickens Birds Ducks (288 Eggs)",,HKDQ,,MIXED_BUILDING_AND_INDUSTRIAL,USED_GOOD,,,1,389.97,Lot: AMZ_3PL_20260409_025 | Pallet: LIQ:3PL:PALLET:LNRM:PAL-69172 | LPN: LPNNA6JM14Q6K,24.18,48.36
21,21,"Emliviar 32 Inch Outdoor Front Door Hanging Light, Farmhouse Exterior Pendant Lantern Waterproof Ceiling Mount with Seeded Glass, Black Finish, XE283H BK",,Emliviar,,BUILDING_AND_HARDWARE,USED_GOOD,,,1,376.99,Lot: AMZ_3PL_20260409_025 | Pallet: LIQ:3PL:PALLET:LNRM:PAL-69399 | LPN: LPNNA651134MZ,23.38,46.76
22,22,"Wellmet Firework Cryatsl Chandelier 30 inch, Gold Fiore Chandeliers Mid Century Modern Contemporary Brass Chandelier Light Fixture for Dining Room Living Room Bedroom Hallway Entryway Foyer",,Wellmet,,BUILDING_AND_HARDWARE,USED_GOOD,,,1,369.27,Lot: AMZ_3PL_20260409_025 | Pallet: LIQ:3PL:PALLET:LNRM:PAL-69729 | LPN: LPNNA6DV7HL7H,22.90,45.80
23,23,"Gefolly SL-9800W Solar Street Lights Outdoor, 860000LM Commercial Parking Lot Light, 6500K Dusk to Dawn IP67 Security Flood Lights Motion Sensor Led Lamp for Basketball Court, Road, Yard",,Gefolly,,BUILDING_AND_HARDWARE,USED_GOOD,,,1,358.14,Lot: AMZ_3PL_20260409_025 | Pallet: LIQ:3PL:PALLET:LNRM:PAL-69302 | LPN: LPNNA6JSHS7MH,22.21,44.42
24,24,"Electric Tankless Water Heater SIVUATEK 24kW, 240V - On-Demand Hot Water for Whole House - ETL Certified, Self Modulating - Compact Design for Easy Installation - for 4 Point of Use Hot Water",,SIVUATEK,,BUILDING_AND_HARDWARE,USED_GOOD,,,1,350.34,Lot: AMZ_3PL_20260409_025 | Pallet: LIQ:3PL:PALLET:LNRM:PAL-69699 | LPN: LPNNA6BXGSM8X,21.73,43.46
25,25,"B2855 2HP Pool Pump Motor Replaces Century/AO Smith Regal Beloit B855 Swimming Pool Pump Motors, 230V, 10A, 3450RPM 1.5KW 56Y Frame 1.1 SF Include Replace Parts, Single Phase Square Flange Leungoo",,LEUNGOO,,BUILDING_AND_HARDWARE,USED_GOOD,,,1,337.84,Lot: AMZ_3PL_20260409_025 | Pallet: LIQ:3PL:PALLET:LNRM:PAL-68868 | LPN: LPNNA6XKYXCHP,20.95,41.90
26,26,"VNN Portable Wheelchair Ramp 6FT, Seamless Non-Slip Aluminum Ramps for Wheelchairs for Home, Handicap Wheelchair Ramps for Home Steps, Aluminum Loading Dock Plates, Doorways",,VNN,,BUILDING_AND_HARDWARE,USED_GOOD,,,1,324.99,Lot: AMZ_3PL_20260409_025 | Pallet: LIQ:3PL:PALLET:LNRM:PAL-69644 | LPN: LPNNA6ZXGLC81,20.15,40.30
27,27,"ThermoMate Electric Tank Water Heater, 8.0 Gallon Point of Use Instant Small Hot Water Heater 120V 1440W, Wall or Floor Mounted, Plug-in to Use, UL Listed ES800",,thermomate,,BUILDING_AND_HARDWARE,USED_GOOD,,850066581056,1,321.09,Lot: AMZ_3PL_20260409_025 | Pallet: LIQ:3PL:PALLET:LNRM:PAL-69648 | LPN: LPNNA63NJ4YZS,19.91,39.82
28,28,Dual Door Magnetic Lock 1200lbs Holding Force Electromagnetic Lock 12V Fail Safe for Double Door Access Control System,,YUANWIN,,BUILDING_AND_HARDWARE,USED_GOOD,,769894490037,1,311.99,Lot: AMZ_3PL_20260409_025 | Pallet: LIQ:3PL:PALLET:LNRM:PAL-69661 | LPN: LPNNA6RXFPDGF,19.35,38.70
29,29,"Portable Bathtub for Adult- Extra Large 56"" Foldable Collapsible tub. Ergonomically Designed for the Ultimate Relaxing Soaking Bath, Ice Bath. Ideal for Small Spaces, Quick, Effortless Folding Bathtub",,ELDERFLOWER & BERRIES,,BUILDING_AND_HARDWARE,USED_GOOD,,195893088607,1,311.99,Lot: AMZ_3PL_20260409_025 | Pallet: LIQ:3PL:PALLET:LNRM:PAL-69849 | LPN: LPNNA6KZWZHXW,19.35,38.70
30,30,"HermnJakk Black Wagon Wheel Chandelier 53-Inch 24-Light,Extra Large Round Rustic Farmhouse Chandelier Metal Circle Chandeliers for Dining Room Living Room High Ceilings",,HermnJakk,,BUILDING_AND_HARDWARE,USED_GOOD,,,1,297.70,Lot: AMZ_3PL_20260409_025 | Pallet: LIQ:3PL:PALLET:LNRM:PAL-69644 | LPN: LPNNA6QJNKZVL,18.46,36.92
31,31,"IDYLLOR Black Bathroom Mirror Medicine Cabinet with Round Corner Framed Door 30 x 25.6 inch, Recessed or Surface Mount, with Adjustable Glass Shelves",,IDYLLOR,,BUILDING_AND_HARDWARE,USED_GOOD,,762283936352,1,285.86,Lot: AMZ_3PL_20260409_025 | Pallet: LIQ:3PL:PALLET:LNRM:PAL-69172 | LPN: LPNNK5DXMLSNT,17.73,35.46
32,32,"GOALPLUS Dusk to Dawn Outdoor Post Light Fixture, 24in High Bronze Post Lantern with Pier Mount, Exterior Pole Lighting with Seeded Glass for Yard, Garden, Patio and Pathway, 2 Pack, LMMS0519-M-2P",,GOALPLUS,,BUILDING_AND_HARDWARE,USED_GOOD,,792933856167,1,271.69,Lot: AMZ_3PL_20260409_025 | Pallet: LIQ:3PL:PALLET:LNRM:PAL-69742 | LPN: LPNNA6713FK7J,16.85,33.70
33,33,"Panasonic WhisperWarm Ceiling Mount Bathroom Exhaust Fan with LED Light & Heater, 50-80-110 CFM, FV-0511VHL1",,Panasonic,,BUILDING_AND_HARDWARE,USED_GOOD,,885170374188,1,506.99,Lot: AMZ_3PL_20260409_025 | Pallet: LIQ:3PL:PALLET:LNRM:PAL-69172 | LPN: LPNNA66DNTF6V,31.44,62.88
34,34,"TETOTE 24 x 30 White Led Lighted Medicine Cabinet Mirror with 3-Color Lights, Wall Mount or Recessed Cabinet Mirror for Bathroom with Storage, Tempered Glass, 2 Outlets, Anti-Fog, Adjustable Shelf",,TETOTE,,BUILDING_AND_HARDWARE,USED_GOOD,,,1,376.99,Lot: AMZ_3PL_20260409_025 | Pallet: LIQ:3PL:PALLET:LNRM:PAL-69685 | LPN: LPNNA6CRD98CH,23.38,46.76
35,35,Puvaue Modern Luxury K9 Crystal Chandelier 8-Lights Gold Round Pendant Light Easy Install Ceiling Hanging Light Fixture for Dining Living Room Kitchen Island Entryway Foyer D23.6,,Puvaue,,BUILDING_AND_HARDWARE,USED_GOOD,,,1,368.94,Lot: AMZ_3PL_20260409_025 | Pallet: LIQ:3PL:PALLET:LNRM:PAL-69856 | LPN: LPNNA6C8KVQS8,22.88,45.76
36,36,"CROSSIO Modern Crystal Chandelier for Dining Room, 12-Light Luxury Black 2 Tiers Crystal Raindrop Chandelier, Contemporary Hanging Light Fixture for Living Room Entryway Foyer D19.7''",,CROSSIO,,BUILDING_AND_HARDWARE,USED_GOOD,,733241251787,1,345.79,Lot: AMZ_3PL_20260409_025 | Pallet: LIQ:3PL:PALLET:LNRM:PAL-69685 | LPN: LPNNA6LPS62B5,21.44,42.88
37,37,"Dcolora Black Bar Sink with Faucet, 15""x20"" Drop In Small Kitchen Sink, Heavy Duty 16 Gauge 304 Stainless Steel Gunmetal Black Nano-PVD, Workstation with Valued Accessories #DC-SFDOE00131",,Dcolora,,BUILDING_AND_HARDWARE,USED_GOOD,,,1,337.99,Lot: AMZ_3PL_20260409_025 | Pallet: LIQ:3PL:PALLET:LNRM:PAL-69532 | LPN: LPNNA66NMPMB7,20.96,41.92
38,38,"VNN Portable Wheelchair Ramp 6FT, Seamless Non-Slip Aluminum Ramps for Wheelchairs for Home, Handicap Wheelchair Ramps for Home Steps, Aluminum Loading Dock Plates, Doorways",,VNN,,BUILDING_AND_HARDWARE,USED_GOOD,,,1,324.99,Lot: AMZ_3PL_20260409_025 | Pallet: LIQ:3PL:PALLET:LNRM:PAL-69644 | LPN: LPNNA6RSGW4D4,20.15,40.30
39,39,"JAYNLT Y-9800W Solar Street Lights Outdoor, 750000LM 6500K High Powered Commercial Parking Lot Lights Dusk to Dawn, Waterproof Solar Security Flood Lamps with Remote for Driveways, Basketball Courts",,JAYNLT,,BUILDING_AND_HARDWARE,USED_GOOD,,769293569297,1,317.68,Lot: AMZ_3PL_20260409_025 | Pallet: LIQ:3PL:PALLET:LNRM:PAL-69532 | LPN: LPNNA63Q9R6WL,19.70,39.40
40,40,"5 HP Air Compressor Electric Motor, 230V Air Compressor Motor 3450 RPM, Single Phase Motor, 56HZ Frame 7/8"" Keyed Shaft for Air Compressor",,GCCSJ,,BUILDING_AND_HARDWARE,USED_GOOD,,,1,311.99,Lot: AMZ_3PL_20260409_025 | Pallet: LIQ:3PL:PALLET:LNRM:PAL-69519 | LPN: LPNNK5NDLWL5P,19.35,38.70
41,41,"AIDPATH 1 HP Sewage Pump Submersible, Stainless Pump Casing, E-Coated Semi-Open Cast Iron Impeller, Auto Float Switch, 115V, 2"" NPT Discharge for Sump Basin, Sewage Well, Basement, Septic Tank, Trash",,AIDPATH,,MIXED_BUILDING_AND_INDUSTRIAL,USED_GOOD,,,1,311.84,Lot: AMZ_3PL_20260409_025 | Pallet: LIQ:3PL:PALLET:LNRM:PAL-69685 | LPN: LPNNK5P8LHMGF,19.34,38.68
42,42,"Gutter Guards 6 inch, Aluminum Leaf Filter Rain Gutter Covers with Screws Included, 64 PCS 216FT DIY Gutter Guards Protection for 5-inch and 6-inch Gutters, Fits Any Roof or Gutter Type (Mill Finish)",,PPOLB,,BUILDING_AND_HARDWARE,USED_GOOD,,,1,292.49,Lot: AMZ_3PL_20260409_025 | Pallet: LIQ:3PL:PALLET:LNRM:PAL-69519 | LPN: LPNNA6BRBHS2M,18.14,36.28
43,43,"WABON Modern K9 Crystal Pendant Lighting, Round Chrome Crystal Chandelier Contemporary Luxury Pendant Ceiling Lighting Fixture for Dining Living Room Kitchen Island Bedroom Foyer Hallway",,WABON,,BUILDING_AND_HARDWARE,USED_GOOD,,604787210999,1,285.99,Lot: AMZ_3PL_20260409_025 | Pallet: LIQ:3PL:PALLET:LNRM:PAL-69661 | LPN: LPNNA6SDN2WBM,17.73,35.46
44,44,"Stainless Steel Kitchen Sink with Faucet: 30-Inch Drop In Single Bowl Farmhouse Workstation Sink - Noise Reducing Design & Accessories Included (Black, 3018)",,HEJEBU,,BUILDING_AND_HARDWARE,USED_GOOD,,,1,283.40,Lot: AMZ_3PL_20260409_025 | Pallet: LIQ:3PL:PALLET:LNRM:PAL-69532 | LPN: LPNNA6FV9SNKV,17.57,35.14
45,45,"Commercial Floor Mop Sink，Stainless Steel Mop Service Basin，Floor Mount Mop Sink,Vertical industrial Sinks for balconies laundry rooms industries Restaurants (31.49”×16.1”×21.6” inch)",,XCWHDG,,MIXED_BUILDING_AND_INDUSTRIAL,USED_GOOD,,751654371052,1,280.54,Lot: AMZ_3PL_20260409_025 | Pallet: LIQ:3PL:PALLET:LNRM:PAL-69172 | LPN: LPNNA6V3QSY3Q,17.40,34.80
46,46,"MELUCEE 2 Pack 40 Inch Outside Wall Lights for House 5 Color Dimmable Outside Wall Led Linear Lights Black Long Exterior Sconce Wall Mount Lighting for Balcony Porch Garage Stair, 3000K-6000K",,MELUCEE,,BUILDING_AND_HARDWARE,USED_GOOD,,,1,272.99,Lot: AMZ_3PL_20260409_025 | Pallet: LIQ:3PL:PALLET:LNRM:PAL-69669 | LPN: LPNNA6JRCSCNY,16.93,33.86
47,47,"SUSLUM 50 Pack T8 LED Bulbs 4 Foot, Type A+B Hybrid Replacement for T8 Fluorescent Tube, 14W (32W Equivalent), 5000K Daylight, 2400 Lumens, Shatter Resistant Frosted Cover, G13 Base",,SUSLUM,,BUILDING_AND_HARDWARE,USED_GOOD,,607606210927,1,272.99,Lot: AMZ_3PL_20260409_025 | Pallet: LIQ:3PL:PALLET:LNRM:PAL-69699 | LPN: LPNNA6YNKL7QR,16.93,33.86
48,48,"ykolupty Gold Sputnik Chandelier, 12-Light Mid-Century Modern Chandelier Light Fixture for Foyer, Dining Room, Firework Chandelier for Bedroom, Hallway, Entryway 32 inch Dimmable 2700K-6000K",,ykolupty,,BUILDING_AND_HARDWARE,USED_GOOD,,,1,648.70,Lot: AMZ_3PL_20260409_025 | Pallet: LIQ:3PL:PALLET:LNRM:PAL-69742 | LPN: LPNNA6Y6Z66KH,40.23,80.46
49,49,"QIDI Q1 Pro 3D Printer, 600mm/s High-Speed Fully Auto Leveling 3D Printers with Camera, 60℃ Chamber Heat, 350°C Print Support Carbon Fiber Filament, Tangle Detection, Printing Size 9.65""x9.65""x9.45""",,R QIDI TECHNOLOGY,,MIXED_BUILDING_AND_INDUSTRIAL,USED_GOOD,,,1,583.70,Lot: AMZ_3PL_20260409_025 | Pallet: LIQ:3PL:PALLET:LNRM:PAL-69661 | LPN: LPNNA6QWBDGZJ,36.20,72.40
50,50,"IDEQUY LED Crystal Ring Chandelier, 47.2'' Gold Crystal Ring Pendant Light for Kitchen Island Modern Linear Oval Chandeliers for Dining Room Dimmable 3000K-6000K",,IDEQUY,,BUILDING_AND_HARDWARE,USED_GOOD,,,1,570.70,Lot: AMZ_3PL_20260409_025 | Pallet: LIQ:3PL:PALLET:LNRM:PAL-69372 | LPN: LPNNA6X8JZJYQ,35.39,70.78
51,51,Shial Lighting 10-Light Modern Chandelier for Entrance Crystal Chandeliers for Living Room Gold Pendant Light Fixture Staircase Chandeliers for High Ceilings Dimmable LED Hanging Light with Remote,,Shial Lighting,,BUILDING_AND_HARDWARE,USED_GOOD,,,1,546.00,Lot: AMZ_3PL_20260409_025 | Pallet: LIQ:3PL:PALLET:LNRM:PAL-69724 | LPN: LPNNA6KCCK5R1,33.86,67.72
52,52,"VonWater C5 Countertop Reverse Osmosis Water Filter, Hot and Cold RO System-3s Instant Hot, 6 Temp Settings 7-Stage RO Filtration Dispenser, NSF/ANSI372/42/58, Portable Pitcher, 3:1 Pure to Drain",,VonWater,,BUILDING_AND_HARDWARE,USED_GOOD,,,1,493.99,Lot: AMZ_3PL_20260409_025 | Pallet: LIQ:3PL:PALLET:LNRM:PAL-69172 | LPN: LPNNA6TTXWZN8,30.63,61.26
53,53,HermnJakk Modern Staircase Chandelier LED 6-Rings Foyer Chandeliers for High Ceilings Black Large Chandeliers Remote Control 3000K-6000K Dimmable Pendant Light for Living Room Staircase Entryway,,HermnJakk,,BUILDING_AND_HARDWARE,USED_GOOD,,,1,453.70,Lot: AMZ_3PL_20260409_025 | Pallet: LIQ:3PL:PALLET:LNRM:PAL-69519 | LPN: LPNNA63Z6KFTF,28.13,56.26
54,54,36 Inch Stainless Steel Farmhouse Sink Drop In-Hovheir 36x22 Drop In Top Mount Farm Sink Workstation 16 Gauge Stainless Steel Single Bowl Deep Kitchen Sinks Apron Sinks with Cutting Board,,Hovheir,,BUILDING_AND_HARDWARE,USED_GOOD,,,1,450.06,Lot: AMZ_3PL_20260409_025 | Pallet: LIQ:3PL:PALLET:LNRM:PAL-69532 | LPN: LPNNA6369PQ19,27.91,55.82
55,55,"M MINGLE Pressure Washer Hose Reel 300ft, Heavy Duty Hose Reel, Manual Crank Power Washer Hose Reel with Swivel Arm, Wall/Floor/Truck Mounted, 4000 PSI",,M MINGLE,,BUILDING_AND_HARDWARE,USED_GOOD,,,1,384.07,Lot: AMZ_3PL_20260409_025 | Pallet: LIQ:3PL:PALLET:LNRM:PAL-68861 | LPN: LPNNA6XQ5PJCZ,23.82,47.64
56,56,"3/4 HP PB4-60 Booster Pump, Replace for polaris PB4-60 Pool Booster Pump, Fit for polaris 180 280 380 480 3900 Pressure Side Pool Cleaners, 115V/230V 60Hz Pure Copper Motor with Hose & Fittings",,AQOVOR,,BUILDING_AND_HARDWARE,USED_GOOD,,797465855572,1,363.99,Lot: AMZ_3PL_20260409_025 | Pallet: LIQ:3PL:PALLET:LNRM:PAL-69856 | LPN: LPNNA64W1TQ3M,22.57,45.14
57,57,"BoomHoze 25x22 Drop In Kitchen Sink, Matte Black Granite Composite Quartz Drop In Sink Single Bowl Outdoor Kitchen Sink 25-inch Utility Drop-In/Topmount with Small Rubber Squeegee",,BoomHoze,,BUILDING_AND_HARDWARE,USED_GOOD,,,1,347.09,Lot: AMZ_3PL_20260409_025 | Pallet: LIQ:3PL:PALLET:LNRM:PAL-69399 | LPN: LPNNA6RFVXM63,21.52,43.04
58,58,High-end 300W High Bay LED Shop Lights with 120° Reflector 45000lm 5000K UFO LED High Bay Light AC100-277V LED High Bay Lights with Plug and Play-4Pack,,Lightdot,,BUILDING_AND_HARDWARE,USED_GOOD,,,1,338.39,Lot: AMZ_3PL_20260409_025 | Pallet: LIQ:3PL:PALLET:LNRM:PAL-69648 | LPN: LPNNA6QV8SPSM,20.98,41.96
59,59,"CREWORKS 30L Digital Ultrasonic Cleaning Machine with Heater and Timer, 600W Stainless Steel Ultrasonic Cleaner Machine, 7.9 gal Ultrasonic Parts Cleaner for Retainer Glasses Auto Tool Machine Part",,CREWORKS,,MIXED_BUILDING_AND_INDUSTRIAL,USED_GOOD,,,1,331.49,Lot: AMZ_3PL_20260409_025 | Pallet: LIQ:3PL:PALLET:LNRM:PAL-69648 | LPN: LPNNA6SJM1R9B,20.56,41.12
60,60,"Phylluz 96"" Industrial Ceiling Fans with Lights, Large Ceiling Fan with Remote/APP Control, Outdoor Ceiling Fans with 8 Blades, 3CCT, DC motor for Commercial Shop Garage Warehouse Black",,Phylluz,,BUILDING_AND_HARDWARE,USED_GOOD,,,1,311.99,Lot: AMZ_3PL_20260409_025 | Pallet: LIQ:3PL:PALLET:LNRM:PAL-69724 | LPN: LPNNA6R7NR58H,19.35,38.70
61,61,"STERREN 76'' Motion Sensor Floor Lamp, 105W Modern LED Floor Lamp, Smart Full-Spectrum Office Standing Lamp, 8400LM Bright Reading Lamp for Study Room,Living Room,Bedroom, 2700K-5000K Dimmable",,STERREN,,BUILDING_AND_HARDWARE,USED_GOOD,,,1,308.74,Lot: AMZ_3PL_20260409_025 | Pallet: LIQ:3PL:PALLET:LNRM:PAL-68868 | LPN: LPNNA6VTXX2RX,19.15,38.30
62,62,"Salaiwei 8-Light Lantern Tiered Pendant Light Fixtures, Black Metal Farmhouse Chandelier Hall Foyer Hanging Chandelier for Kitchen Island Dining Room Living Room Foyer Entryway, Black+Gold",,Salaiwei,,BUILDING_AND_HARDWARE,USED_GOOD,,,1,292.49,Lot: AMZ_3PL_20260409_025 | Pallet: LIQ:3PL:PALLET:LNRM:PAL-69724 | LPN: LPNNA6T8GZ2YW,18.14,36.28
63,63,Pangda 6 Set Peel and Stick Wall Molding Kit Inner and Outer Layer Style Premade Wainscoting Panel for Interior Wall Moulding Decor Accent Wall Molding (31x54inch),,Pangda,,BUILDING_AND_HARDWARE,USED_GOOD,,,1,272.99,Lot: AMZ_3PL_20260409_025 | Pallet: LIQ:3PL:PALLET:LNRM:PAL-69745 | LPN: LPNNA6Z15VXM5,16.93,33.86
64,64,"Automatic Roller Door Opener, Roll Up Garage Door Opener with 4 Remotes 800N & Secure Encryption for Garage Warehouse Store & Barn Farm, Wall Mounted",,ZSUCC,,BUILDING_AND_HARDWARE,USED_GOOD,,,1,267.97,Lot: AMZ_3PL_20260409_025 | Pallet: LIQ:3PL:PALLET:LNRM:PAL-69532 | LPN: LPNNA627RDDVC,16.62,33.24
65,65,"ROVOGO Shower Panel Tower System with Rainfall Waterfall Shower, 5 Body Jets and 3-Setting Handheld, 304 Stainless Steel Shower Column Wall-Mount, Black",,ROVOGO,,BUILDING_AND_HARDWARE,USED_GOOD,,665268100796,1,259.99,Lot: AMZ_3PL_20260409_025 | Pallet: LIQ:3PL:PALLET:LNRM:PAL-69131 | LPN: LPNNA67ZYT7FZ,16.12,32.24
66,66,"LightingLabs Led Bollard Landscape Lighting 20 Watts 40 Inch 3CCT 3000/4000/5000K 120-277V Outdoor Pathway Light Wired Ideal for Garden, Commercial and Driveway Rated IP65 ETL Listed",,Lighting Labs,,BUILDING_AND_HARDWARE,USED_GOOD,,738941002288,1,253.50,Lot: AMZ_3PL_20260409_025 | Pallet: LIQ:3PL:PALLET:LNRM:PAL-69685 | LPN: LPNNA6NV6YV3L,15.72,31.44
67,67,"Kohree RV Toilet, 18.5” Residential Height, Soft Close Seat & Cover, Deeper Bowl & Longer Seat, Efficient Gravity Flush System, Foot Pedal Operation, Universal Fit for RV Motorhomes Campers, White",,Kohree,,BUILDING_AND_HARDWARE,USED_GOOD,,,1,240.49,Lot: AMZ_3PL_20260409_025 | Pallet: LIQ:3PL:PALLET:LNRM:PAL-69532 | LPN: LPNNA6FG6BXQ3,14.91,29.82
68,68,"Merexcint Farmhouse Rustic Ceiling Fan with Light and Remote, 21 Inch Flush Mount Vintage Bladeless Rustic Chandeliers Fan, Rustic Ceiling Fan for Living Room, Bedroom, Hallway, Entryway Lighting",,Merexcint,,BUILDING_AND_HARDWARE,USED_GOOD,,645707959505,1,233.99,Lot: AMZ_3PL_20260409_025 | Pallet: LIQ:3PL:PALLET:LNRM:PAL-69172 | LPN: LPNNA6RPWS6TL,14.51,29.02
69,69,"LoryLAB LED Ceiling Light Fixture 19.68, Handcrafted Walnut Wood Modern Wabi-Sabi Style, 42W LED 3000K-4000K-6000K, Low Profile Lamp for Bedroom Kitchen Hallway Dining",,LoryLAB,,MIXED_BUILDING_AND_INDUSTRIAL,USED_GOOD,,,1,233.99,Lot: AMZ_3PL_20260409_025 | Pallet: LIQ:3PL:PALLET:LNRM:PAL-69742 | LPN: LPNNA65Q8NGDF,14.51,29.02
70,70,"TIRUSUN 72"" Ceilling Fans with Lights, Chandelier Fan Modern DC Motor Dimmable Led Fandelier Ceiling Fan with Light for Bedroom, Living Room, Indoor/Outdoor, Silver",,TIRUSUN,,BUILDING_AND_HARDWARE,USED_GOOD,,,1,232.70,Lot: AMZ_3PL_20260409_025 | Pallet: LIQ:3PL:PALLET:LNRM:PAL-69172 | LPN: LPNNA6XYTRWRK,14.43,28.86
71,71,"24"" Dusk to Dawn Outdoor Wall Light Fixture 2 Pack-Black Extra Large Modern Porch Lantern 3-Light, Waterproof Exterior Lighting Sconce Wall Mount, Outside Lamp for Entryway Garage Coach E12 Base",,SIAFAVOI,,BUILDING_AND_HARDWARE,USED_GOOD,,,1,222.29,Lot: AMZ_3PL_20260409_025 | Pallet: LIQ:3PL:PALLET:LNRM:PAL-69648 | LPN: LPNNA6W3LWLLF,13.78,27.56
72,72,Fanwin Star Blue OceanMystery Series Tempered Deco Glass Vessel Bathroom Sink in Starry Blue | Top Mount Sinks Above Countertop | Vanity Countertop Sink Bowl with Pop Up Drain |FW-LA604,,Fanwin Star,,BUILDING_AND_HARDWARE,USED_GOOD,,,1,221.13,Lot: AMZ_3PL_20260409_025 | Pallet: LIQ:3PL:PALLET:LNRM:PAL-69699 | LPN: LPNNA6KKT7TJN,13.71,27.42
73,73,"RAINLIGHTING 5 Lights 22 Inch Semi Flush Mount Close to Ceiling Light Fixture,Linen Fabric Shade Brushed Nickel Finish for Bedroom,Living Room,Dining Room Hallway",,RAINLIGHTING,,BUILDING_AND_HARDWARE,USED_GOOD,,,1,220.99,Lot: AMZ_3PL_20260409_025 | Pallet: LIQ:3PL:PALLET:LNRM:PAL-68861 | LPN: LPNNA6M7SB5Z6,13.70,27.40
74,74,"Heircido Rattan Large Drum Chandeliers, 23.6 Inch Chandelier for Dining Room 5-Lights Lamp Shape 3-Tier Light Fixtures with White Fabric Hanging Lighting for Entryway Kitchen Island Foyer Bedroom",,Heircido,,BUILDING_AND_HARDWARE,USED_GOOD,,,1,218.39,Lot: AMZ_3PL_20260409_025 | Pallet: LIQ:3PL:PALLET:LNRM:PAL-69742 | LPN: LPNNA6GZ85GHZ,13.54,27.08
75,75,Flexible EPDM Rubber Strip (100 ft Long and 3/4 inch Wide) for Concrete Crack Repair and Replacement - Weather and Aging Resistant Expansion Joint Filler for Driveways and Sidewalks,,RTHIEAI,,BUILDING_AND_HARDWARE,USED_GOOD,,,1,217.09,Lot: AMZ_3PL_20260409_025 | Pallet: LIQ:3PL:PALLET:LNRM:PAL-69856 | LPN: LPNNA6YCHWHG6,13.46,26.92
76,76,"1.5HP Electric Motor 3450RPM Reversible Single Phase 56C Frame General Purpose Motor for Agricultural Machinery General Equipment 5/8"" Shaft Diameter TEFC 115/230V",,Cuilvu,,BUILDING_AND_HARDWARE,USED_GOOD,,,1,259.99,Lot: AMZ_3PL_20260409_025 | Pallet: LIQ:3PL:PALLET:LNRM:PAL-69399 | LPN: LPNNA6SDN2V6X,16.12,32.24
77,77,72 Inch Gold Ceiling Fans with Lights Reversible Quiet DC Motor 6 Speeds Large Modern Ceiling Fans with Remote Chandelier Fans for Bedroom Living Room,,Dawn Whisper,,BUILDING_AND_HARDWARE,USED_GOOD,,,1,259.99,Lot: AMZ_3PL_20260409_025 | Pallet: LIQ:3PL:PALLET:LNRM:PAL-69729 | LPN: LPNNA6GG8X243,16.12,32.24
78,78,"Yiludingsheng Antler Chandelier 8-Light, 38.4in Deer Antlers Chandelier Rustic Style Faux Deer Resin Antlers Lamp Vintage Antler Horn Retro Lighting for Dining Room Bedroom Cabin(6Lamp Arms+3 Arms)",,Yiludingsheng,,BUILDING_AND_HARDWARE,USED_GOOD,,,1,259.99,Lot: AMZ_3PL_20260409_025 | Pallet: LIQ:3PL:PALLET:LNRM:PAL-69661 | LPN: LPNNA6BMCTC1S,16.12,32.24
79,79,"prismite Paint Sprayer Extension Pole, 4-1/2 to 10 Feet",,prismite,,BUILDING_AND_HARDWARE,USED_GOOD,,,1,259.94,Lot: AMZ_3PL_20260409_025 | Pallet: LIQ:3PL:PALLET:LNRM:PAL-69372 | LPN: LPNNA6FFSYCTM,16.12,32.24
80,80,"Outdoor Electrical Box 24 x 24 x 12''D NEMA 4X Enclosure Steel Box, Waterproof & Dustproof Outdoor/Indoor Lockable Electrical Junction Box, with Mounting Plate",,CXCESNS,,BUILDING_AND_HARDWARE,USED_GOOD,,085353666967,1,256.09,Lot: AMZ_3PL_20260409_025 | Pallet: LIQ:3PL:PALLET:LNRM:PAL-69661 | LPN: LPNNA686WGDQL,15.88,31.76
81,81,szcflaghip Dimmable Kitchen Island Lighting Modern LED Linear Chandelier Lighting Fixture 39in Crystal Modern Led Pendant Light Fixtures Over Table for Dining Room Kitchen Living Room,,szcflaghip,,BUILDING_AND_HARDWARE,USED_GOOD,,,1,245.56,Lot: AMZ_3PL_20260409_025 | Pallet: LIQ:3PL:PALLET:LNRM:PAL-69644 | LPN: LPNNA64NN98W9,15.23,30.46
82,82,"Lexier 2Pack 47.2inch Long Outdoor Modern LED Wall Light,38W Waterproof IP65 Warm White 110V led Wall Mount Lighting Fixture Rectangular Black Wall Lights Elegant Frosted White Acrylic Anti Rust.",,Lexier,,BUILDING_AND_HARDWARE,USED_GOOD,,601868345694,1,233.99,Lot: AMZ_3PL_20260409_025 | Pallet: LIQ:3PL:PALLET:LNRM:PAL-69519 | LPN: LPNNA6BFV772G,14.51,29.02
83,83,"SCNYCUL Outdoor Lamp Post Lights with Outlet, Dusk to Dawn Pole Lamp with Patterned Glass, Aluminum Waterproof Outside Street Light with Plug, Hardwired Black Light Pole for Backyard, Garden, Driveway",,SCNYCUL,,BUILDING_AND_HARDWARE,USED_GOOD,,,1,233.99,Lot: AMZ_3PL_20260409_025 | Pallet: LIQ:3PL:PALLET:LNRM:PAL-69661 | LPN: LPNNA6SKVMQ7P,14.51,29.02
84,84,"BAIDICE Soft Close Bottom Mount Drawer Slides 24 Inch Rails with Rear mounting Bracket Locking Devices Screws for Face Frame Or Frameless Application（24 inch,6 Pair）",,baidice,,BUILDING_AND_HARDWARE,USED_GOOD,,,1,228.03,Lot: AMZ_3PL_20260409_025 | Pallet: LIQ:3PL:PALLET:LNRM:PAL-69739 | LPN: LPNNA62R1K6W3,14.14,28.28
85,85,"120W LED Floor Lamp, 76.8"" Tall Reading Light, 10000LM Knob Dimming Standing Lamp, Full Spectrum Eye Care Reading Lamp, 4000K Natural Daylight for Study Room, Office, Living Room, Bedroom (White)",,STERREN,,BUILDING_AND_HARDWARE,USED_GOOD,,,1,222.29,Lot: AMZ_3PL_20260409_025 | Pallet: LIQ:3PL:PALLET:LNRM:PAL-69644 | LPN: LPNNA69Q92C7L,13.78,27.56
86,86,"AIKVSXER 4 Pack 1x4 LED Flat Panel Light – 5500LM Ultra-Bright, Dimmable 30-50W, 3000K-6500K Adjustable, 0-10V Dimming, Slim Surface Mount Ceiling Light for Office, Home, Garage – White",,AIKVSXER,,BUILDING_AND_HARDWARE,USED_GOOD,,,1,222.29,Lot: AMZ_3PL_20260409_025 | Pallet: LIQ:3PL:PALLET:LNRM:PAL-69742 | LPN: LPNNA6RJQKKVK,13.78,27.56
87,87,"Aliseniors Heavy Duty Bedside Commode, 500lbs Extra-Wide Bariatric Commode Chair for Adults & Seniors, Portable Toilet Seat with Arms, Adjustable Potty Chair Bucket with Lid, Tool-Free Assembly",,Aliseniors,,MIXED_BUILDING_AND_INDUSTRIAL,USED_GOOD,,741754998570,1,220.94,Lot: AMZ_3PL_20260409_025 | Pallet: LIQ:3PL:PALLET:LNRM:PAL-69729 | LPN: LPNNA6W2X58CK,13.70,27.40
88,88,"B2853 Pool Pump Motor 1 HP Fits for A.O. Smith Century Pool Pump B853, Pentair SuperFlo, Sta-Rite WhisperFlo, Challenger, Pinnacle, Anthony Pumps, 3450 RPM, 1 Speed, 230/115 V, Square Pool Motor",,BENXUTO,,BUILDING_AND_HARDWARE,USED_GOOD,,,1,213.19,Lot: AMZ_3PL_20260409_025 | Pallet: LIQ:3PL:PALLET:LNRM:PAL-69648 | LPN: LPNNA6JRCG6QJ,13.22,26.44
89,89,"BAIDICE Soft Close Bottom Mount Drawer Slides21 Inch Rails with Rear mounting Bracket Locking Devices Screws for Face Frame Or Frameless Application（21 inch,6 Pair）",,baidice,,BUILDING_AND_HARDWARE,USED_GOOD,,,1,210.48,Lot: AMZ_3PL_20260409_025 | Pallet: LIQ:3PL:PALLET:LNRM:PAL-69669 | LPN: LPNNA6TFWZ3ZN,13.05,26.10
90,90,"Neodrain12X36 Inch Shower Niche, Brushed 3-Tier Stainless Niches No Tile Needed Bathroom wall Niche for Shower Storage Waterprooof, Recessed in wall",,Neodrain,,BUILDING_AND_HARDWARE,USED_GOOD,,,1,210.48,Lot: AMZ_3PL_20260409_025 | Pallet: LIQ:3PL:PALLET:LNRM:PAL-69669 | LPN: LPNNA6KZ8QP6B,13.05,26.10
91,91,"AWBYBO Sliding Shower Chair Tub Transfer Bench with Swivel Seat for Elderly & Disabled 400lb Heavy Duty Bath & Shower Safety Seating with Armrests & Backrest, Adjustable Height Tub Bench for Bathroom",,AWBYBO,,BUILDING_AND_HARDWARE,USED_GOOD,,,1,207.99,Lot: AMZ_3PL_20260409_025 | Pallet: LIQ:3PL:PALLET:LNRM:PAL-69739 | LPN: LPNNA6ZRDPLQ6,12.90,25.80
92,92,"Pelopy 16 Pcs Stanchion Posts Queue Crowd Control Stanchion Velvet Ropes Carpet Set, 38 in Post Sand Injection Hollow Base with Rope for Party Museum (32 ft Carpet,Gold,Red)",,Pelopy,,MIXED_BUILDING_AND_INDUSTRIAL,USED_GOOD,,,1,207.99,Lot: AMZ_3PL_20260409_025 | Pallet: LIQ:3PL:PALLET:LNRM:PAL-69648 | LPN: LPNNA6ZZY4GTV,12.90,25.80
93,93,"PUMPMAN 1.5 HP Deep Well Submersible Pump, 110V, 26.4 GPM Flow, 315 Ft Head, 4'' Stainless Steel Water Pump, Deep Well Water Pump for Industrial, Irrigation&Home Use, IP68 Waterproof Grade",,PUMPMAN,,BUILDING_AND_HARDWARE,USED_GOOD,,,1,207.99,Lot: AMZ_3PL_20260409_025 | Pallet: LIQ:3PL:PALLET:LNRM:PAL-69685 | LPN: LPNNK5DTSMCVT,12.90,25.80
94,94,"SINMEIRUN 16.5 FT Telescoping A Frame Ladder, 8 Step, ANSI Certified, Type IA Heavy Duty, 330lbs Max Capacity, Aluminum Extension Ladder for Home, Roof, RV; Orange",,SINMEIRUN,,BUILDING_AND_HARDWARE,USED_GOOD,,717639176036,1,259.99,Lot: AMZ_3PL_20260409_025 | Pallet: LIQ:3PL:PALLET:LNRM:PAL-69644 | LPN: LPNNA6817HVVD,16.12,32.24
95,95,"DDLLDESHI 16 Light Chandelier Sputnik Ceiling Light Fixture with Glass Globe Bubble Black Chandeliers for Dining Room Bedroom Kitchen Office Living Room Light Fixture（41"" Art Deco Modern Chandelier）",,DDLLDESHI,,BUILDING_AND_HARDWARE,USED_GOOD,,,1,259.99,Lot: AMZ_3PL_20260409_025 | Pallet: LIQ:3PL:PALLET:LNRM:PAL-69648 | LPN: LPNNA6MDMFGXV,16.12,32.24
96,96,AKMNBDH Modern Black and Gold Rectangular Chandelier Luxury K9 Crystal Chandelier Crystal Flush Mount Ceiling Light Ideal for Dining Room Living Room W80cm 8 E12 Base,,AKMNBDH,,BUILDING_AND_HARDWARE,USED_GOOD,,,1,259.97,Lot: AMZ_3PL_20260409_025 | Pallet: LIQ:3PL:PALLET:LNRM:PAL-68867 | LPN: LPNNA6WPSRZCJ,16.12,32.24
97,97,"XYDikssn Modern Gold Crystal Chandelier, Luxury Gold 24” Round Chandelier Round Pendant Lighting Adjustable Ceiling Light Fixture for Living Room Dining Room Bedroom Foyer Entryway",,XYDikssn,,BUILDING_AND_HARDWARE,USED_GOOD,,,1,256.09,Lot: AMZ_3PL_20260409_025 | Pallet: LIQ:3PL:PALLET:LNRM:PAL-69519 | LPN: LPNNA6YMBWF9G,15.88,31.76
98,98,"Kwpcvz Water Textured Glass Drum Chandelier,22"" Round Modern Chandeliers for Dining Room Light Fixture Luxury Hanging Farmhouse Black Glass Pendant Light for Entryway Foyer Living Room Kitchen",,Kwpcvz,,BUILDING_AND_HARDWARE,USED_GOOD,,,1,248.16,Lot: AMZ_3PL_20260409_025 | Pallet: LIQ:3PL:PALLET:LNRM:PAL-69532 | LPN: LPNNA6QYPGKBY,15.39,30.78
99,99,"43.3"" Tall Fireproof Wall Safes Between the Studs 16"" Centers, Electronic Hidden Safe with Removable Shelf, Fireproof in Wall Safe for Money Jewelry Passport",,GUVELI,,BUILDING_AND_HARDWARE,USED_GOOD,,,1,246.99,Lot: AMZ_3PL_20260409_025 | Pallet: LIQ:3PL:PALLET:LNRM:PAL-69644 | LPN: LPNNA6R8FC3DK,15.32,30.64
100,100,"1700W Canister Vacuum Cleaner, 45Kpa Bagless Vacuum Cleaner, Multi-Cyclonic Filtration, 2 Anti-Allergen HEPA Filters, 3.5QT Dust Cup, 4 Tools, Corded Vacuum for Hard Floor, Pet Hair, Turquoise",,Aspiron,,MIXED_BUILDING_AND_INDUSTRIAL,USED_GOOD,,779657329603,1,233.99,Lot: AMZ_3PL_20260409_025 | Pallet: LIQ:3PL:PALLET:LNRM:PAL-69532 | LPN: LPNNA6KHBNRJM,14.51,29.02
101,101,"Farmhouse Table Lamps Black 18.8"" Tall Ceramic Table Lamp Rustic Southwestern Clay Pot Ceramic Lampshade with Fabric Shade Bedside Nightstand for Living Room Bedroom House Office Entryway (White)",,DJAMEL,,BUILDING_AND_HARDWARE,USED_GOOD,,765150475633,1,233.99,Lot: AMZ_3PL_20260409_025 | Pallet: LIQ:3PL:PALLET:LNRM:PAL-69856 | LPN: LPNNA6XM2D8XV,14.51,29.02
102,102,"8 Light Bathroom Light Fixtures Gold for Big Mirror, Brushed Gold Vanity Lights for Bathroom with Milky White Frosted Glass Shades, 51 inch Wall Sconce for Mirrors Living Room Bedroom",,FAISHILAN,,BUILDING_AND_HARDWARE,USED_GOOD,,,1,233.94,Lot: AMZ_3PL_20260409_025 | Pallet: LIQ:3PL:PALLET:LNRM:PAL-69729 | LPN: LPNNA6MQ58BR3,14.51,29.02
103,103,"Yoenecea Outdoor Lighting Fixtures Wall Mount, Outdoor Wall Lights Modern with Frosted Glass, Aluminum Exterior Light for House Outdoor Wall Lantern for Garage Porch Carriage Patio (17''H, 1 pc)",,Yoenecea,,BUILDING_AND_HARDWARE,USED_GOOD,,747165676786,1,233.84,Lot: AMZ_3PL_20260409_025 | Pallet: LIQ:3PL:PALLET:LNRM:PAL-69699 | LPN: LPNNA62ZY8V6R,14.50,29.00
104,104,"RIKADE Telescopic Ladder, 20.34FT Aluminum Telescoping Ladder with Stable Hook and Non-Slip Feet, Portable Extension Ladder for Household and Outdoor Working, Max Load 330lbs, Aluminum",,RIKADE,,BUILDING_AND_HARDWARE,USED_GOOD,,,1,220.99,Lot: AMZ_3PL_20260409_025 | Pallet: LIQ:3PL:PALLET:LNRM:PAL-69699 | LPN: LPNNA6NXKPXY9,13.70,27.40
105,105,"Focitland 23 Inch Gold Bathroom Vessel Sink with Waterfall Faucet and Drain Combo,Oval Ceramic Vessel Sink Above Counter Modern Bathroom Sink Bowl,Golden YuanBao Design",,Focitland,,BUILDING_AND_HARDWARE,USED_GOOD,,732262004136,1,220.99,Lot: AMZ_3PL_20260409_025 | Pallet: LIQ:3PL:PALLET:LNRM:PAL-69745 | LPN: LPNNA64L636N2,13.70,27.40
106,106,"14.17in Alabaster Wall Sconces, Natural Marble Wall Light Set of Two, Modern LED Alabaster Sconces for Living Room Indoor Wall Lamps for Dining Room Stairs Bedroom,Brushed Gold",,DLUCE,,BUILDING_AND_HARDWARE,USED_GOOD,,,1,219.82,Lot: AMZ_3PL_20260409_025 | Pallet: LIQ:3PL:PALLET:LNRM:PAL-69302 | LPN: LPNNA65Z8L6GR,13.63,27.26
107,107,"Modern linear chandeliers for dining room,7 Lights Glass Globe sputnik ceiling light fixture 41"" Mid Century black and gold chandelier (Large Long Pendant Hanging Lighting for Kitchen Island)",,DDLLDESHI,,BUILDING_AND_HARDWARE,USED_GOOD,,,1,219.70,Lot: AMZ_3PL_20260409_025 | Pallet: LIQ:3PL:PALLET:LNRM:PAL-69685 | LPN: LPNNA6C67R7DY,13.62,27.24
108,108,Juexica 96 x 118 Inch Plastic Strip Door Curtain Kit 0.08'' Walk in Cooler Curtains PVC Freezer Door Curtain Smooth Waterproof Insulation Hurricane Shutters Gate for Warehouse Garage Industry (Clear),,Juexica,,BUILDING_AND_HARDWARE,USED_GOOD,,,1,215.79,Lot: AMZ_3PL_20260409_025 | Pallet: LIQ:3PL:PALLET:LNRM:PAL-69532 | LPN: LPNNA6XW4NG2B,13.38,26.76
109,109,"Wisfor Sintered Stone Dining Coffee Table - 30"" Round Stone Dining Table for Kitchen Dining Room, Rust-Proof Iron Base and Travertine Tabletop",,Wisfor,,MIXED_BUILDING_AND_INDUSTRIAL,USED_GOOD,,,1,259.99,Lot: AMZ_3PL_20260409_025 | Pallet: LIQ:3PL:PALLET:LNRM:PAL-69699 | LPN: LPNNA6NJMHT51,16.12,32.24
110,110,"FACHNUO 5 Feet Portable Wheelchair Ramp, Non-Skid Aluminum Handicap Ramps with Handle, Folding Threshold Wheel Chair Ramp for Home Steps, Stairs, Entry, Threshold, Doorways, Scooter, 800LBS Capacity",,FACHNUO TOOL,,BUILDING_AND_HARDWARE,USED_GOOD,,,1,259.97,Lot: AMZ_3PL_20260409_025 | Pallet: LIQ:3PL:PALLET:LNRM:PAL-69532 | LPN: LPNNA6DYTCRFZ,16.12,32.24
111,111,"Acquaer Shallow Well Jet Pump,Cast Iron, Well Depth Up to 25ft, 115V/230V Dual Voltage, Automatic Pressure Switch,1HP",,Acquaer,,BUILDING_AND_HARDWARE,USED_GOOD,,,1,256.09,Lot: AMZ_3PL_20260409_025 | Pallet: LIQ:3PL:PALLET:LNRM:PAL-69648 | LPN: LPNNA6XHHMCGG,15.88,31.76
112,112,"LightingLabs Led Bollard Landscape Lighting 20 Watts 40 Inch 3CCT 3000/4000/5000K 120-277V Outdoor Pathway Light Wired Ideal for Garden, Commercial and Driveway Rated IP65 ETL Listed",,Lighting Labs,,BUILDING_AND_HARDWARE,USED_GOOD,,738941002288,1,253.50,Lot: AMZ_3PL_20260409_025 | Pallet: LIQ:3PL:PALLET:LNRM:PAL-68861 | LPN: LPNNA6G8FYQNY,15.72,31.44
113,113,"ZXFDWB Gold Modern Sputnik Chandelier for Dining Room Light Fixture, 6-Light Mid Century Pendant with Frosted Glass Shades Globe, Adjustable Hanging Celling Light for Kitchen Island, Living Room",,ZXFDWB,,BUILDING_AND_HARDWARE,USED_GOOD,,,1,246.99,Lot: AMZ_3PL_20260409_025 | Pallet: LIQ:3PL:PALLET:LNRM:PAL-68868 | LPN: LPNNA6B67MZ9C,15.32,30.64
114,114,"CLAIRDAI 42'' Dimmable Ceiling Fan with Light and Remote Crystal Modern Chandelier Fan Retractable Fandelier with Memory, Silent Motor, 6 Speed, 3 Color Change, Timer Function(Gold)",,CLAIRDAI,,BUILDING_AND_HARDWARE,USED_GOOD,,,1,246.99,Lot: AMZ_3PL_20260409_025 | Pallet: LIQ:3PL:PALLET:LNRM:PAL-69856 | LPN: LPNNA6T7TS472,15.32,30.64
115,115,SANDYHA Blue Ceramic Table Lamp Nordic Bedside Lamp Gold Metal Bracket Base with White Fabric Lampshadetable Lamps for Living Room Bedroom Study Hotel Navy Blue Lamp,,SANDYHA,,BUILDING_AND_HARDWARE,USED_GOOD,,717097365737,1,245.58,Lot: AMZ_3PL_20260409_025 | Pallet: LIQ:3PL:PALLET:LNRM:PAL-69399 | LPN: LPNNA6F8GN5PS,15.23,30.46
116,116,"ANYCUBIC Photon Mono 4, Resin 3D Printer with 7'' 10K Mono LCD Screen, Stable LighTurbo Light Source and 70mm/h Fast Printing, Print Volume 6.04'' x 3.42'' x 6.49''",,ANYCUBIC,,MIXED_BUILDING_AND_INDUSTRIAL,USED_GOOD,,840432410172,1,235.76,Lot: AMZ_3PL_20260409_025 | Pallet: LIQ:3PL:PALLET:LNRM:PAL-68868 | LPN: LPNNA62JRJGZG,14.62,29.24
117,117,"Portable Shampoo Bowl with Electric Pump (Pack of 1) | Adjustable Basin Height, Dual-Bucket Design with Drain Hoses | Home & Barber Use |",,Nazalus,,BUILDING_AND_HARDWARE,USED_GOOD,,764126889351,1,233.99,Lot: AMZ_3PL_20260409_025 | Pallet: LIQ:3PL:PALLET:LNRM:PAL-69661 | LPN: LPNNA6K5555XV,14.51,29.02
118,118,"WLJBIDET Bidet Toilet Seat with Remote Control, Electronic Heated Bidet Seat with Adjustable Warm Water and Pressure, Warm Air Drying, Display Screen, Night Light, Slow Closed Toilet Lid, Elongated",,WLJBIDET,,BUILDING_AND_HARDWARE,USED_GOOD,,,1,233.99,Lot: AMZ_3PL_20260409_025 | Pallet: LIQ:3PL:PALLET:LNRM:PAL-69849 | LPN: LPNNA6Q6Y3RZ6,14.51,29.02
119,119,"9815wh High Capacity Wall Heater,Wall-Mounted Electric Heater with Built-In Adjustable Thermostat and Silent Motor Suitable for Kitchen, Bedroom, Study, Living room 1500W,120/240V Voltage,White",,Atdsetr,,BUILDING_AND_HARDWARE,USED_GOOD,,,1,232.70,Lot: AMZ_3PL_20260409_025 | Pallet: LIQ:3PL:PALLET:LNRM:PAL-68867 | LPN: LPNNA69MC7D92,14.43,28.86
120,120,"BAIDICE Soft Close Bottom Mount Drawer Slides 24 Inch Rails with Rear mounting Bracket Locking Devices Screws for Face Frame Or Frameless Application（24 inch,6 Pair）",,baidice,,BUILDING_AND_HARDWARE,USED_GOOD,,,1,228.03,Lot: AMZ_3PL_20260409_025 | Pallet: LIQ:3PL:PALLET:LNRM:PAL-69739 | LPN: LPNNA6DSL98CX,14.14,28.28
121,121,"TETOTE 30 x 26 Bathroom Mirror with Storage with Tempered Beveled Mirror Silver Medicine Cabinet Aluminum Cabinet DTC Hinges, Stepless Adjustable Shelves, Recessed/Surface-Mounted",,TETOTE,,BUILDING_AND_HARDWARE,USED_GOOD,,,1,220.99,Lot: AMZ_3PL_20260409_025 | Pallet: LIQ:3PL:PALLET:LNRM:PAL-69638 | LPN: LPNNA67WBTWSH,13.70,27.40
122,122,"RIKADE Telescopic Ladder, 20.34FT Aluminum Telescoping Ladder with Stable Hook and Non-Slip Feet, Portable Extension Ladder for Household and Outdoor Working, Max Load 330lbs, Aluminum",,RIKADE,,BUILDING_AND_HARDWARE,USED_GOOD,,,1,220.99,Lot: AMZ_3PL_20260409_025 | Pallet: LIQ:3PL:PALLET:LNRM:PAL-69724 | LPN: LPNNA6KJP3Z6N,13.70,27.40
123,123,"OURBAOFU Tandem Shower, Dual Shower Heads for Couples & Handheld head, Triple Shower Head System for Two People, High Pressure and Adjustable Double Shower Heads and Handheld Shower Head（Black)",,OURBAOFU,,BUILDING_AND_HARDWARE,USED_GOOD,,738191928581,1,220.99,Lot: AMZ_3PL_20260409_025 | Pallet: LIQ:3PL:PALLET:LNRM:PAL-68867 | LPN: LPNNA6QW3B4NK,13.70,27.40
124,124,"Deliyfans 48"" Fandelier Ceiling Fan with Light, Chandelier Ceiling Fans with Lights,Retractable Crystal Ceiling Fan for Bedroom Living Room,6 Wind Speed,3 Color Tempeature-Chrome",,Deliyfans,,BUILDING_AND_HARDWARE,USED_GOOD,,,1,220.99,Lot: AMZ_3PL_20260409_025 | Pallet: LIQ:3PL:PALLET:LNRM:PAL-69856 | LPN: LPNNA6VSNW72D,13.70,27.40
125,125,"Neoaider Slatwall Panel 8 FT x 4 FT, Interlocking Slat Wall Paneling, Wall Mounted PVC Wallpanel, Suitable for Garage Storage and Organizer, Slatwall Board, Shelves - White",,Neoaider,,MIXED_BUILDING_AND_INDUSTRIAL,USED_GOOD,,,1,210.50,Lot: AMZ_3PL_20260409_025 | Pallet: LIQ:3PL:PALLET:LNRM:PAL-69638 | LPN: LPNNA6QYT5FGR,13.05,26.10
126,126,"Qcazegy 31.5"" Black Flush Mount Ceiling Light Fixture, 5-Light Vintage Industrial Cage Chandelier for Dining Room, Kitchen Island, Living Room, Dimmable Large Semi Flush Mount Close to Ceiling Light",,Qcazegy,,BUILDING_AND_HARDWARE,USED_GOOD,,,1,207.99,Lot: AMZ_3PL_20260409_025 | Pallet: LIQ:3PL:PALLET:LNRM:PAL-69532 | LPN: LPNNA69Z85P3L,12.90,25.80
127,127,"TXCSLY 42"" Fandelier Ceiling Fan with Light, Crystal Chandelier Fan with Retractable Blades Dimmable Crystal Ceiling Fan Chandelier for Bedroom Living Room Dining Room-Gold",,TXCSLY,,BUILDING_AND_HARDWARE,USED_GOOD,,,1,207.99,Lot: AMZ_3PL_20260409_025 | Pallet: LIQ:3PL:PALLET:LNRM:PAL-69661 | LPN: LPNNA673TGYR2,12.90,25.80
128,128,"Artbrix 5-Pack 3D Faux Stone Wall Panels, PU Cement-Texture Wainscoting Panels for Interior Walls – Waterproof & Lightweight, Covers 38.7 Sq.Ft, 47.2"" x 23.6"", for TV Wall, Office, Living Room,White",,Artbrix,,BUILDING_AND_HARDWARE,USED_GOOD,,,1,207.99,Lot: AMZ_3PL_20260409_025 | Pallet: LIQ:3PL:PALLET:LNRM:PAL-69638 | LPN: LPNNA6G92B695,12.90,25.80
129,129,"400W LED Parking Lot Light with Slip Fitter, 5000K Daylight 56000Lm, 1500W HPSHID Equivalent, Commercial Outdoor Security Flood Lighting",,WHLED,,BUILDING_AND_HARDWARE,USED_GOOD,,638457082661,1,194.99,Lot: AMZ_3PL_20260409_025 | Pallet: LIQ:3PL:PALLET:LNRM:PAL-69372 | LPN: LPNNA6768WBS7,12.09,24.18
130,130,FUNGDO UV Light Box for DIY Icing Box Make Yellow/Oxidized Soles White Again or Making 3D Printer Curing Enclosure Big Curing Station with 395nm and 405nm UV Light,,FUNGDO,,MIXED_BUILDING_AND_INDUSTRIAL,USED_GOOD,,724164996541,1,194.99,Lot: AMZ_3PL_20260409_025 | Pallet: LIQ:3PL:PALLET:LNRM:PAL-69849 | LPN: LPNNA6RFS91JB,12.09,24.18
131,131,"BAIDICE Soft Close Bottom Mount Drawer Slides 18 Inch Rails with Rear mounting Bracket Locking Devices Screws for Face Frame Or Frameless Application（18 inch,6 Pair）",,baidice,,BUILDING_AND_HARDWARE,USED_GOOD,,,1,192.93,Lot: AMZ_3PL_20260409_025 | Pallet: LIQ:3PL:PALLET:LNRM:PAL-69131 | LPN: LPNNA6NG4KGPK,11.96,23.92
132,132,"Neodrain Shower Niche, Insert Bathroom Storage Shower Shelf, Stainless Steel Recessed Wall Niche No Tiled Recessed Cabinet Waterproof for Shower Storage(Matte Black,36""x12"")",,Neodrain,,BUILDING_AND_HARDWARE,USED_GOOD,,768459605817,1,190.46,Lot: AMZ_3PL_20260409_025 | Pallet: LIQ:3PL:PALLET:LNRM:PAL-69644 | LPN: LPNNA6SFZ1PTS,11.81,23.62
133,133,"Modern Gold Floor Lamp with Easel,Adjustable Height Tall Metal Standing Lamp,marble base E27 Floor Lamp,for Individual Art Easel Design Floor Uplight Lamp,for Living Room,reading lamp 100V-240V",,SUZEPER,,BUILDING_AND_HARDWARE,USED_GOOD,,,1,189.79,Lot: AMZ_3PL_20260409_025 | Pallet: LIQ:3PL:PALLET:LNRM:PAL-69745 | LPN: LPNNA6FMDQM6Z,11.77,23.54
134,134,"HUOKU Modern Wood Chandelier, 24"" Dimmable Round LED Chandelier Farmhouse Walnut Color Dining Room Light Fixtures for Entryway Kitchen Foyer",,HUOKU,,BUILDING_AND_HARDWARE,USED_GOOD,,,1,187.71,Lot: AMZ_3PL_20260409_025 | Pallet: LIQ:3PL:PALLET:LNRM:PAL-69399 | LPN: LPNNA6RNK6576,11.64,23.28
135,135,"Food Heat Lamp: [Rapid-Heating Bulbs Included] [Steady Heating] Commercial Food Warmer Lamp, Electric Heat Lamp for Food Catering Food Warming Lamp for Buffet Parties (Painted Copper, 32"" (2-Head))",,SVKLHY,,MIXED_BUILDING_AND_INDUSTRIAL,USED_GOOD,,,1,185.24,Lot: AMZ_3PL_20260409_025 | Pallet: LIQ:3PL:PALLET:LNRM:PAL-69399 | LPN: LPNNA6ZSK7QC2,11.49,22.98
136,136,"Wolec 16.5 ft Aluminum Telescoping Ladder, 330 lb Load, Hooks, Portable Collapsible Ladder for Home & Work,Silver",,Wolec,,BUILDING_AND_HARDWARE,USED_GOOD,,717661544087,1,181.99,Lot: AMZ_3PL_20260409_025 | Pallet: LIQ:3PL:PALLET:LNRM:PAL-69372 | LPN: LPNNA63W3RYD4,11.29,22.58
137,137,"BlessReach Deluxe Medical Scooter Double Handbrake, All Terrain Steerable Knee Scooter Crutch Alternative, for Adults Injured Ankle & Foot Recovery in Blacks",,BlessReach,,MIXED_BUILDING_AND_INDUSTRIAL,USED_GOOD,,,1,181.99,Lot: AMZ_3PL_20260409_025 | Pallet: LIQ:3PL:PALLET:LNRM:PAL-69739 | LPN: LPNNA6FKSD468,11.29,22.58
138,138,LannlKer 2 Pcs Modern Outdoor Wall Lights 47.2inch Dimmable 3000K-6000K with Remote Control Waterproof IP65 Exterior Long Wall Sconce for House Garage Patio,,LannlKer,,BUILDING_AND_HARDWARE,USED_GOOD,,,1,181.99,Lot: AMZ_3PL_20260409_025 | Pallet: LIQ:3PL:PALLET:LNRM:PAL-69669 | LPN: LPNNA67572T7M,11.29,22.58
139,139,"VitaSophy Knee Scooter with Disc Brakes, Steerable Knee Walker for Adults for Foot Surgery, Broken Ankle- 12"" All Terrain Rover Scooter for Broken Foot Injured Leg Crutch",,VitaSophy,,MIXED_BUILDING_AND_INDUSTRIAL,USED_GOOD,,,1,181.99,Lot: AMZ_3PL_20260409_025 | Pallet: LIQ:3PL:PALLET:LNRM:PAL-69661 | LPN: LPNNA6DCG9392,11.29,22.58
140,140,"KASARO 3D Faux Stone Wall Panels, 4 PCS PU Wainscoting Panel for Interior Wall Decor, Cement Texture Thicker Accent for Home, Office, 43.3 × 23.6 inch, Black",,KASARO,,BUILDING_AND_HARDWARE,USED_GOOD,,,1,181.99,Lot: AMZ_3PL_20260409_025 | Pallet: LIQ:3PL:PALLET:LNRM:PAL-69724 | LPN: LPNNA6M7N2FD6,11.29,22.58
141,141,"Maasechs 2 Pcs 22"" x 36"" Entry Door Frame Only Replacement Kit, 1 Lite for 1"" Glass (Not Included), Exterior Front Door Glass Insert Kit White Window Grille Inserts Replacement",,Maasechs,,BUILDING_AND_HARDWARE,USED_GOOD,,,1,181.99,Lot: AMZ_3PL_20260409_025 | Pallet: LIQ:3PL:PALLET:LNRM:PAL-69742 | LPN: LPNNA6X8JSN1R,11.29,22.58
142,142,"DIY DECK Post Anchor Connector Stainless Steel Beam Anchor Connector Post Base Bracket (4, P6x6-B(4x4/4x6))",,DIY DECK,,BUILDING_AND_HARDWARE,USED_GOOD,,,1,180.70,Lot: AMZ_3PL_20260409_025 | Pallet: LIQ:3PL:PALLET:LNRM:PAL-68867 | LPN: LPNNA6QHCGQ8V,11.21,22.42
143,143,"Liliful 8 Pcs Cordless Table Lamp Rechargeable Touch LED Small Gold Portable Battery Operated USB-c Desk Lamp 3 Color Dimmable for Bedroom Living Room Dining (Gold,Rose Style)",,Liliful,,BUILDING_AND_HARDWARE,USED_GOOD,,,1,179.39,Lot: AMZ_3PL_20260409_025 | Pallet: LIQ:3PL:PALLET:LNRM:PAL-69648 | LPN: LPNNA6MWDW3JY,11.12,22.24
144,144,"EIDEARAY Modern LED Wall Sconce Set of Two, Dimmable Battery Powered Wall Sconces, 3000K-6500K LED Wireless Wall Light with Remote, Wall Lamp Indoor not Hardwired for Room Bedroom Corridor（Nickel）",,EIDEARAY,,BUILDING_AND_HARDWARE,USED_GOOD,,,1,176.79,Lot: AMZ_3PL_20260409_025 | Pallet: LIQ:3PL:PALLET:LNRM:PAL-69638 | LPN: LPNNA683QFC7F,10.96,21.92
145,145,"Arturesthome 1 Light Rustic Woven Pendant Light, Coastal Rattan Lampshade Hanging Lighting Fixture,Adjustable Vintage Farmhouse Chandelier Lamp Shade for Kitchen Island Dining Table Room",,Arturesthome,,BUILDING_AND_HARDWARE,USED_GOOD,,,1,207.99,Lot: AMZ_3PL_20260409_025 | Pallet: LIQ:3PL:PALLET:LNRM:PAL-69745 | LPN: LPNNA648L586F,12.90,25.80
146,146,"HOLOHATAL Bronze Pendant Lights Kitchen Island, 16 Inch Large Dome Pendant Light, Modern Farmhouse Pendant Light for Kitchen Island, Dining Room, Cafe, Bar, 2 Pack",,HOLOHATAL,,BUILDING_AND_HARDWARE,USED_GOOD,,,1,198.89,Lot: AMZ_3PL_20260409_025 | Pallet: LIQ:3PL:PALLET:LNRM:PAL-69724 | LPN: LPNNA6HNNLVLQ,12.33,24.66
147,147,"Chalixion Incubators for Hatching Eggs 120, Chicken Egg Incubator with Automatic Egg Turning and Humidity Display, Temperature Control with 5 Automatic Incubation Modes, Incubation Day Counter",,Chalixion,,MIXED_BUILDING_AND_INDUSTRIAL,USED_GOOD,,,1,197.60,Lot: AMZ_3PL_20260409_025 | Pallet: LIQ:3PL:PALLET:LNRM:PAL-69856 | LPN: LPNNA6HMFMFXJ,12.25,24.50
148,148,"Art3d 12-Pack Slat Design 3D Wall Panels for Interior Wall Decor, 2x4 FT PVC Decorative Drop Ceiling Tiles - Oak",,Art3d,,BUILDING_AND_HARDWARE,USED_GOOD,,,1,194.99,Lot: AMZ_3PL_20260409_025 | Pallet: LIQ:3PL:PALLET:LNRM:PAL-69519 | LPN: LPNNK5HV6VN4M,12.09,24.18
149,149,"sunkryster Gold Bathroom Vanity Light, 4-Light Brushed Gold Finish Vanity Light with Floral Clear Glass Shades, Vintage Wall Mount Lighting for Bathroom, Dressing Table",,sunkryster,,BUILDING_AND_HARDWARE,USED_GOOD,,,1,194.99,Lot: AMZ_3PL_20260409_025 | Pallet: LIQ:3PL:PALLET:LNRM:PAL-69699 | LPN: LPNNK5K7N142L,12.09,24.18
150,150,"SQUSMAY Rattan Woven Pendant Hanging Lighting,Vintage Ceiling Light Bamboo Chandelier for Living Room Bedroom Restaurant Cafe Teahouse Bar Dining Room",,SQUSMAY,,BUILDING_AND_HARDWARE,USED_GOOD,,,1,189.79,Lot: AMZ_3PL_20260409_025 | Pallet: LIQ:3PL:PALLET:LNRM:PAL-69856 | LPN: LPNNA6VKVCS63,11.77,23.54
151,151,"DaisyInner Heavy Duty Stacking and Banquet Chair Dolly, Holds 12 Chairs, with Oversized Rubber Wheels and Fixed Rope for Transport Easily Storage Solution, Black",,DaisyInner,,MIXED_BUILDING_AND_INDUSTRIAL,USED_GOOD,,,1,183.29,Lot: AMZ_3PL_20260409_025 | Pallet: LIQ:3PL:PALLET:LNRM:PAL-69849 | LPN: LPNNA677PP7YS,11.37,22.74
152,152,"Black Modern Chandelier,Modern Led Pendant Light for Kitchen Island Lighting Dimmable 39.73"" Creative Snake-Shaped Twist Design Modern Led Chandelier for Dining Room Over Table",,Likflyer,,BUILDING_AND_HARDWARE,USED_GOOD,,,1,182.57,Lot: AMZ_3PL_20260409_025 | Pallet: LIQ:3PL:PALLET:LNRM:PAL-69532 | LPN: LPNNA6J6YPJDN,11.32,22.64
153,153,"WISSMIELS LED Bathroom Mirror 36 Inch Round Bathroom Mirror with Lights,Circle LED Mirror, Wall Mounted Lighted Bathroom with 3 Colors Brightness, Anti-Fog, Dimmable, Shatter-Proof",,WISSMIELS,,BUILDING_AND_HARDWARE,USED_GOOD,,,1,181.99,Lot: AMZ_3PL_20260409_025 | Pallet: LIQ:3PL:PALLET:LNRM:PAL-69131 | LPN: LPNNA66H1ZMPH,11.29,22.58
154,154,"Electric Water Heater 2.5 Gallon Mini Tank Hot Water Under Sink Instant for Kitchen Bathroom 110V 1500W, Wall or Floor Mounted, Easy to Install",,NUANBO,,BUILDING_AND_HARDWARE,USED_GOOD,,797457757082,1,181.99,Lot: AMZ_3PL_20260409_025 | Pallet: LIQ:3PL:PALLET:LNRM:PAL-69856 | LPN: LPNNA6FRB5GV8,11.29,22.58
155,155,"Champagne Bucket with Stand, Wine Bucket Stand with 5L Bucket, Stainless Steel Standing Ice Buckets for Bar, KTV, Hotel, Party, Gathering (Matte Black, 2 Packs)",,DMPWNEBL,,MIXED_BUILDING_AND_INDUSTRIAL,USED_GOOD,,,1,180.36,Lot: AMZ_3PL_20260409_025 | Pallet: LIQ:3PL:PALLET:LNRM:PAL-69661 | LPN: LPNNA6W91QFLB,11.18,22.36
156,156,"7PMBEANE Rectangle K9 Crystal Chandelier,Rectangular Contemporary Pendant Light Fixture,Black Modern Crystal Chandeliers for Dining Room Kitchen Island L31.5''xW10''xH10''",,7PMBEANE,,BUILDING_AND_HARDWARE,USED_GOOD,,,1,207.97,Lot: AMZ_3PL_20260409_025 | Pallet: LIQ:3PL:PALLET:LNRM:PAL-69729 | LPN: LPNNA649CD1VW,12.90,25.80
157,157,IDEQUY Modern LED Gold Ring Chandelier Dimmable Gold Crystal Ring Pendant Light Adjustable Round Crystal Chandelier Light for Dining Room Living Room 15.7in,,IDEQUY,,BUILDING_AND_HARDWARE,USED_GOOD,,,1,195.00,Lot: AMZ_3PL_20260409_025 | Pallet: LIQ:3PL:PALLET:LNRM:PAL-68868 | LPN: LPNNA6BDSTBS7,12.09,24.18
158,158,"ZMJH ZMA102 Bidet Toilet Seat, Unlimited Warm Water, Vortex Wash, Electronic Heated, Warm Air Dryer, Rear and Front Wash, LED Light, Need Electricity, White, (Elongated)",,ZMJH,,BUILDING_AND_HARDWARE,USED_GOOD,,791767928026,1,194.99,Lot: AMZ_3PL_20260409_025 | Pallet: LIQ:3PL:PALLET:LNRM:PAL-69729 | LPN: LPNNA63CFB576,12.09,24.18
159,159,"Black Kitchen Sink, Stainless Steel 27 x 22 Inch Drop In Sink Single Bowl Top Mount Sink Set - Sink Grid, Silicone Mat And Drain Assembly For Modern Kitchen And Bar Stylish and Functional",,FAUENPEEY,,BUILDING_AND_HARDWARE,USED_GOOD,,,1,190.97,Lot: AMZ_3PL_20260409_025 | Pallet: LIQ:3PL:PALLET:LNRM:PAL-69399 | LPN: LPNNA69528DRD,11.84,23.68
160,160,"Garage Door Seals, Heavy-Duty Garage Door Seals Bottom Rubber with Rodent Proof Steel Wool, Aluminum Track Retainer Base with Brush Seal Kit, Universal Garage Weather Stripping Kit (16.5ft)",,Ginchain,,BUILDING_AND_HARDWARE,USED_GOOD,,,1,189.79,Lot: AMZ_3PL_20260409_025 | Pallet: LIQ:3PL:PALLET:LNRM:PAL-68867 | LPN: LPNNA6PG2X2HK,11.77,23.54
161,161,BlessReach 350 Lbs Capacity Foldable All Terrain Knee Scooter Walker - Economical Foot Injury Crutch Alternative - Black,,BlessReach,,MIXED_BUILDING_AND_INDUSTRIAL,USED_GOOD,,,1,187.19,Lot: AMZ_3PL_20260409_025 | Pallet: LIQ:3PL:PALLET:LNRM:PAL-69856 | LPN: LPNNA66XLP7VW,11.61,23.22
162,162,"Eastrexon Folding Table Cart, Heavy Duty Table Dolly w/ 5"" PU Swivel Wheels, Drywall Dolly Cart w/ 1800 LBS & 10 Table Capacity for Party Events, Hotel, Factory, Warehouse, (45.6"" L x 29"" W x 39"" H)",,Eastrexon,,MIXED_BUILDING_AND_INDUSTRIAL,USED_GOOD,,,1,186.41,Lot: AMZ_3PL_20260409_025 | Pallet: LIQ:3PL:PALLET:LNRM:PAL-69849 | LPN: LPNNA6S3S17MJ,11.56,23.12
163,163,"Slypadan 19"" Gold Outdoor Light Fixture, 2 Pack Large Size Outdoor Sconce Lights with Clear Glass Shade, Waterproof Porch Lighting Exterior Light Fixture for Front Door, Garage",,Slypadan,,BUILDING_AND_HARDWARE,USED_GOOD,,,1,185.24,Lot: AMZ_3PL_20260409_025 | Pallet: LIQ:3PL:PALLET:LNRM:PAL-69399 | LPN: LPNNA62CD2C1Y,11.49,22.98
164,164,"Wooden Linear Pendant Light 47"" LED Pendant Light Dimmable Pool Table Island Lights Modern Linear Chandeliers for Dining Room Kitchen Ceiling Pendant Lamp for Dining Room Billiard Room Natural",,QJCMUUYI,,BUILDING_AND_HARDWARE,USED_GOOD,,,1,183.68,Lot: AMZ_3PL_20260409_025 | Pallet: LIQ:3PL:PALLET:LNRM:PAL-69302 | LPN: LPNNA68F9PH1L,11.39,22.78
165,165,"ANDY STAR 3 Light Bathroom Vanity Light, Brushed Nickel Bathroom Sconces with Clear Tulip Glass Shade, Vintage Vanity Lights for Bedroom, Living Room, E12 Base(Bulbs Not Included)",,ANDY STAR,,BUILDING_AND_HARDWARE,USED_GOOD,,,1,181.99,Lot: AMZ_3PL_20260409_025 | Pallet: LIQ:3PL:PALLET:LNRM:PAL-69729 | LPN: LPNNA6T91P4LP,11.29,22.58
166,166,"29"" x 48"" Shed Ramp for Riding Mower, Heavy-Duty 1500 lb Anti-Slip Metal Ramp for Lawn Mower ATV Golf Cart Tractor Snow Blower Garage Barn Storage Access(2Pack)",,Fanmoss,,BUILDING_AND_HARDWARE,USED_GOOD,,,1,181.99,Lot: AMZ_3PL_20260409_025 | Pallet: LIQ:3PL:PALLET:LNRM:PAL-69729 | LPN: LPNNA6TSKM6FW,11.29,22.58
167,167,"ZSDHXi Rattan Pendant Light Fixture Ceiling, 19.68”Hand Woven Wicker Chandelier, Rustic 3-Light Large Hanging Lamp, Adjustable Boho Flush Mount Hanging Light for Dining Room Kitchen Living Room",,ZSDHXi,,BUILDING_AND_HARDWARE,USED_GOOD,,,1,181.99,Lot: AMZ_3PL_20260409_025 | Pallet: LIQ:3PL:PALLET:LNRM:PAL-69661 | LPN: LPNNA6CFV6461,11.29,22.58
168,168,"GoYeel Semi Flush Chandelier Gold, Modern Light Fixtures Ceiling Mount Lighting Pendant 3 Light Dining Chandeliers Over Table Glass 18.5"" 13 Clear Swirled Globe for Foyer Bedroom Kitchen",,GoYeel,,BUILDING_AND_HARDWARE,USED_GOOD,,,1,181.99,Lot: AMZ_3PL_20260409_025 | Pallet: LIQ:3PL:PALLET:LNRM:PAL-69724 | LPN: LPNNA6B15NS3T,11.29,22.58
169,169,"Vinyl Basement Hopper Window, 32"" x 22"" Bathroom Window with Double Pane Insulated Glass and Fiberglass Screen, White PVC Frame, Energy Efficient Replacement Window for Basement, Bathroom (White)",,NOTASA,,BUILDING_AND_HARDWARE,USED_GOOD,,,1,181.99,Lot: AMZ_3PL_20260409_025 | Pallet: LIQ:3PL:PALLET:LNRM:PAL-69724 | LPN: LPNNA6FNPLRVH,11.29,22.58
170,170,"3 Steps Hot Tub RV Steps with Dual Handrail, ퟐퟎퟐퟔ 퐔퐩퐠퐫퐚퐝퐞퐝 Portable Mobile Home Stairs Steps with Reinforced Crossbeams on Both Sides, 660lbs, Outdoor RV Camper Entry Steps w/Non-Slip Mats",,KAXUSDT,,BUILDING_AND_HARDWARE,USED_GOOD,,,1,181.99,Lot: AMZ_3PL_20260409_025 | Pallet: LIQ:3PL:PALLET:LNRM:PAL-69849 | LPN: LPNNA6WPVCHXX,11.29,22.58
171,171,"HLMRCHEN Shell Chandelier, White and Gold Chandelier Light Fixture with 4 Lights Capiz Seashell Pendant for Foyer,Kitchen Island,Entryway,Dining Room (18"" Coastal Chandeliers)",,HLMRCHEN,,BUILDING_AND_HARDWARE,USED_GOOD,,,1,181.87,Lot: AMZ_3PL_20260409_025 | Pallet: LIQ:3PL:PALLET:LNRM:PAL-69638 | LPN: LPNNA6ZDK7P51,11.28,22.56
172,172,"Electric Bidet Toilet Seat Elongated with Heated Seat, Warm Air Dryer, Endless Warm Water, Oscillating and Pulsating Spray Wash, Stainless Steel Self-Clean Nozzle (Bidet Toilet Seat Elongated 2)",,Cioreznt,,BUILDING_AND_HARDWARE,USED_GOOD,,,1,180.70,Lot: AMZ_3PL_20260409_025 | Pallet: LIQ:3PL:PALLET:LNRM:PAL-68861 | LPN: LPNNA638LHVR3,11.21,22.42
173,173,"Fabric Drum Shade semi Flush Mount Ceiling Light PS Diffuser,Off White Fabric Chandeliers Shade for Bar, Dining Room, Corridor,Living Room (Gold, 20"")",,Doraimi Lighting,,BUILDING_AND_HARDWARE,USED_GOOD,,717057913695,1,180.05,Lot: AMZ_3PL_20260409_025 | Pallet: LIQ:3PL:PALLET:LNRM:PAL-69849 | LPN: LPNNA6W917F4R,11.17,22.34
174,174,"CATINER 16"" Extra Large Farmhouse Pendant Light – Hand-Blown Hammered Glass Shade, Gold Finish, Adjustable Chain Ceiling Light for Kitchen Island, Dining Room, Hallway",,CATINER,,MIXED_BUILDING_AND_INDUSTRIAL,USED_GOOD,,,1,179.91,Lot: AMZ_3PL_20260409_025 | Pallet: LIQ:3PL:PALLET:LNRM:PAL-69399 | LPN: LPNNA6TMCF3KB,11.16,22.32
175,175,"FRIXCHUR 42"" Fandelier Ceiling Fan with Light Dimmable Fandelier Crystal Chandelier Retractable LED Chandelier Ceiling Fan with Remote Control Quiet Operation 6 Speed 3 Light for Living Room Bedroom",,FRIXCHUR,,BUILDING_AND_HARDWARE,USED_GOOD,,,1,178.74,Lot: AMZ_3PL_20260409_025 | Pallet: LIQ:3PL:PALLET:LNRM:PAL-69399 | LPN: LPNNA6656S9FQ,11.08,22.16
176,176,"Shial Lighting 3-Lights Pendant Lights Kitchen Island Mini Chandelier,Modern Silver Pendant Light with Remote Control,Hanging Light Fixture for Dining Room Hallway",,Shial Lighting,,BUILDING_AND_HARDWARE,USED_GOOD,,,1,205.40,Lot: AMZ_3PL_20260409_025 | Pallet: LIQ:3PL:PALLET:LNRM:PAL-69742 | LPN: LPNNA669B5KT1,12.74,25.48
177,177,"Humagineer 8 Inch Heavy Duty Industrial Grade Caster Set of 4, Industrial Swivel Casters with Brake, Maintenance-Free Aluminum Core PU Wheels 6000 LBS, Durable Casters Wheels for Industrial, Equipment",,Humagineer,,MIXED_BUILDING_AND_INDUSTRIAL,USED_GOOD,,,1,197.59,Lot: AMZ_3PL_20260409_025 | Pallet: LIQ:3PL:PALLET:LNRM:PAL-68868 | LPN: LPNNA6LQ5GFT6,12.25,24.50
178,178,"LARWORKS Natural Flexible Soft Stone Wall Panel, 20-Pack, 37.75 Sq Ft Coverage, Flexible & Bendable Exterior Wall Panels - Textured Stone Siding for Interior & Outdoor Use - Gray",,LarWorks,,BUILDING_AND_HARDWARE,USED_GOOD,,,1,194.99,Lot: AMZ_3PL_20260409_025 | Pallet: LIQ:3PL:PALLET:LNRM:PAL-69172 | LPN: LPNNA6ZL95R2C,12.09,24.18
179,179,"liangeight 42 Inch Fandelier Ceiling Fan with Light, Chandelier Ceiling Fans with Lights, Crystal Ceiling Fans for Bedroom Living Room, LED Dimmable, 6 Wind Speed,3 Color Temperatures-Black",,liangeight,,BUILDING_AND_HARDWARE,USED_GOOD,,,1,194.99,Lot: AMZ_3PL_20260409_025 | Pallet: LIQ:3PL:PALLET:LNRM:PAL-69399 | LPN: LPNNA68698BXP,12.09,24.18
180,180,"Rviezza 24-Light Black Wagon Wheel Chandelier Farmhouse, 48"" Extra Large Chandeliers for High Ceilings, Round Matte Black Chandeliers for Dining Room, Kitchen Island, Foyer, Living Room, Entrance",,Rviezza,,BUILDING_AND_HARDWARE,USED_GOOD,,,1,194.99,Lot: AMZ_3PL_20260409_025 | Pallet: LIQ:3PL:PALLET:LNRM:PAL-69742 | LPN: LPNNA6MW1DZGP,12.09,24.18
181,181,Hoimpro Tub Filler Freestanding Bathtub Faucet Matte Black Floor Mount Tub Faucet Waterfall Free Standing Bathtub Filler High Flow Brass Bath Shower Faucets with Handheld Sprayer,,Hoimpro,,BUILDING_AND_HARDWARE,USED_GOOD,,742939478399,1,191.09,Lot: AMZ_3PL_20260409_025 | Pallet: LIQ:3PL:PALLET:LNRM:PAL-69685 | LPN: LPNNA6KTP3JG1,11.85,23.70
182,182,"HXOAOXH 120-Pack Gold Charger Plates 13"" – Durable PP Round Disposable/Reusable Dinner Chargers, Bulk Wedding Banquet Catering Table Setting, Holiday Party Placemats",,HXOAOXH,,MIXED_BUILDING_AND_INDUSTRIAL,USED_GOOD,,,1,190.48,Lot: AMZ_3PL_20260409_025 | Pallet: LIQ:3PL:PALLET:LNRM:PAL-69399 | LPN: LPNNK5XL5GNKF,11.81,23.62
183,183,"7.0 Cuft Safes for Home Use Fire and Water proof, Extra Large Security fireproof safe Box With LCD Digital Keypad, Smart Alert, Hidden Code, Combination Jewelry Fire Document Safes For Money Valuables",,Uzticams,,BUILDING_AND_HARDWARE,USED_GOOD,,,1,188.49,Lot: AMZ_3PL_20260409_025 | Pallet: LIQ:3PL:PALLET:LNRM:PAL-69724 | LPN: LPNNA6LH1H6M5,11.69,23.38
184,184,"Push Cart Dolly, Flat Cart, Flatbed Platform Trucks with Wheels and Handle, Rolling Trolly, Folding Handcart for Moving, Heavy Duty 2000 lb Capacity, Carritos de Carga, Foldable 36 x 35 x 24 Inches",,Houseables,,BUILDING_AND_HARDWARE,USED_GOOD,,810055501489,1,186.89,Lot: AMZ_3PL_20260409_025 | Pallet: LIQ:3PL:PALLET:LNRM:PAL-69685 | LPN: LPNNA66PWHSMZ,11.59,23.18
185,185,"Pelopy 12 Pcs Stanchion Posts with Velvet Ropes and Red Carpet 26 ft, Crowd Control Barrier Set, 38"" Gold Queue Poles for Wedding, Graduation, Party, Event Entrance Decor",,Pelopy,,MIXED_BUILDING_AND_INDUSTRIAL,USED_GOOD,,,1,185.89,Lot: AMZ_3PL_20260409_025 | Pallet: LIQ:3PL:PALLET:LNRM:PAL-69172 | LPN: LPNNA6YR13FT1,11.53,23.06
186,186,"5"" Gutter Guard,50 Pcs 200 Ft Heavy-Duty Aluminum Mesh Leaf Guards with Screws for 5"" Gutters Leaf and Debris Protection.",,Sevenjungle,,BUILDING_AND_HARDWARE,USED_GOOD,,757523570410,1,183.29,Lot: AMZ_3PL_20260409_025 | Pallet: LIQ:3PL:PALLET:LNRM:PAL-69669 | LPN: LPNNA6DL3CBV2,11.37,22.74
187,187,"Finktonglan 31.4 inch Modern Crystal Chandelier, 3 Rectangular LED Rings Chandeliers Pendant Ceiling Light for Dining Room Kitchen Island Stair Well (6000K Cool White)",,Finktonglan,,BUILDING_AND_HARDWARE,USED_GOOD,,,1,182.47,Lot: AMZ_3PL_20260409_025 | Pallet: LIQ:3PL:PALLET:LNRM:PAL-69729 | LPN: LPNNA66W528GQ,11.32,22.64
188,188,"60 Inch Farmhouse Ceiling Fans with Rustic Lights, Caged Ceiling Fans with Remote, Industrial Ceiling Fan with Reversible DC Motor, Antique Flush Mount Fan with Chandelier for Living Room Bedroom",,Breezary,,BUILDING_AND_HARDWARE,USED_GOOD,,,1,181.99,Lot: AMZ_3PL_20260409_025 | Pallet: LIQ:3PL:PALLET:LNRM:PAL-69856 | LPN: LPNNA6LSPJG3H,11.29,22.58
189,189,"LUNOA High-End Body Pillow - Made in Japan - 63""x20"" (160x50cm) - Ultra Resilient & Smooth Touch - Washable Insert - LU9900LS-T Genuine Product Fabric Feel Level up",,LUNOA,,MIXED_BUILDING_AND_INDUSTRIAL,USED_GOOD,,,1,181.97,Lot: AMZ_3PL_20260409_025 | Pallet: LIQ:3PL:PALLET:LNRM:PAL-69739 | LPN: LPNNA6Z6ZZK44,11.28,22.56
190,190,"Moen Doherty Spot Resist Stainless Single Handle Pull-Down Kitchen Faucet with Power Clean and Reflex Docking System, 87260SRS",,Moen,,BUILDING_AND_HARDWARE,USED_GOOD,,026508368374,1,180.96,Lot: AMZ_3PL_20260409_025 | Pallet: LIQ:3PL:PALLET:LNRM:PAL-69699 | LPN: LPNNA6DRB6M6H,11.22,22.44
191,191,"youngrender 20 Inch Gold Caged Ceiling Fan with Light, Flower Chandelier Ceiling Fan with Lights Remote Control, Frower Crystal Fandelier 6 Speeds for Girl's Bedroom, Living Room",,youngrender,,BUILDING_AND_HARDWARE,USED_GOOD,,,1,180.70,Lot: AMZ_3PL_20260409_025 | Pallet: LIQ:3PL:PALLET:LNRM:PAL-69532 | LPN: LPNNA64PWZW6K,11.21,22.42
192,192,"OMYU 42 Inch Solid Wood Ceiling Fan with Remote,White Ceiling Fan no Light,6 Speeds,Noiseless,Reversible DC Motor,Modern Ceiling Fans without Lights for Outdoor Indoor Bedroom Farmhouse,Patios",,OMYU,,BUILDING_AND_HARDWARE,USED_GOOD,,,1,180.70,Lot: AMZ_3PL_20260409_025 | Pallet: LIQ:3PL:PALLET:LNRM:PAL-68868 | LPN: LPNNA65KV53KS,11.21,22.42
193,193,"kackae Farmhouse Wagon Wheel Chandelier 23.6"" Wooden Chandelier Light Fixture 8-Light Rustic Chandeliers for Dining Room Living Room Entryway Foyer",,kackae,,BUILDING_AND_HARDWARE,USED_GOOD,,,1,175.68,Lot: AMZ_3PL_20260409_025 | Pallet: LIQ:3PL:PALLET:LNRM:PAL-69648 | LPN: LPNNA6B54299D,10.89,21.78
194,194,"Art3d 12-Pack Slat Design 3D Wall Panels for Interior Wall Decor, 2x4 FT PVC Decorative Drop Ceiling Tiles - Walnut",,Art3d,,MIXED_BUILDING_AND_INDUSTRIAL,USED_GOOD,,,1,173.47,Lot: AMZ_3PL_20260409_025 | Pallet: LIQ:3PL:PALLET:LNRM:PAL-69638 | LPN: LPNNA6ZV8XDBX,10.76,21.52
195,195,BYOLIIMA Modern Gold Globe Pendant Light Mid Century Chandelier 1-Light Brushed Brass Ceiling Hanging Lighting Fixture with White Globe Glass Lampshade for Kitchen Island Dining Room Bedroom (2 Pack),,BYOLIIMA,,BUILDING_AND_HARDWARE,USED_GOOD,,,1,169.18,Lot: AMZ_3PL_20260409_025 | Pallet: LIQ:3PL:PALLET:LNRM:PAL-69519 | LPN: LPNNA6M7N4LC7,10.49,20.98
196,196,"Toolhom Hand-Painted Watercolor Rose Peony Leaves Flower Mural, Assorted Colors Flower Wallpaper, can be affixed to the Living Room Bedroom Walls（Non-self-Adhesive）",,Toolhom,,BUILDING_AND_HARDWARE,USED_GOOD,,,1,168.99,Lot: AMZ_3PL_20260409_025 | Pallet: LIQ:3PL:PALLET:LNRM:PAL-69302 | LPN: LPNNA6YV62KRD,10.48,20.96
197,197,"BlessReach Foldable Rollator Walkers with Seat for Seniors, 450 lb Capacity, 8'' Wheels, 18"" Big Seat, 6-Position Height, Heavy-Duty Aluminum Rolling Walker (Black)",,BlessReach,,MIXED_BUILDING_AND_INDUSTRIAL,USED_GOOD,,,1,168.99,Lot: AMZ_3PL_20260409_025 | Pallet: LIQ:3PL:PALLET:LNRM:PAL-69661 | LPN: LPNNA68FWJPWL,10.48,20.96
198,198,"AECXM 8""x8"" (Actually 7.5""x7.5"") Heavy Duty U-Shaped Fence Post Holder Bracket, Wet Concrete Post Bracket, for Deck railings, Fences, gazebos Wet Concrete Foundation Support (Dark Gray-2Pack)",,Aecxm,,BUILDING_AND_HARDWARE,USED_GOOD,,747165511520,1,168.99,Lot: AMZ_3PL_20260409_025 | Pallet: LIQ:3PL:PALLET:LNRM:PAL-68868 | LPN: LPNNA6Q6Z3HYP,10.48,20.96
199,199,"OUBONI Blue Vessel Sink Oval Glass Vessel Sink with Waterfall Faucet and Pop-Up Drain Boat Shape Bathroom Sink Above Counter,Artistic Tempered Glass Vessels Sinks Bowl",,Ouboni,,BUILDING_AND_HARDWARE,USED_GOOD,,,1,168.99,Lot: AMZ_3PL_20260409_025 | Pallet: LIQ:3PL:PALLET:LNRM:PAL-69699 | LPN: LPNNA6TXNPXWJ,10.48,20.96
200,200,"HSYLYPA Shower Panel Tower System 5-in-1 Shower Panel Tower with Powerful Body Massage, Rainfall, Waterfall,Handheld and Tub Spout, Stainless Steel Shower Column - Brushed Black",,HSYLYPA,,BUILDING_AND_HARDWARE,USED_GOOD,,,1,167.95,Lot: AMZ_3PL_20260409_025 | Pallet: LIQ:3PL:PALLET:LNRM:PAL-69729 | LPN: LPNNA6SXMCFJL,10.41,20.82
201,201,"Smooth Black Drop Ceiling Tile 2ft x 4ft, PVC Ceiling Panel 24x48in – Waterproof, Washable and Fire-Rated - High-Grade PVC to Prevent Breakage-Cover 80 Sq. Ft-Package of 10 Tiles",,Gigrwiin,,BUILDING_AND_HARDWARE,USED_GOOD,,605128917652,1,166.37,Lot: AMZ_3PL_20260409_025 | Pallet: LIQ:3PL:PALLET:LNRM:PAL-69699 | LPN: LPNNA6CCBVY6K,10.32,20.64
202,202,"DGLILUAN Plaster in Recessed LED Aluminum Channel T Shape, 3.3 FT/1 Meter LED Strip Light Shadow Channel with Milky Diffuser, Suspended Ceiling Baseboard Edge Trim Light Profile (White, 10 Pack)",,DGLILUAN,,MIXED_BUILDING_AND_INDUSTRIAL,USED_GOOD,,,1,161.19,Lot: AMZ_3PL_20260409_025 | Pallet: LIQ:3PL:PALLET:LNRM:PAL-69638 | LPN: LPNNA698K5FFS,10.00,20.00
203,203,"Lumifly Gold Sputnik Chandelier Modern Large Chandelier with Milk Glass Globe Shades, 38” Mid Century Pendant Light Fixture High Ceiling Hanging Light for Dining Room Living Room Foyer",,Lumifly,,BUILDING_AND_HARDWARE,USED_GOOD,,,1,160.54,Lot: AMZ_3PL_20260409_025 | Pallet: LIQ:3PL:PALLET:LNRM:PAL-69745 | LPN: LPNNA6WPXQJYQ,9.96,19.92
204,204,"Emliviar Black Exterior Lighting Fixture, 22 Inch Farmhouse Outside Lights for House with Water Ripple Glass, DE281B-M BK-WP",,Emliviar,,BUILDING_AND_HARDWARE,USED_GOOD,,,1,158.31,Lot: AMZ_3PL_20260409_025 | Pallet: LIQ:3PL:PALLET:LNRM:PAL-69131 | LPN: LPNNA65DK6XTM,9.82,19.64
205,205,"10 Pack 36 x 48 Inches Corrugated Plastic Sign Waterproof Blank Board Sheets White Double Sided Poster Board for, Indoor Outdoor Use, DIY Projects Guidepost Decorations",,ONEXIZ,,MIXED_BUILDING_AND_INDUSTRIAL,USED_GOOD,,,1,155.99,Lot: AMZ_3PL_20260409_025 | Pallet: LIQ:3PL:PALLET:LNRM:PAL-69372 | LPN: LPNNA6YR1C75G,9.67,19.34
206,206,"Zinclock Black Hardware Cloth 1 inch 48 x 100 ft Mesh 17 Gauge Vinyl PVC Coated Welded for Gopher Wire, Rodent Mesh Preventing Hare, Raccoons, Foxes, Groundhog Poultry Netting",,ZincLock,,BUILDING_AND_HARDWARE,USED_GOOD,,724443447801,1,155.99,Lot: AMZ_3PL_20260409_025 | Pallet: LIQ:3PL:PALLET:LNRM:PAL-69669 | LPN: LPNNA6KDPMFJ3,9.67,19.34
207,207,"HolyHeal Drop Arm Bedside Commode, Commode Toilet with Padded Seat and Backrest, 300lbs Capacity, 6.3QT Removable Bucket and Splash Guard, Adjustable Height Portable Toilet for Adults, Blue",,HOLYHEAL,,BUILDING_AND_HARDWARE,USED_GOOD,,199284287914,1,155.99,Lot: AMZ_3PL_20260409_025 | Pallet: LIQ:3PL:PALLET:LNRM:PAL-69648 | LPN: LPNNA6P68N8F4,9.67,19.34
208,208,"Venlus 16x27.5 Medicine Cabinet with Mirror, Fully Assembled Recessed or Wall-Mounted Bathroom Mirrored Cabinet with Adjustable Storage Shelves for Vanity, Metal, Black",,Venlus,,BUILDING_AND_HARDWARE,USED_GOOD,,,1,175.49,Lot: AMZ_3PL_20260409_025 | Pallet: LIQ:3PL:PALLET:LNRM:PAL-69372 | LPN: LPNNA6HQ5FL91,10.88,21.76
209,209,"64 inch Ceiling Fans with Lights and Remote&APP,Industrial Ceiling Fan Reversible Quiet DC Motor, 6 Speed 3 CCT Dimiable, Modern Large Ceiling Fan for Living Room Farmhouse Patios Outdoor Gazebo Black",,BrilMaison,,BUILDING_AND_HARDWARE,USED_GOOD,,,1,169.18,Lot: AMZ_3PL_20260409_025 | Pallet: LIQ:3PL:PALLET:LNRM:PAL-68867 | LPN: LPNNA6M7TCB89,10.49,20.98
210,210,"Aokawa 4.0-Gallon Electric Mini Tank Water Heater, 1500W Instant Under Sink Hot Water Heater, Compact Point-of-Use Design for Kitchen, Bathroom, RV, Wall or Floor Mount, Adjustable Temperature",,Aokawa,,BUILDING_AND_HARDWARE,USED_GOOD,,,1,168.99,Lot: AMZ_3PL_20260409_025 | Pallet: LIQ:3PL:PALLET:LNRM:PAL-69172 | LPN: LPNNA6LPV8CN2,10.48,20.96
211,211,"DGLILUAN Plaster in LED Aluminum Channel Z Shape 3.3 FT/1 Meter Trim Edge Drywall Shadow Light Channel with Milky Diffuser, Recessed Baseboard LED Profile for Plaster Gypsum Drywall (Black, 10 Pack)",,DGLILUAN,,BUILDING_AND_HARDWARE,USED_GOOD,,,1,168.99,Lot: AMZ_3PL_20260409_025 | Pallet: LIQ:3PL:PALLET:LNRM:PAL-69302 | LPN: LPNNA6TVZFNMH,10.48,20.96
212,212,KCO Lighting Modern Black Sputnik Chandelier Mid Century Vintage 12-Lights Semi Flush Mount Chandelier Ceiling Light Industrial Satellite Starburst Chandelier Pendant Light (12-Light),,KCO,,BUILDING_AND_HARDWARE,USED_GOOD,,,1,168.99,Lot: AMZ_3PL_20260409_025 | Pallet: LIQ:3PL:PALLET:LNRM:PAL-69131 | LPN: LPNNA65PTRRQ5,10.48,20.96
213,213,"Dawn Whisper 52"" Ceiling Fan with Light Gold Chandelier Fan DC Motor Dimmable LED Modern Ceiling Fan with Light for Bedroom Living Room",,Dawn Whisper,,BUILDING_AND_HARDWARE,USED_GOOD,,,1,168.99,Lot: AMZ_3PL_20260409_025 | Pallet: LIQ:3PL:PALLET:LNRM:PAL-69661 | LPN: LPNNA68YQCVYV,10.48,20.96
214,214,"1/2"" Steel Cable Kit, PIUM 75Ft 7x19 Strand Aircraft Cable with Loops, Heavy Duty Wire Rope 23000lbs Breaking Strength with Clamps and Thimbles for Zipline, Boat Lift, Outdoor Use",,PIUM,,MIXED_BUILDING_AND_INDUSTRIAL,USED_GOOD,,,1,168.99,Lot: AMZ_3PL_20260409_025 | Pallet: LIQ:3PL:PALLET:LNRM:PAL-69685 | LPN: LPNNK5D93MPKY,10.48,20.96
215,215,FDPBY Modern Gold Pendant Light Hanging Fixture Light for Kitchen Island Mid Century with Globe Pendant Light Milk White Glass Pendant Lighting for Living Room Bedroom Entryway (3-Light),,FDPBY,,BUILDING_AND_HARDWARE,USED_GOOD,,,1,168.99,Lot: AMZ_3PL_20260409_025 | Pallet: LIQ:3PL:PALLET:LNRM:PAL-69856 | LPN: LPNNA6VVZ9CXH,10.48,20.96
216,216,"ELYCCUPA 20”Hand Woven Rattan Chandelier Boho Pendant Light Adjustable Coastal Pendant Light for Kitchen Island Dining Living Room, White, UL Listed",,ELYCCUPA,,BUILDING_AND_HARDWARE,USED_GOOD,,,1,167.43,Lot: AMZ_3PL_20260409_025 | Pallet: LIQ:3PL:PALLET:LNRM:PAL-69739 | LPN: LPNNA62ZYTGDH,10.38,20.76
217,217,"Urinal Partition,Bathroom Partition,Toilet Protection Divider,Wall-Mounted Urinal Screen Toilet Partition for Hotel,Schools,Shopping Malls Public Places,3 PCS,Black",,YAGEANNL,,BUILDING_AND_HARDWARE,USED_GOOD,,,1,167.32,Lot: AMZ_3PL_20260409_025 | Pallet: LIQ:3PL:PALLET:LNRM:PAL-69739 | LPN: LPNNA6L181XM4,10.38,20.76
218,218,"Kalium Outdoor Post Lights, 3 Light Lamp Post Light Fixture Hardwired with Clear Beveled Glass, 23"" Large Waterproof Lamp Pillar Fixtures for Yard Pathway Porch Patio 60W Matte Black",,Kalium,,BUILDING_AND_HARDWARE,USED_GOOD,,,1,163.79,Lot: AMZ_3PL_20260409_025 | Pallet: LIQ:3PL:PALLET:LNRM:PAL-69669 | LPN: LPNNA6TSKR2KH,10.16,20.32
219,219,"Snughome Bathroom Medicine Cabinet with Mirror & LED Lights, Wall Mount Bathroom Mirror with Storage, Built-in Power Outlets, Dimmable 3 Color Temp, Anti Rust Easy to Install, 31.5"" x 23.6""",,Snughome,,BUILDING_AND_HARDWARE,USED_GOOD,,718653549691,1,163.79,Lot: AMZ_3PL_20260409_025 | Pallet: LIQ:3PL:PALLET:LNRM:PAL-69724 | LPN: LPNNA66SJFB5V,10.16,20.32
220,220,"Doppy 4"" Deep Well Submersible Pump, 1HP/220V/60Hz,207 Ft Head/33gpm,with 49 ft Electric Cord Stainless Steel Water Pump,With 1.25"" NPT Connector, for Irrigation,Farms,Industrial,Home",,Doppy,,BUILDING_AND_HARDWARE,USED_GOOD,,,1,159.89,Lot: AMZ_3PL_20260409_025 | Pallet: LIQ:3PL:PALLET:LNRM:PAL-69519 | LPN: LPNNA65MFM5KW,9.92,19.84
221,221,"Wrlmfy Brass Gold Semi Flush Mount Ceiling Fixture Large Hammered Glass Shade Modern Close to Ceiling Light 14"" Art Lampshade for Hallway Foyer Bedroom (Amber Glass Shade, 14 Inches)",,Wrlmfy,,BUILDING_AND_HARDWARE,USED_GOOD,,757597217181,1,159.25,Lot: AMZ_3PL_20260409_025 | Pallet: LIQ:3PL:PALLET:LNRM:PAL-69648 | LPN: LPNNA6QXJVQDY,9.88,19.76
222,222,diisunbihuo Modern LED Chandeliers Crystal Chandeliers Ceiling Light Three Rings Pendant Light with Acrylic for Bedroom Dinning Room Hallway(Cool White 30/40/50),,diisunbihuo,,BUILDING_AND_HARDWARE,USED_GOOD,,,1,157.94,Lot: AMZ_3PL_20260409_025 | Pallet: LIQ:3PL:PALLET:LNRM:PAL-69856 | LPN: LPNNA6F68RHBZ,9.79,19.58
223,223,"18 inch Baseboard Register Vent,10PK Baseboard Vent Cover 18 Inch Duct Opening White Baseboard Diffusers Heater Vent for Floor Wall with Adjustable Airflow Control-18""Wide x 4.5""Tall x 2.75""Deep",,EXCELFU,,BUILDING_AND_HARDWARE,USED_GOOD,,,1,155.99,Lot: AMZ_3PL_20260409_025 | Pallet: LIQ:3PL:PALLET:LNRM:PAL-69372 | LPN: LPNNA64MB9S6T,9.67,19.34
224,224,Aiwen LED Vanity Light Fixture 9W 22.04 inch Bath Vanity Lights with PC Lamp Shade Retro Artwork Picture Lighs Wall Sconces for Dressing Bathroom Lighting 3 Color Temperature,,Aiwen,,BUILDING_AND_HARDWARE,USED_GOOD,,,1,155.99,Lot: AMZ_3PL_20260409_025 | Pallet: LIQ:3PL:PALLET:LNRM:PAL-69661 | LPN: LPNNA6CTQH8QQ,9.67,19.34
225,225,"JAYMP Dining Room Modern Pendant Lighting Dimmable LED Disk Light Adjustable Height Kitchen Island Hanging Light Fixture (White, Dia 19.7 inch)",,JAYMP,,BUILDING_AND_HARDWARE,USED_GOOD,,,1,176.79,Lot: AMZ_3PL_20260409_025 | Pallet: LIQ:3PL:PALLET:LNRM:PAL-69742 | LPN: LPNNA6GJM2Y14,10.96,21.92
226,226,"Gigrwiin 2ft x 4ft Printed Pro Ceiling Tiles - PVC Ceiling Panel 24 x 48in – Waterproof, Washable and Fire-Rated - High-Grade PVC to Prevent Breakage-Cover 80 Sq. Ft-Package of 10 Tiles",,Gigrwiin,,BUILDING_AND_HARDWARE,USED_GOOD,,764938941063,1,174.25,Lot: AMZ_3PL_20260409_025 | Pallet: LIQ:3PL:PALLET:LNRM:PAL-69131 | LPN: LPNNA6JWBSPP7,10.81,21.62
227,227,Geekpure 5-Stage Reverse Osmosis Drinking RO Water Filter System-75GPD,,Geekpure,,BUILDING_AND_HARDWARE,USED_GOOD,,680577668911,1,172.89,Lot: AMZ_3PL_20260409_025 | Pallet: LIQ:3PL:PALLET:LNRM:PAL-69856 | LPN: LPNNA6MKT23PB,10.72,21.44
228,228,"AYURA Retractable Garden Hose Reel 100 ft x 1/2 inch with Pro Metal Shaft, Heavy Duty Automatic Garden Hose Reels with Kink-Free Rewind and Lock at Any Length, Wall Mount Water Hose Reel for Outside",,AYURA,,BUILDING_AND_HARDWARE,USED_GOOD,,,1,172.87,Lot: AMZ_3PL_20260409_025 | Pallet: LIQ:3PL:PALLET:LNRM:PAL-69532 | LPN: LPNNA6KPS76TT,10.72,21.44
229,229,"EaseLife 100"" Bifold Sliding Barn Door Hardware Track Kit for 4 Closet Door,Top Mount Roller,Slide Smoothly Quietly,Easy Install,Black,Fit for Four 24"" Wide Bi-Folding Door (Hardware Only)",,EaseLife,,BUILDING_AND_HARDWARE,USED_GOOD,,,1,168.99,Lot: AMZ_3PL_20260409_025 | Pallet: LIQ:3PL:PALLET:LNRM:PAL-69302 | LPN: LPNNA6FHH82ZN,10.48,20.96
230,230,"Matven Modern Ceiling Chandelier Light, Acrylic Anti Flicker Pendant Lamp with Remote Control Dimmable 3 Color Mode & Brightness for Kitchen Bar",,Matven,,BUILDING_AND_HARDWARE,USED_GOOD,,,1,168.99,Lot: AMZ_3PL_20260409_025 | Pallet: LIQ:3PL:PALLET:LNRM:PAL-69745 | LPN: LPNNE4HKTWJ52,10.48,20.96
231,231,"ALGRTS Waterfall Freestanding Bathtub Faucet, Floor Mount Bathroom Tub Filler Shower Faucets with Handheld Sprayer, Matte Black",,ALGRTS,,BUILDING_AND_HARDWARE,USED_GOOD,,,1,168.99,Lot: AMZ_3PL_20260409_025 | Pallet: LIQ:3PL:PALLET:LNRM:PAL-68867 | LPN: LPNNA6FL7T5Z9,10.48,20.96
232,232,"Arturesthome 1 Light Boho Woven Rattan Pendant Lighting for Kitchen,Coastal Beach Pendant Lampshade Rattan Chandelier for Living Room Bedroom Stairway W19.65″* H9.82″",,Arturesthome,,BUILDING_AND_HARDWARE,USED_GOOD,,,1,167.95,Lot: AMZ_3PL_20260409_025 | Pallet: LIQ:3PL:PALLET:LNRM:PAL-69648 | LPN: LPNNA6LM13CDX,10.41,20.82
233,233,Pandaluna Bubble Chandelier Bubble Ceiling Light 17in Semi Flush Mount Chandelier Blown Glass Mid Century Close to Ceiling Light Fixture for Bedroom Hallway Entryway Kitchen Foryer Dining Room 1 Pack,,Pandaluna,,BUILDING_AND_HARDWARE,USED_GOOD,,,1,166.13,Lot: AMZ_3PL_20260409_025 | Pallet: LIQ:3PL:PALLET:LNRM:PAL-69644 | LPN: LPNNA663M699F,10.30,20.60
234,234,"NeatiEase 4 Pcs Garage Door Windows, Replacement Vinyl Windows Inserts Kit with UV Resistant Resin Glass for Exterior Garage Doors (Cross Design)",,NeatiEase,,MIXED_BUILDING_AND_INDUSTRIAL,USED_GOOD,,,1,162.47,Lot: AMZ_3PL_20260409_025 | Pallet: LIQ:3PL:PALLET:LNRM:PAL-69644 | LPN: LPNNA6YNMY3GF,10.08,20.16
235,235,"DSMJFU Black Farmhouse Rectangular Chandelier for Dining Room, 5-Light Linear Pendant Lighting, Rectangular Kitchen Island Light Fixture Over Table, Adjustable Height Chandelier Hanging Light",,DSMJFU DSMJFU,,BUILDING_AND_HARDWARE,USED_GOOD,,,1,160.54,Lot: AMZ_3PL_20260409_025 | Pallet: LIQ:3PL:PALLET:LNRM:PAL-69519 | LPN: LPNNA6NNJTPP1,9.96,19.92
236,236,"EaseLife 8FT/96in Bypass Double Sliding Pocket Door Hardware Kit,Commercial Grade,Aluminum,Bypassing Closet Door Track for 2 Door System,Slide Smoothly Quietly,Easy Install,No Doors",,EaseLife,,BUILDING_AND_HARDWARE,USED_GOOD,,,1,157.27,Lot: AMZ_3PL_20260409_025 | Pallet: LIQ:3PL:PALLET:LNRM:PAL-68867 | LPN: LPNNA6NYQCN7K,9.75,19.50
237,237,"EaseLife 8 FT Brushed Nickel Double Sliding Barn Door Hardware Track Kit,Basic J Pulley,Heavy Duty,Slide Smoothly Quietly,Easy Install (8FT Track Kit for Double 24"" Wide Door)",,EaseLife,,BUILDING_AND_HARDWARE,USED_GOOD,,711176258224,1,155.99,Lot: AMZ_3PL_20260409_025 | Pallet: LIQ:3PL:PALLET:LNRM:PAL-69302 | LPN: LPNNA6V8HJGY4,9.67,19.34
238,238,"Cosydora Rollator Walkers for Seniors with Seat, 13.6 Lbs Ultra Lightweight Foldable Rolling Walker, 350Lbs Heavy Duty Aluminum, 8"" All Terrain Wheels, Dual Adjustable Height, Shimmer Green",,cosydora,,MIXED_BUILDING_AND_INDUSTRIAL,USED_GOOD,,792105045177,1,176.79,Lot: AMZ_3PL_20260409_025 | Pallet: LIQ:3PL:PALLET:LNRM:PAL-69856 | LPN: LPNNK53943PW2,10.96,21.92
239,239,"Kaunisva 20'' Flush Mount Caged Ceiling Fans with Lights, Boho Low Profile Ceiling Fan with Light and Remote, 6 Speeds, Bladeless Ceiling Fans with Lights for Bedroom, Kitchen, Dining Room (Silver)",,Kaunisva,,BUILDING_AND_HARDWARE,USED_GOOD,,,1,173.55,Lot: AMZ_3PL_20260409_025 | Pallet: LIQ:3PL:PALLET:LNRM:PAL-69399 | LPN: LPNNA6MZ8WQ8S,10.76,21.52
240,240,"Yanokooe Tiffany Ceiling Fans with Lights - 48"" Ceiling Fan Chandelier with 5 Dual-Blades and Glass Shade, 6 Speeds and Reversible, Indoor and Outdoor, Retro Style",,Yanokooe,,BUILDING_AND_HARDWARE,USED_GOOD,,,1,171.59,Lot: AMZ_3PL_20260409_025 | Pallet: LIQ:3PL:PALLET:LNRM:PAL-68867 | LPN: LPNNA62SGK46Z,10.64,21.28
241,241,"Orion Motor Tech Adjustable Trailer Hitch, Heavy Duty 2.5 inch Receiver Hitch, 6"" Drop Hitch with 2"" & 2-5/16"" Balls, 360° Dual-Ball Mount with 18500lb Towing Capacity for Class IV & V, Blue",,Orion Motor Tech,,BUILDING_AND_HARDWARE,USED_GOOD,,,1,170.33,Lot: AMZ_3PL_20260409_025 | Pallet: LIQ:3PL:PALLET:LNRM:PAL-68867 | LPN: LPNNA6Z52NFGH,10.56,21.12
242,242,3-Lights Globe Glass Pendant Light Modern White Globe Glass Chandelier Mid Century Chandelier Black Hanging Fixture for Kitchen Island Foyer Hallway Dining Room,,Shial Lighting,,BUILDING_AND_HARDWARE,USED_GOOD,,,1,169.00,Lot: AMZ_3PL_20260409_025 | Pallet: LIQ:3PL:PALLET:LNRM:PAL-69745 | LPN: LPNNA6RG7LN4R,10.48,20.96
243,243,"Canlierr 12 Sets 196 Pcs Baby Shower Table Centerpieces Decoration Baby Shower Table Decor with Bear Stuffed Vase Dried Pampas for Boho Wedding Gender Reveal Party Decoration (Glass,Boho)",,Canlierr,,MIXED_BUILDING_AND_INDUSTRIAL,USED_GOOD,,,1,168.99,Lot: AMZ_3PL_20260409_025 | Pallet: LIQ:3PL:PALLET:LNRM:PAL-69724 | LPN: LPNNA65NHQ6CN,10.48,20.96
244,244,"DKFNCL 4- Tier Mini Fridge Stand Shelf with Power Outlet, Double-Purpose Rack, Mini Fridge & Microwave Oven Stand Table, Bar Cabinet, Free Standing Shelf for Office, Kitchen, Home.",,DKFNCL,,MIXED_BUILDING_AND_INDUSTRIAL,USED_GOOD,,,1,168.99,Lot: AMZ_3PL_20260409_025 | Pallet: LIQ:3PL:PALLET:LNRM:PAL-69685 | LPN: LPNNA6SYT3MDX,10.48,20.96
245,245,"ROVOGO LED Shower Panel Tower System 46.5"", 5-Function Shower Column with Rainfall Waterfall Shower Head, 4 Body Jets, Handheld and Tub Spout, Stainless Steel Brushed",,ROVOGO,,BUILDING_AND_HARDWARE,USED_GOOD,,,1,168.99,Lot: AMZ_3PL_20260409_025 | Pallet: LIQ:3PL:PALLET:LNRM:PAL-68867 | LPN: LPNNA6ZG3G6P9,10.48,20.96
246,246,"4FT Portable Wheelchair Ramp, Non-Slip Aluminum Folding Handicap Ramp, 800 LBS Capacity Door Threshold Ramps for Home Steps, Scooter Ramps for Car, Doorways, Curbs, Stairs, Cart, Wheel Chair Ramp Step",,THDUGG,,MIXED_BUILDING_AND_INDUSTRIAL,USED_GOOD,,,1,168.99,Lot: AMZ_3PL_20260409_025 | Pallet: LIQ:3PL:PALLET:LNRM:PAL-69849 | LPN: LPNNA6G51YQ42,10.48,20.96
247,247,"1/2"" Steel Cable Kit, PIUM 75Ft 7x19 Strand Aircraft Cable with Loops, Heavy Duty Wire Rope 23000lbs Breaking Strength with Clamps and Thimbles for Zipline, Boat Lift, Outdoor Use",,PIUM,,MIXED_BUILDING_AND_INDUSTRIAL,USED_GOOD,,,1,168.99,Lot: AMZ_3PL_20260409_025 | Pallet: LIQ:3PL:PALLET:LNRM:PAL-69849 | LPN: LPNNA6CFTW2R6,10.48,20.96
248,248,"Purewell 3-Stage 0.01μm Ultra-Filtration Gravity Water Filter System, NSF/ANSI 42&372 Certification, 304 Stainless Steel Countertop System with 2 Filters and Stand, Reduce 99% Chlorine, 2.25G, PW-OB",,Purewell,,MIXED_BUILDING_AND_INDUSTRIAL,USED_GOOD,,,1,167.70,Lot: AMZ_3PL_20260409_025 | Pallet: LIQ:3PL:PALLET:LNRM:PAL-69131 | LPN: LPNNA66MF374G,10.40,20.80
249,249,"QXYBVD 3 Color LED Butterfly Lights, 2 Pack Wedding Butterfly led Lights, 23.6"" Wedding Butterfly LED Floor Lamp, Mariposas Grandes para Decoracion for Wedding, Birthdays, Party Decoration",,QXYBVD,,BUILDING_AND_HARDWARE,USED_GOOD,,,1,165.09,Lot: AMZ_3PL_20260409_025 | Pallet: LIQ:3PL:PALLET:LNRM:PAL-68868 | LPN: LPNNA6CKYZ8WB,10.24,20.48
250,250,LONTAN 10 Pairs Soft Close Drawer Slides 24 Inch Side Mount Heavy Duty Cabinet Drawer Glides - Ball Bearing Full Extension Kitchen Cabinet Rails 100 LB Capacity,,LONTAN,,BUILDING_AND_HARDWARE,USED_GOOD,,,1,163.79,Lot: AMZ_3PL_20260409_025 | Pallet: LIQ:3PL:PALLET:LNRM:PAL-69638 | LPN: LPNNA62KV68TC,10.16,20.32
251,251,Carbon Fiber Extension Pole 4.7-30FT Telescoping Paint Roller Extendable Pole Lightweight Sturdy Extension Poles with Universal Threaded Head Multi-Use Pole,,DOBEN,,BUILDING_AND_HARDWARE,USED_GOOD,,,1,159.89,Lot: AMZ_3PL_20260409_025 | Pallet: LIQ:3PL:PALLET:LNRM:PAL-69685 | LPN: LPNNA6DG5KD4G,9.92,19.84
252,252,"3"" x 100ft PVC Lay Flat Water Pump Discharge Hose With Aluminum Pin Lug Fittings, Heavy Duty Reinforced Pool Backwash Hose Assembly",,Geowaky,,MIXED_BUILDING_AND_INDUSTRIAL,USED_GOOD,,768795974158,1,158.02,Lot: AMZ_3PL_20260409_025 | Pallet: LIQ:3PL:PALLET:LNRM:PAL-69849 | LPN: LPNNA6PSL2WQY,9.80,19.60
253,253,"Neodrain Shower Niche, 18""X12"" Matte Black Wall Niche Waterproof, Stainless Steel Wall Cabinet with 3000K LED Light, NO Tile Needed Recessed Niches for Bathroom Over Mount Installation in wall",,Neodrain,,BUILDING_AND_HARDWARE,USED_GOOD,,,1,157.37,Lot: AMZ_3PL_20260409_025 | Pallet: LIQ:3PL:PALLET:LNRM:PAL-68868 | LPN: LPNNA6VNLW3M6,9.76,19.52
254,254,"HolyHeal Drop Arm Bedside Commode, Commode Toilet with Padded Seat and Backrest, 300lbs Capacity, 6.3QT Removable Bucket and Splash Guard, Adjustable Height Portable Toilet for Adults, Blue",,HOLYHEAL,,BUILDING_AND_HARDWARE,USED_GOOD,,199284287914,1,155.99,Lot: AMZ_3PL_20260409_025 | Pallet: LIQ:3PL:PALLET:LNRM:PAL-69172 | LPN: LPNNA65TT6Z84,9.67,19.34
255,255,"Fantspati 4 in 1 Bathroom Exhaust Fan with Heater and Light, 2800W Heater, 211CFM, 5-Color Mood Lighting, Low Noise, with Wall Control for Bathroom and Toilet",,Fantspati,,BUILDING_AND_HARDWARE,USED_GOOD,,,1,155.99,Lot: AMZ_3PL_20260409_025 | Pallet: LIQ:3PL:PALLET:LNRM:PAL-69172 | LPN: LPNNA6WPX84NB,9.67,19.34
256,256,"Boho Fandelier Ceiling Fan with Light Gold Caged Ceiling Fans with Lights and Remote Rattan Chandelier Fan for Bedroom,Nursery,Foyer,Kitchen,Living Room (6 Speeds Timing Adjustment Height Enclosed)",,WONGU,,BUILDING_AND_HARDWARE,USED_GOOD,,,1,155.99,Lot: AMZ_3PL_20260409_025 | Pallet: LIQ:3PL:PALLET:LNRM:PAL-69729 | LPN: LPNNA6653XN67,9.67,19.34
257,257,"AquaVogue 3-Pack King Size Bed Rails for Toddlers -Height Adjustable Baby Bed Rail Guard Specially Designed for King Size Bed (78.7""x78.7""x74.8""-Grey)",,AquaVogue,,MIXED_BUILDING_AND_INDUSTRIAL,USED_GOOD,,,1,155.99,Lot: AMZ_3PL_20260409_025 | Pallet: LIQ:3PL:PALLET:LNRM:PAL-68868 | LPN: LPNNA6QMDTGMX,9.67,19.34
258,258,"BSEED Bathroom Exhaust Fan with Bluetooth Speaker & Heater, 1800W Dual-Heat, 230 CFM, 3CCT+5-Color RGB Light, Negative Ion, Wall Control",,BSEED,,BUILDING_AND_HARDWARE,USED_GOOD,,,1,155.99,Lot: AMZ_3PL_20260409_025 | Pallet: LIQ:3PL:PALLET:LNRM:PAL-68867 | LPN: LPNNA6HDQ1QH6,9.67,19.34
259,259,"Art3d 10-Pack Smooth Drop Ceiling Tile 2ft x 4ft - Fire-Rated, Waterproof, Reusable - Premium PVC, No Sag and Breakage - Cover 80 Sq. Ft, White",,Art3d,,BUILDING_AND_HARDWARE,USED_GOOD,,,1,155.97,Lot: AMZ_3PL_20260409_025 | Pallet: LIQ:3PL:PALLET:LNRM:PAL-69372 | LPN: LPNNA62W47YJX,9.67,19.34
260,260,"Cestluck Mini-Split AC Line Set Cover: 5"" 26.5 Ft Minisplit Lineset Cover Kit, Line Hide for Mini Split Central AC HVAC Heating System, Waterproof PVC Outdoor Decorative for Mini Spilt Heat Pumps",,Cestluck,,BUILDING_AND_HARDWARE,USED_GOOD,,,1,155.97,Lot: AMZ_3PL_20260409_025 | Pallet: LIQ:3PL:PALLET:LNRM:PAL-69739 | LPN: LPNNA6BNJ5XM3,9.67,19.34
261,261,"Art3d 10-Pack Smooth Drop Ceiling Tile 2ft x 4ft - Fire-Rated, Waterproof, Reusable - Premium PVC, No Sag and Breakage - Cover 80 Sq. Ft, White",,Art3d,,BUILDING_AND_HARDWARE,USED_GOOD,,,1,155.97,Lot: AMZ_3PL_20260409_025 | Pallet: LIQ:3PL:PALLET:LNRM:PAL-69669 | LPN: LPNNA6595XZRZ,9.67,19.34
262,262,"Neatfi (New Model) 3,000 Lumens LED Desk Lamp, Dimmable, 360 SMD LEDs, 30W, CRI 95, Adjustable Light Modes, Task Lamp for Home Office, Study, Workstation (CCT with Clamp, Black, 44 Inches)",,Neatfi,,BUILDING_AND_HARDWARE,USED_GOOD,,,1,155.94,Lot: AMZ_3PL_20260409_025 | Pallet: LIQ:3PL:PALLET:LNRM:PAL-69742 | LPN: LPNNA6HFZ6CGT,9.67,19.34
263,263,"Mosanfan Ceiling Fans with Lights and Remote, 52'' Outdoor Ceiling Fan with 6 Speed Noiseless Reversible DC Motor, Indoor 3 Blade Wood Ceiling Fan for Farmhouse Bedroom Living Room Gazebo Walnut",,Mosanfan,,BUILDING_AND_HARDWARE,USED_GOOD,,,1,153.78,Lot: AMZ_3PL_20260409_025 | Pallet: LIQ:3PL:PALLET:LNRM:PAL-68861 | LPN: LPNNA63NJJMH3,9.54,19.08
264,264,"DoubleFill 4 Pcs Bamboo Shades Outdoor Reed Roll Up Blinds 48"" W x 72"" H Blackout Sunshade Cordless Bamboo Blinds for Home Porch, Patio & Windows Decor Shutters Sunlight Privacy Screen(Carbon Brown)",,DoubleFill,,BUILDING_AND_HARDWARE,USED_GOOD,,,1,153.39,Lot: AMZ_3PL_20260409_025 | Pallet: LIQ:3PL:PALLET:LNRM:PAL-69302 | LPN: LPNNK5NR35J1G,9.51,19.02
265,265,"ComfyBumpy 2-Pack Bed Rail for Toddlers 55.5"" L x 19.5"" H | Toddler Bed Rails for Twin, Full, Queen & King Mattress Size | Swing Down Rail Guard | Mattress Side Rail for Kids | Gray",,ComfyBumpy,,MIXED_BUILDING_AND_INDUSTRIAL,USED_GOOD,,850031979253,1,150.79,Lot: AMZ_3PL_20260409_025 | Pallet: LIQ:3PL:PALLET:LNRM:PAL-69519 | LPN: LPNNA6ZNQH2Q3,9.35,18.70
266,266,"HXCFYP NSF Certified Stainless Steel Prep Table 24x18 with Undershelf for Restaurant, Home, & Hotel - Heavy Duty Commercial Grade Worktable for Food Preparation & Christmas Cooking",,HXCFYP,,MIXED_BUILDING_AND_INDUSTRIAL,USED_GOOD,,783647333495,1,149.49,Lot: AMZ_3PL_20260409_025 | Pallet: LIQ:3PL:PALLET:LNRM:PAL-69745 | LPN: LPNNA6R3NDLK7,9.27,18.54
267,267,YongMing CL Gold Sputnik Chandelier 3 Light Milk Glass Globe Hanging Light Modern Pendant Light Fixture for High Ceiling Kitchen Bedroom Dining Living Room,,YongMing CL,,BUILDING_AND_HARDWARE,USED_GOOD,,,1,143.09,Lot: AMZ_3PL_20260409_025 | Pallet: LIQ:3PL:PALLET:LNRM:PAL-69532 | LPN: LPNNA6XYPVRG8,8.87,17.74
268,268,"Homebelife 5-Light Farmhouse Chandelier Lighting Fixture, Linear Pendant Light for Kitchen Island, Dining & Living Room, Matte Black Finished",,Homebelife,,BUILDING_AND_HARDWARE,USED_GOOD,,738192597854,1,142.99,Lot: AMZ_3PL_20260409_025 | Pallet: LIQ:3PL:PALLET:LNRM:PAL-69644 | LPN: LPNNA6KNQDWXM,8.87,17.74
269,269,"Art3d Drop Ceiling Tiles, 24x48in. White (12-Pack), Polyvinyl Chloride (PVC), Glue Down",,Art3d,,BUILDING_AND_HARDWARE,USED_GOOD,,,1,142.99,Lot: AMZ_3PL_20260409_025 | Pallet: LIQ:3PL:PALLET:LNRM:PAL-69742 | LPN: LPNNA674F1CB7,8.87,17.74
270,270,"8-Stage Gravity Water Filtration System 3.0 Gallon-304 Stainless Steel Countertop System with 4 Filters and StandReduce 99.9% Chlorine, NSF/ANS 42 Certifcation",,IceJoy,,MIXED_BUILDING_AND_INDUSTRIAL,USED_GOOD,,701845469235,1,142.99,Lot: AMZ_3PL_20260409_025 | Pallet: LIQ:3PL:PALLET:LNRM:PAL-69856 | LPN: LPNNA6F7MX84L,8.87,17.74
271,271,"Neatfi Elite HD XL Desk Lamp – 1,600 Lumens, 22” Wide Head, 6500K Daylight | Non-Polar Dimming, Adjustable | Office, Study & Home Workspace (Non-CCT with Clamp, Black, 22 Inches)",,Neatfi,,BUILDING_AND_HARDWARE,USED_GOOD,,,1,142.40,Lot: AMZ_3PL_20260409_025 | Pallet: LIQ:3PL:PALLET:LNRM:PAL-69739 | LPN: LPNNA68SKJ3R8,8.83,17.66
272,272,"Untrammelife Glass Gold Pendant Light 1-Light 9"" Globe Ceiling Lighting Modern Hanging Light Fixture with Hammered Glass Gold Chandelier Adjustable Chain Brushed Brass Finished",,Untrammelife,,BUILDING_AND_HARDWARE,USED_GOOD,,,1,137.79,Lot: AMZ_3PL_20260409_025 | Pallet: LIQ:3PL:PALLET:LNRM:PAL-69669 | LPN: LPNNA6JZY76HN,8.54,17.08
273,273,"Sidasu 60 Pack 32 Inch Black Metal Deck Balusters for Deck Baluster Replacement, Rectangular Spindles for Porch Railing and Stair Railing, Side Mount Kit with Hardware",,Sidasu,,MIXED_BUILDING_AND_INDUSTRIAL,USED_GOOD,,,1,135.84,Lot: AMZ_3PL_20260409_025 | Pallet: LIQ:3PL:PALLET:LNRM:PAL-68861 | LPN: LPNNA6KG3WRYT,8.42,16.84
274,274,MERINEA L51” Black Sputnik Chandelier Modern 4 Lights Dining Room Light Fixture Mid Century Smoke Glass Globe Ceiling Pendant Lighting Contemporary for Kitchen Island Bar Bedroom Home Office,,MERINEA,,BUILDING_AND_HARDWARE,USED_GOOD,,,1,133.60,Lot: AMZ_3PL_20260409_025 | Pallet: LIQ:3PL:PALLET:LNRM:PAL-69742 | LPN: LPNNA6H7M33NJ,8.28,16.56
275,275,"LEDIARY 22in Enclosed Ceiling Fans with Lighst and Remote, Black Modern Bladeless Ceiling Fan with Bright Light, Led Flush Mount Ceiling Fan for Bedroom, Living Room, Kid Room(6 Speeds, 3000-6000K)",,LEDIARY,,BUILDING_AND_HARDWARE,USED_GOOD,,,1,132.59,Lot: AMZ_3PL_20260409_025 | Pallet: LIQ:3PL:PALLET:LNRM:PAL-68861 | LPN: LPNNA6HSJ9GGL,8.22,16.44
276,276,"AIJIASI Gold Bathroom Wall Sconces Set of 2: 18 Inch Modern Sconces Wall Lighting 18W LED Dimmable Wall Light with Acrylic Lampshade, Brushed Gold Sconces for Bedroom Living Room Hallway (Hardwired)",,AIJIASI,,BUILDING_AND_HARDWARE,USED_GOOD,,,1,132.56,Lot: AMZ_3PL_20260409_025 | Pallet: LIQ:3PL:PALLET:LNRM:PAL-69729 | LPN: LPNNA62RDBN1T,8.22,16.44
277,277,"Art3d WPC Wainscoting Panels, 16-Pack 48 x 6 Inch 3D Wall Accents for Interior Wall Decor, Living Room, Bedroom, Teak",,Art3d,,MIXED_BUILDING_AND_INDUSTRIAL,USED_GOOD,,,1,129.99,Lot: AMZ_3PL_20260409_025 | Pallet: LIQ:3PL:PALLET:LNRM:PAL-69519 | LPN: LPNNA6NJMMY2S,8.06,16.12
278,278,"HillhutApex 4 Step Foldable Aluminum Step Ladder with Handgrip, Anti-Slip Pedal, 330 lbs Capacity, Lightweight & Portable for Home, Kitchen, Office, Garage (White)",,HillhutApex,,BUILDING_AND_HARDWARE,USED_GOOD,,759242127401,1,129.99,Lot: AMZ_3PL_20260409_025 | Pallet: LIQ:3PL:PALLET:LNRM:PAL-69519 | LPN: LPNNA6PL6772F,8.06,16.12
279,279,"KECTIAKL 16 Inch Bathroom Vessel Sink with Waterfall Faucet and Pop-up Drain Combo,Black Ceramic Sink Bowl Above Counter Rectangular Bathroom Sink Basin",,KECTIAKL,,BUILDING_AND_HARDWARE,USED_GOOD,,788362109387,1,129.99,Lot: AMZ_3PL_20260409_025 | Pallet: LIQ:3PL:PALLET:LNRM:PAL-69399 | LPN: LPNNA6TDSPNSX,8.06,16.12
280,280,Sliding Shower Chair with Arms and Back 2,,Lamorland,,BUILDING_AND_HARDWARE,USED_GOOD,,,1,129.99,Lot: AMZ_3PL_20260409_025 | Pallet: LIQ:3PL:PALLET:LNRM:PAL-69648 | LPN: LPNNA66PTBJJC,8.06,16.12
281,281,"KARTOOSH Battery Operated Wall Sconces with Remote Control, Dimmable Wall Sconces Set of Two, 350°Rotate, 3000K LED Black Wireless Wall Light for Living Room, Hallway, Bedroom, 24.4 Inch (2 Pack)",,KARTOOSH,,BUILDING_AND_HARDWARE,USED_GOOD,,,1,129.99,Lot: AMZ_3PL_20260409_025 | Pallet: LIQ:3PL:PALLET:LNRM:PAL-69685 | LPN: LPNNA6KXGZ3TM,8.06,16.12
282,282,WQSING Steering Gear Box Rack & Pinion 1824165 Compatible with Polaris 2016-2017 Ranger EV ETX Crew 570,,WQSING,,MIXED_BUILDING_AND_INDUSTRIAL,USED_GOOD,,,1,129.42,Lot: AMZ_3PL_20260409_025 | Pallet: LIQ:3PL:PALLET:LNRM:PAL-69685 | LPN: LPNNA6RSPL5WT,8.03,16.06
283,283,"Kiguak 47"" LED Gold Rectangle Chandeliers for Dining Room, Modern Oval Rectangular Kitchen Chandelier, Dimmable LED Light Fixture with Remote, for Kitchen Island, Dining Room, Bar",,Kiguak,,BUILDING_AND_HARDWARE,USED_GOOD,,,1,128.70,Lot: AMZ_3PL_20260409_025 | Pallet: LIQ:3PL:PALLET:LNRM:PAL-69644 | LPN: LPNNA6QYP8QTG,7.98,15.96
284,284,"Fanbulous 62 Inch Ceiling Fans with Lights, Black Modern Ceiling Fan with Remote,Large Farmhouse Indoor & Outdoor Ceiling Fan with 8 Dual Finish Blades, Quiet DC Motor, Bright LED Light",,Fanbulous,,BUILDING_AND_HARDWARE,USED_GOOD,,,1,128.69,Lot: AMZ_3PL_20260409_025 | Pallet: LIQ:3PL:PALLET:LNRM:PAL-69372 | LPN: LPNNA6T7Q7BY6,7.98,15.96
285,285,"Tongmo 48"" x 100' Green Chicken Wire Fencing, 19 Gauge Green Wire Fence, 1""x1"" Mesh Size Metal Welded Wire Garden Fence Roll, Poultry Netting for Rabbit/Duck/Chicken",,TONGMO,,BUILDING_AND_HARDWARE,USED_GOOD,,,1,128.69,Lot: AMZ_3PL_20260409_025 | Pallet: LIQ:3PL:PALLET:LNRM:PAL-69669 | LPN: LPNNA668FXZ2J,7.98,15.96
286,286,FDPBY Modern Bathroom Vanity Light 3-Lights Gold Crystal Bathroom Wall Light Vanity Light Fixtures，20.47-inch Modern Minimalist Design,,FDPBY,,BUILDING_AND_HARDWARE,USED_GOOD,,,1,124.89,Lot: AMZ_3PL_20260409_025 | Pallet: LIQ:3PL:PALLET:LNRM:PAL-69685 | LPN: LPNNA6R1785ZL,7.74,15.48
287,287,"Sharp-tec Linear Shower Drain, 36 inch Shower Drain with Removable Pattern Cover, Brushed Gold 304 Stainless Steel Rectangle Floor Drain, Adjustable Feet and Hair Strainer Included (Model 101)",,Sharp-tec,,BUILDING_AND_HARDWARE,USED_GOOD,,,1,124.79,Lot: AMZ_3PL_20260409_025 | Pallet: LIQ:3PL:PALLET:LNRM:PAL-69519 | LPN: LPNNA67FW5CBN,7.74,15.48
288,288,6 Pair of 18 Inch Undermount Soft Close Drawer Slides 100LB Load Capacity Full Extension Concealed Drawer Rails with 3D Locking Device,,Betesy Hardware,,BUILDING_AND_HARDWARE,USED_GOOD,,,1,124.79,Lot: AMZ_3PL_20260409_025 | Pallet: LIQ:3PL:PALLET:LNRM:PAL-68861 | LPN: LPNNA6RJJZ6X4,7.74,15.48
289,289,SOPEAS 6-Light Bathroom Vanity Light Black Vanity Lights for Bathroom Light Fixtures Matte Black 6 Light Fixtures with Clear Glass Shades for Bath Over Mirror,,SOPEAS,,BUILDING_AND_HARDWARE,USED_GOOD,,,1,121.04,Lot: AMZ_3PL_20260409_025 | Pallet: LIQ:3PL:PALLET:LNRM:PAL-69131 | LPN: LPNNA6GL9177Q,7.51,15.02
290,290,"Solar Post Cap Lights Outdoor 16pack, Waterproof Solar Powered Deck Fence Post Lights for 4x4 Wood/Vinyl Posts, Solar Outdoor LED Light with Cool/Warm Lighting Decorate Garden Patio Porch…",,JOFIOS,,BUILDING_AND_HARDWARE,USED_GOOD,,,1,118.55,Lot: AMZ_3PL_20260409_025 | Pallet: LIQ:3PL:PALLET:LNRM:PAL-68868 | LPN: LPNNA67529KQL,7.35,14.70
291,291,BvenuBigLite Outdoor Ceiling Fan with Light: 52 Inch 3 Blade Outdoor Fans for Patios - Modern Walnut Ceiling Fan with Dimmable Light Remote Control Ultra Quiet Reversible DC Motor Timer,,BvenuBigLite,,BUILDING_AND_HARDWARE,USED_GOOD,,,1,116.99,Lot: AMZ_3PL_20260409_025 | Pallet: LIQ:3PL:PALLET:LNRM:PAL-69739 | LPN: LPNNA69SL557W,7.25,14.50
292,292,ZGLAOJT 3 Light Vintage Vanity Light Gold Bathroom Light Fixtures Over Mirror.,,ZGLAOJT,,BUILDING_AND_HARDWARE,USED_GOOD,,,1,116.99,Lot: AMZ_3PL_20260409_025 | Pallet: LIQ:3PL:PALLET:LNRM:PAL-69131 | LPN: LPNNA69RDCL1M,7.25,14.50
293,293,"Art3d Wainscoting Wall Panel Kit, 37.8"" Tall Beadboard Panels for Walls, Polystyrene Board and Batten Wall Panel Kit, Easy DIY Decorative Trim for Living Room, Kitchen, Bedroom – Covers 31 Sq.Ft",,Art3d,,MIXED_BUILDING_AND_INDUSTRIAL,USED_GOOD,,,1,116.99,Lot: AMZ_3PL_20260409_025 | Pallet: LIQ:3PL:PALLET:LNRM:PAL-69131 | LPN: LPNNA6CCH96H8,7.25,14.50
294,294,"Slypadan Outdoor Motion Sensor Flush Mount Ceiling Light, LED Outdoor Ceiling Light Fixture 2 Pack, 12"" Dusk to Dawn Porch Ceiling Light, Black Modern Exterior Light for Farmhouse Garage Hallway Entry",,Slypadan,,BUILDING_AND_HARDWARE,USED_GOOD,,,1,116.99,Lot: AMZ_3PL_20260409_025 | Pallet: LIQ:3PL:PALLET:LNRM:PAL-69661 | LPN: LPNNA6ZCJYDQR,7.25,14.50
295,295,"ZSDHXi 6-Light Antique White Pendant Light, Modern Farmhouse Chandeliers for Dining Room, Adjustable Hexagonal Metal Hanging Light, Vintage Geometric Pendant Lighting for Kitchen Island Entryway Foyer",,ZSDHXi,,BUILDING_AND_HARDWARE,USED_GOOD,,,1,116.99,Lot: AMZ_3PL_20260409_025 | Pallet: LIQ:3PL:PALLET:LNRM:PAL-68867 | LPN: LPNNA6KZ99LSN,7.25,14.50
296,296,"hykolity Large Size Dusk to Dawn Outdoor Wall Lanterns, 18 Inch Outdoor Wall Light Fixtures, Matte Black Porch Lights, Exterior Wall Lighting, Architectural Outdoor Sconces, ETL Listed, 2 Pack",,hykolity,,BUILDING_AND_HARDWARE,USED_GOOD,,717522165727,1,116.08,Lot: AMZ_3PL_20260409_025 | Pallet: LIQ:3PL:PALLET:LNRM:PAL-69856 | LPN: LPNNA6CXLLNLQ,7.20,14.40
297,297,"Pushglossy 9 Pcs 47.24″(Total 35.4 Ft) Ceiling Crown Molding with LED Duct Kit for Seamless Ambient Accent Lighting Waterproof Channel for Easy LED Trim Moulding Strip Installation(9pcs,Rear Groove)",,Pushglossy,,BUILDING_AND_HARDWARE,USED_GOOD,,,1,115.69,Lot: AMZ_3PL_20260409_025 | Pallet: LIQ:3PL:PALLET:LNRM:PAL-69729 | LPN: LPNNA6MM2H3Y8,7.17,14.34
298,298,"Neodrain 32 in Matte Black Linear Shower Drain- with 2-in-1 Flat & Tile Insert Cover, 304 Stainless Steel Rectangle Shower Floor Drain,Floor Shower Drain",,Neodrain,,BUILDING_AND_HARDWARE,USED_GOOD,,,1,114.40,Lot: AMZ_3PL_20260409_025 | Pallet: LIQ:3PL:PALLET:LNRM:PAL-69699 | LPN: LPNNA6CG3SRKD,7.09,14.18
299,299,"MANSNIX Smart Motorized Blinds with Remote, Cordless No-Drill Automatic Roller Shades, Blackout Electric Blind for Windows, Grey, 24.5 x 72",,MANSNIX,,BUILDING_AND_HARDWARE,USED_GOOD,,,1,111.79,Lot: AMZ_3PL_20260409_025 | Pallet: LIQ:3PL:PALLET:LNRM:PAL-68867 | LPN: LPNNA648DKCCC,6.93,13.86
300,300,"2 Pack Hand Rails for Outdoor Steps,2-3 Step Railing for Stairs,Adjustable Porch Railing,Hand Rails for Seniors,Outdoor Deck Handrails for Exterior Steps,White",,Sannwsg,,BUILDING_AND_HARDWARE,USED_GOOD,,738253229175,1,111.14,Lot: AMZ_3PL_20260409_025 | Pallet: LIQ:3PL:PALLET:LNRM:PAL-68861 | LPN: LPNNA6Q4J7FNZ,6.89,13.78
301,301,"TOKIT Reverse Osmosis Water Filter, U1 Alkaline Mineral Under Sink Water Filter System, 400GPD Tankless RO Filtration with Faucet, NSF/ANSI 58, 2:1 Pure to Drain, Reduce TDS",,TOKIT,,MIXED_BUILDING_AND_INDUSTRIAL,USED_GOOD,,,1,110.71,Lot: AMZ_3PL_20260409_025 | Pallet: LIQ:3PL:PALLET:LNRM:PAL-69648 | LPN: LPNNA6DYWRRGN,6.87,13.74
302,302,"Sidasu 10-Pack Iron Balusters – 1/2"" Square Metal Stair Spindles, Hollow Double & Single Knuckle Design with 20 Swivel Shoes, Wrought Iron Staircase Balusters for Indoor & Outdoor Railing",,Sidasu,,BUILDING_AND_HARDWARE,USED_GOOD,,,1,110.49,Lot: AMZ_3PL_20260409_025 | Pallet: LIQ:3PL:PALLET:LNRM:PAL-69638 | LPN: LPNNA6KMFX8GR,6.85,13.70
303,303,"Mid-Century Modern Wall Sconces Set of 2, Gold Wall Sconce with Milky White Glass Globe Shade, Brushed Brass Globe Wall Light for Bathroom Bedroom Hallway",,bywdbywt,,BUILDING_AND_HARDWARE,USED_GOOD,,,1,110.49,Lot: AMZ_3PL_20260409_025 | Pallet: LIQ:3PL:PALLET:LNRM:PAL-69648 | LPN: LPNNA6QG5ZLWL,6.85,13.70
304,304,"ChooChoo Bathroom Medicine Cabinet with Mirror, Modern Mirror Cabinet with LED Lights, Bathroom Wall Cabinet with Adjustable Shleves, Towel Bar, White",,ChooChoo,,BUILDING_AND_HARDWARE,USED_GOOD,,,1,110.49,Lot: AMZ_3PL_20260409_025 | Pallet: LIQ:3PL:PALLET:LNRM:PAL-68868 | LPN: LPNNA6WDKXKCD,6.85,13.70
305,305,"YJINGRUI Hydraulic Buffer Cabinet Door Hinge, Lift and Up Hinges, Vertical Lift Cabinet Door Hinge, 19.69-31.49in, Sturdy Silent and Adjustable",,YJINGRUI,,BUILDING_AND_HARDWARE,USED_GOOD,,,1,107.43,Lot: AMZ_3PL_20260409_025 | Pallet: LIQ:3PL:PALLET:LNRM:PAL-69724 | LPN: LPNNA6CTXK2LJ,6.66,13.32
306,306,"Deck Blade Spindle Belt Rebuild Kit for MTD Troy Bilt 42 inch M115-42 LT4200 T1000 T1400 T1800 Bronco Pony, Replaces Spindle 618-06991 918-06991, Blade 742-04308 942-04308, Belt 954-04060",,PetMigo,,MIXED_BUILDING_AND_INDUSTRIAL,USED_GOOD,,761026777849,1,107.11,Lot: AMZ_3PL_20260409_025 | Pallet: LIQ:3PL:PALLET:LNRM:PAL-68868 | LPN: LPNNA694HYNZ4,6.64,13.28
307,307,22818466 Front Left Driver Side Armrest Repair Kit Fit for Chevy Silverado 1500 2500HD 3500HD 2010-2014 For GMC Sierra 1500 2500 HD 3500 HD 2010-2014 Door Panel with Release Handle Below Armrest -Gray,,RHAOCZIYAUTO,,BUILDING_AND_HARDWARE,USED_GOOD,,,1,106.78,Lot: AMZ_3PL_20260409_025 | Pallet: LIQ:3PL:PALLET:LNRM:PAL-69372 | LPN: LPNNA6QCJ8TGV,6.62,13.24
308,308,"Singhoow 8 Pcs Plastic Pallets for Basement Storage Nestable Moisture Waterproof Lightweight Floor Pallets with Breathable Grid for Indoor Outdoor Supermarket Warehouse (19.6 x 11.8 x 3.9 Inch,Black)",,Singhoow,,BUILDING_AND_HARDWARE,USED_GOOD,,,1,106.59,Lot: AMZ_3PL_20260409_025 | Pallet: LIQ:3PL:PALLET:LNRM:PAL-69739 | LPN: LPNNA6NH1GBCD,6.61,13.22
309,309,HAHZT Gold Bathroom Vanity Light 3-Lights Bathroom Light Fixtures Over Mirror with Clear Glass Shade 22.4 inch Wall Sconce Lighting Bath(Exclude E26 Bulb),,HAHZT,,BUILDING_AND_HARDWARE,USED_GOOD,,,1,105.29,Lot: AMZ_3PL_20260409_025 | Pallet: LIQ:3PL:PALLET:LNRM:PAL-68867 | LPN: LPNNA6S95XCR5,6.53,13.06
310,310,"VitaSophy Knee Scooter with Disc Brake, Steerable Knee Walker for Adults,Foldable Rover Scooter for Broken Foot Injured Leg Crutch,Pink",,VitaSophy,,MIXED_BUILDING_AND_INDUSTRIAL,USED_GOOD,,,1,103.99,Lot: AMZ_3PL_20260409_025 | Pallet: LIQ:3PL:PALLET:LNRM:PAL-69172 | LPN: LPNNK5P2VTYDV,6.45,12.90
311,311,"1.8 Cub Small Fireproof Safes for Home, Digital Security Home Safe Fireproof Waterproof with Programmable Keypad Keys and Alarm System, Anti-Theft Document Safe Box for Money Medicines Valuables",,Homirxan,,BUILDING_AND_HARDWARE,USED_GOOD,,,1,103.99,Lot: AMZ_3PL_20260409_025 | Pallet: LIQ:3PL:PALLET:LNRM:PAL-69532 | LPN: LPNNA6LRB329B,6.45,12.90
312,312,"Toriexon Pair of Garage Door Spring 0.250 x 2”x 30” (Pair), 18000 Cycles Garage Spring Door Replacement, Heavy-Duty & Long-Lasting Garage Door Torsion Spring, Upgraded",,Toriexon,,BUILDING_AND_HARDWARE,USED_GOOD,,,1,103.99,Lot: AMZ_3PL_20260409_025 | Pallet: LIQ:3PL:PALLET:LNRM:PAL-69519 | LPN: LPNNA664JL7HP,6.45,12.90
313,313,"ALLJOY Leg Massager for Circulation and Pain Relief FSA, Gifts for Men Women Dad Mom, Leg Massager with Heat and Compression, 2 Heat 5 Modes 4 Intensities 4 Extenders",,ALLJOY,,MIXED_BUILDING_AND_INDUSTRIAL,USED_GOOD,,717325178986,1,103.99,Lot: AMZ_3PL_20260409_025 | Pallet: LIQ:3PL:PALLET:LNRM:PAL-69302 | LPN: LPNNA6HNH74HN,6.45,12.90
314,314,"Pneumatic Casters 10 Inch 4-Pack, 2 Swivel & 2 Rigid, Heavy Duty Casters 1200 LBS Capacity, Rubber Wheel for Workbench, Cart, Trolley,Wagon and Shelves",,Wbuosz,,MIXED_BUILDING_AND_INDUSTRIAL,USED_GOOD,,762744428976,1,103.99,Lot: AMZ_3PL_20260409_025 | Pallet: LIQ:3PL:PALLET:LNRM:PAL-69399 | LPN: LPNNA6NYV4QHT,6.45,12.90
315,315,"Rockrose Window Tint for Home, One Way Privacy Window Film Heat Blocking, Reflective Mirror Glass Window Privacy Film See Out Not in, 99% UV Block – Silver 24in x 100FT",,RockRose,,BUILDING_AND_HARDWARE,USED_GOOD,,810088075278,1,103.99,Lot: AMZ_3PL_20260409_025 | Pallet: LIQ:3PL:PALLET:LNRM:PAL-69372 | LPN: LPNNA6L3MHD9H,6.45,12.90
316,316,Depuley 52-Inch Ceiling Fan with Light: Black 3 Blade Outdoor Fans for Patios - Dimmable Indoor Fan with Remote Control Living Room Fandelier Ceiling Fans Ultra Quiet DC Motor Reversible 6 Speed Timer,,Depuley,,BUILDING_AND_HARDWARE,USED_GOOD,,,1,103.99,Lot: AMZ_3PL_20260409_025 | Pallet: LIQ:3PL:PALLET:LNRM:PAL-69729 | LPN: LPNNA6CPYW6RT,6.45,12.90
317,317,"Ultrawall Pegboard Wall Organizer, Blue Metal Peg board Panels, Garage Storage System with Hooks and Storage Bins, 59pcs",,Ultrawall,,BUILDING_AND_HARDWARE,USED_GOOD,,,1,103.99,Lot: AMZ_3PL_20260409_025 | Pallet: LIQ:3PL:PALLET:LNRM:PAL-69131 | LPN: LPNNA6NMD8PZZ,6.45,12.90
318,318,"KoKo&Yukina 10"" Globe Pendant Light Gold Mid Century Pendant Light Glass Globe Mid Century Modern Light Fixture Brushed Brass Finished with Milk Glass Lampshade for Dining Room Bedroom",,KoKo&Yukina,,BUILDING_AND_HARDWARE,USED_GOOD,,,1,103.99,Lot: AMZ_3PL_20260409_025 | Pallet: LIQ:3PL:PALLET:LNRM:PAL-69661 | LPN: LPNNA62TTCCZJ,6.45,12.90
319,319,Depuley 52-Inch Ceiling Fan with Light: Black 3 Blade Outdoor Fans for Patios - Dimmable Indoor Fan with Remote Control Living Room Fandelier Ceiling Fans Ultra Quiet DC Motor Reversible 6 Speed Timer,,Depuley,,BUILDING_AND_HARDWARE,USED_GOOD,,,1,103.99,Lot: AMZ_3PL_20260409_025 | Pallet: LIQ:3PL:PALLET:LNRM:PAL-68868 | LPN: LPNNA6CNKSWMG,6.45,12.90
320,320,"EDISHINE LED Corner Lamp, Set of 2 Minimalist Dimmable Tall Light with Remote, 57.5"" Floor Lamps for Living Room, Bedroom, Home Office, 7 Color Temperature 2700-6000K (Black)",,EDISHINE,,BUILDING_AND_HARDWARE,USED_GOOD,,,1,103.99,Lot: AMZ_3PL_20260409_025 | Pallet: LIQ:3PL:PALLET:LNRM:PAL-69745 | LPN: LPNNA6T4FZ5WZ,6.45,12.90
321,321,"MIAOMEIO 16 inch Flush Mount Ceiling Light, 3-Light Close to Ceiling Light Fixtures with Brushed Nickel Finish for Livingroom Bedroom Kitchen Diningroom",,MIAOMEIO,,BUILDING_AND_HARDWARE,USED_GOOD,,,1,103.99,Lot: AMZ_3PL_20260409_025 | Pallet: LIQ:3PL:PALLET:LNRM:PAL-69742 | LPN: LPNNA69JJ5RR7,6.45,12.90
322,322,"WILPREP Commercial Hand Sink, NSF Stainless Steel Sink Commercial Utility Sink with Gooseneck Faucet and Strainer, 17x15 Inch Wall Mount Kitchen Sink for Restaurant Bar RV Bathroom Laundry Room",,Wilprep,,BUILDING_AND_HARDWARE,USED_GOOD,,,1,155.99,Lot: AMZ_3PL_20260409_025 | Pallet: LIQ:3PL:PALLET:LNRM:PAL-68868 | LPN: LPNNA6JR3K126,9.67,19.34
323,323,"AIJIASI Bathroom Light Fixtures, 4-Light Brushed Gold Bathroom Vanity Lights Over Mirror, 30.7 Inch Modern Vanity Lighting with Milky White Glass Globe Shade Wall Sconce Lighting Bath",,AIJIASI,,BUILDING_AND_HARDWARE,USED_GOOD,,,1,155.99,Lot: AMZ_3PL_20260409_025 | Pallet: LIQ:3PL:PALLET:LNRM:PAL-68861 | LPN: LPNNA6XJQCF11,9.67,19.34
324,324,putroad Ceiling Fans with Lights and Remote - 62 Inch Black Modern Ceiling Fan with Light for Bedroom Living Room Kitchen Indoor - 6 Speed Reversible DC Motor Timer 3 CCT Dimmable,,putroad,,BUILDING_AND_HARDWARE,USED_GOOD,,,1,154.04,Lot: AMZ_3PL_20260409_025 | Pallet: LIQ:3PL:PALLET:LNRM:PAL-68867 | LPN: LPNNA6HKV3TWG,9.55,19.10
325,325,"PKUYIE Canister Vacuum Cleaner, 40Kpa 1600W Cyclon Power Bagless Canister Vacuum Cleaners for Home, 3.7QT Large Dust Cup, Lightweight Vac for Hard Floors, Carpets, Pet Hair,Pink",,PKUYIE,,MIXED_BUILDING_AND_INDUSTRIAL,USED_GOOD,,,1,153.48,Lot: AMZ_3PL_20260409_025 | Pallet: LIQ:3PL:PALLET:LNRM:PAL-69532 | LPN: LPNNA6J8F2Z7H,9.52,19.04
326,326,"Daunton Hardwired Modern Wall Sconce set of Two with Remote Control, Dimmable LED Wall Sconces Lighting set of 2, Big Size Black Wall Light, LED Wall Lamp for Bedroom Living Room Bathroom 40.5"" Length",,Daunton,,BUILDING_AND_HARDWARE,USED_GOOD,,,1,151.81,Lot: AMZ_3PL_20260409_025 | Pallet: LIQ:3PL:PALLET:LNRM:PAL-68867 | LPN: LPNNA6BKVZZRY,9.41,18.82
327,327,"Orsong Bathroom Exhaust Fan with Heater and Light 1800W, 160 CFM, 1.0 Sone Quiet Operation, Bathroom Vent with Heater Quickly Reaches A Comfortable Temperature in Just 1 Minute",,Orsong,,BUILDING_AND_HARDWARE,USED_GOOD,,683770957738,1,151.16,Lot: AMZ_3PL_20260409_025 | Pallet: LIQ:3PL:PALLET:LNRM:PAL-69532 | LPN: LPNNA6Q8GNVPL,9.37,18.74
328,328,"Orabriz 4-in-1 Bathroom Exhaust Fan with Heater, 1100W/2200W Dual Heating, 220 CFM Ventilation, 6000K 1800LM LED Light, Quiet Bath Fan with Light and Heat, Ceiling Mount, Plug-In or Hardwired",,Orabriz,,BUILDING_AND_HARDWARE,USED_GOOD,,,1,149.28,Lot: AMZ_3PL_20260409_025 | Pallet: LIQ:3PL:PALLET:LNRM:PAL-68868 | LPN: LPNNA68DR7V6C,9.26,18.52
329,329,"Luminzone Outdoor Porch Lights Wall Mount, Outdoor Sconce Lighting Waterproof Exterior Porch Light Anti-Rust Aluminum Outside Latern with Water Ripple Glass for House Yard Hallway Doorway Patio",,Luminzone,,BUILDING_AND_HARDWARE,USED_GOOD,,,1,148.19,Lot: AMZ_3PL_20260409_025 | Pallet: LIQ:3PL:PALLET:LNRM:PAL-69172 | LPN: LPNNA6NHF1SC9,9.19,18.38
330,330,"NLIEOPDA Large Dusk to Dawn Sensor Outdoor Wall Sconce,19.68"" H Vintage Exterior Light Fixture with IP65 Waterproof,Classical European Style Porch Light with Water Glass for Front Door Balcony Porch",,NLIEOPDA,,BUILDING_AND_HARDWARE,USED_GOOD,,,1,147.60,Lot: AMZ_3PL_20260409_025 | Pallet: LIQ:3PL:PALLET:LNRM:PAL-69399 | LPN: LPNNA6FJJV5T2,9.15,18.30
331,331,"VARIPOWDER Toilet Safety Rails with Non-Slip Handles (520lbs), Upgraded Toilet Safety Frame for Senior, Heavy-Duty Bathroom Support for Standing Aid, Aging in Place Toilet Handles for Elderly",,VARIPOWDER,,BUILDING_AND_HARDWARE,USED_GOOD,,,1,146.95,Lot: AMZ_3PL_20260409_025 | Pallet: LIQ:3PL:PALLET:LNRM:PAL-69729 | LPN: LPNNA65PRD7B2,9.11,18.22
332,332,"OUBONI 17""×14"" Marbling Vessel Sink with Faucet and Drain Combo Black and Gold Ceramic Bathroom Vessel Sink, Oval Above Counter Bathroom Sinks",,Ouboni,,BUILDING_AND_HARDWARE,USED_GOOD,,732262002859,1,146.87,Lot: AMZ_3PL_20260409_025 | Pallet: LIQ:3PL:PALLET:LNRM:PAL-69661 | LPN: LPNNA6W29SLX2,9.11,18.22
333,333,"WOWSTAR 12-Pack 2x4ft Drop Ceiling Tiles, Waterproof Glue up Ceiling Panels, Modern Style 3D Wall Panels, Black",,WOWSTAR,,BUILDING_AND_HARDWARE,USED_GOOD,,,1,145.59,Lot: AMZ_3PL_20260409_025 | Pallet: LIQ:3PL:PALLET:LNRM:PAL-69638 | LPN: LPNNA6FFX1FMN,9.03,18.06
334,334,O'NEELDY Flush Mount Modern Ceiling Light Black Led Modern Light Fixtures Ceiling Mount Lights 4 Rings Led Chandelier Lamp Fixture with Remote for Living Room Kitchen Dining Room Bedroom,,O'NEELDY,,MIXED_BUILDING_AND_INDUSTRIAL,USED_GOOD,,,1,144.48,Lot: AMZ_3PL_20260409_025 | Pallet: LIQ:3PL:PALLET:LNRM:PAL-69372 | LPN: LPNNA6H2WM5ZZ,8.96,17.92
335,335,"Battery Operated Modern Wall Sconces, Dimmable Wireless Wall Light Set of Two with Remote Control, 3 Color Temperatures, Rechargeable LED Wall Sconce for Bedroom, Living Room, Hallway, 39.3 Inch Black",,KARTOOSH,,BUILDING_AND_HARDWARE,USED_GOOD,,,1,142.99,Lot: AMZ_3PL_20260409_025 | Pallet: LIQ:3PL:PALLET:LNRM:PAL-69372 | LPN: LPNNA62MGGBXY,8.87,17.74
336,336,"Small Kitchen Sink,18x18 In Bar Sink Stainless Steel Undermount Small Kitchen Sink Ideal Choice For Small Space Nice As Undermount Prep Sink,RV Kitchen Sink With Bottom Grid,Silicon Mat And Drain Set",,FAUENPEEY,,BUILDING_AND_HARDWARE,USED_GOOD,,,1,142.87,Lot: AMZ_3PL_20260409_025 | Pallet: LIQ:3PL:PALLET:LNRM:PAL-69399 | LPN: LPNNA62JLQTFW,8.86,17.72
337,337,"DIKAIDA Rustic Flush Mount Ceiling Light Fixtures for Hallway, 8-Light Kitchen Light Fixtures,31"" Industrial Metal Cage Ceiling Light for Farmhouse,Kitchen,Hallway E26 Base(1 Pack)",,DIKAIDA,,BUILDING_AND_HARDWARE,USED_GOOD,,,1,142.09,Lot: AMZ_3PL_20260409_025 | Pallet: LIQ:3PL:PALLET:LNRM:PAL-69131 | LPN: LPNNA6MZ7QSX1,8.81,17.62
338,338,"DoubleFill 1 Pcs 22 x 36 Inch Entry Door Frame Only Replacement Kit for 1"" Glass (Glass Not Included), 1 Lite Exterior Front Door Window Frame Replacement (Rectangle)",,DoubleFill,,BUILDING_AND_HARDWARE,USED_GOOD,,,1,141.69,Lot: AMZ_3PL_20260409_025 | Pallet: LIQ:3PL:PALLET:LNRM:PAL-69699 | LPN: LPNNK5DNNKFC6,8.79,17.58
339,339,"Ahaloye Gold Plug in Wall Sconces, 3 Lights Wall Mount Lamp with Rotatable Shade 3000K Warm White Wall Light for Bedroom Living Room Picture Light (Bulb Included)",,Ahaloye,,BUILDING_AND_HARDWARE,USED_GOOD,,,1,139.22,Lot: AMZ_3PL_20260409_025 | Pallet: LIQ:3PL:PALLET:LNRM:PAL-69131 | LPN: LPNNA623STY31,8.63,17.26
340,340,GUARD SHIELD Heavy Duty Tarp 30x30 Feet Silver/Black Multi Purpose Thick Waterproof Poly Tarp Cover 10mil,,GUARD SHIELD,,BUILDING_AND_HARDWARE,USED_GOOD,,768273316821,1,139.09,Lot: AMZ_3PL_20260409_025 | Pallet: LIQ:3PL:PALLET:LNRM:PAL-69172 | LPN: LPNNA6Z8HFX21,8.63,17.26
341,341,LVZECHEN 76CM Smart Ceiling Light with Fan DC Motor 6 Gear Reversible Bedroom Ceiling Fan with Lighting LED Dimmable Quiet Modern Living Room Lamp with Fan (Color : Black),,LVZECHEN,,BUILDING_AND_HARDWARE,USED_GOOD,,,1,137.80,Lot: AMZ_3PL_20260409_025 | Pallet: LIQ:3PL:PALLET:LNRM:PAL-69172 | LPN: LPNNA6F8H9NMF,8.55,17.10
342,342,"Untrammelife Glass Gold Pendant Light 1-Light 9"" Globe Ceiling Lighting Modern Hanging Light Fixture with Hammered Glass Gold Chandelier Adjustable Chain Brushed Brass Finished",,Untrammelife,,BUILDING_AND_HARDWARE,USED_GOOD,,,1,137.79,Lot: AMZ_3PL_20260409_025 | Pallet: LIQ:3PL:PALLET:LNRM:PAL-69661 | LPN: LPNNA6DFZFB2J,8.54,17.08
343,343,"OYKYOHEI Large Outdoor Wall Sconce 2 Pack, 19"" White Outdoor Light Fixture, Exterior Lighting Fixtures Anti-Rust Porch Lights with Clear Glass for Front Door, Garage",,OYKYOHEI,,BUILDING_AND_HARDWARE,USED_GOOD,,,1,135.84,Lot: AMZ_3PL_20260409_025 | Pallet: LIQ:3PL:PALLET:LNRM:PAL-69742 | LPN: LPNNA6DYSSG6B,8.42,16.84
344,344,"Ovlaim 52 Inch Wood Ceiling Fan with Light Remote Control, Quiet DC Motor, 3 Blades Indoor Ceiling Fan for Bedroom Living Room, ETL Listed",,Ovlaim,,BUILDING_AND_HARDWARE,USED_GOOD,,,1,135.19,Lot: AMZ_3PL_20260409_025 | Pallet: LIQ:3PL:PALLET:LNRM:PAL-69644 | LPN: LPNNA6W93SBSN,8.38,16.76
345,345,"Natural Jute Rope 1-1/2 in x 100 Ft - Heavy Duty Thick Hemp Rope, Twisted Hemp Ropes for Crafts, Porch Swings, Tug of War, Nautical Decor, Landscaping & Home DIY Projects",,LZ.MZXU,,BUILDING_AND_HARDWARE,USED_GOOD,,,1,132.48,Lot: AMZ_3PL_20260409_025 | Pallet: LIQ:3PL:PALLET:LNRM:PAL-69399 | LPN: LPNNA6DG22FWG,8.22,16.44
346,346,"Ganggend Electric Mini-Tank Water Heater 2.5 Gallon 110V 1500W Under Sink Hot Water Heater for Kitchen,RV,Laundry,Food Truck, Wall or Floor Mounted",,Ganggend,,BUILDING_AND_HARDWARE,USED_GOOD,,,1,129.99,Lot: AMZ_3PL_20260409_025 | Pallet: LIQ:3PL:PALLET:LNRM:PAL-69172 | LPN: LPNNA68Z8M7BT,8.06,16.12
347,347,Milk Glass Chandelier Farmhouse Rustic Semi Flush Mount Ceiling Lamp Frosted White Globe Pendant Light Mid Century Modern Wood Grain Chandelier Sputnik Ceiling Light (3- Light- Chrome),,UienVee,,BUILDING_AND_HARDWARE,USED_GOOD,,,1,129.99,Lot: AMZ_3PL_20260409_025 | Pallet: LIQ:3PL:PALLET:LNRM:PAL-69302 | LPN: LPNNA6FMD7NSH,8.06,16.12
348,348,"VOOJOY 5000W Solar Street Lights Outdoor, 7000K Solar Light Outdoor LED Street Light Dusk to Dawn, LED Wide Angle Lamp with Motion Sensor and Remote Control for Parking Lot, Yard, 3 Pack",,VOOJOY,,BUILDING_AND_HARDWARE,USED_GOOD,,,1,129.99,Lot: AMZ_3PL_20260409_025 | Pallet: LIQ:3PL:PALLET:LNRM:PAL-69399 | LPN: LPNNA6YVYPS4D,8.06,16.12
349,349,GreenLighting 12 Pack Classic #1 Solar Power Outdoor Garden Pathway Deck Dock Patio Fence Post Light for 5x5 PVC Posts (White),,GreenLighting,,BUILDING_AND_HARDWARE,USED_GOOD,,819151018648,1,129.99,Lot: AMZ_3PL_20260409_025 | Pallet: LIQ:3PL:PALLET:LNRM:PAL-69131 | LPN: LPNNA6SXFLJ3Q,8.06,16.12
350,350,"Aojin Knee Scooter for Adults for FootInjuries, 300lbs Capacity, All Terrain Foldable Knee Scooter Walker with Bag, 13"" Wide Pu Seat, Compact Crutches Alternative (Blue)",,Aojin,,MIXED_BUILDING_AND_INDUSTRIAL,USED_GOOD,,,1,129.99,Lot: AMZ_3PL_20260409_025 | Pallet: LIQ:3PL:PALLET:LNRM:PAL-69648 | LPN: LPNNA6RV8VB17,8.06,16.12
351,351,"SHUNLEE 6 Pcs RGB Smart Recessed Lighting for Acoustic Panels, WiFi LED Lights for Acoustic Wall Panels Compatible with Alexa, Self-Adhesive Black Aluminum for Wood Slat Wall (2*40+2*24+2*16 in)",,SHUNLEE,,BUILDING_AND_HARDWARE,USED_GOOD,,,1,129.99,Lot: AMZ_3PL_20260409_025 | Pallet: LIQ:3PL:PALLET:LNRM:PAL-69699 | LPN: LPNNA66HGQ5ZJ,8.06,16.12
352,352,"VONLUCE Sputnik Ceiling Light Fixture, 6-Light Modern Sputnik Chandelier with Frosted Glass Shades, ETL Listed Globe Chandelier for Living Room Bedroom Dining Room, Bubble Glass Pendant Light, Gold",,VONLUCE,,BUILDING_AND_HARDWARE,USED_GOOD,,,1,129.99,Lot: AMZ_3PL_20260409_025 | Pallet: LIQ:3PL:PALLET:LNRM:PAL-69685 | LPN: LPNNA6SG2W58Q,8.06,16.12
353,353,"JINXNOBI Wall Safe,Hidden Wall Safe,Hidden Eletronic in Wall Safes between the Studs,Wall Mount Safe,H22.8”,W15.4”,Black",,JINXNOBI,,BUILDING_AND_HARDWARE,USED_GOOD,,718519029183,1,129.47,Lot: AMZ_3PL_20260409_025 | Pallet: LIQ:3PL:PALLET:LNRM:PAL-69172 | LPN: LPNNA6ZL6LF5M,8.03,16.06
354,354,"Keten Tarps Heavy Duty Waterproof 20X30 Feet, Extra Thick 16 Mil, Tear & Fade Resistant, UV Blocking, Outdoor Tarp with Reinforced Grommets for Roof, Camping, Patio, Pool, Boat(Silver/Black)",,Keten,,BUILDING_AND_HARDWARE,USED_GOOD,,,1,128.69,Lot: AMZ_3PL_20260409_025 | Pallet: LIQ:3PL:PALLET:LNRM:PAL-69532 | LPN: LPNNK5B51MYWT,7.98,15.96
355,355,"TULUCE Modern Bathroom Vanity Lights,3-Lights Wall Sconce Lighting E26 Base Brushed Nickel Industrial Wall Light with Clear Glass Shade Bathroom Light Fixtures for Mirror Bedroom Kitchen Hallway",,TULUCE,,BUILDING_AND_HARDWARE,USED_GOOD,,,1,128.69,Lot: AMZ_3PL_20260409_025 | Pallet: LIQ:3PL:PALLET:LNRM:PAL-69638 | LPN: LPNNA6PQ5ZDRF,7.98,15.96
356,356,Pangda 23 Pcs 94.49 x 47.24 Inch MDF Board and Wall Batten Panel Kit Premade Wainscoting Panels Ready to Assemble Accent Decorative Wall Molding Kit for DIY Bedroom Living Room Home Decor,,Pangda,,BUILDING_AND_HARDWARE,USED_GOOD,,,1,127.39,Lot: AMZ_3PL_20260409_025 | Pallet: LIQ:3PL:PALLET:LNRM:PAL-69519 | LPN: LPNNK5HJNHSKS,7.90,15.80
357,357,"KASZOO 24 Pack 20""x20"" Grass Wall Panels - Artificial Boxwood Panels for Greenery Wall Backdrop, Faux Greenery for Indoor Outdoor Decor, Garden Fence, Wedding, Privacy Screen, 66 Sq. Ft. Coverage",,KASZOO,,BUILDING_AND_HARDWARE,USED_GOOD,,,1,126.70,Lot: AMZ_3PL_20260409_025 | Pallet: LIQ:3PL:PALLET:LNRM:PAL-68861 | LPN: LPNNA63NJ76KL,7.86,15.72
358,358,FDPBY Modern Bathroom Vanity Light 3-Lights Gold Crystal Bathroom Wall Light Vanity Light Fixtures，20.47-inch Modern Minimalist Design,,FDPBY,,BUILDING_AND_HARDWARE,USED_GOOD,,,1,124.89,Lot: AMZ_3PL_20260409_025 | Pallet: LIQ:3PL:PALLET:LNRM:PAL-69685 | LPN: LPNNA63WCLWC9,7.74,15.48
359,359,"HVAC Premium 32 x 18 Duct Opening Steel Return Air Filter Grille, for 1-inch Filter, Removable Door, Flat Stamped HVAC Vent Cover Grille, Outer Dimensions 34.5 x 20.5",,HVAC Premium,,BUILDING_AND_HARDWARE,USED_GOOD,,810116313693,1,123.51,Lot: AMZ_3PL_20260409_025 | Pallet: LIQ:3PL:PALLET:LNRM:PAL-69372 | LPN: LPNNA6568QGNZ,7.66,15.32
360,360,"3D Textured Black and White Abstract Wall Art Decor with Vase, Modern Paintings Artwork for Walls-Minimalist Wall Decor for Living Room Hallway Dining Room Bedroom Office Decoration Aesthetic 24x24 In",,Cuspin,,MIXED_BUILDING_AND_INDUSTRIAL,USED_GOOD,,,1,123.49,Lot: AMZ_3PL_20260409_025 | Pallet: LIQ:3PL:PALLET:LNRM:PAL-69131 | LPN: LPNNA6H121H6X,7.66,15.32
361,361,"Mecgirn Milk Glass Vanity Lights for Bathroom, 3 Light Brass Bathroom Light Fixtures Over Mirror, Ceramic E26 Sockets Wall Mounted",,Mecgirn,,BUILDING_AND_HARDWARE,USED_GOOD,,,1,116.99,Lot: AMZ_3PL_20260409_025 | Pallet: LIQ:3PL:PALLET:LNRM:PAL-69661 | LPN: LPNNA683MT8L6,7.25,14.50
362,362,Zonon 10lb Fire Extinguisher Cabinet Wall & Surface Mount with Glow Fire Extinguisher Sign Sticker Steel Industrial Architectural Wall Box Case for Dry Chemical Extinguishers Indoor Outdoor(White),,Zonon,,MIXED_BUILDING_AND_INDUSTRIAL,USED_GOOD,,,1,116.99,Lot: AMZ_3PL_20260409_025 | Pallet: LIQ:3PL:PALLET:LNRM:PAL-68868 | LPN: LPNNA6LCDSK9V,7.25,14.50
363,363,"Art3d Pre-Cut Wall Molding Set of 6 pcs, Ready-to-Assemble Wainscoting Panels for Interior Wall Décor Living Room Bedroom Accent Wall - Installed with Glue, 3 Top 3 Bottom, Antique Gold",,Art3d,,MIXED_BUILDING_AND_INDUSTRIAL,USED_GOOD,,,1,116.99,Lot: AMZ_3PL_20260409_025 | Pallet: LIQ:3PL:PALLET:LNRM:PAL-68861 | LPN: LPNNA6PYRJQT1,7.25,14.50
364,364,"Futurwit Front Door Mat, 60"" x 48"" Heavy Duty Indoor Outdoor Doormat, Non-Slip Welcome Mats for Entryway, Rubber Backing Low Profile Commercial Door Mats",,Futurwit,,MIXED_BUILDING_AND_INDUSTRIAL,USED_GOOD,,,1,115.70,Lot: AMZ_3PL_20260409_025 | Pallet: LIQ:3PL:PALLET:LNRM:PAL-68868 | LPN: LPNNK577NQJLV,7.17,14.34
365,365,"Ninehaoou 100 Pcs Plastic Bud Vases in Bulk Clear Small Flowers Vases for Centerpieces Wedding Decorations Home Banquet Formal Dinners Party Table Decor Office Ornaments (1.2 * 5.5inch,Pattern)",,Ninehaoou,,MIXED_BUILDING_AND_INDUSTRIAL,USED_GOOD,,,1,115.69,Lot: AMZ_3PL_20260409_025 | Pallet: LIQ:3PL:PALLET:LNRM:PAL-69648 | LPN: LPNNA6P2XY5XY,7.17,14.34
366,366,"Art3d Drop Ceiling Tiles 24x24 in Bronze (12-Pack, 48 Sq.ft), 3D Wainscoting Panels Glue Up 2x2",,Art3d,,BUILDING_AND_HARDWARE,USED_GOOD,,,1,114.10,Lot: AMZ_3PL_20260409_025 | Pallet: LIQ:3PL:PALLET:LNRM:PAL-69745 | LPN: LPNNA69DM8N23,7.08,14.16
367,367,"Keonjinn Small Medicine Cabinet Mirror 14"" x 18"", Assembly Needed, Brushed Nickel Medicine Cabinet with Mirror, Beveled Framed, Stepless Adjustable Shelf, One Shelf Only, Wall-Mounted or Recessed",,Keonjinn,,BUILDING_AND_HARDWARE,USED_GOOD,,,1,111.79,Lot: AMZ_3PL_20260409_025 | Pallet: LIQ:3PL:PALLET:LNRM:PAL-69699 | LPN: LPNNA6GQY1NY1,6.93,13.86
368,368,"Undermount Concealed Soft Close Drawer Slides 15inch,6 Pairs Full Extension Drawer Glides Runners with Locking Device and Rear Mounting Brackets",,Sinkgo Home,,BUILDING_AND_HARDWARE,USED_GOOD,,,1,111.79,Lot: AMZ_3PL_20260409_025 | Pallet: LIQ:3PL:PALLET:LNRM:PAL-69742 | LPN: LPNNA6RKTV9M4,6.93,13.86
369,369,Hchunqjor Coastal Large Woven Pendant Light Fixture 17.8 inch One-Light Adjustable Natural Hemp Rope Cage Pendant Lighting for Kitchen Island Dining Room Living Room Farmhouse,,Hchunqjor,,BUILDING_AND_HARDWARE,USED_GOOD,,,1,111.77,Lot: AMZ_3PL_20260409_025 | Pallet: LIQ:3PL:PALLET:LNRM:PAL-69661 | LPN: LPNNA6ZFWH7GG,6.93,13.86
370,370,"ELYCCUPA 9” Chrome Seeded Glass Pendant Light Modern 1 Light Single Dome Pendent Lighting Fixtures for Kitchen Island Dining Room Hallway, UL Listed",,ELYCCUPA,,BUILDING_AND_HARDWARE,USED_GOOD,,,1,111.14,Lot: AMZ_3PL_20260409_025 | Pallet: LIQ:3PL:PALLET:LNRM:PAL-69648 | LPN: LPNNA6KPYVVKS,6.89,13.78
371,371,"ELYCCUPA 9” Chrome Seeded Glass Pendant Light Modern 1 Light Single Dome Pendent Lighting Fixtures for Kitchen Island Dining Room Hallway, UL Listed",,ELYCCUPA,,BUILDING_AND_HARDWARE,USED_GOOD,,,1,111.14,Lot: AMZ_3PL_20260409_025 | Pallet: LIQ:3PL:PALLET:LNRM:PAL-69648 | LPN: LPNNA6F69XX8Z,6.89,13.78
372,372,"Saker Portable Camping Light with Stand 73inch 20000mAh Rechargeable LED Work Lights 3200 Lumen 4000/6500K Emergency Lights for Camping, Garage, Outdoor Work, Power Outages, Fishing LD18",,Saker,,BUILDING_AND_HARDWARE,USED_GOOD,,,1,110.49,Lot: AMZ_3PL_20260409_025 | Pallet: LIQ:3PL:PALLET:LNRM:PAL-69519 | LPN: LPNNA6XSL9Q2M,6.85,13.70
373,373,"Wesiti 4 Pcs Stainless Steel Stanchion Post 2 Pcs 5 ft Velvet Rope Carpet Ropes and Poles Stanchions and Velvet Ropes Crowd Control Barriers Rope Safety Barriers for Party Theater (Silver, Black)",,Wesiti,,MIXED_BUILDING_AND_INDUSTRIAL,USED_GOOD,,,1,110.49,Lot: AMZ_3PL_20260409_025 | Pallet: LIQ:3PL:PALLET:LNRM:PAL-69739 | LPN: LPNNA65WDYLGC,6.85,13.70
374,374,"Lichaser RGB Black Smart Recessed Lighting for Acoustic Panel, 6 Pcs WiFi LED Strip Light for Wood Slat Wall Panel Compatible with Alexa, Self-Adhesive Smart LED for Slat Wall (2*24+2*16+2*13 in)",,Lichaser,,BUILDING_AND_HARDWARE,USED_GOOD,,,1,110.49,Lot: AMZ_3PL_20260409_025 | Pallet: LIQ:3PL:PALLET:LNRM:PAL-69131 | LPN: LPNNA65F9JS1F,6.85,13.70
375,375,6699 Tankless Water Heater Flushing Kit Includes 1/4HP Submersible Sump Pump with Two Adapters & 3 Gallons Pail with Bucket Lid Opener & Two 1/2” Dia X 6’ PVC Hoses with Washers,,6699,,BUILDING_AND_HARDWARE,USED_GOOD,,,1,109.17,Lot: AMZ_3PL_20260409_025 | Pallet: LIQ:3PL:PALLET:LNRM:PAL-69856 | LPN: LPNNA6WH1MM16,6.77,13.54
376,376,Thyle 3ft Large Ramadan Decoration for Home Islamic Crescent Ramadan Moon Lamp Decor LED Light up Moon Eid Mubarak Decoration Light for Bedroom Living Room Lamp Battery Operated Eid Muslims Gift White,,Thyle,,BUILDING_AND_HARDWARE,USED_GOOD,,,1,107.89,Lot: AMZ_3PL_20260409_025 | Pallet: LIQ:3PL:PALLET:LNRM:PAL-69638 | LPN: LPNNA6K4JL2FW,6.69,13.38
377,377,"YJINGRUI Hydraulic Buffer Cabinet Door Hinge, Lift and Up Hinges, Vertical Lift Cabinet Door Hinge, 19.69-31.49in, Sturdy Silent and Adjustable",,YJINGRUI,,BUILDING_AND_HARDWARE,USED_GOOD,,,1,107.43,Lot: AMZ_3PL_20260409_025 | Pallet: LIQ:3PL:PALLET:LNRM:PAL-69532 | LPN: LPNNA628K4ZQ3,6.66,13.32
378,378,Zolpoyia 3 in 1 Folding Hand Truck Dolly Cart with Wheels Foldable Utility Cart Aluminum Trolley Cart 600lbs Capacity Convertible Dolly for Moving Furniture Shopping for Garden Home Office Warehouse,,Zolpoyia,,MIXED_BUILDING_AND_INDUSTRIAL,USED_GOOD,,762849740775,1,103.99,Lot: AMZ_3PL_20260409_025 | Pallet: LIQ:3PL:PALLET:LNRM:PAL-69532 | LPN: LPNNA6W6ZG4QY,6.45,12.90
379,379,"Clirass Bidet Toilet Seat, Soft Close Toilet Seat, Button control Feminine/Posterior Wash Switch, Knob Control Water Pressure,White Bidet Seat Attachment with Brass inlet (Elongated-D)",,Clirass,,BUILDING_AND_HARDWARE,USED_GOOD,,,1,103.99,Lot: AMZ_3PL_20260409_025 | Pallet: LIQ:3PL:PALLET:LNRM:PAL-69729 | LPN: LPNNA676XR6WT,6.45,12.90
380,380,"Vinyl Wall Base Baseboard Molding Trim, Peel-and-Stick Flexible Self-Adhesive Rubber Wall Base Trim, Vinyl Baseboards, Suitable for Garage Floors and Walls, Bathroom Cabinets, 4 Inch x 100 Feet, White",,OLenyer,,BUILDING_AND_HARDWARE,USED_GOOD,,,1,103.99,Lot: AMZ_3PL_20260409_025 | Pallet: LIQ:3PL:PALLET:LNRM:PAL-69699 | LPN: LPNNA6W4FNXRK,6.45,12.90
381,381,"MIAOMEIO 16 inch Flush Mount Ceiling Light, 3-Light Close to Ceiling Light Fixtures with Oil Rubbed Bronze Finish for Livingroom Bedroom Kitchen Diningroom(Oil Rubbed Bronze)",,MIAOMEIO,,BUILDING_AND_HARDWARE,USED_GOOD,,,1,103.99,Lot: AMZ_3PL_20260409_025 | Pallet: LIQ:3PL:PALLET:LNRM:PAL-68867 | LPN: LPNNA6FQ9BHM9,6.45,12.90
382,382,"Becailyer Modern LED Linear Ceiling Lights, Dimmable LED Ceiling Lamp with Remote Control, 31.4"" Metal Flush Mount Ceiling Lighting Fixtures for Living Room Kitchen Dining Room Hallway, White",,Becailyer,,BUILDING_AND_HARDWARE,USED_GOOD,,,1,103.99,Lot: AMZ_3PL_20260409_025 | Pallet: LIQ:3PL:PALLET:LNRM:PAL-68861 | LPN: LPNNA655CCND4,6.45,12.90
383,383,48'' x 50' 1inch Hardware Cloth 16 Gauge Black Vinyl Coated Welded Fence Mesh for Home and Garden Fence and Home Improvement Project,,forimo,,BUILDING_AND_HARDWARE,USED_GOOD,,772467618899,1,103.99,Lot: AMZ_3PL_20260409_025 | Pallet: LIQ:3PL:PALLET:LNRM:PAL-69849 | LPN: LPNNA6CJKJTY3,6.45,12.90
384,384,"Bed Rails for Elderly Adults Safety, Folding Assist Seniors Handle Bedside Railings, Side Cane Hospital Guard Rails, Medical Half Bed Hand Rail, Handicap Bars for King Queen Size Bed Fall Prevention",,NEAUDE,,MIXED_BUILDING_AND_INDUSTRIAL,USED_GOOD,,,1,103.87,Lot: AMZ_3PL_20260409_025 | Pallet: LIQ:3PL:PALLET:LNRM:PAL-69638 | LPN: LPNNA6MFYHGWT,6.44,12.88
385,385,"Tonature No Drill Cellular Shades for Indoor Windows, Thermal Insulating & Noise Reducing Honeycomb Blinds, Free Stop Cordless Blackout Shades, White,34"" W x 80"" H",,Tonature,,BUILDING_AND_HARDWARE,USED_GOOD,,,1,102.69,Lot: AMZ_3PL_20260409_025 | Pallet: LIQ:3PL:PALLET:LNRM:PAL-69519 | LPN: LPNNK5DZ654L7,6.37,12.74
386,386,VIVOHOME Water Distiller Countertop 1.1 Gallon/4L 304 Stainless Steel Distilled Water Machine with Smart Switch Purifier Filter for Home Office,,VIVOHOME,,BUILDING_AND_HARDWARE,USED_GOOD,,,1,103.99,Lot: AMZ_3PL_20260409_025 | Pallet: LIQ:3PL:PALLET:LNRM:PAL-68861 | LPN: LPNNA65DK7RKN,6.45,12.90
387,387,Tobinice 6 Pair of 18 Inch Soft Close Undermount Bottom Mount Drawer Slides 100lb Load Capacity Full Extension Concealed Drawer Glides Rails,,Tobinice,,BUILDING_AND_HARDWARE,USED_GOOD,,,1,103.99,Lot: AMZ_3PL_20260409_025 | Pallet: LIQ:3PL:PALLET:LNRM:PAL-69856 | LPN: LPNNA6JZZWHPQ,6.45,12.90
388,388,"HEONITURE 16 Inch Metal Bench Legs,Backrest Bracket Set of 2,Ideal for DIY Projects with Butcher Block Countertops and Wood Slab Benches Indoor/Outdoor (Black, 16"" x 17.7"")",,HEONITURE,,BUILDING_AND_HARDWARE,USED_GOOD,,,1,103.60,Lot: AMZ_3PL_20260409_025 | Pallet: LIQ:3PL:PALLET:LNRM:PAL-69729 | LPN: LPNNA6TJPBC3Y,6.42,12.84
389,389,AIJIASI Brushed Nickel Vanity Light for Bathroom - 24 Inch Bathroom Lighting Fixtures Over Mirror 18W 3000K LED Vanity Lights Bar Modern Vanity Light Wall Mount,,AIJIASI,,BUILDING_AND_HARDWARE,USED_GOOD,,,1,101.39,Lot: AMZ_3PL_20260409_025 | Pallet: LIQ:3PL:PALLET:LNRM:PAL-68868 | LPN: LPNNA656XX93L,6.29,12.58
390,390,"VIVOSUN Outdoor Handrail, 3 Step Stair Handrail, 40"" x 36"" Fits 1 to 3 Steps, Wrought Mattle Iron Stair Railing with Curved Ends and Balusters for Concrete Steps, Porch Steps, One-Step Assembly, Black",,VIVOSUN,,BUILDING_AND_HARDWARE,USED_GOOD,,,1,100.09,Lot: AMZ_3PL_20260409_025 | Pallet: LIQ:3PL:PALLET:LNRM:PAL-69644 | LPN: LPNNA6416RXMN,6.21,12.42
391,391,"AHAWILL Low Profile Ceiling Fan with Light,19.29in Bladeless Ceiling Fan with Remote Control,Enclosed Flush Mount Fandelier,6 Wind Speed,Dimmable LED Lights,White,for Bedroom Dining Room",,AHAWILL,,BUILDING_AND_HARDWARE,USED_GOOD,,,1,155.99,Lot: AMZ_3PL_20260409_025 | Pallet: LIQ:3PL:PALLET:LNRM:PAL-69745 | LPN: LPNNA672VLHXQ,9.67,19.34
392,392,"4FT Solid Wood Stair Handrail for Indoor Stairs, Outdoors Stair Railings, Sturdy Wall Mounted Non-Slip Safety Design, Elderly-Friendly & Child-Safe, with Banister Hardware and Brackets",,ACQUAN,,BUILDING_AND_HARDWARE,USED_GOOD,,,1,101.40,Lot: AMZ_3PL_20260409_025 | Pallet: LIQ:3PL:PALLET:LNRM:PAL-69131 | LPN: LPNNA6C53C3MZ,6.29,12.58
393,393,"Kinchoix 50 Pack 32"" Aluminum Deck Balusters Round Black Deck Railing Stair Porch Staircase Spindles 3/4"" Diameter Balusters Outdoor",,Kinchoix,,MIXED_BUILDING_AND_INDUSTRIAL,USED_GOOD,,,1,101.39,Lot: AMZ_3PL_20260409_025 | Pallet: LIQ:3PL:PALLET:LNRM:PAL-69302 | LPN: LPNNA6GYVJFZW,6.29,12.58
394,394,18x18 Inch (Duct Opening) Aluminum 4-Way Air Flow Vent – HVAC Vent Cover for Wall or Ceiling – Quiet HVAC Wall Register with Multi-Shutter Damper – Adjustable Curved Blade - Plastic Seal for Tight Fit,,ACLAMINAIRE,,BUILDING_AND_HARDWARE,USED_GOOD,,,1,100.74,Lot: AMZ_3PL_20260409_025 | Pallet: LIQ:3PL:PALLET:LNRM:PAL-69644 | LPN: LPNNA6SVY9DYD,6.25,12.50
395,395,"Emak Black and Gold Pendant Lights Kitchen Island, 8 Inch Pendant Light Fixtures with Clear Glass Shade, Modern Farmhouse Island Lights for Kitchen, Dining Room, Bathroom, PL125-BKBGD-CG",,Emak,,BUILDING_AND_HARDWARE,USED_GOOD,,,1,100.09,Lot: AMZ_3PL_20260409_025 | Pallet: LIQ:3PL:PALLET:LNRM:PAL-69532 | LPN: LPNNA6KHBTVT7,6.21,12.42
396,396,"AIJIASI Bathroom Vanity Light, 4-Light Brushed Nickel Vanity Lights, 30.7 Inch Modern Bathroom Light Fixtures with Milky White Glass Globe Shade, Vanity Lighting Fixtures Over Mirror Wall Sconce",,AIJIASI,,BUILDING_AND_HARDWARE,USED_GOOD,,,1,154.69,Lot: AMZ_3PL_20260409_025 | Pallet: LIQ:3PL:PALLET:LNRM:PAL-68861 | LPN: LPNNA6LFVH15X,9.59,19.18
397,397,"39"" Wooden Linear Pendant Light LED Pendant Lights Dimmable Pool Table Island Lights Modern Linear Chandeliers for Dining Room Kitchen Ceiling Pendant Lamp for Kitchen Island Billiard Room Natural",,QJCMUUYI,,BUILDING_AND_HARDWARE,USED_GOOD,,,1,154.04,Lot: AMZ_3PL_20260409_025 | Pallet: LIQ:3PL:PALLET:LNRM:PAL-69685 | LPN: LPNNA6JDN3FNQ,9.55,19.10
398,398,2pcs Floating Shelf Bracket Heavy Duty Floating Mantel Bracket Black Metal Decorative Floating Shelf Hardware Hidden Shelving Mounting Brackets (43″X6″X1″),,Crafterspirit,,BUILDING_AND_HARDWARE,USED_GOOD,,,1,153.39,Lot: AMZ_3PL_20260409_025 | Pallet: LIQ:3PL:PALLET:LNRM:PAL-69644 | LPN: LPNNA6WNP847T,9.51,19.02
399,399,"Tawson Alice 5-Light Chandelier Pendant Ceiling Light, Integrated Led and Bubble Glass, for Kitchen Island, Hallway, Entryway, Passway, Dining Room, Bedroom, Balcony Living Room",,Tawson,,BUILDING_AND_HARDWARE,USED_GOOD,,,1,149.72,Lot: AMZ_3PL_20260409_025 | Pallet: LIQ:3PL:PALLET:LNRM:PAL-69399 | LPN: LPNNA68FYZRZ3,9.28,18.56
400,400,"MANSNIX Smart Motorized Blinds with Remote, Cordless No-Drill Automatic Roller Shades, Blackout Electric Blind for Windows, Linen Stone, 46 x 72",,MANSNIX,,BUILDING_AND_HARDWARE,USED_GOOD,,,1,149.49,Lot: AMZ_3PL_20260409_025 | Pallet: LIQ:3PL:PALLET:LNRM:PAL-69699 | LPN: LPNNA6QHJJ3CD,9.27,18.54
401,401,"Pair of 2"" Garage Door Torsion Springs Set with Non-Slip Winding Bars&Gloves, High Quality Precision Electrophoresis Oil-Free Black Coated for Replacement, MIN 16,000 Cycles (0.273x2''x36'')",,KaiMinDogz,,BUILDING_AND_HARDWARE,USED_GOOD,,,1,149.16,Lot: AMZ_3PL_20260409_025 | Pallet: LIQ:3PL:PALLET:LNRM:PAL-69131 | LPN: LPNNA6QL998R2,9.25,18.50
402,402,"DIYHD 34"" Concealed Sliding Barn Door Hardware with Soft Close Mechanism,No Floor Track,Fit MIN Openning Width 28""",,DIYHD,,BUILDING_AND_HARDWARE,USED_GOOD,,,1,145.60,Lot: AMZ_3PL_20260409_025 | Pallet: LIQ:3PL:PALLET:LNRM:PAL-69302 | LPN: LPNNA6F3L4SQQ,9.03,18.06
403,403,"Wall Mount Rectangular Vessel Sink with Towel Rack, QISHKA 21.5""x12.5"" Modern Ceramic Bathroom Floating Sink, White Rectangle Vanity Sink with Overflow, Wall Hung Wash Hand Basin",,QISHKA,,BUILDING_AND_HARDWARE,USED_GOOD,,,1,142.99,Lot: AMZ_3PL_20260409_025 | Pallet: LIQ:3PL:PALLET:LNRM:PAL-69302 | LPN: LPNNA6C6V8L6P,8.87,17.74
404,404,"Art3d Premade Bilinear Frame Accent Molding Set, Pre-Cut Decorative Wainscoting Panel for Home Décor, Ready-to-Assemble Glue-On Wall Trim for Living Room Bedroom Corridor, 6 Separate Bilinear Frame",,Art3d,,BUILDING_AND_HARDWARE,USED_GOOD,,,1,142.99,Lot: AMZ_3PL_20260409_025 | Pallet: LIQ:3PL:PALLET:LNRM:PAL-69302 | LPN: LPNNA6V7MYYWC,8.87,17.74
405,405,SZXYKEJI 8 Light Chandelier Pendant Lighting Black with Glass Globes Classic Vintage Sputnik Ceiling Light Fixture for Kitchen Living Room Dining Room Bedroom Farmhouse..,,SZXYKEJI,,BUILDING_AND_HARDWARE,USED_GOOD,,791590173471,1,142.99,Lot: AMZ_3PL_20260409_025 | Pallet: LIQ:3PL:PALLET:LNRM:PAL-69661 | LPN: LPNNA65HJKYGP,8.87,17.74
406,406,"TONYINGO 30 FT Reach Solar Panel Cleaning Brush Kit with 5-24 FT Telescopic Extension Pole, Water Fed Pole with Dual Action Flip-Lock & Screw Fixing Design, Ideal for Snow Removal, Windows, Boats, RVs",,TONYINGO,,MIXED_BUILDING_AND_INDUSTRIAL,USED_GOOD,,750872343025,1,142.99,Lot: AMZ_3PL_20260409_025 | Pallet: LIQ:3PL:PALLET:LNRM:PAL-69638 | LPN: LPNNK5X51R5PG,8.87,17.74
407,407,"dearnow 42"" Ceiling Fans with Lights with Remote Control, Indoor Outdoor Wooden Ceiling Fan with 3 Wooden Blades for Patio, Living Room, Dining Room, Farmhouse and More. (White + Log Color)…",,dearnow,,BUILDING_AND_HARDWARE,USED_GOOD,,,1,141.70,Lot: AMZ_3PL_20260409_025 | Pallet: LIQ:3PL:PALLET:LNRM:PAL-69302 | LPN: LPNNA6JG298KJ,8.79,17.58
408,408,"Gratury Junction Box, IP67 Waterproof Plastic Enclosure for Electrical Project, Hinged Grey Cover, Includes Mounting Plate and Wall Bracket 510×410×200mm (20""×16.1""×7.9"")",,Gratury,,BUILDING_AND_HARDWARE,USED_GOOD,,772467660287,1,141.56,Lot: AMZ_3PL_20260409_025 | Pallet: LIQ:3PL:PALLET:LNRM:PAL-69131 | LPN: LPNNA6WL9RFLH,8.78,17.56
409,409,"Littleglovo 15.7"" Modern Flush Mount LED Chandelier for Dining Room, Dimmable Natural Wood Petal Energy Chandeliers Ceiling Light for Entryway Bedroom Foyer Kitchen Living Room Bathroom",,Littleglovo,,BUILDING_AND_HARDWARE,USED_GOOD,,,1,141.54,Lot: AMZ_3PL_20260409_025 | Pallet: LIQ:3PL:PALLET:LNRM:PAL-68867 | LPN: LPNNA66HGSS5S,8.78,17.56
410,410,"Focolux Farmhouse Bamboo Pendant Light Fixtures, Bird's Nest Shape Rattan Chandelier for Kitchen Island, Adjustable Ceiling Mount Hanging Lamp for Living Room, Dining Room, Bedroom, Entryway Decor",,Focolux,,BUILDING_AND_HARDWARE,USED_GOOD,,762715348562,1,139.09,Lot: AMZ_3PL_20260409_025 | Pallet: LIQ:3PL:PALLET:LNRM:PAL-69699 | LPN: LPNNA65CF4DMW,8.63,17.26
411,411,"QILIPSU Waterproof Junction Box IP67 Outdoor Plastic Electrical Project Enclosure Weatherproof with Mounting Plate, Wall Brackets, Hinged Grey Cover 20""x16.1""x7.9""",,QILIPSU,,BUILDING_AND_HARDWARE,USED_GOOD,,791778467996,1,137.44,Lot: AMZ_3PL_20260409_025 | Pallet: LIQ:3PL:PALLET:LNRM:PAL-69648 | LPN: LPNNA6B14YWCD,8.52,17.04
412,412,"AIJIASI Gold Bathroom Wall Sconces Set of 2: 18 Inch Modern Sconces Wall Lighting 18W LED Dimmable Wall Light with Acrylic Lampshade, Brushed Gold Sconces for Bedroom Living Room Hallway (Hardwired)",,AIJIASI,,BUILDING_AND_HARDWARE,USED_GOOD,,,1,132.56,Lot: AMZ_3PL_20260409_025 | Pallet: LIQ:3PL:PALLET:LNRM:PAL-69739 | LPN: LPNNA623RVSPV,8.22,16.44
413,413,"Breezary 52 inch 5 Blade Ceiling Fans without Light Remote Control, Quiet Reversible DC Motor, 5 Black Blades, 6-Speed, Industrial Ceiling Fan for Home Kitchen (Black)",,Breezary,,BUILDING_AND_HARDWARE,USED_GOOD,,,1,130.65,Lot: AMZ_3PL_20260409_025 | Pallet: LIQ:3PL:PALLET:LNRM:PAL-69399 | LPN: LPNNA6HRDJSQ5,8.10,16.20
414,414,Telescopic Ladder 14.5FT/4.4M Aluminum Collapsible Retractable Portable Extension Ladder for Household or Outdoor Work 330lbs Capacity,,TINVHY,,BUILDING_AND_HARDWARE,USED_GOOD,,,1,130.48,Lot: AMZ_3PL_20260409_025 | Pallet: LIQ:3PL:PALLET:LNRM:PAL-69699 | LPN: LPNNA627R1JPB,8.09,16.18
415,415,"EDISHINE Dimmable Mid Century Modern Floor Lamp with Remote, Tall Arc Standing Lamps with Adjustable Drum Shade, Standing Corner Light for Living Room, Bedroom, Dining Room, Bronze",,EDISHINE,,BUILDING_AND_HARDWARE,USED_GOOD,,,1,129.99,Lot: AMZ_3PL_20260409_025 | Pallet: LIQ:3PL:PALLET:LNRM:PAL-69131 | LPN: LPNNA653TF1GC,8.06,16.12
416,416,"18” Low Profile Boho Nylon Cage Ceiling Fans with Lights and Remote, Black Flush Mount Ceiling Fan, Small Farmhouse Ceiling Fan Lamp Lighting Fixture for Bedroom, Reversible(Bulbs not included)",,SHIHOT,,BUILDING_AND_HARDWARE,USED_GOOD,,,1,129.99,Lot: AMZ_3PL_20260409_025 | Pallet: LIQ:3PL:PALLET:LNRM:PAL-69724 | LPN: LPNNA64Z8W4BL,8.06,16.12
417,417,"zeyu 3-Light 15W LED Vanity Light with Crystal Bubble, 20.5 Inch Bathroom Vanity Light Fixtures with 5 Colors Modes, Oil Rubbed Bronze Finish with Clear Glass, ZSL72B-3W LED ORB-1",,zeyu,,BUILDING_AND_HARDWARE,USED_GOOD,,,1,129.99,Lot: AMZ_3PL_20260409_025 | Pallet: LIQ:3PL:PALLET:LNRM:PAL-68867 | LPN: LPNNA62CG19F9,8.06,16.12
418,418,Sliding Shower Chair with Arms and Back 2,,Lamorland,,BUILDING_AND_HARDWARE,USED_GOOD,,,1,129.99,Lot: AMZ_3PL_20260409_025 | Pallet: LIQ:3PL:PALLET:LNRM:PAL-68861 | LPN: LPNNA6B1558XQ,8.06,16.12
419,419,"XSDeTu Industrial Semi Flush Mount Ceiling Light, 6 Light Modern Metal Close to Ceiling Light Fixture, Farmhouse Light Fixtures Ceiling Mount, Black Chandelier for Kitchen, Dining Room, Hallway",,XSDeTu,,BUILDING_AND_HARDWARE,USED_GOOD,,,1,129.78,Lot: AMZ_3PL_20260409_025 | Pallet: LIQ:3PL:PALLET:LNRM:PAL-69669 | LPN: LPNNA6XXFVJ2H,8.05,16.10
420,420,Zobawlks Pendant Lights Kitchen Island: Mid-Century Modern Hanging Light Fixture Entryway - Glass Pendant Lamp Dining Room (Golden Rod),,Zobawlks,,BUILDING_AND_HARDWARE,USED_GOOD,,,1,128.69,Lot: AMZ_3PL_20260409_025 | Pallet: LIQ:3PL:PALLET:LNRM:PAL-69648 | LPN: LPNNA6SRCG64C,7.98,15.96
421,421,"welnek 1800W Bathroom Exhaust Fan with Light and Heater, 110 CFM 4-in-1 Ceiling Vent Fan, 1.0 Sone Quiet Operation, 11.2” x 11.2” Ceiling Cutout, 13.8” Grille, 6500K LED Light, Metal Housing",,welnek,,MIXED_BUILDING_AND_INDUSTRIAL,USED_GOOD,,,1,126.71,Lot: AMZ_3PL_20260409_025 | Pallet: LIQ:3PL:PALLET:LNRM:PAL-68867 | LPN: LPNNA6W2WP6HC,7.86,15.72
422,422,"KASZOO 24 Pack 20""x20"" Grass Wall Panels - Artificial Boxwood Panels for Greenery Wall Backdrop, Faux Greenery for Indoor Outdoor Decor, Garden Fence, Wedding, Privacy Screen, 66 Sq. Ft. Coverage",,KASZOO,,BUILDING_AND_HARDWARE,USED_GOOD,,,1,126.70,Lot: AMZ_3PL_20260409_025 | Pallet: LIQ:3PL:PALLET:LNRM:PAL-68861 | LPN: LPNNA6BZW2N78,7.86,15.72
423,423,6 Pair of 18 Inch Undermount Soft Close Drawer Slides 100LB Load Capacity Full Extension Concealed Drawer Rails with 3D Locking Device,,Betesy Hardware,,BUILDING_AND_HARDWARE,USED_GOOD,,,1,124.79,Lot: AMZ_3PL_20260409_025 | Pallet: LIQ:3PL:PALLET:LNRM:PAL-69302 | LPN: LPNNA6YNLJ76J,7.74,15.48
424,424,"Nuvium Threshold Ramp for Doorways, Adjustable Height 2.6""-6"" Aluminum Wheelchair Ramp with Heightening Screws and Swivel Angle Leg, 1100lbs Load Capacity, 22”x36 Curb Ramp for Trolley,Power Chairs",,Nuvium,,MIXED_BUILDING_AND_INDUSTRIAL,USED_GOOD,,,1,124.79,Lot: AMZ_3PL_20260409_025 | Pallet: LIQ:3PL:PALLET:LNRM:PAL-69729 | LPN: LPNNA6WH1JQQW,7.74,15.48
425,425,"tewei 23.6'' Dusk to Dawn Outdoor Wall Lights, Modern Black LED Outdoor Wall Sconce, Large Long Exterior Lighting Fixtures Outside Porch Lights for House, Garage, Warm White 3000K, 2 Pack",,tewei,,BUILDING_AND_HARDWARE,USED_GOOD,,,1,123.75,Lot: AMZ_3PL_20260409_025 | Pallet: LIQ:3PL:PALLET:LNRM:PAL-69685 | LPN: LPNNA63DQVDR3,7.67,15.34
426,426,"MASSLUNT Galvanized Steel Drain Grate 40x12 in, B-Class 28100 lbs Heavy-Duty Driveway Channel Cover, Outdoor Trench Drainage Grate, Silver Rectangular Metal Sewer Cover for Garage (39.4x11.8)",,masslunt,,BUILDING_AND_HARDWARE,USED_GOOD,,,1,123.49,Lot: AMZ_3PL_20260409_025 | Pallet: LIQ:3PL:PALLET:LNRM:PAL-69644 | LPN: LPNNA6ZNMDW9N,7.66,15.32
427,427,"Tonature No Drill Cellular Shades for Indoor Windows, Thermal Insulating & Noise Reducing Honeycomb Blinds, Free Stop Cordless Blackout Shades, Grey,49 1/2"" W x 64"" H",,Tonature,,BUILDING_AND_HARDWARE,USED_GOOD,,,1,120.89,Lot: AMZ_3PL_20260409_025 | Pallet: LIQ:3PL:PALLET:LNRM:PAL-69302 | LPN: LPNNA6BXHWD4M,7.50,15.00
428,428,"3.3 Cuft Large Fireproof Safe for Home, Home Safety Box Fireproof Waterproof with Electronic Keypad and Spare Keys, Anti-theft Digital Security Safe for Money Firearm Medicine Valuables",,VIDXCVIT,,BUILDING_AND_HARDWARE,USED_GOOD,,,1,120.89,Lot: AMZ_3PL_20260409_025 | Pallet: LIQ:3PL:PALLET:LNRM:PAL-69399 | LPN: LPNNA6Y56QSKT,7.50,15.00
429,429,Geekpure 20 Inch Carbon Block Water Filter Reduce Chlorine Taste Odors for Whole House Filtration- 4.5 Inch x 20 Inch -5 Micron-Pack of 4,,Geekpure,,BUILDING_AND_HARDWARE,USED_GOOD,,610895384811,1,118.53,Lot: AMZ_3PL_20260409_025 | Pallet: LIQ:3PL:PALLET:LNRM:PAL-68867 | LPN: LPNNA63YQBTZP,7.35,14.70
430,430,"ACNKTZ 12.6'' Brushed Nickel Drum Chandelier, 3-Lights Hanging Dining Room Light Fixtures Over Table, Simple Round Pendant Lighting for Kitchen Island Hallway Bedroom Foyer Bathroom Office",,ACNKTZ,,BUILDING_AND_HARDWARE,USED_GOOD,,,1,116.99,Lot: AMZ_3PL_20260409_025 | Pallet: LIQ:3PL:PALLET:LNRM:PAL-69172 | LPN: LPNNA6LDN1LJQ,7.25,14.50
431,431,"HLBLFY 20 Inch Matte Black Vessel Sink Rectangular, 20x14 Inch Bathroom Sink Above Counter Porcelain Ceramic Countertop Hand Wash Vessel Vanity Sink Art Basin",,HLBLFY,,BUILDING_AND_HARDWARE,USED_GOOD,,,1,116.99,Lot: AMZ_3PL_20260409_025 | Pallet: LIQ:3PL:PALLET:LNRM:PAL-69399 | LPN: LPNNA6F9C9ZFC,7.25,14.50
432,432,"Art3d Wainscoting Wall Panel Kit, 37.8"" Tall Beadboard Panels for Walls, Polystyrene Board and Batten Wall Panel Kit, Easy DIY Decorative Trim for Living Room, Kitchen, Bedroom – Covers 31 Sq.Ft",,Art3d,,MIXED_BUILDING_AND_INDUSTRIAL,USED_GOOD,,,1,116.99,Lot: AMZ_3PL_20260409_025 | Pallet: LIQ:3PL:PALLET:LNRM:PAL-69372 | LPN: LPNNA6VXGBZMV,7.25,14.50
433,433,BvenuBigLite Outdoor Ceiling Fan with Light: 52 Inch 3 Blade Outdoor Fans for Patios - Modern Walnut Ceiling Fan with Dimmable Light Remote Control Ultra Quiet Reversible DC Motor Timer,,BvenuBigLite,,BUILDING_AND_HARDWARE,USED_GOOD,,,1,116.99,Lot: AMZ_3PL_20260409_025 | Pallet: LIQ:3PL:PALLET:LNRM:PAL-69739 | LPN: LPNNA626ZK1FC,7.25,14.50
434,434,"1Pack Decorative Lantern 24.80"" H with Dancing Flame LED Timer Candle,ON/Off/Timer LED Candle with 6hours,Hanging Lantern for Outdoor Garden/Indoor Use.",,Kytystenes,,BUILDING_AND_HARDWARE,USED_GOOD,,,1,116.99,Lot: AMZ_3PL_20260409_025 | Pallet: LIQ:3PL:PALLET:LNRM:PAL-69661 | LPN: LPNNA6HCFYTM5,7.25,14.50
435,435,"LANMEL 52'' Ceiling Fan with Lights and Remote, Low Profile Modern Ceiling Fan Gold, 6 Speed, Reversible, 3000k-6000k LED, Quiet DC Motor Ceiling Fans for Indoor Outdoor Bedroom Living Room",,LANMEL,,BUILDING_AND_HARDWARE,USED_GOOD,,,1,116.99,Lot: AMZ_3PL_20260409_025 | Pallet: LIQ:3PL:PALLET:LNRM:PAL-69638 | LPN: LPNNA6DMF3413,7.25,14.50
436,436,"Aityvert Solar Lights, 43"" Flickering Flames Torch Lights Outdoor Waterproof Landscape Decoration Lighting Dusk to Dawn Auto On/Off Security Flame Lights for Yard Garden Pathway Driveway (8 Pack)",,Aityvert,,BUILDING_AND_HARDWARE,USED_GOOD,,,1,116.99,Lot: AMZ_3PL_20260409_025 | Pallet: LIQ:3PL:PALLET:LNRM:PAL-69724 | LPN: LPNNA6HDR62JR,7.25,14.50
437,437,"Foldable Heavy Duty Push cart, 660 lbs Dolly with Swivel Wheels for Home、Warehouse or Garage - Black",,LFGUD,,BUILDING_AND_HARDWARE,USED_GOOD,,,1,115.56,Lot: AMZ_3PL_20260409_025 | Pallet: LIQ:3PL:PALLET:LNRM:PAL-69849 | LPN: LPNNA6ZPSTW7S,7.17,14.34
438,438,"Sidasu 10-Pack Iron Balusters – 1/2"" Square Metal Stair Spindles, Hollow Double & Single Knuckle Design with 20 Swivel Shoes, Wrought Iron Staircase Balusters for Indoor & Outdoor Railing",,Sidasu,,BUILDING_AND_HARDWARE,USED_GOOD,,,1,110.49,Lot: AMZ_3PL_20260409_025 | Pallet: LIQ:3PL:PALLET:LNRM:PAL-69724 | LPN: LPNNA6SSJFDXP,6.85,13.70
439,439,Drydiet 54 Sqft Uncoupling Membrane for Tile 1/8''(3mm) Thick Waterproofing Membrane Crack Prevention Anti Fracture Flooring Underlayment for Bathroom Shower Kitchen Basement (Orange),,Drydiet,,BUILDING_AND_HARDWARE,USED_GOOD,,,1,107.89,Lot: AMZ_3PL_20260409_025 | Pallet: LIQ:3PL:PALLET:LNRM:PAL-68867 | LPN: LPNNA6N12V9B5,6.69,13.38
440,440,Zolpoyia 3 in 1 Folding Hand Truck Dolly Cart with Wheels Foldable Utility Cart Aluminum Trolley Cart 600lbs Capacity Convertible Dolly for Moving Furniture Shopping for Garden Home Office Warehouse,,Zolpoyia,,MIXED_BUILDING_AND_INDUSTRIAL,USED_GOOD,,762849740775,1,103.99,Lot: AMZ_3PL_20260409_025 | Pallet: LIQ:3PL:PALLET:LNRM:PAL-69729 | LPN: LPNNK5H9BJ473,6.45,12.90
441,441,"FVZZIN Walkers for Seniors, Foldable Rollator Walker with Seat, 8"" Big Wheels, Lightweight Rollator Walker with Ergonomic Backrest, Adjustable Handles and Seat Height, 310 Lbs Weight Capacity, Red",,FVZZIN,,MIXED_BUILDING_AND_INDUSTRIAL,USED_GOOD,,,1,103.99,Lot: AMZ_3PL_20260409_025 | Pallet: LIQ:3PL:PALLET:LNRM:PAL-69669 | LPN: LPNNA6K53FR87,6.45,12.90
442,442,"Flashine Ceramic Table lamp Set of 2, Modern Bedside Lamps Green Mid Century Vintage Desk Lamp Retro Glass Mushroom Traditional Lamp for Nightstand Living Room Bedroom Home Decor (S03GN-2PACK)",,Flashine,,BUILDING_AND_HARDWARE,USED_GOOD,,,1,103.99,Lot: AMZ_3PL_20260409_025 | Pallet: LIQ:3PL:PALLET:LNRM:PAL-69644 | LPN: LPNNA6JL3LSQ7,6.45,12.90
443,443,"BvenuBigLite Outdoor Ceiling Fan with Light: 52"" Black Hanging Fan for Gazebo Waterproof - Plug In Outdoor Fans for Patio Porch Pergola with APP Remote Control Reversible DC Motor",,BvenuBigLite,,BUILDING_AND_HARDWARE,USED_GOOD,,,1,103.99,Lot: AMZ_3PL_20260409_025 | Pallet: LIQ:3PL:PALLET:LNRM:PAL-68868 | LPN: LPNNA6R1864FG,6.45,12.90
444,444,"Kviflon Tropical Ceiling Fans with Lights and Remote/APP Control, 45 Inch Low Profile Flush Mount Ceiling Fans, Palm Leaf Ceiling Fan with Light for Bedroom Patios Porch Outdoor, Wood Grain",,Kviflon,,BUILDING_AND_HARDWARE,USED_GOOD,,,1,103.99,Lot: AMZ_3PL_20260409_025 | Pallet: LIQ:3PL:PALLET:LNRM:PAL-69745 | LPN: LPNNA667VT77B,6.45,12.90
445,445,Bagood 10 Inch Globe Pendant Light Contemporary Globe Pendant Lights Black Mid Century Pendant Light Adjustable Hanging Light Fixture Matte Black Finished with Milk Glass Lampshade for Kitchen Island,,Bagood,,BUILDING_AND_HARDWARE,USED_GOOD,,,1,103.99,Lot: AMZ_3PL_20260409_025 | Pallet: LIQ:3PL:PALLET:LNRM:PAL-69745 | LPN: LPNNK5QQZ6NGF,6.45,12.90
446,446,6699 Tankless Water Heater Flushing Kit Includes 1/6HP Submersible Sump Pump with Two Adapters & 3 Gallons Pail with Bucket Lid Opener & Two 1/2” Dia X 6’ PVC Hoses with Washers,,6699,,BUILDING_AND_HARDWARE,USED_GOOD,,,1,103.99,Lot: AMZ_3PL_20260409_025 | Pallet: LIQ:3PL:PALLET:LNRM:PAL-68861 | LPN: LPNNA6BTR3TF2,6.45,12.90
447,447,"HEONITURE 16 Inch Metal Bench Legs,Backrest Bracket Set of 2,Ideal for DIY Projects with Butcher Block Countertops and Wood Slab Benches Indoor/Outdoor (Black, 16"" x 17.7"")",,HEONITURE,,BUILDING_AND_HARDWARE,USED_GOOD,,,1,103.60,Lot: AMZ_3PL_20260409_025 | Pallet: LIQ:3PL:PALLET:LNRM:PAL-69729 | LPN: LPNNA6NPX5ZVY,6.42,12.84
448,448,"Official Creality Space Pi Filament Dryer Plus, 2 Spool 3D Printer Filament Storage Box, 360° Fast Heating Dry Box with LCD Screen, One-Key Drying for PLA PETG ABS TPU PC PP ASA PET PETG-CF",,Creality,,MIXED_BUILDING_AND_INDUSTRIAL,USED_GOOD,,,1,102.70,Lot: AMZ_3PL_20260409_025 | Pallet: LIQ:3PL:PALLET:LNRM:PAL-68861 | LPN: LPNNA6B92M91N,6.37,12.74
449,449,"BATHFINESSE Shower Niche 24 x 12, Matte Black Stainless Steel Shower Niche Shelf Recessed for Bathroom Storage No Tile Needed Over Mount Installation",,BATHFINESSE,,BUILDING_AND_HARDWARE,USED_GOOD,,735749437243,1,102.69,Lot: AMZ_3PL_20260409_025 | Pallet: LIQ:3PL:PALLET:LNRM:PAL-69856 | LPN: LPNNA6TVX2ZLM,6.37,12.74
450,450,"VIVOSUN Outdoor Handrail, 3 Step Stair Handrail, 40"" x 36"" Fits 1 to 3 Steps, Wrought Mattle Iron Stair Railing with Curved Ends and Balusters for Concrete Steps, Porch Steps, One-Step Assembly, Black",,VIVOSUN,,BUILDING_AND_HARDWARE,USED_GOOD,,,1,100.09,Lot: AMZ_3PL_20260409_025 | Pallet: LIQ:3PL:PALLET:LNRM:PAL-69644 | LPN: LPNNK5356JGCB,6.21,12.42
451,451,"LVYUAN 5000W Voltage Transformer Power Converter Step Up 110V to 220V, Step Down 220V to 110V, 110/120 Volt - 220/240 Volt",,LVYUAN,,MIXED_BUILDING_AND_INDUSTRIAL,USED_GOOD,,,1,155.99,Lot: AMZ_3PL_20260409_025 | Pallet: LIQ:3PL:PALLET:LNRM:PAL-68868 | LPN: LPNNA652YTCMJ,9.67,19.34
452,452,J-FAMILY 18.3'' x 13'' Bathroom Vessel Sink Leopard Texture Silver Ceramic Sink Bowl Above Counter Vanity Sink Bathroom Artistic Wash Basin,,J-FAMILY,,BUILDING_AND_HARDWARE,USED_GOOD,,,1,155.99,Lot: AMZ_3PL_20260409_025 | Pallet: LIQ:3PL:PALLET:LNRM:PAL-68861 | LPN: LPNNA6STQFGY6,9.67,19.34
453,453,"Gutenliter 20"" Woven Caged Low Profile Bladeless Ceiling Fan with Light and Remote, Farmhouse Flush Mount Boho Ceiling Fans Light, Enclosed Industrial Ceiling Fan 6 Speed Reversible w/ 4 E26 Bulb Base",,Gutenliter,,BUILDING_AND_HARDWARE,USED_GOOD,,739713719144,1,155.60,Lot: AMZ_3PL_20260409_025 | Pallet: LIQ:3PL:PALLET:LNRM:PAL-69661 | LPN: LPNNA6G12JVNZ,9.65,19.30
454,454,"SUCICNISD 2 Pack 23.6In Outdoor Wall Sconces Black Modern Exterior Wall Light Fixtures for House 3CCT Dimmable IP65 Waterproof Long Outside Wall Light for Garage, Doorway, Patio, Stairway",,SUCICNISD,,BUILDING_AND_HARDWARE,USED_GOOD,,,1,153.13,Lot: AMZ_3PL_20260409_025 | Pallet: LIQ:3PL:PALLET:LNRM:PAL-69745 | LPN: LPNNA626Z4DHT,9.50,19.00
455,455,Fiberglass Supply Depot 8 lb Expanding Polyurethane Pour Foam: 2 Gallon Kit (Part A and Part B),,Fiberglass Supply Depot,,MIXED_BUILDING_AND_INDUSTRIAL,USED_GOOD,,,1,149.49,Lot: AMZ_3PL_20260409_025 | Pallet: LIQ:3PL:PALLET:LNRM:PAL-69648 | LPN: LPNNA6CCFB2Q2,9.27,18.54
456,456,"MANSNIX Smart Motorized Blinds with Remote, Cordless No-Drill Automatic Roller Shades, Blackout Electric Blind for Windows, Linen Stone, 46 x 72",,MANSNIX,,BUILDING_AND_HARDWARE,USED_GOOD,,,1,149.49,Lot: AMZ_3PL_20260409_025 | Pallet: LIQ:3PL:PALLET:LNRM:PAL-69699 | LPN: LPNNA6RG7HHR9,9.27,18.54
457,457,"BEAMNOVA 16.5FT Garage Door Bottom Seal, Upgraded Multi-Layer Rubber Weather Stripping Door Seals with Brush, Wind & Water Block for Home Garage, Warehouse, DIY Homeowners",,BEAMNOVA,,BUILDING_AND_HARDWARE,USED_GOOD,,,1,148.58,Lot: AMZ_3PL_20260409_025 | Pallet: LIQ:3PL:PALLET:LNRM:PAL-69131 | LPN: LPNNA64RB12K1,9.21,18.42
458,458,"FACHNUO 3 Feet Portable Wheelchair Ramp, Non-Skid Aluminum Handicap Ramps with Handle, Folding Threshold Wheel Chair Ramp for Home Steps, Stairs, Entry, Threshold, Curbs, Stairs, 800LBS Capacity",,FACHNUO TOOL,,BUILDING_AND_HARDWARE,USED_GOOD,,,1,148.24,Lot: AMZ_3PL_20260409_025 | Pallet: LIQ:3PL:PALLET:LNRM:PAL-69519 | LPN: LPNNA6QSG6FBH,9.19,18.38
459,459,"FookChak Black Dining Room Light Fixture, 6-Light Farmhouse Black Chandelier for Bedroom Metal Candle Chandeliers Hanging Lighting for Kitchen Living Room Entryway Foyer, 28.54in",,FookChak,,BUILDING_AND_HARDWARE,USED_GOOD,,792671281696,1,148.20,Lot: AMZ_3PL_20260409_025 | Pallet: LIQ:3PL:PALLET:LNRM:PAL-69399 | LPN: LPNNA69L35CXT,9.19,18.38
460,460,"Vintage Blue Table Lamp, Victorian Fabric Shade with Beaded Fringe, 13” × 21.7”, E26 LED Bedside/Desk Lamp for Bedroom or Living Room",,LOVAPO,,BUILDING_AND_HARDWARE,USED_GOOD,,,1,145.60,Lot: AMZ_3PL_20260409_025 | Pallet: LIQ:3PL:PALLET:LNRM:PAL-68867 | LPN: LPNNA6J4JZFZZ,9.03,18.06
461,461,"OMYU Black Ceiling Fans with Lights Flush Mount,52 inch Solid Wood,Remote Control,Wall Switch,Dimmable,Reversible,Noiseless,Power Off Memory Modern Ceiling Fan Low Profile for Bedroom Indoor/Outdoor",,OMYU,,BUILDING_AND_HARDWARE,USED_GOOD,,,1,144.56,Lot: AMZ_3PL_20260409_025 | Pallet: LIQ:3PL:PALLET:LNRM:PAL-69849 | LPN: LPNNA6NR2PZFG,8.96,17.92
462,462,"Davivy 23.2''X14.2'' Large Oval Vessel Sink with Pop Up Drain,Boat Shape Vessel Sink with Gold Trim,Bathroom Sinks Above Counter,Ceramic Vessel Sinks,Oval Sink Bowls for Bathroom (Large)",,Davivy,,BUILDING_AND_HARDWARE,USED_GOOD,,617256329368,1,142.99,Lot: AMZ_3PL_20260409_025 | Pallet: LIQ:3PL:PALLET:LNRM:PAL-69739 | LPN: LPNNA6JJLB6MW,8.87,17.74
463,463,"JWPEHOE Height Adjustable Bed Rail for Toddlers, Kids Safety Baby Bed Rail for Twin/Full/King/Queen Size Bed (3 Sides, 74 * 74 * 54 Inch)",,JWPEHOE,,MIXED_BUILDING_AND_INDUSTRIAL,USED_GOOD,,094759720678,1,142.99,Lot: AMZ_3PL_20260409_025 | Pallet: LIQ:3PL:PALLET:LNRM:PAL-69739 | LPN: LPNNA62SM26TT,8.87,17.74
464,464,"Cold Therapy Machine with Programmable Timer, Ice-Machine-for-Knee-After-Surgery, Knee Replacement Recovery Equipment, Cryotherapy Pain Relief w/Compression Pad for Shoulder, Ankle (Dark Grey)",,ICYTHRP,,MIXED_BUILDING_AND_INDUSTRIAL,USED_GOOD,,,1,140.65,Lot: AMZ_3PL_20260409_025 | Pallet: LIQ:3PL:PALLET:LNRM:PAL-69172 | LPN: LPNNA6K3R38CZ,8.72,17.44
465,465,6 Pair of 24 Inch Undermount Soft Close Drawer Slides 100LB Load Capacity Full Extension Concealed Drawer Rails with 3D Locking Device,,Betesy Hardware,,BUILDING_AND_HARDWARE,USED_GOOD,,,1,137.79,Lot: AMZ_3PL_20260409_025 | Pallet: LIQ:3PL:PALLET:LNRM:PAL-69372 | LPN: LPNNA6PHDJ6PF,8.54,17.08
466,466,"VallisCo Bathroom Fan with Light and Heater, 1700W,140 CFM Ventilation, Remote Control,Quiet Exhaust, 4-in-1 Design for Heating, Lighting, Ventilation & Air Circulation for Comfort in Any Season",,VallisCo,,BUILDING_AND_HARDWARE,USED_GOOD,,,1,132.59,Lot: AMZ_3PL_20260409_025 | Pallet: LIQ:3PL:PALLET:LNRM:PAL-69856 | LPN: LPNNA6B4HJKFS,8.22,16.44
467,467,"10FT Dust Barrier Poles 4 Pack withCarry Bag, Stainless Steel Retractable Zipper Wall Poles Kit for Renovation, Remodeling and Isolation Work",,Teodute,,BUILDING_AND_HARDWARE,USED_GOOD,,,1,129.99,Lot: AMZ_3PL_20260409_025 | Pallet: LIQ:3PL:PALLET:LNRM:PAL-69685 | LPN: LPNNA64TP2FBM,8.06,16.12
468,468,"3FT Portable Wheelchair Ramp, Non-Slip Aluminum Folding Handicap Ramp, 800 LBS Capacity Door Threshold Ramps for Home Steps, Scooter Ramp for Car, Doorways, Curbs, Stairs, Cart, Wheel Chair Steps",,THDUGG,,MIXED_BUILDING_AND_INDUSTRIAL,USED_GOOD,,,1,129.99,Lot: AMZ_3PL_20260409_025 | Pallet: LIQ:3PL:PALLET:LNRM:PAL-69685 | LPN: LPNNA62V97XY5,8.06,16.12
469,469,"HolyHeal Toilet Safety Rails for Seniors, Height Adjustable Toilet Safety Frame Grab Bars, 500lb Toilet Support Rails Easy Installation & No Wobble, Toilet Assistance Handles for Elderly and Disabled",,HOLYHEAL,,MIXED_BUILDING_AND_INDUSTRIAL,USED_GOOD,,199284214569,1,129.66,Lot: AMZ_3PL_20260409_025 | Pallet: LIQ:3PL:PALLET:LNRM:PAL-69699 | LPN: LPNNA6TFTHVKM,8.04,16.08
470,470,"HVAC Premium 32 x 16 Duct Opening Steel Return Air Filter Grille, for 1-inch Filter, Removable Door, Flat Stamped HVAC Vent Cover Grille, Outer Dimensions 34.5 x 18.5",,HVAC Premium,,BUILDING_AND_HARDWARE,USED_GOOD,,810116313686,1,127.43,Lot: AMZ_3PL_20260409_025 | Pallet: LIQ:3PL:PALLET:LNRM:PAL-69644 | LPN: LPNNA6Q15NLFW,7.90,15.80
471,471,"2026 Upgrade Stained Glass Grinder Kit 4200r/min with 2-Level Grinding Table & 5-Piece Diamond Bits Set (5/8""+1""+3 Sizes), 65W 110V Portable DIY Tool for Glass/Ceramics/Crafts (Red",,Zlshmoee,,MIXED_BUILDING_AND_INDUSTRIAL,USED_GOOD,,794300085767,1,124.79,Lot: AMZ_3PL_20260409_025 | Pallet: LIQ:3PL:PALLET:LNRM:PAL-69739 | LPN: LPNNA6GTV1CF6,7.74,15.48
472,472,"Nuvium Threshold Ramp for Doorways, Adjustable Height 2.6""-6"" Aluminum Wheelchair Ramp with Heightening Screws and Swivel Angle Leg, 1100lbs Load Capacity, 22”x36 Curb Ramp for Trolley,Power Chairs",,Nuvium,,MIXED_BUILDING_AND_INDUSTRIAL,USED_GOOD,,,1,124.79,Lot: AMZ_3PL_20260409_025 | Pallet: LIQ:3PL:PALLET:LNRM:PAL-69849 | LPN: LPNNK5JPQ9X36,7.74,15.48
473,473,"tewei 22'' Large Outdoor Wall Light, Porch Light Outdoor Wall Sconce Lantern, 2-Light Black Exterior Lighting Fixture Wall Mount, Outside Light for House Garage, 1-Pack",,tewei,,BUILDING_AND_HARDWARE,USED_GOOD,,,1,124.36,Lot: AMZ_3PL_20260409_025 | Pallet: LIQ:3PL:PALLET:LNRM:PAL-69399 | LPN: LPNNA6XCKMTJ8,7.71,15.42
474,474,"3D Textured Black and White Abstract Wall Art Decor with Vase, Modern Paintings Artwork for Walls-Minimalist Wall Decor for Living Room Hallway Dining Room Bedroom Office Decoration Aesthetic 24x24 In",,Cuspin,,MIXED_BUILDING_AND_INDUSTRIAL,USED_GOOD,,,1,123.49,Lot: AMZ_3PL_20260409_025 | Pallet: LIQ:3PL:PALLET:LNRM:PAL-69131 | LPN: LPNNA6M17PCXG,7.66,15.32
475,475,"3.3 Cubic Feet Home Safe Fireproof Waterproof, Digital Home Security Safe Box with Programmable Keypad and Spare Keys, Document Safe for Money Firearms Medicine Valuables",,VIDXCVIT,,BUILDING_AND_HARDWARE,USED_GOOD,,735530947784,1,122.19,Lot: AMZ_3PL_20260409_025 | Pallet: LIQ:3PL:PALLET:LNRM:PAL-69648 | LPN: LPNNA62WCT612,7.58,15.16
476,476,"HVAC Premium 20"" x 20"" Cube Core Eggcrate Return Air Filter Grille for 1"" Filter - Aluminum - White [Outer Dimensions: 21.75 X 21.75]",,HVAC Premium,,BUILDING_AND_HARDWARE,USED_GOOD,,810116318377,1,121.13,Lot: AMZ_3PL_20260409_025 | Pallet: LIQ:3PL:PALLET:LNRM:PAL-69372 | LPN: LPNNA62DRB4PC,7.51,15.02
477,477,KAISITE Modern Bathroom Light - 39 Inch Dimmable 5CCT LED Vanity Light Bar for Restroom,,KAISITE,,BUILDING_AND_HARDWARE,USED_GOOD,,,1,120.50,Lot: AMZ_3PL_20260409_025 | Pallet: LIQ:3PL:PALLET:LNRM:PAL-69724 | LPN: LPNNA6KPTL22L,7.47,14.94
478,478,"FA-STAR Clean Modern AC Vent Cover 30 x 6 (Duct Opening Cutout) - Decorative White Air Vent - Standard Linear Slot Diffuser - Register Grille for Ceiling, Walls & Floors - All Aluminium",,FA-STAR,,BUILDING_AND_HARDWARE,USED_GOOD,,,1,116.99,Lot: AMZ_3PL_20260409_025 | Pallet: LIQ:3PL:PALLET:LNRM:PAL-69302 | LPN: LPNNA63HDL4FC,7.25,14.50
479,479,"Incubators for Hatching Eggs, 56 Eggs Incubator with Egg Candler, Auto Egg Turner, Temp & Humidity Control, Hatch Day, 360° Viewing for Chicken, Duck, Quail Eggs, Ideal for Farm, School and Lab",,innhom,,MIXED_BUILDING_AND_INDUSTRIAL,USED_GOOD,,,1,116.99,Lot: AMZ_3PL_20260409_025 | Pallet: LIQ:3PL:PALLET:LNRM:PAL-69399 | LPN: LPNNA6GL37H3S,7.25,14.50
480,480,Depuley Ceiling Fan with Light and Remote: 52 Inch White 3 Blade Outdoor Fans for Patios - Dimmable Indoor Fan with Remote Control Fandelier Ceiling FansUltra Quiet DC Motor Reversible 6 Speed Timer,,Depuley,,BUILDING_AND_HARDWARE,USED_GOOD,,,1,116.99,Lot: AMZ_3PL_20260409_025 | Pallet: LIQ:3PL:PALLET:LNRM:PAL-69739 | LPN: LPNNA66Q5SDW5,7.25,14.50
481,481,"ABS Plastic Sheet 1/8"" x 36"" x 24"", Black Rigid Thermoplastic Board, Dual-Surface (Textured & Smooth) for Signs, Crafts, DIY Projects, 4-Pack",,CREGEAR,,MIXED_BUILDING_AND_INDUSTRIAL,USED_GOOD,,,1,116.99,Lot: AMZ_3PL_20260409_025 | Pallet: LIQ:3PL:PALLET:LNRM:PAL-69729 | LPN: LPNNA6WDNNKS1,7.25,14.50
482,482,"Front Right Steering Knuckle & Wheel Bearing Hub Assembly for Volkswagen Beetle 1998-2010, for Golf 1999-2006 2010, for Jetta 1999-2005, Replace for 698374 LK008, with 280mm Rotor, Passenger Side",,SEHNSUCHT,,MIXED_BUILDING_AND_INDUSTRIAL,USED_GOOD,,,1,116.99,Lot: AMZ_3PL_20260409_025 | Pallet: LIQ:3PL:PALLET:LNRM:PAL-68868 | LPN: LPNNA6TL8B8RX,7.25,14.50
483,483,HAHZT Brushed Nickel Bathroom Vanity Light 3 Lights Bathroom Light Fixtures Over Mirror with Clear Glass Shade 22.4 inch Wall Sconces Lighting Bath(Exclude E26 Bulb),,HAHZT,,BUILDING_AND_HARDWARE,USED_GOOD,,,1,116.99,Lot: AMZ_3PL_20260409_025 | Pallet: LIQ:3PL:PALLET:LNRM:PAL-69742 | LPN: LPNNA6Z6XL85V,7.25,14.50
484,484,"ocioc 52 inch Ceiling Fans with Lights and Remote, Dimmable Ceiling Fans with Reversible Quiet DC Motor, Flush Mount, 3CCT, White Ceiling Fan for Bedroom Living Room Indoor/Outdoor",,ocioc,,BUILDING_AND_HARDWARE,USED_GOOD,,,1,116.99,Lot: AMZ_3PL_20260409_025 | Pallet: LIQ:3PL:PALLET:LNRM:PAL-69856 | LPN: LPNNA6XMDJCYD,7.25,14.50
485,485,"Ahaloye Modern Bamboo Woven Pendant Light, 2 Pack 7.8"" Dome Coastal Bamboo Wicker Dome Pendant Lighting Fixture for Kitchen Dining Room Living Room Foyer",,Ahaloye,,BUILDING_AND_HARDWARE,USED_GOOD,,,1,116.83,Lot: AMZ_3PL_20260409_025 | Pallet: LIQ:3PL:PALLET:LNRM:PAL-69131 | LPN: LPNNA6FMBJ1HX,7.24,14.48
486,486,"CRE8TIVE Large Size 36""x354"" Beige Gold Marble Contact Paper Peel and Stick Liquid Marble Wallpaper for Bathroom Living Room Cabinet Vinyl Wrap Waterproof Countertop Contact Paper for Walls Furniture",,CRE8TIVE,,BUILDING_AND_HARDWARE,USED_GOOD,,,1,116.58,Lot: AMZ_3PL_20260409_025 | Pallet: LIQ:3PL:PALLET:LNRM:PAL-69849 | LPN: LPNNA6K6Y3PN4,7.23,14.46
487,487,"CHDITB Forest Wildlife Animals Kids Room Wallpaper (161”x109”, No Peel&Stick), Squirrel Fox Bear Deer Rabbit Wall Mural Decor, Cute Woodland Nature Safari Wall Decal Art for Boys Room Playroom",,CHDITB,,BUILDING_AND_HARDWARE,USED_GOOD,,,1,116.47,Lot: AMZ_3PL_20260409_025 | Pallet: LIQ:3PL:PALLET:LNRM:PAL-69849 | LPN: LPNNA6MH149P6,7.22,14.44
488,488,"Convex Traffic Mirror - 32"" Outdoor Driveway & Security Parabolic Safety Mirror, Acrylic Blind Spot Miror for Garage Retail Stores, Warehouses and High-Traffic Areas, Red",,Vathery,,MIXED_BUILDING_AND_INDUSTRIAL,USED_GOOD,,,1,115.74,Lot: AMZ_3PL_20260409_025 | Pallet: LIQ:3PL:PALLET:LNRM:PAL-69729 | LPN: LPNNK5TR3XTRR,7.18,14.36
489,489,"3.0 Cubic Feet Fireproof Safe Box with Key Lock, Hidden Steel Security Box with Removable Shelf for Cash, Documents and Passports, Personal Safes for Home/Office, 12.2""D x 13.78""W x 19.68""H",,Psisuvry,,BUILDING_AND_HARDWARE,USED_GOOD,,,1,114.84,Lot: AMZ_3PL_20260409_025 | Pallet: LIQ:3PL:PALLET:LNRM:PAL-69172 | LPN: LPNNA6YTT65HQ,7.12,14.24
490,490,"ocioc Ceiling Fans with Lights, 52 inch White Ceiling Fan with Light and Remote Control, 3CCT, Quiet DC Motor, 5 Blades Modern Ceiling Fan for Living Room Indoor/Covered Outdoor",,ocioc,,BUILDING_AND_HARDWARE,USED_GOOD,,,1,111.12,Lot: AMZ_3PL_20260409_025 | Pallet: LIQ:3PL:PALLET:LNRM:PAL-69669 | LPN: LPNNA66G58KM2,6.89,13.78
491,491,Finktonglan Modern Crystal Chandeliers 19.6 inch Round Ceiling Light Fixtures Stainless Steel Flush Mount Chandelier Ceiling Lights for Bedroom Foyer Hallway Dining Room GU 10 Bulb,,Finktonglan,,BUILDING_AND_HARDWARE,USED_GOOD,,,1,110.51,Lot: AMZ_3PL_20260409_025 | Pallet: LIQ:3PL:PALLET:LNRM:PAL-69131 | LPN: LPNNA6CPS53PX,6.85,13.70
492,492,"20'' Boho Rattan Ceiling Fan with Light, Coastal Caged Ceiling Fans with Lights and Remote Control, Enclosed Hidden Flush Mount with Reversible 6 Speeds for Living Room Bedroom Nursery",,Boho Caged,,BUILDING_AND_HARDWARE,USED_GOOD,,,1,110.50,Lot: AMZ_3PL_20260409_025 | Pallet: LIQ:3PL:PALLET:LNRM:PAL-69856 | LPN: LPNNA6P3R6Q5R,6.85,13.70
493,493,"KOKAiZeeKi 11"" Blue Hammered Glass Pendant Light - Brushed Nickel Finish Industrial Ceiling Fixture with Blown Glass for Kitchen Island Dining Room Hallway Living Room",,KOKAiZeeKi,,BUILDING_AND_HARDWARE,USED_GOOD,,,1,110.49,Lot: AMZ_3PL_20260409_025 | Pallet: LIQ:3PL:PALLET:LNRM:PAL-69372 | LPN: LPNNA6CJPRWFC,6.85,13.70
494,494,"25"" Space Heaters For Indoor Use Large Room, Electric Heaters For Indoor Use with Thermostat, Oscillating Room Heaters with Timer, Remote Control, Overheat Protection Tower Heater for Bedroom (Beige)",,AIRMATE,,BUILDING_AND_HARDWARE,USED_GOOD,,,1,110.47,Lot: AMZ_3PL_20260409_025 | Pallet: LIQ:3PL:PALLET:LNRM:PAL-69399 | LPN: LPNNA6JG5HJ5S,6.85,13.70
495,495,"KELIDEN Black Vanity Light 31.5"" Long 24W LED Bathroom Light Bar with 5CCT Adjustable Modern Bathroom Vanity Light Fixture for Mirror, Powder Room, Bedroom, Apartment, Hotel",,KELIDEN,,BUILDING_AND_HARDWARE,USED_GOOD,,716841213263,1,109.38,Lot: AMZ_3PL_20260409_025 | Pallet: LIQ:3PL:PALLET:LNRM:PAL-69849 | LPN: LPNNA6GTXK1XL,6.78,13.56
496,496,"4 Foot Lawn Vacuum Hose, 8'' Diameter Lawn Vac Hose Compatible with DR Agri Fab Trac Vac Cyclone, Leaf Vac Hose, Fits Most Brands Lawn Leaf Vac Grass Catcher Bagger, with 2 Clamps",,HQPASFY,,BUILDING_AND_HARDWARE,USED_GOOD,,,1,109.19,Lot: AMZ_3PL_20260409_025 | Pallet: LIQ:3PL:PALLET:LNRM:PAL-68861 | LPN: LPNNA6Q5B62MG,6.77,13.54
497,497,"24 Pack L18 x H 12"" Black Heavy Duty Shelf Brackets with Screws Metal Shelf Brackets Shelf Support Angle Brackets for Shelves L Brackets Heavy Duty Floating Shelf",,MHMYDZ,,BUILDING_AND_HARDWARE,USED_GOOD,,,1,109.14,Lot: AMZ_3PL_20260409_025 | Pallet: LIQ:3PL:PALLET:LNRM:PAL-69856 | LPN: LPNNA6BQZ8QX1,6.77,13.54
498,498,"HVAC Premium 26 x 18 Duct Opening Steel Return Air Filter Grille, for 1-inch Filter, Removable Door, Flat Stamped HVAC Vent Cover Grille, Outer Dimensions 28.5 x 20.5",,HVAC Premium,,BUILDING_AND_HARDWARE,USED_GOOD,,810116313341,1,107.34,Lot: AMZ_3PL_20260409_025 | Pallet: LIQ:3PL:PALLET:LNRM:PAL-69644 | LPN: LPNNA6WDQMKL8,6.66,13.32
499,499,22818466 Front Left Driver Side Armrest Repair Kit Fit for Chevy Silverado 1500 2500HD 3500HD 2010-2014 For GMC Sierra 1500 2500 HD 3500 HD 2010-2014 Door Panel with Release Handle Below Armrest -Gray,,RHAOCZIYAUTO,,BUILDING_AND_HARDWARE,USED_GOOD,,,1,106.78,Lot: AMZ_3PL_20260409_025 | Pallet: LIQ:3PL:PALLET:LNRM:PAL-69131 | LPN: LPNNA6BW1H8B2,6.62,13.24
500,500,XL Oval Ice Bath Tub for Athletes with Cover by Brisk Bear - Extra Large Cold Plunge Tub for Recovery - Ice Bath Plunge Pool with Digital Timer - Cold Plunge to Soothe Muscles - Black Ice Tub,,Brisk Bear,,BUILDING_AND_HARDWARE,USED_GOOD,,,1,103.99,Lot: AMZ_3PL_20260409_025 | Pallet: LIQ:3PL:PALLET:LNRM:PAL-69172 | LPN: LPNNA6LNJMP2M,6.45,12.90
501,501,"4PK Support Pole,Steel Telescopic Quick Adjustable 3rd Hand Support System, Support Rod, Supports up to 154 lbs Construction Rods for Cabinet Jacks Cargo Bars Drywalls Extends from 50 Inch to 118 Inch",,ACEBINTE,,BUILDING_AND_HARDWARE,USED_GOOD,,,1,103.99,Lot: AMZ_3PL_20260409_025 | Pallet: LIQ:3PL:PALLET:LNRM:PAL-69302 | LPN: LPNNA6WRBNYFB,6.45,12.90
502,502,"FVZZIN Walkers for Seniors, Foldable Rollator Walker with Seat, 8"" Big Wheels, Lightweight Rollator Walker with Ergonomic Backrest, Adjustable Handles and Seat Height, 310 Lbs Weight Capacity, Red",,FVZZIN,,MIXED_BUILDING_AND_INDUSTRIAL,USED_GOOD,,,1,103.99,Lot: AMZ_3PL_20260409_025 | Pallet: LIQ:3PL:PALLET:LNRM:PAL-69739 | LPN: LPNNA62HHT6WS,6.45,12.90
503,503,"4PK Support Pole,Steel Telescopic Quick Adjustable 3rd Hand Support System, Support Rod, Supports up to 154 lbs Construction Rods for Cabinet Jacks Cargo Bars Drywalls Extends from 50 Inch to 118 Inch",,ACEBINTE,,BUILDING_AND_HARDWARE,USED_GOOD,,,1,103.99,Lot: AMZ_3PL_20260409_025 | Pallet: LIQ:3PL:PALLET:LNRM:PAL-69739 | LPN: LPNNA66MC9SSY,6.45,12.90
504,504,"Pneumatic Casters 10 Inch 4-Pack, 2 Swivel & 2 Rigid, Heavy Duty Casters 1200 LBS Capacity, Rubber Wheel for Workbench, Cart, Trolley,Wagon and Shelves",,Wbuosz,,MIXED_BUILDING_AND_INDUSTRIAL,USED_GOOD,,762744428976,1,103.99,Lot: AMZ_3PL_20260409_025 | Pallet: LIQ:3PL:PALLET:LNRM:PAL-69661 | LPN: LPNNA6SV9GL4J,6.45,12.90
505,505,"Wmjurel Vintage Peony Buds and Leaves Floral Seamless Pattern Wallpaper for Bedroom, Living Room, Bathroom Wall Backgrounds(Non-self-Adhesive)",,Wmjurel,,BUILDING_AND_HARDWARE,USED_GOOD,,,1,103.99,Lot: AMZ_3PL_20260409_025 | Pallet: LIQ:3PL:PALLET:LNRM:PAL-68868 | LPN: LPNNA6Z558D5D,6.45,12.90
506,506,Bagood 10 Inch Globe Pendant Light Contemporary Globe Pendant Lights Black Mid Century Pendant Light Adjustable Hanging Light Fixture Matte Black Finished with Milk Glass Lampshade for Kitchen Island,,Bagood,,BUILDING_AND_HARDWARE,USED_GOOD,,,1,103.99,Lot: AMZ_3PL_20260409_025 | Pallet: LIQ:3PL:PALLET:LNRM:PAL-69699 | LPN: LPNNK5FXMSC79,6.45,12.90
507,507,Depuley 52-Inch Ceiling Fan with Light: Black 3 Blade Outdoor Fans for Patios - Dimmable Indoor Fan with Remote Control Living Room Fandelier Ceiling Fans Ultra Quiet DC Motor Reversible 6 Speed Timer,,Depuley,,BUILDING_AND_HARDWARE,USED_GOOD,,,1,103.99,Lot: AMZ_3PL_20260409_025 | Pallet: LIQ:3PL:PALLET:LNRM:PAL-68867 | LPN: LPNNA6Z5BC71M,6.45,12.90
508,508,Kazai. Wall-Mounted Coat Rack 'Toke' - Modern Design Coat Rack with Hidden Wall Hooks - Solid Wood Veneer Panel Coat Hanger - Oak,,Kazai.,,BUILDING_AND_HARDWARE,USED_GOOD,,,1,103.94,Lot: AMZ_3PL_20260409_025 | Pallet: LIQ:3PL:PALLET:LNRM:PAL-69302 | LPN: LPNNA6BW4QCWW,6.45,12.90
509,509,"CATINER Glass Pendant Light Brushed Nickel 11-inch Hammered Pendant Lighting for Kitchen Island, Kitchen Sink, Hallway, Living Room",,CATINER,,BUILDING_AND_HARDWARE,USED_GOOD,,,1,102.82,Lot: AMZ_3PL_20260409_025 | Pallet: LIQ:3PL:PALLET:LNRM:PAL-69856 | LPN: LPNNA6X4K1S84,6.38,12.76
510,510,"LazBlinds No-Drill Cordless Roman Shade - Light Filtering Natural Wood, Easy Install Bamboo Blind for Windows 46.5"" W x 48"" H, Malay Oak",,LazBlinds,,BUILDING_AND_HARDWARE,USED_GOOD,,,1,102.69,Lot: AMZ_3PL_20260409_025 | Pallet: LIQ:3PL:PALLET:LNRM:PAL-69372 | LPN: LPNNA6QPR183W,6.37,12.74
511,511,Pangda DIY Peel and Stick Wall Moulding Kit Flat Wall Molding Kit Pre Made Accent Wainscoting Panel for Home TV Wall Interior Decor,,Pangda,,BUILDING_AND_HARDWARE,USED_GOOD,,,1,102.69,Lot: AMZ_3PL_20260409_025 | Pallet: LIQ:3PL:PALLET:LNRM:PAL-68867 | LPN: LPNNK5SJKR67K,6.37,12.74
512,512,"Aünsffer Raised Toilet Seat Bidet 2.91in, Elongated Bidet Toilet Seat, 3 Wash Mode, Soft Close & Quick Release, no Electric, Adjustable Anti-Slip Pad, Home/Commercial Use for Senior, 18.5inch, White",,Aünsffer,,BUILDING_AND_HARDWARE,USED_GOOD,,,1,102.49,Lot: AMZ_3PL_20260409_025 | Pallet: LIQ:3PL:PALLET:LNRM:PAL-69739 | LPN: LPNNA6TTQB29P,6.36,12.72
513,513,"Joydeco No Drill Zebra Blinds for Windows, Cordless Day & Night Dual Sheer Roller Shades, Easy Installation, Free-Stop Lift System, Light Filtering Privacy Blinds for Home(White,47"" W x 75"" H)",,Joydeco,,BUILDING_AND_HARDWARE,USED_GOOD,,,1,99.44,Lot: AMZ_3PL_20260409_025 | Pallet: LIQ:3PL:PALLET:LNRM:PAL-69519 | LPN: LPNNA6XJP99PC,6.17,12.34
514,514,"SDNBHT Industrial Stair Railing Metal Hand Rails for Indoor Stairs Wall Mount Staircase Handrails 1.25"" Pipe Stair Handrail for Steps Black Aluminum Stairway Railing for Outdoor & Indoor Stairs 12ft",,SDNBHT,,BUILDING_AND_HARDWARE,USED_GOOD,,,1,97.49,Lot: AMZ_3PL_20260409_025 | Pallet: LIQ:3PL:PALLET:LNRM:PAL-69131 | LPN: LPNNA6HHHJJ2T,6.05,12.10
515,515,"AIKVSXER 20"" Flush Mount Ceiling Fan with Light, 6 Speeds, 3000-6500K Dimmable LED, App & Remote Control, Quiet DC Motor for Bedroom, Living Room, Modern Ceiling Fans with Lights-White",,AIKVSXER,,BUILDING_AND_HARDWARE,USED_GOOD,,,1,93.85,Lot: AMZ_3PL_20260409_025 | Pallet: LIQ:3PL:PALLET:LNRM:PAL-69742 | LPN: LPNNA6FMBM4PP,5.82,11.64
516,516,"Toilet Grab Bar 30.3 Inch, YuanDe Flip Up Grab Bar with Paper Holder,Matte Black Anti-Slip Safety Bars for Toilet, Stainless Steel Knurled Toilet Handles for Seniors Disabled Elderly Pregnant",,YuanDe,,BUILDING_AND_HARDWARE,USED_GOOD,,717024340882,1,93.59,Lot: AMZ_3PL_20260409_025 | Pallet: LIQ:3PL:PALLET:LNRM:PAL-69644 | LPN: LPNNA6R7NYWJQ,5.80,11.60
517,517,"Gewiny Outdoor Floor Lamp Solar Powered Outdoor Lamps for Patio Waterproof,Rechargeable Indoor Cordless Floor Lamp with Light Sensor,Dimmable Warm White+RGB LED Outdoor Lamp for Lawn,Pool,Garden.",,Gewiny,,BUILDING_AND_HARDWARE,USED_GOOD,,,1,93.33,Lot: AMZ_3PL_20260409_025 | Pallet: LIQ:3PL:PALLET:LNRM:PAL-69724 | LPN: LPNNA6MHDFPZ9,5.79,11.58
518,518,"Land Guard Galvanized Raised Garden Bed 2Pcs, Planter Raised Garden Beds Outdoor, Round Clearance Raised Garden Beds for Gardening Vegetables 4x4x1ft……",,Land Guard,,BUILDING_AND_HARDWARE,USED_GOOD,,,1,90.99,Lot: AMZ_3PL_20260409_025 | Pallet: LIQ:3PL:PALLET:LNRM:PAL-69669 | LPN: LPNNA65TQXVWQ,5.64,11.28
519,519,"STERREN Ceiling Fans with Lights,20"" Low Profile Ceiling Fan with Remote Control, Modern Flush Mount Ceiling Fan,White Fan Light for Bedroom, Living Room,Kitchen,Small LED Ceiling Light Fixture",,STERREN,,BUILDING_AND_HARDWARE,USED_GOOD,,,1,90.99,Lot: AMZ_3PL_20260409_025 | Pallet: LIQ:3PL:PALLET:LNRM:PAL-69131 | LPN: LPNNA6QCD56J7,5.64,11.28
520,520,"Incubators for Hatching Eggs, 24 Egg Incubator, Automatic Egg Turner with Humidity Control & Digital Temperature, Hatch Day, Auto Water Refill, 360°Viewing for Chicken, Duck, Quail, Duck, Goose",,Yofidra,,MIXED_BUILDING_AND_INDUSTRIAL,USED_GOOD,,,1,90.14,Lot: AMZ_3PL_20260409_025 | Pallet: LIQ:3PL:PALLET:LNRM:PAL-69399 | LPN: LPNNA63SMF26R,5.59,11.18
521,521,"Doing-X No Drill Blackout Roman Shades for Indoor Windows,Cordless Roman Blinds,Linen No Tools Window Shades,Easy to Install Window Blinds for Home Bedroom,Blackout-Linen Beige 35"" W x 72"" H",,Doing-X,,BUILDING_AND_HARDWARE,USED_GOOD,,,1,89.69,Lot: AMZ_3PL_20260409_025 | Pallet: LIQ:3PL:PALLET:LNRM:PAL-69729 | LPN: LPNNK5XFVR2DP,5.56,11.12
522,522,"4500 Pcs Tile Leveling System Clips 1/32"" (1.0mm) for Ceramic Tile and Stone Installation - DIY Tile Leveler Spacers Kit for Perfect Alignment(4500, 1/32)",,HRGGN,,BUILDING_AND_HARDWARE,USED_GOOD,,,1,89.57,Lot: AMZ_3PL_20260409_025 | Pallet: LIQ:3PL:PALLET:LNRM:PAL-69745 | LPN: LPNNA63PVG148,5.55,11.10
523,523,"Baocuz 4-Light Vanity Lights for Bathroom, Modern Black Bathroom Light Fixtures Over Mirror, 23.6 inch Bathroom Wall Sconces for Hallway, Bedroom, Living Room with Clear Glass Shade",,Baocuz,,BUILDING_AND_HARDWARE,USED_GOOD,,,1,88.39,Lot: AMZ_3PL_20260409_025 | Pallet: LIQ:3PL:PALLET:LNRM:PAL-69131 | LPN: LPNNA68CKK8LK,5.48,10.96
524,524,"SMUVSMU Cardboard Attic Baffles 25""x24"" 50 Pcs Attic Baffles Corrugated Cardboard- Bundle Rafter Vents,Chute Baffles",,SMUVSMU,,BUILDING_AND_HARDWARE,USED_GOOD,,,1,88.39,Lot: AMZ_3PL_20260409_025 | Pallet: LIQ:3PL:PALLET:LNRM:PAL-69638 | LPN: LPNNA6ZHDCWF7,5.48,10.96
525,525,"SEEUNANA No Drill No Tools Top Down Bottom Up Cellular Shades, 36"" W x 64"" H Blackout Easy Install Cordless Honeycomb Blinds, Noise Reduce & Thermal Insulation Blinds for Home Office White",,SEEUNANA,,BUILDING_AND_HARDWARE,USED_GOOD,,,1,99.02,Lot: AMZ_3PL_20260409_025 | Pallet: LIQ:3PL:PALLET:LNRM:PAL-69302 | LPN: LPNNA6TPVMLLK,6.14,12.28
526,526,"ThyFenno Dimmable Battery Operated Wall Sconce Set of 2, Rechargeable Wall Mount Light No Wiring, Easy Install Wireless Wall Lamp for Living Room Bedroom Hallway Farmhouse Indoor, Bulb Included",,ThyFenno,,BUILDING_AND_HARDWARE,USED_GOOD,,,1,98.80,Lot: AMZ_3PL_20260409_025 | Pallet: LIQ:3PL:PALLET:LNRM:PAL-69648 | LPN: LPNNA6PWCX61D,6.13,12.26
527,527,"Lightania 18 Inch Flush Mount Ceiling Light, Modern Black LED Ceiling Light Fixture, 35W 3500LM 2700-6500K Adjustable, Dimmable Ceiling Lights for Bedroom, Kitchen, Hallway, Bathroom, ETL Listed",,Lightania,,BUILDING_AND_HARDWARE,USED_GOOD,,,1,98.79,Lot: AMZ_3PL_20260409_025 | Pallet: LIQ:3PL:PALLET:LNRM:PAL-69172 | LPN: LPNNA6HV7PGGP,6.13,12.26
528,528,"SODSEA 42 Inch Ceiling Fans with Lights, Outdoor Ceiling Fan with Reversible Motor, Dimmable, 3-Colors Temperature, 3 ABS Blades, Smart Ceiling Fan with Light and Remote for Living Room/Bedroom, Black",,SODSEA,,BUILDING_AND_HARDWARE,USED_GOOD,,,1,98.79,Lot: AMZ_3PL_20260409_025 | Pallet: LIQ:3PL:PALLET:LNRM:PAL-69739 | LPN: LPNNA6R3NVRTF,6.13,12.26
529,529,"Art3d 36-Pack 54 Sq.ft Peel and Stick Floor Tiles Vinyl Plank Flooring Wood Look, Adhesive and Waterproof Tile Sticker for Bedroom, Living Room, Kitchen, RV in Old Wood",,Art3d,,BUILDING_AND_HARDWARE,USED_GOOD,,,1,97.49,Lot: AMZ_3PL_20260409_025 | Pallet: LIQ:3PL:PALLET:LNRM:PAL-69699 | LPN: LPNNA6GHCN4KM,6.05,12.10
530,530,"TETOTE 14 x 18 Medicine Cabinet with Tempered Beveled Mirror White Bathroom Mirror with Storage Aluminum Cabinet DTC Hinges, Stepless Adjustable Shelves, Recessed/Surface-Mounted",,TETOTE,,BUILDING_AND_HARDWARE,USED_GOOD,,,1,97.49,Lot: AMZ_3PL_20260409_025 | Pallet: LIQ:3PL:PALLET:LNRM:PAL-69745 | LPN: LPNNA628J8DHQ,6.05,12.10
531,531,"KENES Matte Black Pull Out Bathroom Faucet, 8 Inch 2 Handle Widespread Bathroom Faucet 3 Hole with Pull Down Sprayer, Bathroom Sink Faucet with Pop Up Drain & Supply Lines LJ-9058A-2",,KENES,,BUILDING_AND_HARDWARE,USED_GOOD,,734914732268,1,95.02,Lot: AMZ_3PL_20260409_025 | Pallet: LIQ:3PL:PALLET:LNRM:PAL-69172 | LPN: LPNNA6CM12BMJ,5.89,11.78
532,532,"Xisakaca Cloud Pendant Hanging Light Fixture, Modern Fluffy Ceiling Lighting Chandelier, White Lamp Shade Lampshade for Children Girls Kids Living Room (50cmx25cm)",,Xisakaca,,BUILDING_AND_HARDWARE,USED_GOOD,,,1,93.59,Lot: AMZ_3PL_20260409_025 | Pallet: LIQ:3PL:PALLET:LNRM:PAL-69661 | LPN: LPNNA6QJKFMNS,5.80,11.60
533,533,"Doing-X No Drill Blackout Roman Shades for Indoor Windows,Cordless Roman Blinds,Linen No Tools Window Shades,Easy to Install Window Blinds for Home Bedroom,Blackout-Oatmeal Grey,30"" W x 64"" H",,Doing-X,,BUILDING_AND_HARDWARE,USED_GOOD,,,1,92.29,Lot: AMZ_3PL_20260409_025 | Pallet: LIQ:3PL:PALLET:LNRM:PAL-69644 | LPN: LPNNA6TG8V2Z9,5.72,11.44
534,534,"SINGULARWOOD Vinyl Wall Planks,Self-Adhesive Vinyl Panels for Walls,Peel and Stick Easy Installation (12 pcs/18 Sq Ft/Box),Driftwood",,SINGULARWOOD,,BUILDING_AND_HARDWARE,USED_GOOD,,743039637051,1,90.99,Lot: AMZ_3PL_20260409_025 | Pallet: LIQ:3PL:PALLET:LNRM:PAL-69372 | LPN: LPNNA6VCFX3L1,5.64,11.28
535,535,KIPHEPI Tiffany Lamp Stained Glass Table Lamp 8X8X14 Inches Persimmon Style Living Room Bedroom Dorm Kitchen Home Decor Festival Birthday Gift,,KIPHEPI,,BUILDING_AND_HARDWARE,USED_GOOD,,,1,90.99,Lot: AMZ_3PL_20260409_025 | Pallet: LIQ:3PL:PALLET:LNRM:PAL-69131 | LPN: LPNNA6BDSD7NF,5.64,11.28
536,536,"Garage Door Seals Bottom Rubber, with Aluminum Track Retainer Kit, 3-Sided Weatherproof Seal, Three Layers of Protection Available, Garage Door Bottom Seal 16 Ft, Easy to Install (Black)",,Koupopeo,,BUILDING_AND_HARDWARE,USED_GOOD,,,1,90.99,Lot: AMZ_3PL_20260409_025 | Pallet: LIQ:3PL:PALLET:LNRM:PAL-69648 | LPN: LPNNA6JKZHX8H,5.64,11.28
537,537,"2 Pack Steel Stair Stringer, 5 Steps Stair Riser, Outdoor Metal Step Stringers for 32.5 Inch Height Deck.",,THOOUM,,BUILDING_AND_HARDWARE,USED_GOOD,,,1,90.99,Lot: AMZ_3PL_20260409_025 | Pallet: LIQ:3PL:PALLET:LNRM:PAL-68867 | LPN: LPNNA644F4DF1,5.64,11.28
538,538,"PRESDE 24 Inch LED Vanity Light Bar, Modern Black Bathroom Light Fixtures Over Mirror Dimmable",,PRESDE,,BUILDING_AND_HARDWARE,USED_GOOD,,,1,90.87,Lot: AMZ_3PL_20260409_025 | Pallet: LIQ:3PL:PALLET:LNRM:PAL-69302 | LPN: LPNNA6LSKFHW7,5.64,11.28
539,539,"10 Packs Lightweight Plastic Pallets for Basement Storage, 23.6"" x 11.8"" x 1.18"" Small Stage Platform for Garage, Attic Flooring-Blue",,XyVoltic,,BUILDING_AND_HARDWARE,USED_GOOD,,,1,90.87,Lot: AMZ_3PL_20260409_025 | Pallet: LIQ:3PL:PALLET:LNRM:PAL-69739 | LPN: LPNNA6R4LKLZV,5.64,11.28
540,540,"Espird 4 Lights Bathroom Vanity Light Fixtures Chrome, Bathroom Lights Over Mirror, Industrial and Farmhouse 4 Lights Wall Sconce, Polished Chrome Globe Vanity Lighting Fixtures",,Espird,,BUILDING_AND_HARDWARE,USED_GOOD,,728683134866,1,89.69,Lot: AMZ_3PL_20260409_025 | Pallet: LIQ:3PL:PALLET:LNRM:PAL-69372 | LPN: LPNNA6GPXSBDF,5.56,11.12
541,541,"MERINEA Hammered Glass Pendant Light for Kitchen Island, 11-Inch Modern Brushed Nickel Hanging Light Fixture for Sink, Dining Room, Hallway, Living Room",,MERINEA,,BUILDING_AND_HARDWARE,USED_GOOD,,,1,89.15,Lot: AMZ_3PL_20260409_025 | Pallet: LIQ:3PL:PALLET:LNRM:PAL-69532 | LPN: LPNNA6XHDLJBS,5.53,11.06
542,542,"Vlaeng 304 Stainless Steel Shower Niche Insert-24 x 12"" Shower Shelf-No Tile Needed Bathroom Niche for Shower Wall-Double Shelves -Waterproof Recessed Cabinet for Bathroom Living Room Study Kitchen",,Vlaeng,,BUILDING_AND_HARDWARE,USED_GOOD,,,1,98.79,Lot: AMZ_3PL_20260409_025 | Pallet: LIQ:3PL:PALLET:LNRM:PAL-68868 | LPN: LPNNA6YSKFPF7,6.13,12.26
543,543,"FAISHILAN Modern Brushed Gold 6 Light Bathroom Light Fixtures,38 inch Vanity Lights for Bathroom with Clear Glass, Vanity Light for Mirror Kitchen Living Room Hallway Cabinet Porch",,FAISHILAN,,BUILDING_AND_HARDWARE,USED_GOOD,,,1,97.57,Lot: AMZ_3PL_20260409_025 | Pallet: LIQ:3PL:PALLET:LNRM:PAL-68868 | LPN: LPNNA6M9C8NL6,6.05,12.10
544,544,"IBKINXX Incubator for Hatching Eggs-24 Egg Capacity, Automatic Egg Turner, Temperature & Humidity Control, 360° Viewing for Chicken, Duck and Quail Eggs",,IBKINXX,,MIXED_BUILDING_AND_INDUSTRIAL,USED_GOOD,,,1,96.19,Lot: AMZ_3PL_20260409_025 | Pallet: LIQ:3PL:PALLET:LNRM:PAL-69685 | LPN: LPNNA6467NVF3,5.96,11.92
545,545,"Mysflosy Peel & Stick Floor Tile, 36-Pack 54 Sq.Ft Waterproof Vinyl Plank Flooring Self-Adhesive, Luxury Wood-Look Vinyl Planks for DIY Installation",,Mysflosy,,MIXED_BUILDING_AND_INDUSTRIAL,USED_GOOD,,,1,96.19,Lot: AMZ_3PL_20260409_025 | Pallet: LIQ:3PL:PALLET:LNRM:PAL-69849 | LPN: LPNNA6HPYFH7P,5.96,11.92
546,546,"KENES Matte Black Pull Out Bathroom Faucet, 8 Inch 2 Handle Widespread Bathroom Faucet 3 Hole with Pull Down Sprayer, Bathroom Sink Faucet with Pop Up Drain & Supply Lines LJ-9058A-2",,KENES,,BUILDING_AND_HARDWARE,USED_GOOD,,734914732268,1,95.02,Lot: AMZ_3PL_20260409_025 | Pallet: LIQ:3PL:PALLET:LNRM:PAL-69172 | LPN: LPNNA68SJLM69,5.89,11.78
547,547,"VONLUCE Semi Flush Mount Ceiling Light, 18"" Drum Light Fixture with Diffused Shaped, Modern Drum Light Fixture for Bedroom Living Room Entryway Hallway, White Shade & Nickel Finish",,VONLUCE,,BUILDING_AND_HARDWARE,USED_GOOD,,,1,93.59,Lot: AMZ_3PL_20260409_025 | Pallet: LIQ:3PL:PALLET:LNRM:PAL-69661 | LPN: LPNNA6HHGPRBG,5.80,11.60
548,548,"VONLUCE Semi Flush Mount Ceiling Light, 18"" Drum Light Fixture with Diffused Shaped, Modern Drum Light Fixture for Bedroom Living Room Entryway Hallway, White Shade & Nickel Finish",,VONLUCE,,BUILDING_AND_HARDWARE,USED_GOOD,,,1,93.59,Lot: AMZ_3PL_20260409_025 | Pallet: LIQ:3PL:PALLET:LNRM:PAL-69661 | LPN: LPNNA6JXGRC1M,5.80,11.60
549,549,"Mysflosy Peel & Stick Floor Tile, 36-Pack 54 Sq.Ft Waterproof Vinyl Flooring Self-Adhesive, Wood-Look Vinyl Planks for DIY Installation",,Mysflosy,,MIXED_BUILDING_AND_INDUSTRIAL,USED_GOOD,,,1,93.59,Lot: AMZ_3PL_20260409_025 | Pallet: LIQ:3PL:PALLET:LNRM:PAL-69685 | LPN: LPNNA6CCHS6XT,5.80,11.60
550,550,"Grand patio Outdoor Floor Lamp Solar Powered Lantern Waterproof Wicker Boho Deck Lights for Garden Porch Decor, Large Crossover",,Grand patio,,BUILDING_AND_HARDWARE,USED_GOOD,,,1,90.99,Lot: AMZ_3PL_20260409_025 | Pallet: LIQ:3PL:PALLET:LNRM:PAL-69519 | LPN: LPNNA6KCB86W1,5.64,11.28
551,551,"26.8 INCH Flip-Up Toilet Grab Bar, Wall-Mounted Safety Rail for Bathroom, Night Glow Strips on Both Sides, Folding Handrail for Elderly & Disabled",,Opadwo,,BUILDING_AND_HARDWARE,USED_GOOD,,,1,90.99,Lot: AMZ_3PL_20260409_025 | Pallet: LIQ:3PL:PALLET:LNRM:PAL-69399 | LPN: LPNNA6BMCT7PV,5.64,11.28
552,552,"6 Pack String Light Poles for Outside, Thickened Metal Lights Hanger Pole Outdoor with Fork, Lighting Hanging Post Accessories for Patio Decor Garden Backyard Yard Front Porch Outside Decorations",,Fussion,,BUILDING_AND_HARDWARE,USED_GOOD,,767119731712,1,90.99,Lot: AMZ_3PL_20260409_025 | Pallet: LIQ:3PL:PALLET:LNRM:PAL-69739 | LPN: LPNNA6F8FJGF8,5.64,11.28
553,553,"Combuh LED Vanity Lights Bar 36 Inch, 20W Bathroom Light Fixtures Over Mirror, IP44 Indoor Wall Mounted Sconces Modern for Washroom, Cool White 6000K",,Combuh,,BUILDING_AND_HARDWARE,USED_GOOD,,,1,90.99,Lot: AMZ_3PL_20260409_025 | Pallet: LIQ:3PL:PALLET:LNRM:PAL-69131 | LPN: LPNNA6R946R2J,5.64,11.28
554,554,"Steel Landscape Edging 6-Pack, 8"" H X 40"" L Bendable Metal Edging for Landscaping, No-Dig Metal Landscaping Edging for Yard, Lawn Edge, Pathway & Flower Beds (20Ft Total)",,Gabviem,,BUILDING_AND_HARDWARE,USED_GOOD,,,1,90.97,Lot: AMZ_3PL_20260409_025 | Pallet: LIQ:3PL:PALLET:LNRM:PAL-69745 | LPN: LPNNA6VW32KQW,5.64,11.28
555,555,"YADZSLY 20"" Farmhouse Rustic Caged Ceiling Fan with Light, Brown Fandelier Ceiling Fan with Light, Brown Bladeless Caged Fandelier for Bedroom, Nursery, Living Room",,YADZSLY,,BUILDING_AND_HARDWARE,USED_GOOD,,,1,89.70,Lot: AMZ_3PL_20260409_025 | Pallet: LIQ:3PL:PALLET:LNRM:PAL-69745 | LPN: LPNNA6DFWYFHL,5.56,11.12
556,556,"YADZSLY 20"" Farmhouse Rustic Caged Ceiling Fan with Light, Brown Fandelier Ceiling Fan with Light, Brown Bladeless Caged Fandelier for Bedroom, Nursery, Living Room",,YADZSLY,,BUILDING_AND_HARDWARE,USED_GOOD,,,1,89.70,Lot: AMZ_3PL_20260409_025 | Pallet: LIQ:3PL:PALLET:LNRM:PAL-69742 | LPN: LPNNA62PYPXVN,5.56,11.12
557,557,"AMZDEPOT Natural Bamboo Wall Panel for Interior Wall Decor, Renewable Pole Wrap Wainscoting Paneling for Wall Ceiling Furniture Cabinet Office, 48 x 96 Inch, Carbonized",,AMZDEPOT,,BUILDING_AND_HARDWARE,USED_GOOD,,,1,89.36,Lot: AMZ_3PL_20260409_025 | Pallet: LIQ:3PL:PALLET:LNRM:PAL-68861 | LPN: LPNNA63Q6XB3R,5.54,11.08
558,558,PRESDE LED Bathroom Vanity Light 32inch Bathroom Light Fixtures Over Mirror Black Modern Bath Vanity Lighting Bar Dimmable,,PRESDE,,BUILDING_AND_HARDWARE,USED_GOOD,,619660051187,1,99.97,Lot: AMZ_3PL_20260409_025 | Pallet: LIQ:3PL:PALLET:LNRM:PAL-69644 | LPN: LPNNK5BQ9YLJP,6.20,12.40
559,559,"Anrikey 20"" Large Outdoor Wall Light Fixtures 2 Pack, Modern Exterior Lighting Fixtures with Closed Bottom, Black Outdoor Sconce Light, Waterproof Outside Lights for House Porch Garage Patio",,Anrikey,,BUILDING_AND_HARDWARE,USED_GOOD,,,1,99.44,Lot: AMZ_3PL_20260409_025 | Pallet: LIQ:3PL:PALLET:LNRM:PAL-69131 | LPN: LPNNA68CDRFSD,6.17,12.34
560,560,"Gewiny Outdoor Floor Lamp Solar Powered Outdoor Lamps for Patio Waterproof,Rechargeable Indoor Cordless Floor Lamp with Light Sensor,Dimmable Warm White+RGB LED Outdoor Lamp for Lawn,Pool,Garden.",,Gewiny,,BUILDING_AND_HARDWARE,USED_GOOD,,,1,98.79,Lot: AMZ_3PL_20260409_025 | Pallet: LIQ:3PL:PALLET:LNRM:PAL-69745 | LPN: LPNNA6ZKTN8PG,6.13,12.26
561,561,"MOUVOVO 25“ Jar Table Lamps Set of 2, Ceramic Bedside Lamps for Bedroom, Blue Coastal Nightstand Lamps for Living Room",,MOUVOVO,,BUILDING_AND_HARDWARE,USED_GOOD,,,1,98.79,Lot: AMZ_3PL_20260409_025 | Pallet: LIQ:3PL:PALLET:LNRM:PAL-69856 | LPN: LPNNA6M13YM86,6.13,12.26
562,562,"Pangda Peel and Stick Wall Molding Kit, 3D Premade Accent Molding Wainscoting Panel for Interior Wall Moulding Decor, Ready to Assemble Wainscoting Accent Panel(3 Set,24 x 72 in)",,Pangda,,MIXED_BUILDING_AND_INDUSTRIAL,USED_GOOD,,,1,97.49,Lot: AMZ_3PL_20260409_025 | Pallet: LIQ:3PL:PALLET:LNRM:PAL-68868 | LPN: LPNNA636Y9WCL,6.05,12.10
563,563,"High Pressure Handheld/Rain 82-mode 3-way Shower Head Combo with 25.75"" Adjustable Drill-free Stainless Steel Slide Bar, Pet & Tub Power Wash and Anti-clog Nozzles, with 5ft Hose - Brush Nickel",,egretshower,,BUILDING_AND_HARDWARE,USED_GOOD,,726810181912,1,96.19,Lot: AMZ_3PL_20260409_025 | Pallet: LIQ:3PL:PALLET:LNRM:PAL-69519 | LPN: LPNNA6814PNMM,5.96,11.92
564,564,"Hahafelt 12 Pack Wall Padding for Playroom Peel and Stick Headboard 15.75"" x 7.87"" x 1.18"" 3D Anti Collision Upholstered Wall Panels Self Adhesive Headboard Panel for Protection (Rose Pink Colors)",,Hahafelt,,BUILDING_AND_HARDWARE,USED_GOOD,,,1,96.19,Lot: AMZ_3PL_20260409_025 | Pallet: LIQ:3PL:PALLET:LNRM:PAL-69644 | LPN: LPNNA63G4M5QP,5.96,11.92
565,565,HAHZT Modern Bathroom Vanity Light: Matte Black 27 inch 28W Dimmable LED Bath Bar Light Fixtures Over Mirror - Wall Sconce Picture Lights for Paintings Cabinets Bedroom 3000k,,HAHZT,,BUILDING_AND_HARDWARE,USED_GOOD,,,1,93.59,Lot: AMZ_3PL_20260409_025 | Pallet: LIQ:3PL:PALLET:LNRM:PAL-69302 | LPN: LPNNA623MTG1Q,5.80,11.60
566,566,"JZEKVN Modern LED Bathroom Lights Fixtures 4-Light,Stainless Steel Chrome Acrylic Wall Lighting,Vanity Lights for Bathroom Over Mirror 6000k 27in",,JZEKVN,,BUILDING_AND_HARDWARE,USED_GOOD,,,1,93.59,Lot: AMZ_3PL_20260409_025 | Pallet: LIQ:3PL:PALLET:LNRM:PAL-69302 | LPN: LPNNA6F9BYKXN,5.80,11.60
567,567,AHOWPD 3D Printer Table with Filament Storage - 3D Printer Stand Shelf Filament Storage Rack with Wheels Heavy Duty 3D Printer Cart Desk with Drawer for Workshop Studio Office,,AHOWPD,,MIXED_BUILDING_AND_INDUSTRIAL,USED_GOOD,,,1,93.11,Lot: AMZ_3PL_20260409_025 | Pallet: LIQ:3PL:PALLET:LNRM:PAL-69742 | LPN: LPNNA63ZX1JY5,5.77,11.54
568,568,"Doing-X No Drill Blackout Roman Shades for Indoor Windows,Cordless Roman Blinds,Linen No Tools Window Shades,Easy to Install Window Blinds for Home Bedroom,Blackout-Oatmeal Grey,30"" W x 64"" H",,Doing-X,,BUILDING_AND_HARDWARE,USED_GOOD,,,1,92.29,Lot: AMZ_3PL_20260409_025 | Pallet: LIQ:3PL:PALLET:LNRM:PAL-69644 | LPN: LPNNA6W3P37N2,5.72,11.44
569,569,"Art3d LED Recessed Lighting Kit - 6pcs Self-Adhesive White LED Light with Smart Switch, 3000k Touching Switch Light for Wood Slat Wall Panels, Headboards, Stairs, Under Cabinet, Home Decor",,Art3d,,MIXED_BUILDING_AND_INDUSTRIAL,USED_GOOD,,,1,90.99,Lot: AMZ_3PL_20260409_025 | Pallet: LIQ:3PL:PALLET:LNRM:PAL-69644 | LPN: LPNNA6N6975DT,5.64,11.28
570,570,"6 Pair 14 Inch (350mm) Soft Close Undermount Drawer Slides,100LB Load Capacity Full Extension Concealed Bottom Mount Drawer Glides Rails with 3D Locking Device",,Tobinice,,BUILDING_AND_HARDWARE,USED_GOOD,,,1,90.99,Lot: AMZ_3PL_20260409_025 | Pallet: LIQ:3PL:PALLET:LNRM:PAL-69648 | LPN: LPNNA6SZ98JP6,5.64,11.28
571,571,"Art3d Peel and Stick Floor Tile Vinyl Wood Plank 36-Pack 54 Sq.Ft, White-ash, Rigid Surface Hard Core Easy DIY Self-Adhesive Flooring",,Art3d,,MIXED_BUILDING_AND_INDUSTRIAL,USED_GOOD,,,1,90.99,Lot: AMZ_3PL_20260409_025 | Pallet: LIQ:3PL:PALLET:LNRM:PAL-69685 | LPN: LPNNA68L4PPY2,5.64,11.28
572,572,"2026 New X7935 MERV 16 Air Filter Bundle,Carbon Clean Healthy Climate,Replacement Filter Media for HCC14-23 Lennox & Honeywell FC100A1011/FC200E1011,X7935 20x20x5 Inches Merv 16 Filter",,Elyaspedy,,BUILDING_AND_HARDWARE,USED_GOOD,,,1,90.86,Lot: AMZ_3PL_20260409_025 | Pallet: LIQ:3PL:PALLET:LNRM:PAL-69661 | LPN: LPNNA6M2XSX6F,5.63,11.26
573,573,"Return Air Filter Grille 24x24,Air Return Vent Cover for 24""W x 24""H Duct Opening,Steel HVAC Vent Covers for Wall and Ceiling,Holds 1"" Thick AC Filter",,EXCELFU,,BUILDING_AND_HARDWARE,USED_GOOD,,,1,89.69,Lot: AMZ_3PL_20260409_025 | Pallet: LIQ:3PL:PALLET:LNRM:PAL-69519 | LPN: LPNNA6M3LQ2SJ,5.56,11.12
574,574,"HVAC Premium 32"" x 14"" [Duct Opening] Flat Stamped Steel Return Air Grille - Sidewall and Ceiling - HVAC Vent Duct Cover - White [Outer Dimensions: 33.75w X 15.75""h]",,HVAC Premium,,BUILDING_AND_HARDWARE,USED_GOOD,,635133966468,1,89.57,Lot: AMZ_3PL_20260409_025 | Pallet: LIQ:3PL:PALLET:LNRM:PAL-69638 | LPN: LPNNA628MLNMR,5.55,11.10
575,575,"Pangda Peel and Stick Wall Molding Kit, 3D Premade Accent Molding Wainscoting Panel for Interior Wall Moulding Decor, Ready to Assemble Wainscoting Accent Panel (3 Set,39 x 63 in+39 x 28 in)",,Pangda,,MIXED_BUILDING_AND_INDUSTRIAL,USED_GOOD,,,1,88.39,Lot: AMZ_3PL_20260409_025 | Pallet: LIQ:3PL:PALLET:LNRM:PAL-69644 | LPN: LPNNA6TFYZHQ3,5.48,10.96
576,576,FUHSY Wedding Butterfly Floor Lamp Led Butterfly Lights Decorative Butterflies Lamp White Hanging Butterflies for Ceiling Moving Butterflies Decorations for Wedding Ceremony Birthday Party Events,,FUHSY,,BUILDING_AND_HARDWARE,USED_GOOD,,,1,88.28,Lot: AMZ_3PL_20260409_025 | Pallet: LIQ:3PL:PALLET:LNRM:PAL-69532 | LPN: LPNNA69L7Z19G,5.47,10.94
577,577,"PackageZoom 20 inch x 1000 Feet Stretch Wrap with Handle, Clear Stretch Film, 4 Rolls",,PackageZoom,,MIXED_BUILDING_AND_INDUSTRIAL,USED_GOOD,,744966541299,1,87.31,Lot: AMZ_3PL_20260409_025 | Pallet: LIQ:3PL:PALLET:LNRM:PAL-69685 | LPN: LPNNA6P4F162N,5.41,10.82
578,578,"ACCOR HOME Peel and Stick Floor Tile, Luxury Vinyl Plank Flooring 36-Pack 54 Sq.ft, Real Wood Look Self-Adhesive Vinyl Floor Tiles, Easy DIY for Kitchen, Bedroom and Living Room, Grey Ash",,ACCOR HOME,,BUILDING_AND_HARDWARE,USED_GOOD,,,1,87.09,Lot: AMZ_3PL_20260409_025 | Pallet: LIQ:3PL:PALLET:LNRM:PAL-69849 | LPN: LPNNA68ZZSKB8,5.40,10.80
579,579,"Lever Chain Hoist 1-1/2Ton 10FT Manual Chain Hoist - Heavy Duty 3300Lbs Ratchet Chain Puller with Durable Hooks for Easy Lifting - Ideal for Construction, Warehouses, and Garage Work",,TKK,,MIXED_BUILDING_AND_INDUSTRIAL,USED_GOOD,,,1,86.45,Lot: AMZ_3PL_20260409_025 | Pallet: LIQ:3PL:PALLET:LNRM:PAL-69302 | LPN: LPNNA6QNM8ZFK,5.36,10.72
580,580,"MIDLMJCOI RGB Outdoor Wall Lights, 23.6” LED Long Exterior Porch Sconce Lights Wall Mount, Up and Down Patio Lighting Fixtures with Remote Control, for House, Garage, 1 Pack",,MIDLMJCOI,,BUILDING_AND_HARDWARE,USED_GOOD,,,1,86.44,Lot: AMZ_3PL_20260409_025 | Pallet: LIQ:3PL:PALLET:LNRM:PAL-68861 | LPN: LPNNA6L53GBS3,5.36,10.72
581,581,"White Recessed Ceiling Curtain Track 5'/ 7'/ 10'/ 12'/ 14', Ultra-Thin Silent Aluminum Curtain Rail for Bedroom Room/Bay Window/Hotel - Drop Ceiling Hidden Curtain Tracks (without Curtains & Hooks)",,LBMBMO,,BUILDING_AND_HARDWARE,USED_GOOD,,,1,84.49,Lot: AMZ_3PL_20260409_025 | Pallet: LIQ:3PL:PALLET:LNRM:PAL-69302 | LPN: LPNNA674F1RDR,5.24,10.48
582,582,"Avana Acoustic Wood Wall Panels – 47.2 X 12.6 Inch Smoke Walnut Acoustic Panels 2 PCs – Modern Wall Panels For Interior Wall Decor For Homes, Offices, Studios – Sturdy And Durable Wood Panels For Wall",,Avana,,MIXED_BUILDING_AND_INDUSTRIAL,USED_GOOD,,,1,84.49,Lot: AMZ_3PL_20260409_025 | Pallet: LIQ:3PL:PALLET:LNRM:PAL-69131 | LPN: LPNNA68W4FTSD,5.24,10.48
583,583,"EaseLife 6 FT Sliding Barn Door Track and Handle Hardware Kit, Straight Pulley,Slide Smoothly Quietly,Easy Install (6FT Track Kit for 30""~36"" Wide Single Door)",,EaseLife,,BUILDING_AND_HARDWARE,USED_GOOD,,,1,83.84,Lot: AMZ_3PL_20260409_025 | Pallet: LIQ:3PL:PALLET:LNRM:PAL-68867 | LPN: LPNNA63154J9V,5.20,10.40
584,584,AIJIASI Modern Bathroom Light Fixtures Over Mirror - 24 Inch Black Vanity Light Bar 18W 3000K Dimmable LED Vanity Lighting Fixtures for Restroom Mirror,,AIJIASI,,BUILDING_AND_HARDWARE,USED_GOOD,,,1,83.21,Lot: AMZ_3PL_20260409_025 | Pallet: LIQ:3PL:PALLET:LNRM:PAL-68867 | LPN: LPNNA64G2TDVP,5.16,10.32
585,585,"GUIMUIZ Picture Lights for Wall Battery Operated, Rechargeable Light for Pictures with Remote & Timer, Gold Art Light for Paintings 24 Inch Wireless Dimmable Cordless Gallery Frame Lights with 3CCT",,GUIMUIZ,,BUILDING_AND_HARDWARE,USED_GOOD,,,1,83.07,Lot: AMZ_3PL_20260409_025 | Pallet: LIQ:3PL:PALLET:LNRM:PAL-68867 | LPN: LPNNA6BJMDF25,5.15,10.30
586,586,"OUTPRIZE 52"" RV Bunk Ladder, 4 Wide Step Aluminum Camper Bunk Bed Ladder with Anti-Slip Rubber Foot Pads, Sliver",,OUTPRIZE,,BUILDING_AND_HARDWARE,USED_GOOD,,,1,81.89,Lot: AMZ_3PL_20260409_025 | Pallet: LIQ:3PL:PALLET:LNRM:PAL-69302 | LPN: LPNNA6D699SQW,5.08,10.16
587,587,"Leinuosen 26"" OD x 2""ID Lighting Ceiling Medallion PU Decorative Ceiling Fan Chandelier Medallion Round Large Cover Plate French Retro Silver Decoration for Home Light Fixtures Decorative",,Leinuosen,,BUILDING_AND_HARDWARE,USED_GOOD,,,1,81.89,Lot: AMZ_3PL_20260409_025 | Pallet: LIQ:3PL:PALLET:LNRM:PAL-69729 | LPN: LPNNA6X3SZ59T,5.08,10.16
588,588,"Heated Toilet Seat Elongated with Soft Close, Constant Temperature Warm Toilet Seat Cover, White PP Material, 17.72 x 14.37 Inch, Quiet & Non-Slip with 4 Bumpers, Easy to Install Electric Seat Warmer.",,GDHeHKJi,,BUILDING_AND_HARDWARE,USED_GOOD,,,1,81.89,Lot: AMZ_3PL_20260409_025 | Pallet: LIQ:3PL:PALLET:LNRM:PAL-69724 | LPN: LPNNA6MM1YTN2,5.08,10.16
589,589,"LazBlinds No Tools No Drill Cordless Cellular Shades, Blackout Light Blocking Honeycomb Shades for Home, Thermal Insulation Blinds for Windows, 29"" W x 64"" H, Dark Coffee",,LazBlinds,,BUILDING_AND_HARDWARE,USED_GOOD,,,1,81.72,Lot: AMZ_3PL_20260409_025 | Pallet: LIQ:3PL:PALLET:LNRM:PAL-69131 | LPN: LPNNA6RKV6NK9,5.07,10.14
590,590,"LazBlinds No-Drill Cordless Roman Shade - Light Filtering Natural Wood, Easy Install Bamboo Blind for Windows 27"" W x 64"" H, Malay Umber",,LazBlinds,,BUILDING_AND_HARDWARE,USED_GOOD,,,1,81.07,Lot: AMZ_3PL_20260409_025 | Pallet: LIQ:3PL:PALLET:LNRM:PAL-69729 | LPN: LPNNA6QTRH8TM,5.03,10.06
591,591,"Joydeco Cordless Roman Shades, Linen Fabric Window Blinds, Thermal Insulated Blackout Blinds, Room Darkening Shades for Indoor Windows, Easy to Install, 41"" W×75"" H, Greyish White",,Joydeco,,BUILDING_AND_HARDWARE,USED_GOOD,,840495510598,1,80.59,Lot: AMZ_3PL_20260409_025 | Pallet: LIQ:3PL:PALLET:LNRM:PAL-69372 | LPN: LPNNA697VPGHG,5.00,10.00
592,592,"12V Linear Actuator, 10 Inch Stroke Heavy Duty Electric Actuator 6000N/1320lb with Manual Switch Controller IP54 Waterproof",,RVMARINEPAT,,MIXED_BUILDING_AND_INDUSTRIAL,USED_GOOD,,,1,79.29,Lot: AMZ_3PL_20260409_025 | Pallet: LIQ:3PL:PALLET:LNRM:PAL-69685 | LPN: LPNNA6MHCGMCV,4.92,9.84
593,593,"Chenzhit (6 Pack) 21 1/2x23 5/16x1 Air Filter, MPR 1900 & FPR 10, MERV 13 Pleated Air Filter (Actual Size:21 1/2x23 5/16x3/4 inch)",,Chenzhit,,MIXED_BUILDING_AND_INDUSTRIAL,USED_GOOD,,654403311500,1,77.99,Lot: AMZ_3PL_20260409_025 | Pallet: LIQ:3PL:PALLET:LNRM:PAL-69519 | LPN: LPNNA6DYVV5FV,4.84,9.68
594,594,"Peel and Stick Wall Molding Kit, Pre-Cut Paintable Wall Trim, No Nails No Glue, Easy DIY Installation, 6 Piece (3 Top & 3 Bottom Frames)",,birdeco,,BUILDING_AND_HARDWARE,USED_GOOD,,,1,77.99,Lot: AMZ_3PL_20260409_025 | Pallet: LIQ:3PL:PALLET:LNRM:PAL-69372 | LPN: LPNNA6QPTFGCR,4.84,9.68
595,595,"KDG 15.8″ Retro Low Profile LED Ceiling Fans with Light, Reversible Ceiling Fans Flush Mount with Remote and 6 Speeds, E26 Base Buld for Bedroom, Dinning Room, Kids Room, Kitchen",,KDG,,BUILDING_AND_HARDWARE,USED_GOOD,,735456395829,1,77.99,Lot: AMZ_3PL_20260409_025 | Pallet: LIQ:3PL:PALLET:LNRM:PAL-69669 | LPN: LPNNA68ZYXZ66,4.84,9.68
596,596,"DLLT Modern Ceiling Fans with Lights: 20"" Flush Mount Low Profile Ceiling Fan with APP Remote Control - White LED Bladeless Fandelier Dimmable Quiet DC Motor for Bedroom Living Room",,DINGLILIGHTING,,BUILDING_AND_HARDWARE,USED_GOOD,,,1,77.99,Lot: AMZ_3PL_20260409_025 | Pallet: LIQ:3PL:PALLET:LNRM:PAL-69638 | LPN: LPNNA6X3P6QVJ,4.84,9.68
597,597,Livelynine 36 x 197 inch Mahogany Wood countertop Contact Paper Waterproof Peel and Stick countertops Woodgrain Contact Paper for Counter top Desk Table Kitchen Wallpaper red Oak Wood Look Vinyl wrap,,Livelynine,,BUILDING_AND_HARDWARE,USED_GOOD,,,1,77.99,Lot: AMZ_3PL_20260409_025 | Pallet: LIQ:3PL:PALLET:LNRM:PAL-69724 | LPN: LPNNA647TWF9L,4.84,9.68
598,598,"Taranta 3 Step Ladder,Aluminum Lightweight Folding 3 Step Stool with Anti-Slip Wide Pedal, 330lbs Capacity Step Ladder for Household,Kitchen,Office - BlackWoodgrain",,taranta,,BUILDING_AND_HARDWARE,USED_GOOD,,796520596672,1,77.97,Lot: AMZ_3PL_20260409_025 | Pallet: LIQ:3PL:PALLET:LNRM:PAL-68868 | LPN: LPNNA6PPXTQ4Z,4.84,9.68
599,599,"Bargeni Semi Flush Mount Ceiling Light Fixture,16 inch Drum Flush Mount Ceiling Light,Modern Light Fixtures Ceiling Mount with Oil Rubbed Bronze Finish,Semi Flush Ceiling Light for Bedroom,Living Room",,Bargeni,,BUILDING_AND_HARDWARE,USED_GOOD,,616050595931,1,77.34,Lot: AMZ_3PL_20260409_025 | Pallet: LIQ:3PL:PALLET:LNRM:PAL-69644 | LPN: LPNNA6XWFDYTX,4.80,9.60
600,600,"2 Pack 36 Inch Anti Slip Shower Grab Bar Oil Rubbed White 1.25"" Diameter,Munzong Bathroom Grab Bar, Knurled Bathroom Balance Bar,Safety Hand Rail Support Handicap Elderly Senior Assist Bath Handle",,Munzong,,BUILDING_AND_HARDWARE,USED_GOOD,,777886139062,1,76.69,Lot: AMZ_3PL_20260409_025 | Pallet: LIQ:3PL:PALLET:LNRM:PAL-69669 | LPN: LPNNA6C13GCJH,4.76,9.52
601,601,"Sasylvia 3 Pcs Expandable Window Screens 21.7 H"" x 28-52 W"" Large Adjustable Window Screens with Aluminum Frame White Replacement Screen for House Windows Horizontal Slide Pre Framed Window",,Sasylvia,,BUILDING_AND_HARDWARE,USED_GOOD,,,1,85.79,Lot: AMZ_3PL_20260409_025 | Pallet: LIQ:3PL:PALLET:LNRM:PAL-69172 | LPN: LPNNA6JL6C4RC,5.32,10.64
602,602,Didaey 24 Set Beach Sand Buckets and Shovels Set Includes 9 Inch Large Sand Buckets and Shovels Beach Pails Toys for Kids for Summer Theme Party Favors Summer Game (4 Colors),,Didaey,,MIXED_BUILDING_AND_INDUSTRIAL,USED_GOOD,,,1,84.44,Lot: AMZ_3PL_20260409_025 | Pallet: LIQ:3PL:PALLET:LNRM:PAL-69724 | LPN: LPNNA68Z71X5D,5.24,10.48
603,603,Joossnwell Bathroom Vanity Light Brushed Nickel Bathroom Light Fixtures Over Mirror 23.62 inch 5CCT Dimmable Modern LED Vanity Lighting Bar ETL Certificated,,Joossnwell,,BUILDING_AND_HARDWARE,USED_GOOD,,788609746580,1,79.29,Lot: AMZ_3PL_20260409_025 | Pallet: LIQ:3PL:PALLET:LNRM:PAL-69302 | LPN: LPNNA6ZXGLJ71,4.92,9.84
604,604,"Andjoor Kids Jumping Ramp for Skateboard, Bike, Scooter, BMX, RC Car and Dirt Bike, 25.2 in, Red",,Andjoor,,BUILDING_AND_HARDWARE,USED_GOOD,,,1,77.99,Lot: AMZ_3PL_20260409_025 | Pallet: LIQ:3PL:PALLET:LNRM:PAL-68868 | LPN: LPNNA6R13MMR2,4.84,9.68
605,605,"Lineshading 5Pcs Replacement Fan Blades for 42 52 Ceiling Fan Waterproof Weatherproof Blades Replacement for Broken Substitution Indoor Outdoor Summer(White,52 Inch)",,Lineshading,,BUILDING_AND_HARDWARE,USED_GOOD,,,1,77.99,Lot: AMZ_3PL_20260409_025 | Pallet: LIQ:3PL:PALLET:LNRM:PAL-69699 | LPN: LPNNA6JZY62YX,4.84,9.68
606,606,KCO Lighting Clear Globe Pendant Lights Kitchen Island Bubble Glass Pendant Lighting Gold Hanging Light Fixture Mid Century Modern Hanging Lamp for Living Room Dining Room,,KCO,,BUILDING_AND_HARDWARE,USED_GOOD,,,1,77.31,Lot: AMZ_3PL_20260409_025 | Pallet: LIQ:3PL:PALLET:LNRM:PAL-68867 | LPN: LPNNA6J6YLZ3N,4.79,9.58
607,607,"HOXWELL Modular Threshold Ramps for Doorways, 4"" Rise Wheelchairs Ramps for Home, Solid Upgrade Material 3000 Lbs Load Capacity Door Ramps for Wheelchairs and Cars (2 PCS)",,HOXWELL,,MIXED_BUILDING_AND_INDUSTRIAL,USED_GOOD,,,1,87.09,Lot: AMZ_3PL_20260409_025 | Pallet: LIQ:3PL:PALLET:LNRM:PAL-69856 | LPN: LPNNA6RCGPHSC,5.40,10.80
608,608,"Howeall 30""W x 12""H [Duct Opening Size] Steel Return Air Filter Grille - Removable Face/Door for 1 inch Filters -HVAC Vent Cover Grill - White [Outer Dimensions: 32 5/8""W X 14 5/8""H]",,Howeall,,BUILDING_AND_HARDWARE,USED_GOOD,,,1,87.09,Lot: AMZ_3PL_20260409_025 | Pallet: LIQ:3PL:PALLET:LNRM:PAL-69699 | LPN: LPNNA6TKZPFZY,5.40,10.80
609,609,"Fits 24x20 Duct Opening | Steel Return Air Filter Grille by Handua [Removable Door] for 1-inch Filters | Vent Cover Grill | White | HVAC Cold Air Intake Grille | Out Dim: 26 5/8""W X 22 5/8""H",,Handua,,BUILDING_AND_HARDWARE,USED_GOOD,,038775628730,1,86.20,Lot: AMZ_3PL_20260409_025 | Pallet: LIQ:3PL:PALLET:LNRM:PAL-69131 | LPN: LPNNA6CWDNFV4,5.35,10.70
610,610,"60 Inch Ceiling Fan Downrod, 1"" Diameter Black Ceiling Fan Extension Rod (No Threads),Universal Down Rods for Ceiling Fans,Easy Installation",,FEHEED,,BUILDING_AND_HARDWARE,USED_GOOD,,,1,85.79,Lot: AMZ_3PL_20260409_025 | Pallet: LIQ:3PL:PALLET:LNRM:PAL-69638 | LPN: LPNNA637Q2F8Z,5.32,10.64
611,611,"71"" x 36"" (6' x 3') Indoor Outdoor Door Mat,Large Heavy Duty Entrance Doormat,Non-Slip Rubber Backing Low-Profile Welcome Entrance Mats for Entry, Brown",,MAKUANG,,MIXED_BUILDING_AND_INDUSTRIAL,USED_GOOD,,,1,84.49,Lot: AMZ_3PL_20260409_025 | Pallet: LIQ:3PL:PALLET:LNRM:PAL-69302 | LPN: LPNNA67MCT3Z5,5.24,10.48
612,612,"Luxdecor Real Wood Planks for Wall- White Shiplap Boards 5"" Peel and Stick Shiplap Boards 10 Pieces Wall Shiplap Planks Board 12.5 Sq Ft",,Luxdecor,,BUILDING_AND_HARDWARE,USED_GOOD,,,1,83.19,Lot: AMZ_3PL_20260409_025 | Pallet: LIQ:3PL:PALLET:LNRM:PAL-69699 | LPN: LPNNA6HMC47NY,5.16,10.32
613,613,"Smooth White Drop Ceiling Tile 2ft x 2ft, Ceiling Panel 24 x 24in – Waterproof, Washable and Fire-Rated to Prevent Breakage- Cover 48 Sq. Ft-Package of 12 Tiles",,Gigrwiin,,BUILDING_AND_HARDWARE,USED_GOOD,,605128917669,1,83.17,Lot: AMZ_3PL_20260409_025 | Pallet: LIQ:3PL:PALLET:LNRM:PAL-68861 | LPN: LPNNA65L7VS4F,5.16,10.32
614,614,"JZEKVN Modern LED Bathroom Lights Fixtures 4-Light,Metal Black Acrylic Wall Lighting,Vanity Lights for Bathroom Over Mirror 6000k 27in",,JZEKVN,,BUILDING_AND_HARDWARE,USED_GOOD,,,1,81.89,Lot: AMZ_3PL_20260409_025 | Pallet: LIQ:3PL:PALLET:LNRM:PAL-68868 | LPN: LPNNA62PW2C3F,5.08,10.16
615,615,"1.2 Cubic Feet Small Fire Safe Box for Home, Fireproof Lock Box, Security Money Safe with Digital Keypad, Spare Keys and Removable Shelf, Personal Home Safes for Money, Jewelry, ID Documents",,Psisuvry,,BUILDING_AND_HARDWARE,USED_GOOD,,,1,80.26,Lot: AMZ_3PL_20260409_025 | Pallet: LIQ:3PL:PALLET:LNRM:PAL-69399 | LPN: LPNNA6Y8F5RXR,4.98,9.96
616,616,"FFKJDM Large 29-inch Half Moon Light for Nail Desk,48W Lamp for Nail Desk with Hand Pillow and Phone Holder, Nail Desk lamp Pink for lash Eyelash Extension,Color Temperature 3000K-6000K (Pink)",,FFKJDM,,BUILDING_AND_HARDWARE,USED_GOOD,,,1,77.99,Lot: AMZ_3PL_20260409_025 | Pallet: LIQ:3PL:PALLET:LNRM:PAL-69372 | LPN: LPNNA65YRHN6C,4.84,9.68
617,617,"SIBRILLE Torchiere Floor Lamp - 72"" Tall LED Standing Lamp with Remote/Button Control, 1800Lm, 3000-6500K, 30W Dimmable Modern Corner Floor Light for Living Room Bedroom Office Apartment, Black",,SIBRILLE,,BUILDING_AND_HARDWARE,USED_GOOD,,,1,77.99,Lot: AMZ_3PL_20260409_025 | Pallet: LIQ:3PL:PALLET:LNRM:PAL-69648 | LPN: LPNNA673PSTR3,4.84,9.68
618,618,AHOWPD 3D Printer Stand with Filaments Storage - 3D Printer Table Filament Storage Rack Heavy Duty 3D Desk for Workshop Studio Office (Brown),,AHOWPD,,MIXED_BUILDING_AND_INDUSTRIAL,USED_GOOD,,,1,77.86,Lot: AMZ_3PL_20260409_025 | Pallet: LIQ:3PL:PALLET:LNRM:PAL-69131 | LPN: LPNNA6FQ7PH1B,4.83,9.66
619,619,"Hoovate 20 x 25 Inch (Duct Opening) Return Air Filter Grille for 1 Inch Filters, HVAC Vent Cover for Wall & Ceiling, Powder-Coated Steel with Removable Door",,Hoovate,,BUILDING_AND_HARDWARE,USED_GOOD,,,1,77.79,Lot: AMZ_3PL_20260409_025 | Pallet: LIQ:3PL:PALLET:LNRM:PAL-69699 | LPN: LPNNA6BCBQB29,4.82,9.64
620,620,"QUTWOB 20"" Cage Ceiling Fan Light with Light and Remote Control with Lightweight Bladeless Industrial Ceiling Fan, Bedroom Ceiling Fan Light for Porch, Patio, Farmhouse, Indoor (Black)",,QUTWOB,,BUILDING_AND_HARDWARE,USED_GOOD,,,1,76.70,Lot: AMZ_3PL_20260409_025 | Pallet: LIQ:3PL:PALLET:LNRM:PAL-69699 | LPN: LPNNA6Z144KP4,4.76,9.52
621,621,"DAKASON 4-Pack 2FT LED Ceiling Light for Garage Flush Mount, 18W 2160lm LED Shop Lighting Closet Light Fixture, Wraparound Lights Surface Mount, 3/4/5000K Adjustable",,DAKASON,,BUILDING_AND_HARDWARE,USED_GOOD,,,1,76.69,Lot: AMZ_3PL_20260409_025 | Pallet: LIQ:3PL:PALLET:LNRM:PAL-68868 | LPN: LPNNA69JPCZH7,4.76,9.52
622,622,"TORACK 24"" Folding Shelf Brackets Heavy Duty Shelf Bracket Wall Mounted Triangle Hinges for Shelves Collapsible Table Brackets Workbench Supports for Garage(1 Pair)",,TORACK,,BUILDING_AND_HARDWARE,USED_GOOD,,,1,76.69,Lot: AMZ_3PL_20260409_025 | Pallet: LIQ:3PL:PALLET:LNRM:PAL-68867 | LPN: LPNNA638GHVK6,4.76,9.52
623,623,"UV Light Sanitizer with Ozone 76 Watts (2x38W), UVC Disinfection Lamp w/Remote Control, Odor and Dust Mite Removal, Ultraviolet Light for Kitchen/Basement/Bathroom Black",,BAIMNOCM,,BUILDING_AND_HARDWARE,USED_GOOD,,,1,85.79,Lot: AMZ_3PL_20260409_025 | Pallet: LIQ:3PL:PALLET:LNRM:PAL-69729 | LPN: LPNNA6SSPDCGK,5.32,10.64
624,624,"DYCacrlic 2 Pack Acrylic 24x48 Plexiglass Sheet 1/8 inch Thick - Clear Transparent Acrylic Sheets 24 x 48 for Laser Cutting,Signs,Crafts,Machine Cover,Shelves,Display,Tabletop,Windows Glass",,DYCacrlic,,MIXED_BUILDING_AND_INDUSTRIAL,USED_GOOD,,,1,85.79,Lot: AMZ_3PL_20260409_025 | Pallet: LIQ:3PL:PALLET:LNRM:PAL-69638 | LPN: LPNNK58TV6R7S,5.32,10.64
625,625,"VOLISUN Battery Operated Wall Sconces Set of Two, Rechargeable Wall Sconces with Remote, 3000K-6500K Dimmable Battery Wall Sconce Decor, 27.6'' Wireless Wall Lights for Bedroom, Living Room(Black)",,VOLISUN,,BUILDING_AND_HARDWARE,USED_GOOD,,,1,84.49,Lot: AMZ_3PL_20260409_025 | Pallet: LIQ:3PL:PALLET:LNRM:PAL-68867 | LPN: LPNNA6JMD2SV7,5.24,10.48
626,626,"Height Adjustable Bed Rail for Elderly Adults, Adjustable Bed Assist Rail with Nonslip Grip, Folding Table & Storage Bag, Bed Assist Bar for Seniors, Post-Op & Pregnant Users, Fits Most Bed Sizes",,Makonb,,MIXED_BUILDING_AND_INDUSTRIAL,USED_GOOD,,,1,83.19,Lot: AMZ_3PL_20260409_025 | Pallet: LIQ:3PL:PALLET:LNRM:PAL-69699 | LPN: LPNNA6VTRH9DF,5.16,10.32
627,627,"YLL YLL PVC Slat Wall Panel Peel and Stick 236""x 15.7"" Faux Black Wood Grain Slat Panel Self-Adhesive Wallpaper Soundproof 3D Wall Panels",,YLL YLL,,BUILDING_AND_HARDWARE,USED_GOOD,,,1,83.16,Lot: AMZ_3PL_20260409_025 | Pallet: LIQ:3PL:PALLET:LNRM:PAL-69131 | LPN: LPNNA66XM5PSC,5.16,10.32
628,628,CCYCOL Modern Bathroom Vanity Light Black Bathroom Light Fixture Over Mirror 32 Inch 26W Dimmable 5CCT LED Vanity Light Bar for Bathroom Mirror Cabinets Bedroom,,CCYCOL,,BUILDING_AND_HARDWARE,USED_GOOD,,,1,81.90,Lot: AMZ_3PL_20260409_025 | Pallet: LIQ:3PL:PALLET:LNRM:PAL-69849 | LPN: LPNNA67Z7PQ4V,5.08,10.16
629,629,"PrettyHome Shower Curtain Rod Hoop Square Shape Bathroom Heavy Duty No Rust Oval Shower Rod 58.3""x24"" for Clawfoot Tub,for Free Standing Tubs Brushed Nickel",,PrettyHome,,BUILDING_AND_HARDWARE,USED_GOOD,,784848012646,1,81.89,Lot: AMZ_3PL_20260409_025 | Pallet: LIQ:3PL:PALLET:LNRM:PAL-68867 | LPN: LPNNA6VPW359D,5.08,10.16
630,630,"Tassuowell Hardwired Picture Light,24 Inch Dimmable Art Light for Paintings,14W,3000K Warm White,Antique Bronze Rotatable Picture Frame Lights for Wall Art,Gallery,Portrait,Dartboard,Mirror",,Tassuowell,,BUILDING_AND_HARDWARE,USED_GOOD,,,1,81.51,Lot: AMZ_3PL_20260409_025 | Pallet: LIQ:3PL:PALLET:LNRM:PAL-69661 | LPN: LPNNA6LPXM2K4,5.05,10.10
631,631,"MUWOOD Peg Board, 3 Pack Metal Pegboard Panels White Pegboards Wall Organizer with Frame Large Heavy Duty Peg Board with Hooks for Walls Home, Garage Tool Storage, Office, Craft Room, Kitchen 24”×16”",,MUWOOD,,BUILDING_AND_HARDWARE,USED_GOOD,,762949598559,1,81.50,Lot: AMZ_3PL_20260409_025 | Pallet: LIQ:3PL:PALLET:LNRM:PAL-69739 | LPN: LPNNA6VDMG1NT,5.05,10.10
632,632,"41-Inch 1” Drive Breaker Bar, Heavy Duty Extension Breaker Bar, 250° Rotatable Head, Premium Chromium Molybdenum Steel, Mechanical Work, Automobile and Motorcycle Maintenance and Repair",,KIRXST,,MIXED_BUILDING_AND_INDUSTRIAL,USED_GOOD,,,1,80.22,Lot: AMZ_3PL_20260409_025 | Pallet: LIQ:3PL:PALLET:LNRM:PAL-69302 | LPN: LPNNK5FSLV2HL,4.97,9.94
633,633,"MQOUO 24.4"" Wireless Picture Lights, Rechargeable Battery Art Display Light with Remote Control, Dimmable/Timer Off Dartboard Light, 3 Lighting Modes Full Metal Painting Display Lights (Black-1Pack)",,MQOUO,,BUILDING_AND_HARDWARE,USED_GOOD,,,1,79.55,Lot: AMZ_3PL_20260409_025 | Pallet: LIQ:3PL:PALLET:LNRM:PAL-69302 | LPN: LPNNA6SL9W7VM,4.93,9.86
634,634,"12V Linear Actuator, 10 Inch Stroke Heavy Duty Electric Actuator 6000N/1320lb with Manual Switch Controller IP54 Waterproof",,RVMARINEPAT,,MIXED_BUILDING_AND_INDUSTRIAL,USED_GOOD,,,1,79.29,Lot: AMZ_3PL_20260409_025 | Pallet: LIQ:3PL:PALLET:LNRM:PAL-69685 | LPN: LPNNA6C4HK2M2,4.92,9.84
635,635,"Wood-All White Oak Wood Veneer Sheet, Rift Cut, 24x96, A Grade, 10 mil Paperback",,Wood-All,,MIXED_BUILDING_AND_INDUSTRIAL,USED_GOOD,,819443011111,1,79.07,Lot: AMZ_3PL_20260409_025 | Pallet: LIQ:3PL:PALLET:LNRM:PAL-69131 | LPN: LPNNA63YPXSJ2,4.90,9.80
636,636,"Ohniyou 48'' Fandelier Ceiling Fan with Light - Modern Black Ceiling Light Fixture with Fan and Remote, 3 Colors LED Ceiling Fans for Outdoor Patio Kitchen",,Ohniyou,,BUILDING_AND_HARDWARE,USED_GOOD,,,1,77.99,Lot: AMZ_3PL_20260409_025 | Pallet: LIQ:3PL:PALLET:LNRM:PAL-69302 | LPN: LPNNK53L8RX79,4.84,9.68
637,637,"DoubleFill 3"" Roll up Garage Brush Seal for Side, 8ft Long Heavy Duty Garage Door Seal Nylon Brush with Aluminum Track No-Drill 45deg Holder for Commercial, Corrugated, Sliding Barn, Hangar Doors",,DoubleFill,,BUILDING_AND_HARDWARE,USED_GOOD,,,1,77.99,Lot: AMZ_3PL_20260409_025 | Pallet: LIQ:3PL:PALLET:LNRM:PAL-69685 | LPN: LPNNA6TL4QYTP,4.84,9.68
638,638,"Mayi Plus 4 Step Ladder, Lightweight Folding Step Stool with Convenient Handgrip,Aluminum 330lbs Capacity Step Ladder for Office,Household,Kitchen,Library(Grey)",,mayi plus,,BUILDING_AND_HARDWARE,USED_GOOD,,611834085080,1,77.99,Lot: AMZ_3PL_20260409_025 | Pallet: LIQ:3PL:PALLET:LNRM:PAL-69742 | LPN: LPNNA67PW1NL2,4.84,9.68
639,639,"Art3d Natural Bamboo Wall Panel for Interior Wall Decor, Renewable Pole Wrap Wainscoting Paneling for Wall Ceiling Furniture Cabinet Office, 48 x 96 Inch - Carbonized",,Art3d,,BUILDING_AND_HARDWARE,USED_GOOD,,,1,77.79,Lot: AMZ_3PL_20260409_025 | Pallet: LIQ:3PL:PALLET:LNRM:PAL-69372 | LPN: LPNNA6G68QK3Z,4.82,9.64
640,640,"2-Pack 20x20x4 Replacement Air Filter for Honeywell FC100A1011, Lennox X0585 MERV 13 Allergy & Dust Defense, Pleated HVAC AC Furnace Filters(Actual Size: 19.94 x 19.75 x 4.38 Inches)",,VERIVOXIA,,BUILDING_AND_HARDWARE,USED_GOOD,,747558669319,1,77.21,Lot: AMZ_3PL_20260409_025 | Pallet: LIQ:3PL:PALLET:LNRM:PAL-69739 | LPN: LPNNA6XTV8ZVB,4.79,9.58
641,641,"55-2 Attic Ladder Hinge Arms Replacement for Werner Mk5, WU2210, W2208, W2210, Compatible with Werner Attic Ladders Manufactured After 2010, with Springs",,YPZDY,,BUILDING_AND_HARDWARE,USED_GOOD,,761946516450,1,74.09,Lot: AMZ_3PL_20260409_025 | Pallet: LIQ:3PL:PALLET:LNRM:PAL-69131 | LPN: LPNNA6RPWHR9V,4.59,9.18
642,642,"Gold Globe Semi Flush Mount Ceiling Light,Mid Century Modern Light Fixture Ceiling,Globe Ceiling Light for Hallway Living Room Kitchen Bedroom Storage Schoolhouse Laundry(Bulb Incl.)",,Bagood,,BUILDING_AND_HARDWARE,USED_GOOD,,,1,75.40,Lot: AMZ_3PL_20260409_025 | Pallet: LIQ:3PL:PALLET:LNRM:PAL-69661 | LPN: LPNNA6GNPLJ52,4.68,9.36
643,643,"HTOH Gold Shower Drain, 24 Inch Linear Shower Drain with Removable Tile Insert Grate, 2 in 1 Bathroom Modern 304 Stainless Steel Brushed Gold Shower Floor Drain with Adjustable Feet,Hair Strainer",,HTOH,,BUILDING_AND_HARDWARE,USED_GOOD,,,1,74.09,Lot: AMZ_3PL_20260409_025 | Pallet: LIQ:3PL:PALLET:LNRM:PAL-69644 | LPN: LPNNA6KCGG4K2,4.59,9.18
644,644,"Art3d Ceiling Crown Molding Trim 10-Pack 47Ft, High Impact Polystyrene Decorative Ceiling Moulding - Installed with Glue, White",,Art3d,,BUILDING_AND_HARDWARE,USED_GOOD,,,1,73.44,Lot: AMZ_3PL_20260409_025 | Pallet: LIQ:3PL:PALLET:LNRM:PAL-69699 | LPN: LPNNA6594Q6MZ,4.55,9.10
645,645,"Bypass Mirror Closet Door Bottom Track, 48"" Length, 2-11/16"" Width, Gray Metal, Roll Formed Steel Sliding Door Guide Rail, Fit Convex Roller Assemblies",,DIYHD,,BUILDING_AND_HARDWARE,USED_GOOD,,,1,72.87,Lot: AMZ_3PL_20260409_025 | Pallet: LIQ:3PL:PALLET:LNRM:PAL-69699 | LPN: LPNNA65ZZYYD9,4.52,9.04
646,646,"JO.KO 23.6 Inch LED Picture Lights for Wall Hardwired, Poster Art Gallery Light 10-100% Dimmable, 3000k Warm White Gold Wall Sconces 14W CRI90 for Gallery Artwork, Paintings and Bathroom",,JO.KO,,BUILDING_AND_HARDWARE,USED_GOOD,,,1,72.85,Lot: AMZ_3PL_20260409_025 | Pallet: LIQ:3PL:PALLET:LNRM:PAL-69372 | LPN: LPNNA6Q1722YT,4.52,9.04
647,647,"2pcs Floating Shelf Bracket Heavy Duty,Decorative Floating Shelf Hardware Hidden Black Metal Fireplace Mantel Brackets (18""X6""X1.0"" with Tools )",,Craftersmark,,BUILDING_AND_HARDWARE,USED_GOOD,,,1,72.79,Lot: AMZ_3PL_20260409_025 | Pallet: LIQ:3PL:PALLET:LNRM:PAL-69172 | LPN: LPNNA6B7NZ59Y,4.51,9.02
648,648,"Chilinii Chilinii Sink Protectors for Kitchen Sink 30"" x 16"" - Rectangular Extra Large Sink Grid for Kitchen Sink Bottom, Rust-Resistant Drainage Rack with Scratch Prevention Centered Drain",,chilinii,,BUILDING_AND_HARDWARE,USED_GOOD,,,1,72.79,Lot: AMZ_3PL_20260409_025 | Pallet: LIQ:3PL:PALLET:LNRM:PAL-68867 | LPN: LPNNA6G92W4CP,4.51,9.02
649,649,"SS114 Elongated Toilet Seat Compatible with TOTO SS113/SS154/SS224/SS204, Soft Close Elongated Toilet Seat, Traditional Toilet Seat Replacement with Toilet Bolts and Nut - Cotton White",,gcbcrit,,BUILDING_AND_HARDWARE,USED_GOOD,,,1,71.10,Lot: AMZ_3PL_20260409_025 | Pallet: LIQ:3PL:PALLET:LNRM:PAL-69131 | LPN: LPNNA6G955HLW,4.41,8.82
650,650,"Brown Mailboxes for Outside, RAINHOL Post Mount Mailbox, Galvanized Steel Medium Capacity Mail Boxes, 19 x 8.7 x 6.7 Inches",,RAINHOL,,BUILDING_AND_HARDWARE,USED_GOOD,,,1,69.15,Lot: AMZ_3PL_20260409_025 | Pallet: LIQ:3PL:PALLET:LNRM:PAL-68868 | LPN: LPNNA68NNHPKC,4.29,8.58
651,651,"PATIKIL 20"" x 20"" Aluminum Return Grille, Air Supply Vent Cover Linear Bar Ventilation Grille for Sidewall Wall Ceiling HVAC System, Outer Size: 21.7"" x 21.7"", White",,PATIKIL,,BUILDING_AND_HARDWARE,USED_GOOD,,,1,68.89,Lot: AMZ_3PL_20260409_025 | Pallet: LIQ:3PL:PALLET:LNRM:PAL-69729 | LPN: LPNNA6HYRZSF1,4.27,8.54
652,652,"Art3d Drop Ceiling Tiles 24x24 in White (12-Pack, 48 Sq.ft), Wainscoting Panels Glue Up 2x2",,Art3d,,BUILDING_AND_HARDWARE,USED_GOOD,,,1,68.02,Lot: AMZ_3PL_20260409_025 | Pallet: LIQ:3PL:PALLET:LNRM:PAL-69849 | LPN: LPNNA6516VJY9,4.22,8.44
653,653,"Hand Rails for Outdoor Steps, 2-5 Steps Wrought Iron Handrails for Outdoor Steps, Stair Railing for Porch, Home, Garden, Indoor, Staircase Handrails for Wooden, Cement, Brick, Marble (3 Steps)",,Dovov,,BUILDING_AND_HARDWARE,USED_GOOD,,850076254117,1,67.91,Lot: AMZ_3PL_20260409_025 | Pallet: LIQ:3PL:PALLET:LNRM:PAL-69729 | LPN: LPNNA63JRHCL8,4.21,8.42
654,654,"VallisCo 8 PCS Deck Blocks, Tuff Blocks Deck Foundation with Stone Accessories & Rubber Pads, Adjustable Deck Support Pedestal(3.54"" to 4.65"") - Deck Footings Without Digging,Special Dad's Gift",,VallisCo,,BUILDING_AND_HARDWARE,USED_GOOD,,,1,66.57,Lot: AMZ_3PL_20260409_025 | Pallet: LIQ:3PL:PALLET:LNRM:PAL-68861 | LPN: LPNNA6Y8G8XB3,4.13,8.26
655,655,"VallisCo 8 PCS Deck Blocks, Tuff Blocks Deck Foundation with Stone Accessories & Rubber Pads, Adjustable Deck Support Pedestal(3.54"" to 4.65"") - Deck Footings Without Digging,Special Dad's Gift",,VallisCo,,BUILDING_AND_HARDWARE,USED_GOOD,,,1,66.57,Lot: AMZ_3PL_20260409_025 | Pallet: LIQ:3PL:PALLET:LNRM:PAL-68861 | LPN: LPNNA62G25FFT,4.13,8.26
656,656,"SATECH Sticky/Tacky/Adhesive Mat 24"" x 36"" Grey (Case of 4 Mats,30 Sheets Each) for Cleanroom Laboratory Hospital Construction Pets",,SATECH,,MIXED_BUILDING_AND_INDUSTRIAL,USED_GOOD,,793169535642,1,65.47,Lot: AMZ_3PL_20260409_025 | Pallet: LIQ:3PL:PALLET:LNRM:PAL-69685 | LPN: LPNNK5BKXYRXZ,4.06,8.12
657,657,"LazBlinds No Tools No Drill Cordless Cellular Shades, Top Down Bottom Up (TDBU) Honeycomb Shades for Home, Blackout Light Blocking Thermal Insulation Blinds for Windows, 32"" W x 72"" H, White",,LazBlinds,,BUILDING_AND_HARDWARE,USED_GOOD,,,1,75.32,Lot: AMZ_3PL_20260409_025 | Pallet: LIQ:3PL:PALLET:LNRM:PAL-69302 | LPN: LPNNA6YDLTS7K,4.67,9.34
658,658,"CANEOE Modern Wall Sconce, 39Inch Gold LED Wall Light Fixtures,6000K Bathroom Vanity Light Fixtures Over Mirror Indoor Bedroom Wall Lamps for Living Room Hallway Sconces Lighting",,CANEOE,,BUILDING_AND_HARDWARE,USED_GOOD,,,1,74.09,Lot: AMZ_3PL_20260409_025 | Pallet: LIQ:3PL:PALLET:LNRM:PAL-69669 | LPN: LPNNA6YQZH15D,4.59,9.18
659,659,"24 Inch Linear Shower Drain - Matte Black 304 Stainless Steel Rectangular Floor Drain with Adjustable Leveling Feet, Hair Strainer and Removable Grate",,kuaisailsk,,BUILDING_AND_HARDWARE,USED_GOOD,,750961758259,1,74.09,Lot: AMZ_3PL_20260409_025 | Pallet: LIQ:3PL:PALLET:LNRM:PAL-68861 | LPN: LPNNA6J8LDV16,4.59,9.18
660,660,"RDUIGT 48"" W x 96"" L Bamboo Wall Panel for Interior Wall Decor Wood Panels for Wall Pole Wrap Wood Roll for Living Room, Bedroom, Kitchen (Carbonized)",,RDUIGT,,MIXED_BUILDING_AND_INDUSTRIAL,USED_GOOD,,,1,74.09,Lot: AMZ_3PL_20260409_025 | Pallet: LIQ:3PL:PALLET:LNRM:PAL-69849 | LPN: LPNNA6QNQMPM7,4.59,9.18
661,661,"1.2 Cub Small Fireproof Safe for Home, Personal Fire Safe Box with Digital Keypad Key and Removable Shelf, Small Security Box for Money Firearm Medicine Valuables",,VIDXCVIT,,BUILDING_AND_HARDWARE,USED_GOOD,,,1,73.31,Lot: AMZ_3PL_20260409_025 | Pallet: LIQ:3PL:PALLET:LNRM:PAL-69399 | LPN: LPNNA69G4HR86,4.55,9.10
662,662,"Bypass Mirror Closet Door Bottom Track, 48"" Length, 2-11/16"" Width, Gray Metal, Roll Formed Steel Sliding Door Guide Rail, Fit Convex Roller Assemblies",,DIYHD,,BUILDING_AND_HARDWARE,USED_GOOD,,,1,72.87,Lot: AMZ_3PL_20260409_025 | Pallet: LIQ:3PL:PALLET:LNRM:PAL-69699 | LPN: LPNNA67HJFMS8,4.52,9.04
663,663,"Collapsible Storage Bins, 23x15 Inches Plastic Stackable Utility Crates with Handles, Large Folding Containers Dolly Folding Baskets for Farm Home Office Organizing Tools, Books, Food, Drinks",,Chinco Star,,MIXED_BUILDING_AND_INDUSTRIAL,USED_GOOD,,,1,72.79,Lot: AMZ_3PL_20260409_025 | Pallet: LIQ:3PL:PALLET:LNRM:PAL-69638 | LPN: LPNNA6NDMXKKK,4.51,9.02
664,664,"Collapsible Storage Bins, 23x15 Inches Plastic Stackable Utility Crates with Handles, Large Folding Containers Dolly Folding Baskets for Farm Home Office Organizing Tools, Books, Food, Drinks",,Chinco Star,,MIXED_BUILDING_AND_INDUSTRIAL,USED_GOOD,,,1,72.79,Lot: AMZ_3PL_20260409_025 | Pallet: LIQ:3PL:PALLET:LNRM:PAL-69638 | LPN: LPNNA62MBTPZJ,4.51,9.02
665,665,"Fits 24x20 Duct Opening | Steel Return Air Grille by Handua | Vent Cover Grill for Sidewall and Ceiling | White | HVAC Cold Air Intake Grille | Outer Dimensions: 25.75""W X 21.75""",,Handua,,BUILDING_AND_HARDWARE,USED_GOOD,,038775628495,1,72.53,Lot: AMZ_3PL_20260409_025 | Pallet: LIQ:3PL:PALLET:LNRM:PAL-69519 | LPN: LPNNA6HHJCTWT,4.50,9.00
666,666,"Art3d Wall Baseboard Molding Trim 8-Pack of 56 x 3.2 in., High Impact Polystyrene Skirting Board - Installed with Glue - White",,Art3d,,BUILDING_AND_HARDWARE,USED_GOOD,,,1,71.49,Lot: AMZ_3PL_20260409_025 | Pallet: LIQ:3PL:PALLET:LNRM:PAL-69302 | LPN: LPNNA6Z4G3MMG,4.43,8.86
667,667,"Hand Rails for Outdoor Steps，Stair Handrail & Indoor Stair Railing Kit，Railings for Outdoor Steps for Fence & Outdoor Steps (1, Black-with Balusters, 2 Step)",,Metty Metal,,BUILDING_AND_HARDWARE,USED_GOOD,,732404190758,1,71.49,Lot: AMZ_3PL_20260409_025 | Pallet: LIQ:3PL:PALLET:LNRM:PAL-69638 | LPN: LPNNA6Y7TQ48K,4.43,8.86
668,668,"Atxbyoh No Drill Cordless Roman Shades for Windows No Tools Roman Shades, Blackout Fabric Blinds for Indoor Windows, UV Protection, Privacy, Thermal Insulation Roman Blinds, Easy to Install",,Atxbyoh,,BUILDING_AND_HARDWARE,USED_GOOD,,,1,71.36,Lot: AMZ_3PL_20260409_025 | Pallet: LIQ:3PL:PALLET:LNRM:PAL-69519 | LPN: LPNNA6W29BNZY,4.43,8.86
669,669,"SS114 Elongated Toilet Seat Compatible with TOTO SS113/SS154/SS224/SS204, Soft Close Elongated Toilet Seat, Traditional Toilet Seat Replacement with Toilet Bolts and Nut - Cotton White",,gcbcrit,,BUILDING_AND_HARDWARE,USED_GOOD,,,1,71.10,Lot: AMZ_3PL_20260409_025 | Pallet: LIQ:3PL:PALLET:LNRM:PAL-69685 | LPN: LPNNA65YWMBLF,4.41,8.82
670,670,"SMARTSTANDARD 5ft Barn Door Hardware Kit, Sliding Door Hardware, Heavy Duty, Easy to Install, Fit 30"" Wide Door Panel (I Shape Hanger)",,SMARTSTANDARD,,BUILDING_AND_HARDWARE,USED_GOOD,,,1,70.97,Lot: AMZ_3PL_20260409_025 | Pallet: LIQ:3PL:PALLET:LNRM:PAL-68867 | LPN: LPNNA6414N63B,4.40,8.80
671,671,"Flamax Color-Matched Custom Cordless Zebra Blinds, Light Control for Day and Night, Privacy Light Filtering Dual Layer Window Shade, Energy-Saving Cordless Zebra Blinds for Windows, Window Shade",,Flamax,,BUILDING_AND_HARDWARE,USED_GOOD,,753467188964,1,70.56,Lot: AMZ_3PL_20260409_025 | Pallet: LIQ:3PL:PALLET:LNRM:PAL-69302 | LPN: LPNNA6X8DKGMM,4.38,8.76
672,672,"SS114 Toilet Seat Replacement Compatible with TOTO, Elongated Soft Close Toilet Seat for SS113/SS154/SS204/SS214/SS224, Transitional Heavy Duty Oval Toilet Seats, 2-Pack Toilet Bolts and Nuts, White",,Hygie Rinse,,BUILDING_AND_HARDWARE,USED_GOOD,,,1,70.32,Lot: AMZ_3PL_20260409_025 | Pallet: LIQ:3PL:PALLET:LNRM:PAL-68861 | LPN: LPNNA6T8HPV2Q,4.36,8.72
673,673,"Handrails for Outdoor Steps & Indoor Stair Railing Kit, 1-2 Steps Safety Hand Rail for Porch & Deck",,Metty Metal,,BUILDING_AND_HARDWARE,USED_GOOD,,029082220861,1,68.89,Lot: AMZ_3PL_20260409_025 | Pallet: LIQ:3PL:PALLET:LNRM:PAL-69302 | LPN: LPNNA67YS1KFC,4.27,8.54
674,674,"54 Sq. Ft Floor Tiles Peel and Stick Vinyl Floor 36 x 6 inch Luxury Self Adhesive Waterproof Flooring Planks DIY for Kitchen, Living Room, Shops, RV, Wood Look Plank, 36-Pack, Rustic Brown",,ZRJT,,BUILDING_AND_HARDWARE,USED_GOOD,,,1,67.91,Lot: AMZ_3PL_20260409_025 | Pallet: LIQ:3PL:PALLET:LNRM:PAL-68861 | LPN: LPNNA6QHF3BHC,4.21,8.42
675,675,"LazBlinds No Drill Roman Shades for Windows, Cordless Light Filtering Window Shades with UV Protection, Polyester Fabric for Bedroom & Living Room, 34"" W x 64"" H, Grey",,LazBlinds,,BUILDING_AND_HARDWARE,USED_GOOD,,,1,75.10,Lot: AMZ_3PL_20260409_025 | Pallet: LIQ:3PL:PALLET:LNRM:PAL-69849 | LPN: LPNNA6515BXLC,4.66,9.32
676,676,"LVYIHAN Titanium Gold Square Barn Door Handles 12""/16""/18""/24""/36""/48""/59'', Pull Push Long French Door Handle Double Sided, Large Front Exterior Shower Door Pull Handles",,LVYIHAN,,BUILDING_AND_HARDWARE,USED_GOOD,,785343251011,1,74.09,Lot: AMZ_3PL_20260409_025 | Pallet: LIQ:3PL:PALLET:LNRM:PAL-69638 | LPN: LPNNA68W4Z714,4.59,9.18
677,677,"GameGem 3 Step Ladder Folding Step Stool with Wide Anti-Slip Pedal, 330LBS Capacity, Lightweight Portable Stepladder for Home and Kitchen Use, Cream Chocolate",,GameGem,,BUILDING_AND_HARDWARE,USED_GOOD,,,1,74.09,Lot: AMZ_3PL_20260409_025 | Pallet: LIQ:3PL:PALLET:LNRM:PAL-69699 | LPN: LPNNA6TXM77GK,4.59,9.18
678,678,"Carmerny Blue Pure 211+ True HEPA Replacement Filter Compatible with Blueair Blue Pure 211+ and Max Air Cleaner Purifier, 2 Pack",,Carmerny,,BUILDING_AND_HARDWARE,USED_GOOD,,,1,74.09,Lot: AMZ_3PL_20260409_025 | Pallet: LIQ:3PL:PALLET:LNRM:PAL-69849 | LPN: LPNNA6SFX2S78,4.59,9.18
679,679,"Art3d Ceiling Crown Molding Trim 10-Pack 47Ft, High Impact Polystyrene Decorative Ceiling Moulding - Installed with Glue, White",,Art3d,,BUILDING_AND_HARDWARE,USED_GOOD,,,1,73.44,Lot: AMZ_3PL_20260409_025 | Pallet: LIQ:3PL:PALLET:LNRM:PAL-69849 | LPN: LPNNK568F196G,4.55,9.10
680,680,"Bliwans Light Blocking Strips for Window Shades and Blinds, 100% Blackout PVC Side Tracks Light Blocker for Blinds, Window Light Blocker for Bedroom(White, 58"", 4PCS)",,Bliwans,,BUILDING_AND_HARDWARE,USED_GOOD,,,1,73.10,Lot: AMZ_3PL_20260409_025 | Pallet: LIQ:3PL:PALLET:LNRM:PAL-69372 | LPN: LPNNA6YSHKWPJ,4.53,9.06
681,681,"Eicrkodn Black Bathroom Vanity Light 31.5 inch, 26W Dimmable 5CCT LED Modern Bathroom Light Fixture Over Mirror - ETL Certificated",,Eicrkodn,,BUILDING_AND_HARDWARE,USED_GOOD,,,1,72.79,Lot: AMZ_3PL_20260409_025 | Pallet: LIQ:3PL:PALLET:LNRM:PAL-69302 | LPN: LPNNA64Q4T8BD,4.51,9.02
682,682,"Sharpeye 24 Inch Linear Shower Drain with Removable Wedge Wire Pattern Grate, Brushed Nickel 304 Stainless Steel Rectangle Shower Floor Drain for Bathroom, CUPC Certified, with Hair Strainer",,Sharpeye,,BUILDING_AND_HARDWARE,USED_GOOD,,768490027043,1,72.79,Lot: AMZ_3PL_20260409_025 | Pallet: LIQ:3PL:PALLET:LNRM:PAL-68868 | LPN: LPNNA6N8FLS6L,4.51,9.02
683,683,"AOSKY Cordless Roller Shades Blackout Blinds for Windows Room Darkening Rolled Up Shades with Spring System, UV Protection Window Shades Door Blinds for Home and Office (33.5"" W x 72"" H, Black)",,AOSKY,,BUILDING_AND_HARDWARE,USED_GOOD,,,1,71.49,Lot: AMZ_3PL_20260409_025 | Pallet: LIQ:3PL:PALLET:LNRM:PAL-69724 | LPN: LPNNA6P2T445B,4.43,8.86
684,684,"NOTASA Shed Windows 2 Pack, Chicken Coop Windows 12"" x 18"" with Tempered Glass and Fiberglass Screen, Flush Mounted Small Window for Shed, Barns, Playhouse, Household, Garage (Black)",,NOTASA,,BUILDING_AND_HARDWARE,USED_GOOD,,,1,71.49,Lot: AMZ_3PL_20260409_025 | Pallet: LIQ:3PL:PALLET:LNRM:PAL-69742 | LPN: LPNNA67R2K81K,4.43,8.86
685,685,"Handrails for Outdoor Steps & Indoor Stair Railing Kit, 1-2 Steps Safety Hand Rail for Porch & Deck",,Metty Metal,,BUILDING_AND_HARDWARE,USED_GOOD,,029082220861,1,68.89,Lot: AMZ_3PL_20260409_025 | Pallet: LIQ:3PL:PALLET:LNRM:PAL-69302 | LPN: LPNNA6VHDNHZ7,4.27,8.54
686,686,Zhanmai 2 Pack White Desk Organizer with Drawer Total Wire Mesh Storage Tray Multifunctional Paper Sorter File Stand for Home Office Supplies Letter A4 Paper Office Accessories Back to School (3 Tier),,Zhanmai,,MIXED_BUILDING_AND_INDUSTRIAL,USED_GOOD,,,1,68.89,Lot: AMZ_3PL_20260409_025 | Pallet: LIQ:3PL:PALLET:LNRM:PAL-69699 | LPN: LPNNA644H71BY,4.27,8.54
687,687,"LazBlinds No Drill Roman Shades for Windows, Cordless Light Filtering Window Shades with UV Protection, Polyester Fabric for Bedroom & Living Room, 25"" W x 64"" H, Off White",,LazBlinds,,BUILDING_AND_HARDWARE,USED_GOOD,,,1,68.06,Lot: AMZ_3PL_20260409_025 | Pallet: LIQ:3PL:PALLET:LNRM:PAL-68868 | LPN: LPNNA6YFYBDSH,4.22,8.44
688,688,"TMINEL 6pcs Plastic Pallets for Basement Storage Lightweight Waterproof Floor Pallets with Breathable Grids Applicable to Indoor and Outdoor, Garages and Kitchen(6pcs-11.8 * 19.7 * 3.9in)",,TMINEL,,BUILDING_AND_HARDWARE,USED_GOOD,,,1,76.56,Lot: AMZ_3PL_20260409_025 | Pallet: LIQ:3PL:PALLET:LNRM:PAL-69399 | LPN: LPNNA684G3M7Q,4.75,9.50
689,689,"LazBlinds No-Drill Cordless Roman Shade - Light Filtering Natural Wood, Easy Install Bamboo Blind for Windows 27"" W x 48"" H, Malay Umber",,LazBlinds,,BUILDING_AND_HARDWARE,USED_GOOD,,,1,75.69,Lot: AMZ_3PL_20260409_025 | Pallet: LIQ:3PL:PALLET:LNRM:PAL-68868 | LPN: LPNNA6CQY35XY,4.69,9.38
690,690,HVAC Premium 36'' x 6'' [Duct Opening] Flat Stamped Steel Return Air Grille - Sidewall and Ceiling - HVAC Vent Duct Cover - White [Outer Dimensions: 37.75''w X 7.75''h],,HVAC Premium,,BUILDING_AND_HARDWARE,USED_GOOD,,622417560962,1,75.58,Lot: AMZ_3PL_20260409_025 | Pallet: LIQ:3PL:PALLET:LNRM:PAL-69849 | LPN: LPNNA6GMCZ43G,4.69,9.38
691,691,"Acellegic Plastic Highball Glasses with Straws(Set of 96), 10 oz Shatterproof Drinking Cups, Tall Whiskey Collins Glass with Straws, Smoothie Tumbler Mojito Cocktail Cups for Wedding Fall Xmas Party",,Acellegic,,MIXED_BUILDING_AND_INDUSTRIAL,USED_GOOD,,,1,74.09,Lot: AMZ_3PL_20260409_025 | Pallet: LIQ:3PL:PALLET:LNRM:PAL-69172 | LPN: LPNNA6JQ8QJW4,4.59,9.18
692,692,"2 Pack 211i Max Replacement Filter Compatible with BLUEAIR Blue Pure 211i Max Air Purifier, Ture HEPA & Activated Carbon Replacement Filter, Blue",,isinlive,,BUILDING_AND_HARDWARE,USED_GOOD,,,1,74.09,Lot: AMZ_3PL_20260409_025 | Pallet: LIQ:3PL:PALLET:LNRM:PAL-69648 | LPN: LPNNA6KCF2ZGS,4.59,9.18
693,693,"STICKGOO Black Drop Ceiling Tile 2ft x 2ft, Ceiling Panel High-Grade PVC Coverings 24 x 24in - 12 Pack Cover 48 Sq. Ft",,STICKGOO,,BUILDING_AND_HARDWARE,USED_GOOD,,,1,73.98,Lot: AMZ_3PL_20260409_025 | Pallet: LIQ:3PL:PALLET:LNRM:PAL-69638 | LPN: LPNNA69ZZCCG9,4.59,9.18
694,694,"LazBlinds No Tools No Drill Cordless Cellular Shades, Blackout Light Blocking Honeycomb Shades for Home, Thermal Insulation Blinds for Windows, 25"" W x 64"" H, White",,LazBlinds,,BUILDING_AND_HARDWARE,USED_GOOD,,,1,73.81,Lot: AMZ_3PL_20260409_025 | Pallet: LIQ:3PL:PALLET:LNRM:PAL-68861 | LPN: LPNNA6QNJPY23,4.58,9.16
695,695,"JO.KO 23.6 Inch LED Picture Lights for Wall Hardwired, Poster Art Gallery Light 10-100% Dimmable, 3000k Warm White Gold Wall Sconces 14W CRI90 for Gallery Artwork, Paintings and Bathroom",,JO.KO,,BUILDING_AND_HARDWARE,USED_GOOD,,,1,72.85,Lot: AMZ_3PL_20260409_025 | Pallet: LIQ:3PL:PALLET:LNRM:PAL-69372 | LPN: LPNNA6XHDVDJZ,4.52,9.04
696,696,"Collapsible Storage Bins, 23x15 Inches Plastic Stackable Utility Crates with Handles, Large Folding Containers Dolly Folding Baskets for Farm Home Office Organizing Tools, Books, Food, Drinks",,Chinco Star,,MIXED_BUILDING_AND_INDUSTRIAL,USED_GOOD,,,1,72.79,Lot: AMZ_3PL_20260409_025 | Pallet: LIQ:3PL:PALLET:LNRM:PAL-69638 | LPN: LPNNA691193M6,4.51,9.02
697,697,"JY PERFORMANCE RV Bunk Bed Ladder, 50 Inch Anti-Slip Bunk Ladder, Heavy Duty 330lbs Max Capacity, Extra Wide Foot Steps, Integrated Hooks for Camper Motorhome Trailer, Black",,JY PERFORMANCE,,BUILDING_AND_HARDWARE,USED_GOOD,,810178441006,1,70.19,Lot: AMZ_3PL_20260409_025 | Pallet: LIQ:3PL:PALLET:LNRM:PAL-69131 | LPN: LPNNA6T523XBX,4.35,8.70
698,698,"Coavas One Way Privacy Window Film, Sun Blocking Reflective Window Film See Out Not in, Heat Control Window Tint for Home, Anti UV Static Cling for Windows Office Door (Silver, 35.4 x 157.5 inches)",,Coavas,,BUILDING_AND_HARDWARE,USED_GOOD,,,1,69.90,Lot: AMZ_3PL_20260409_025 | Pallet: LIQ:3PL:PALLET:LNRM:PAL-69519 | LPN: LPNNA6KJMCX3W,4.33,8.66
699,699,"HBTower Step Ladder, Folding Step Stool with Wide Anti-Slip Pedal, Sturdy Steel Ladder, Convenient Handrail, Lightweight, Portable Steel Step Stool",,HBTower,,BUILDING_AND_HARDWARE,USED_GOOD,,793513427821,1,69.23,Lot: AMZ_3PL_20260409_025 | Pallet: LIQ:3PL:PALLET:LNRM:PAL-69669 | LPN: LPNNA6X8HNGQN,4.29,8.58
700,700,"Serene Valley Sink Bottom Grid 29-1/2"" X 15-9/16"", Centered Drain with Corner Radius 3/8"", Sink Protector NDG3016C",,Serene Valley,,BUILDING_AND_HARDWARE,USED_GOOD,,793565954788,1,69.11,Lot: AMZ_3PL_20260409_025 | Pallet: LIQ:3PL:PALLET:LNRM:PAL-69742 | LPN: LPNNA6HDNMGTK,4.29,8.58
701,701,"Good Vibes Only Neon Sign for Wall Decor 21.6"" x 14.1"" Large Cool White LED Fun Vibe Lights for Party, Bedroom, Bar, Wedding Decoration - Best Gifts for Birthday, Christmas",,HancraStore,,MIXED_BUILDING_AND_INDUSTRIAL,USED_GOOD,,,1,68.89,Lot: AMZ_3PL_20260409_025 | Pallet: LIQ:3PL:PALLET:LNRM:PAL-69131 | LPN: LPNNA6KFYBSKT,4.27,8.54
702,702,"Art3d Drop Ceiling Tiles 24x24 in White (12-Pack, 48 Sq.ft), Wainscoting Panels Glue Up 2x2",,Art3d,,BUILDING_AND_HARDWARE,USED_GOOD,,,1,68.02,Lot: AMZ_3PL_20260409_025 | Pallet: LIQ:3PL:PALLET:LNRM:PAL-69745 | LPN: LPNNA6R294H3G,4.22,8.44
703,703,"VallisCo 8 PCS Deck Blocks, Tuff Blocks Deck Foundation with Stone Accessories & Rubber Pads, Adjustable Deck Support Pedestal(3.54"" to 4.65"") - Deck Footings Without Digging,Special Dad's Gift",,VallisCo,,BUILDING_AND_HARDWARE,USED_GOOD,,,1,66.57,Lot: AMZ_3PL_20260409_025 | Pallet: LIQ:3PL:PALLET:LNRM:PAL-68861 | LPN: LPNNA6FQ6LT5Y,4.13,8.26
704,704,"Lineshading 20'' Replacement Fan Blades for 52 Ceiling Fan Waterproof Weatherproof Blades Replacement for Broken Substitution Indoor Outdoor Summer(Black,5 Pcs)",,Lineshading,,BUILDING_AND_HARDWARE,USED_GOOD,,,1,66.29,Lot: AMZ_3PL_20260409_025 | Pallet: LIQ:3PL:PALLET:LNRM:PAL-69856 | LPN: LPNNH5R6YHBCB,4.11,8.22
705,705,"Seealle Bedroom Lamps for Night Stands - Touch Control, 3 Way Dimmable, USB C+A Charging, LED Bulbs, Easy Assembly",,Seealle,,BUILDING_AND_HARDWARE,USED_GOOD,,,1,64.99,Lot: AMZ_3PL_20260409_025 | Pallet: LIQ:3PL:PALLET:LNRM:PAL-69399 | LPN: LPNNA64PSL832,4.03,8.06
706,706,"HouseAid 12FT Industrial Pipe Wall Handrail, Farmhouse Stairway Railing with 1-1/4 Inch Diameter Pipe, Vintage Style Stairs Handrail, Wall Mounted, Matte Black",,HouseAid,,BUILDING_AND_HARDWARE,USED_GOOD,,793869268970,1,64.99,Lot: AMZ_3PL_20260409_025 | Pallet: LIQ:3PL:PALLET:LNRM:PAL-69519 | LPN: LPNNA64CJ7ZRH,4.03,8.06
707,707,GoodtoU Baby Hangers Velvet 100 Pack - Baby Felt Hangers Non Slip Toddler Hanger Childrens Hanger for Kid,,GoodtoU,,MIXED_BUILDING_AND_INDUSTRIAL,USED_GOOD,,850076718039,1,64.99,Lot: AMZ_3PL_20260409_025 | Pallet: LIQ:3PL:PALLET:LNRM:PAL-69856 | LPN: LPNNA6G9163VB,4.03,8.06
708,708,"BNX TruFilter 20x20x1 Air Filter MERV 11 (6-Pack) - MADE IN USA - Allergen Defense Electrostatic Pleated Air Conditioner HVAC AC Furnace Filters for Allergies, Dust, Pet, Smoke, Allergy MPR 1200 FPR 7",,BNX,,BUILDING_AND_HARDWARE,USED_GOOD,,850048312968,1,64.00,Lot: AMZ_3PL_20260409_025 | Pallet: LIQ:3PL:PALLET:LNRM:PAL-68861 | LPN: LPNNA6FM2SQZ5,3.97,7.94
709,709,"TapeManBlue Carpet Protection Film 36"" x 200' roll, Self Adhesive Plastic Carpet Protector Film with Clean Removal & Easy Unwind, Durable Protection Tape to Shield Your Surface from Dirt and Spills",,TapeManBlue,,BUILDING_AND_HARDWARE,USED_GOOD,,816821000422,1,63.69,Lot: AMZ_3PL_20260409_025 | Pallet: LIQ:3PL:PALLET:LNRM:PAL-69131 | LPN: LPNNK5YDQ2FHD,3.95,7.90
710,710,"Metty Metal Hand Rails for Outdoor Steps,2 Step Stair Handrail & Indoor Stair Railing Kit，Metty Metal Railings for Outdoor Steps and Hand Rails for Seniors for Porch Railing",,Metty Metal,,BUILDING_AND_HARDWARE,USED_GOOD,,,1,62.39,Lot: AMZ_3PL_20260409_025 | Pallet: LIQ:3PL:PALLET:LNRM:PAL-69669 | LPN: LPNNA6GYPYVKB,3.87,7.74
711,711,"Fenluqi Patio Heater Glass Tube Replacement, 49.5"" Tall 4"" Diameter, Glass Tube Patio Heater with Ring, Fits 4-Sided Patio Heaters, Compatible with Hiland, Fire Sense, and more",,Fenluqi,,MIXED_BUILDING_AND_INDUSTRIAL,USED_GOOD,,,1,61.09,Lot: AMZ_3PL_20260409_025 | Pallet: LIQ:3PL:PALLET:LNRM:PAL-69131 | LPN: LPNNA67R1JF6L,3.79,7.58
712,712,"Silipull Bike Rack Loading Ramp, 48 x 4 Inches,Folding Ramp, Bridge, Fit for E-Bicycles, Mountain and Road and Ordinary Bicycles, Fat Tires Bikes",,Silipull,,BUILDING_AND_HARDWARE,USED_GOOD,,,1,61.09,Lot: AMZ_3PL_20260409_025 | Pallet: LIQ:3PL:PALLET:LNRM:PAL-69638 | LPN: LPNNA6NTS7P4H,3.79,7.58
713,713,"Roninby True HEPA Filter Replacement Compatible with LivePure Bali Series LP550TH, LP550THP Multi-Room Whole House Air Cleaner Purifier, Part Number LP550THP, 1 x HEPA Filter & 4 x Carbon Filter",,Roninby,,BUILDING_AND_HARDWARE,USED_GOOD,,,1,60.44,Lot: AMZ_3PL_20260409_025 | Pallet: LIQ:3PL:PALLET:LNRM:PAL-69739 | LPN: LPNNA66SJRH6J,3.75,7.50
714,714,"AOSKY Cordless Zebra Blinds for Windows Pull Down Roller Window Shades Dual Layer Light Filtering Privacy for Day and Night, Free-Stop Door Shades for Home Easy to Install Linen Cream 20"" W X 72"" H",,AOSKY,,BUILDING_AND_HARDWARE,USED_GOOD,,,1,59.79,Lot: AMZ_3PL_20260409_025 | Pallet: LIQ:3PL:PALLET:LNRM:PAL-69302 | LPN: LPNNA62SHCYBQ,3.71,7.42
715,715,"2-Pack Auto-Retractable Window Shades,Suction Window Roller Shade, UV/Heat Blocking Roller Shade, No-Drill Easy Install for Home,Office (23x49 Inches)",,PEWHAUL,,BUILDING_AND_HARDWARE,USED_GOOD,,698746686444,1,58.49,Lot: AMZ_3PL_20260409_025 | Pallet: LIQ:3PL:PALLET:LNRM:PAL-69302 | LPN: LPNNA6B9B9YKS,3.63,7.26
716,716,"Howeall 30""W x 4""H [Duct Opening Size] Steel Return Air Grille, Air Return Vent Cover for Ceiling and Sidewall - HVAC Air Vent Covers - [Outer Dimensions: 31.75""W x 5.75""H]",,Howeall,,BUILDING_AND_HARDWARE,USED_GOOD,,,1,58.49,Lot: AMZ_3PL_20260409_025 | Pallet: LIQ:3PL:PALLET:LNRM:PAL-69644 | LPN: LPNNA639CQTT5,3.63,7.26
717,717,"AgiiMan 26FT Reach Telescoping Pole - 5 to 20FT Extension Pole, Portable Aluminum Telescoping Rod with Easy Flip Lock, Paint Roller Extension Poles for Paint Dusting, Window Cleaning",,AgiiMan,,BUILDING_AND_HARDWARE,USED_GOOD,,,1,58.36,Lot: AMZ_3PL_20260409_025 | Pallet: LIQ:3PL:PALLET:LNRM:PAL-69669 | LPN: LPNNK5KL6NXDH,3.62,7.24
718,718,"Bathroom Wall Cabinet No Mirror – Fluted Wood Medicine Cabinet with Towel Bar, Surface Mount Storage Organizer Over Toilet, Rustic Farmhouse Hanging Cupboard with Doors for Over Sink (Natural Oak)",,KAI-ROAD,,BUILDING_AND_HARDWARE,USED_GOOD,,,1,64.99,Lot: AMZ_3PL_20260409_025 | Pallet: LIQ:3PL:PALLET:LNRM:PAL-69131 | LPN: LPNNA6VYN8XVH,4.03,8.06
719,719,"TALOYA LED Ceiling Light Living Room White, 15.8 Inch Thin Flat Modern Flush Mount Lighting Fixture for Bedroom,5 Color Temperatures in 1, 24w Round 0.94 Inch Thickness",,TALOYA,,BUILDING_AND_HARDWARE,USED_GOOD,,,1,64.99,Lot: AMZ_3PL_20260409_025 | Pallet: LIQ:3PL:PALLET:LNRM:PAL-68867 | LPN: LPNNA6ZMB46DS,4.03,8.06
720,720,CIPOTAL 26.8 in. x 13.2 in. Centre Drain Sink Grid with Supersoft Silicone Feet in 304 Grade Stainless Steel,,Cipotal,,BUILDING_AND_HARDWARE,USED_GOOD,,616908492269,1,64.87,Lot: AMZ_3PL_20260409_025 | Pallet: LIQ:3PL:PALLET:LNRM:PAL-68861 | LPN: LPNNA6FPYGYR4,4.02,8.04
721,721,"DLONE Linear Shower Drain | 24"" AISI 304 Stainless Steel Shower Drain, Matte Black Linear Drain with Tile Insert Panel & Adjustable Feet, Long Rectangle Shower Floor Drain in Bathroom, Balcony, etc",,DLONE,,BUILDING_AND_HARDWARE,USED_GOOD,,,1,64.45,Lot: AMZ_3PL_20260409_025 | Pallet: LIQ:3PL:PALLET:LNRM:PAL-69302 | LPN: LPNNA645BY4FR,4.00,8.00
722,722,"Angol Shiold Elongated Toilet Seat Molded Wood Toilet Seat with Quietly Close and Quick Release Hinges, Easy to Install also Easy to Clean (Elongated, Beach)",,Angol Shiold,,BUILDING_AND_HARDWARE,USED_GOOD,,,1,63.69,Lot: AMZ_3PL_20260409_025 | Pallet: LIQ:3PL:PALLET:LNRM:PAL-69131 | LPN: LPNNA6SCB64TY,3.95,7.90
723,723,"Angel Shield Wood Veneer Natural Toilet Seat with Quiet Close, Easy Clean, Quick-Release Hinges (Elongated, Oak)",,Angel Shield,,BUILDING_AND_HARDWARE,USED_GOOD,,781159989919,1,63.69,Lot: AMZ_3PL_20260409_025 | Pallet: LIQ:3PL:PALLET:LNRM:PAL-69745 | LPN: LPNNA6GXG7WVZ,3.95,7.90
724,724,"Joydeco No Tools No Drill Cordless Cellular Shades, Light Filtering Honeycomb Blinds for Indoor Windows, Thermal Insulating & Noise Reducing (Black, 33"" W x 64"" H)",,Joydeco,,BUILDING_AND_HARDWARE,USED_GOOD,,,1,63.35,Lot: AMZ_3PL_20260409_025 | Pallet: LIQ:3PL:PALLET:LNRM:PAL-69519 | LPN: LPNNA62TQZJ6N,3.93,7.86
725,725,Ubisin 4 Pairs Soft Close Drawer Slides 22 Inch Full Extension Dresser Rails Heavy Duty Ball Bearing Kitchen Cabinet Drawer Glides Side Mount Tool Box Trash Can Runners 100 LB Capacity,,Ubisin,,BUILDING_AND_HARDWARE,USED_GOOD,,,1,61.74,Lot: AMZ_3PL_20260409_025 | Pallet: LIQ:3PL:PALLET:LNRM:PAL-68867 | LPN: LPNNA6ZYVP44C,3.83,7.66
726,726,"Barrina (6 Pack LED T5 Integrated Single Fixture, 4FT, 2200lm, 6500K Super Bright White, 20W Utility LED Shop Light, Ceiling and Under Cabinet Light, Corded Electric with ON/Off Switch, ETL Listed",,Barrina,,BUILDING_AND_HARDWARE,USED_GOOD,,756040530372,1,60.44,Lot: AMZ_3PL_20260409_025 | Pallet: LIQ:3PL:PALLET:LNRM:PAL-69742 | LPN: LPNNA6G54GV9R,3.75,7.50
727,727,keriolee 599-218 Front Climate Control Module Compatible with 1999-2002 Chevrolet Silverado 1500 2500 3500 A/C Heater Climate Control Module Panel Switch for 1999-2002 GMC Sierra 1500 2500 3500,,keriolee,,MIXED_BUILDING_AND_INDUSTRIAL,USED_GOOD,,,1,59.79,Lot: AMZ_3PL_20260409_025 | Pallet: LIQ:3PL:PALLET:LNRM:PAL-69302 | LPN: LPNNA6TXMR3K2,3.71,7.42
728,728,"LightingWill LED T5 Integrated Fixture 3FT 14W 4000K Natural White, Linkable LED Shop Light, Under Cabinet & Ceiling Light, Corded Electric with Built-in On/Off Switch, 4-Pack for Garage, Kitchen",,LightingWill,,BUILDING_AND_HARDWARE,USED_GOOD,,,1,59.33,Lot: AMZ_3PL_20260409_025 | Pallet: LIQ:3PL:PALLET:LNRM:PAL-69519 | LPN: LPNNA6J124KBS,3.68,7.36
729,729,"RELIANCER Peel and Stick Wall Molding Kit,30PCS Pre-Cut Door Molding Panels,3D Moulding Wainscoting Panel,Self Adhesive Walls Moulding Trim,Wall Modular Frames for Interior Walls Decor Home Bedroom",,RELIANCER,,BUILDING_AND_HARDWARE,USED_GOOD,,,1,58.49,Lot: AMZ_3PL_20260409_025 | Pallet: LIQ:3PL:PALLET:LNRM:PAL-69302 | LPN: LPNNA6CQ9L3KT,3.63,7.26
730,730,"2 Pack Leather Car Backseat Organizer with Foldable Table Tray, Car Storage Organizer with Tablet Holder, Car Seat Back Protectors Kick MatsTravel Accessories",,QIANKUNBAG,,MIXED_BUILDING_AND_INDUSTRIAL,USED_GOOD,,,1,58.49,Lot: AMZ_3PL_20260409_025 | Pallet: LIQ:3PL:PALLET:LNRM:PAL-69131 | LPN: LPNNA6554NVQS,3.63,7.26
731,731,"maxtek Kids Easel, 24x18in Adjustable Double-Sided Whiteboard & Chalkboard 360°Rotating, Magnetic Standing Art Easel Kids for Boys and Girls 3+ with Drawing Accessories, Black",,maxtek,,MIXED_BUILDING_AND_INDUSTRIAL,USED_GOOD,,,1,58.49,Lot: AMZ_3PL_20260409_025 | Pallet: LIQ:3PL:PALLET:LNRM:PAL-69685 | LPN: LPNNA6SCG6SW5,3.63,7.26
732,732,"16 x 16 Inch Return Air Vent Cover for Wall Ceiling,Steel AC Return Air Filter Grille Fits Duct Opening 16 x 16”, HVAC Vent Cover Grill,Holds 1"" Air Filter",,EXCELFU,,BUILDING_AND_HARDWARE,USED_GOOD,,,1,58.49,Lot: AMZ_3PL_20260409_025 | Pallet: LIQ:3PL:PALLET:LNRM:PAL-68867 | LPN: LPNNA67DN4PB8,3.63,7.26
733,733,4PCS Car Weatherstrip Window Moulding Trim Seal Belt Chrome Replacement for TSX Sedan 2009-2014 Not Suitable for Travel Models,,SEBLAFF,,BUILDING_AND_HARDWARE,USED_GOOD,,,1,65.30,Lot: AMZ_3PL_20260409_025 | Pallet: LIQ:3PL:PALLET:LNRM:PAL-69302 | LPN: LPNNA6QRCWL8C,4.05,8.10
734,734,"Deewow Elongated Toilet Seat Soft Close, Wood Oval Toilet Lid with Slow Close Chrome Hinges, Heavy Duty Durable Natural Veneer Wooden Toilet Seat (Elongated, Dark Walnut)",,Deewow,,BUILDING_AND_HARDWARE,USED_GOOD,,763271114097,1,64.99,Lot: AMZ_3PL_20260409_025 | Pallet: LIQ:3PL:PALLET:LNRM:PAL-69372 | LPN: LPNNA6KYTQR1X,4.03,8.06
735,735,"FINOSEN 4FT Commercial Grade Sliding Pocket Door Hardware Track Kit,Top Mount,Heavy Duty,Smoothly and Quite,Easy to Install,Aluminum(Door is not Included)",,FINOSEN,,BUILDING_AND_HARDWARE,USED_GOOD,,,1,64.99,Lot: AMZ_3PL_20260409_025 | Pallet: LIQ:3PL:PALLET:LNRM:PAL-69372 | LPN: LPNNA63KVY6CL,4.03,8.06
736,736,"Return Air Filter Grille 18x18,Air Return Vent Cover for 18""W x 18""H Duct Opening,Steel HVAC Vent Covers for Wall and Ceiling,Holds 1"" Thick AC Filter",,EXCELFU,,BUILDING_AND_HARDWARE,USED_GOOD,,,1,64.99,Lot: AMZ_3PL_20260409_025 | Pallet: LIQ:3PL:PALLET:LNRM:PAL-69131 | LPN: LPNNA6SYWTCDZ,4.03,8.06
737,737,"Loyoda Toilet Seat Risers for Seniors, Removable Padded Raised Toilet Seat with Handles, Easy to Clean Adjustable Height Toilet Riser, Handicap Elevated Seat 400lb, Fits Any Toilet",,Loyoda,,BUILDING_AND_HARDWARE,USED_GOOD,,198715841084,1,64.99,Lot: AMZ_3PL_20260409_025 | Pallet: LIQ:3PL:PALLET:LNRM:PAL-69638 | LPN: LPNNA67TQQR3Y,4.03,8.06
738,738,"Neodrain 24-Inch Linear Shower Drain with Tile Insert Grate,Brushed 304 Stainless Steel Rectangle Shower Floor Drain, Linear Drain with Leveling Feet, Hair Strainer",,Neodrain,,BUILDING_AND_HARDWARE,USED_GOOD,,708210452472,1,64.69,Lot: AMZ_3PL_20260409_025 | Pallet: LIQ:3PL:PALLET:LNRM:PAL-69302 | LPN: LPNNA6JL9CZCR,4.01,8.02
739,739,"DLLT LED Ceiling Fan with Light: 16"" Modern Low Profile Flush Mount Fandelier with App & Remote Control - Dimmable Gold Bladeless Fan Light Fixture for Bedroom Kids Room Living Room",,DINGLILIGHTING,,BUILDING_AND_HARDWARE,USED_GOOD,,,1,64.51,Lot: AMZ_3PL_20260409_025 | Pallet: LIQ:3PL:PALLET:LNRM:PAL-69742 | LPN: LPNNA6PSNB7LX,4.00,8.00
740,740,"Bonsaii Safe, 0.6 Cubic Safe Box with Electronic Keypad, Removable Shelf, for Valuables Jewelry and Documents in Home, Hotel, or Business, 9.84"" x 13.78"" x 9.84"" Inches, SF002",,bonsaii,,BUILDING_AND_HARDWARE,USED_GOOD,,,1,62.39,Lot: AMZ_3PL_20260409_025 | Pallet: LIQ:3PL:PALLET:LNRM:PAL-69172 | LPN: LPNNA6PG2PZK4,3.87,7.74
741,741,"BNX TruFilter 20x25x1 Air Filter MERV 11 (6-Pack) - MADE IN USA - Allergen Defense Electrostatic Pleated Air Conditioner HVAC AC Furnace Filters for Allergies, Dust, Pet, Smoke, Allergy MPR 1200 FPR 7",,BNX,,BUILDING_AND_HARDWARE,USED_GOOD,,810134860087,1,62.39,Lot: AMZ_3PL_20260409_025 | Pallet: LIQ:3PL:PALLET:LNRM:PAL-69669 | LPN: LPNNA6JKW4N4K,3.87,7.74
742,742,"VIVOSUN 48"" Lawn Leveling Rake, 48"" x 10"" x 78"" Heavy-Duty Stainless Steel Lawn Leveler with 7FT Adjuatble Long Handle for High Effect, Metal Levelawn for Smooth Soil, Rustproof Rakes for Garden Yard",,VIVOSUN,,MIXED_BUILDING_AND_INDUSTRIAL,USED_GOOD,,,1,62.39,Lot: AMZ_3PL_20260409_025 | Pallet: LIQ:3PL:PALLET:LNRM:PAL-68867 | LPN: LPNNA6CTTKJ7W,3.87,7.74
743,743,"Hawisphy Let's Party Neon Signs, Neon Light Sign for Wall Decor 20 x 9Inches Large LED Neon Sign Art Decorative Lights for Wedding Party Home Bar Store Festival, White",,Hawisphy,,BUILDING_AND_HARDWARE,USED_GOOD,,,1,61.09,Lot: AMZ_3PL_20260409_025 | Pallet: LIQ:3PL:PALLET:LNRM:PAL-69519 | LPN: LPNNA6G55H59G,3.79,7.58
744,744,"24x24 Access Panel for Drywall 24x24“ Metal Attic Door Plumbing Access Panel for Drywall,Thicken 1mm Metal,Cover 24x24 inch Wall Hole,Overall Size 25 1/2"" x 25 1/2""",,EXCELFU,,BUILDING_AND_HARDWARE,USED_GOOD,,,1,61.07,Lot: AMZ_3PL_20260409_025 | Pallet: LIQ:3PL:PALLET:LNRM:PAL-69724 | LPN: LPNNA6JCJ2NXS,3.79,7.58
745,745,"36 Eggs Incubator for Hatching Chicken/Goose/Quail/Duck/Turkey Eggs, 360° View Incubator with Automatic Egg Turning/Humidity Control/Low Humidity Alarm/Adjustable Tray, for Beginner/Farm/Teaching/Home",,VIOPUMPO,,MIXED_BUILDING_AND_INDUSTRIAL,USED_GOOD,,,1,60.84,Lot: AMZ_3PL_20260409_025 | Pallet: LIQ:3PL:PALLET:LNRM:PAL-69669 | LPN: LPNNA6TDPY121,3.77,7.54
746,746,"2PK Support Pole,Steel Telescopic Quick Adjustable 3rd Hand Support System, Support Rod, Supports up to 154 lbs Construction Rods for Cabinet Jacks Cargo Bars Drywalls Extends from 50 Inch to 118 Inch",,ACEBINTE,,BUILDING_AND_HARDWARE,USED_GOOD,,,1,59.79,Lot: AMZ_3PL_20260409_025 | Pallet: LIQ:3PL:PALLET:LNRM:PAL-69372 | LPN: LPNNA68DSL28N,3.71,7.42
747,747,"DorBuphan Folding Square Table Legs 2 PCS, Adjustable Height 25”- 34” DIY Desk Legs, Foldable Furniture Legs for Outdoor Camper, RV, Coffee Dinner Table, Tabletops, Kitchen",,DorBuphan,,BUILDING_AND_HARDWARE,USED_GOOD,,,1,59.79,Lot: AMZ_3PL_20260409_025 | Pallet: LIQ:3PL:PALLET:LNRM:PAL-69372 | LPN: LPNNA6JQ7JLHD,3.71,7.42
748,748,"Doing-X No Drill Blackout Roman Shades for Indoor Windows,Cordless Roman Blinds,Linen No Tools Window Shades,Easy to Install Window Blinds for Home Bedroom,Blackout-Linen Beige 22"" W x 48"" H",,Doing-X,,BUILDING_AND_HARDWARE,USED_GOOD,,,1,58.49,Lot: AMZ_3PL_20260409_025 | Pallet: LIQ:3PL:PALLET:LNRM:PAL-69739 | LPN: LPNNA69WDXBTV,3.63,7.26
749,749,"Konideke 8 Pack 24 inch F17T8/841 17 Watts Light Bulb, 2 Foot Straight Fluorescent Tube T8 Tube Light, 4100K Cool White 1400 Lumen G13 Medium Bi-Pin Cap 8 Count",,Konideke,,BUILDING_AND_HARDWARE,USED_GOOD,,,1,57.56,Lot: AMZ_3PL_20260409_025 | Pallet: LIQ:3PL:PALLET:LNRM:PAL-69739 | LPN: LPNNA6PXLZVY6,3.57,7.14
750,750,"Fasjloctavty Stainless Steel Couch Stand Assist for Elderly, Height Adjustable Versatile Chair Stand Assist, Lightweight Mobility Standing Aid Rail for Seniors, Disabled, Support 450lbs (Black)",,Fasjloctavty,,MIXED_BUILDING_AND_INDUSTRIAL,USED_GOOD,,,1,56.80,Lot: AMZ_3PL_20260409_025 | Pallet: LIQ:3PL:PALLET:LNRM:PAL-68868 | LPN: LPNNA6PNH733V,3.52,7.04
751,751,"Wall Molding Kit for Interior Walls – Pre-Cut Factory Primed Trim Set for Decorative Panel Look, Accent Walls, Picture Frame & Wainscoting Projects | 3 Top 3 Bottom Frames",,birdeco,,BUILDING_AND_HARDWARE,USED_GOOD,,,1,64.99,Lot: AMZ_3PL_20260409_025 | Pallet: LIQ:3PL:PALLET:LNRM:PAL-69669 | LPN: LPNNA6XZXYPCP,4.03,8.06
752,752,"KOLL LINK Step Ladder 4 Step Folding, Sturdy 330 Lbs Small Step Stool for Adults, Closet Step Stool Ladder with Anti-Slip Wide Pedals, Portable Folding Ladder for Home Kitchen Office",,KOLL LINK,,BUILDING_AND_HARDWARE,USED_GOOD,,,1,64.99,Lot: AMZ_3PL_20260409_025 | Pallet: LIQ:3PL:PALLET:LNRM:PAL-69669 | LPN: LPNNA6GCBL8KZ,4.03,8.06
753,753,"Sink Bottom Grid 29-1/2"" X 15-9/16"", Centered Drain with Corner Radius 3/8"", Sink Protector",,TOENMAN,,BUILDING_AND_HARDWARE,USED_GOOD,,,1,64.99,Lot: AMZ_3PL_20260409_025 | Pallet: LIQ:3PL:PALLET:LNRM:PAL-69638 | LPN: LPNNA6K53WL75,4.03,8.06
754,754,"41 to 185 Inch Tension Curtain Rod No Drill White Shower Curtain Rod Extra Long Heavy Duty Tension Rod for Windows, Patio, Bathroom - Renter Friendly Adjustable Curtain Rods",,MEXAU,,BUILDING_AND_HARDWARE,USED_GOOD,,,1,64.99,Lot: AMZ_3PL_20260409_025 | Pallet: LIQ:3PL:PALLET:LNRM:PAL-69745 | LPN: LPNNA6HMFTVKW,4.03,8.06
755,755,"DLLT LED Ceiling Fan with Light: 16"" Modern Low Profile Flush Mount Fandelier with App & Remote Control - Dimmable Gold Bladeless Fan Light Fixture for Bedroom Kids Room Living Room",,DINGLILIGHTING,,BUILDING_AND_HARDWARE,USED_GOOD,,,1,64.51,Lot: AMZ_3PL_20260409_025 | Pallet: LIQ:3PL:PALLET:LNRM:PAL-69742 | LPN: LPNNA66L5PBBW,4.00,8.00
756,756,"LED Recessed Lighting for Slat Wall Panels - 6PCS Self-Adhesive Dimmable LED Light Strips, 3000K Warm White with Touch Control, for Wood Wall Panels, Stairs, Headboard, Under Cabinet Decor",,Holymuss,,BUILDING_AND_HARDWARE,USED_GOOD,,760762255918,1,63.69,Lot: AMZ_3PL_20260409_025 | Pallet: LIQ:3PL:PALLET:LNRM:PAL-68867 | LPN: LPNNA6VKXKD26,3.95,7.90
757,757,"FOYUEE Outdoor Metal Handrails for Steps – Exterior Stair Railing for Concrete Steps, Porch, Adjustable, Easy to Install, 2 Step",,FOYUEE,,BUILDING_AND_HARDWARE,USED_GOOD,,,1,63.69,Lot: AMZ_3PL_20260409_025 | Pallet: LIQ:3PL:PALLET:LNRM:PAL-69849 | LPN: LPNNA6KPRZK7F,3.95,7.90
758,758,"Etched Small Forest Metal Lampshade Top 6‘’ Bottom 10‘’ Height 7.5"" Barrel Shade Lampshade Fits Most Table Lamp and Floor Lamp Spider, Outer Black and inner Gold",,ALUCSET,,BUILDING_AND_HARDWARE,USED_GOOD,,,1,63.15,Lot: AMZ_3PL_20260409_025 | Pallet: LIQ:3PL:PALLET:LNRM:PAL-69856 | LPN: LPNNA6J676GQ6,3.92,7.84
759,759,"10-Piece Bathroom Hardware Kit - Brushed Finish SUS304 Stainless Steel Set, Featuring 2 x 23.6 Towel Bars, 2 Towel Rings, 2 Toilet Paper Holders & 4 Towel Hooks (Brushed Stainless) (Brushed Finish)",,AcePeak,,BUILDING_AND_HARDWARE,USED_GOOD,,761594457013,1,62.39,Lot: AMZ_3PL_20260409_025 | Pallet: LIQ:3PL:PALLET:LNRM:PAL-69532 | LPN: LPNNA65KW6R34,3.87,7.74
760,760,"LazBlinds Cordless Roman Shades - No Drill Easy Install Light Filtering Window Blinds, Thermal Insulated Room Darkening with UV Blocking for Bedroom/Living Room, Window Size 24"" W x 48"" H, White",,LazBlinds,,BUILDING_AND_HARDWARE,USED_GOOD,,,1,62.00,Lot: AMZ_3PL_20260409_025 | Pallet: LIQ:3PL:PALLET:LNRM:PAL-69849 | LPN: LPNNA6T8DH8SB,3.84,7.68
761,761,"LE TAUCI 9.3"" Ceramic Vase, Artisan Large White Ceramic Vase for Modern Farmhouse Home Decor, Substantial & Stable, Handcrafted Flower Vase, Living Room & Dining Room Table Centerpiece, Rustic White",,LE TAUCI,,MIXED_BUILDING_AND_INDUSTRIAL,USED_GOOD,,,1,61.74,Lot: AMZ_3PL_20260409_025 | Pallet: LIQ:3PL:PALLET:LNRM:PAL-69724 | LPN: LPNNA6NCCBY8N,3.83,7.66
762,762,"Standard Whole House Coconut Shell Carbon Block 5 Micron Water Filter 20” x 2.5” Fits 20” x 2.5” Housings. Remove Chlorine and Bad Odor. Compatible with C1-20, HX-CB-25-2010, F3WCB32 Pack of 4",,Ronaqua,,BUILDING_AND_HARDWARE,USED_GOOD,,,1,61.09,Lot: AMZ_3PL_20260409_025 | Pallet: LIQ:3PL:PALLET:LNRM:PAL-69729 | LPN: LPNNA6TL5DPSH,3.79,7.58
763,763,"Abyssaly 35.4"" x 118"" Black Silk Wallpaper Peel and Stick Embossed Self Adhesive Black Contact Paper Removable Kitchen Vinyl Textured Wall Paper Cabinet Furniture Shelf Liner",,Abyssaly,,BUILDING_AND_HARDWARE,USED_GOOD,,,1,61.02,Lot: AMZ_3PL_20260409_025 | Pallet: LIQ:3PL:PALLET:LNRM:PAL-69302 | LPN: LPNNA68L8G97Z,3.78,7.56
764,764,"Towel Rack Wall for Bathroom Lavatory Hotel, 24 Inch Foldable Towel Shelf with 2 Towel Holder Bar and 7 Hooks, Black Matte Towel Storage Organizer Mounted, Drill-in or Adhesive Installation",,YAFAOCE,,BUILDING_AND_HARDWARE,USED_GOOD,,,1,58.16,Lot: AMZ_3PL_20260409_025 | Pallet: LIQ:3PL:PALLET:LNRM:PAL-68861 | LPN: LPNNA6K3RZWWX,3.61,7.22
765,765,"Lazblinds Upgraded Top Down Bottom Up (TDBU) Honeycomb Blinds, No Drill No Tools Easy Install Cordless Cellular Shades for Windows 22.5"" W x 64"" H, White - Light Filtering",,LazBlinds,,BUILDING_AND_HARDWARE,USED_GOOD,,,1,57.45,Lot: AMZ_3PL_20260409_025 | Pallet: LIQ:3PL:PALLET:LNRM:PAL-68867 | LPN: LPNNA6Q3PGSTC,3.56,7.12
766,766,"BNX TruFilter 14x25x1 Air Filter MERV 13 (6-Pack) - MADE IN USA - Electrostatic Pleated Air Conditioner HVAC AC Furnace Filters for Allergies, Pollen, Mold, Bacteria, Smoke, Allergen, MPR 1900 FPR 10",,BNX,,BUILDING_AND_HARDWARE,USED_GOOD,,850028451519,1,57.19,Lot: AMZ_3PL_20260409_025 | Pallet: LIQ:3PL:PALLET:LNRM:PAL-69532 | LPN: LPNNA687TPD7K,3.55,7.10
767,767,Ziliny 5 Pcs 1 Gallon Plastic Jug with Lids Square Empty Storage Containers HDPE Carboy Plastic Jar Containers for Water Beverage Oil Liquids (Translucent Color),,Ziliny,,MIXED_BUILDING_AND_INDUSTRIAL,USED_GOOD,,,1,57.19,Lot: AMZ_3PL_20260409_025 | Pallet: LIQ:3PL:PALLET:LNRM:PAL-69745 | LPN: LPNNA6SW1K49T,3.55,7.10
768,768,"Hoovate 20 x 20 Inch (Duct Opening) Return Air Vent Cover, Louvered Steel HVAC Grille for Wall and Ceiling, White Powder-Coated Rust-Resistant Finish, Decorative Design, Easy to Install",,Hoovate,,BUILDING_AND_HARDWARE,USED_GOOD,,,1,56.80,Lot: AMZ_3PL_20260409_025 | Pallet: LIQ:3PL:PALLET:LNRM:PAL-69638 | LPN: LPNNA62MBG9Y3,3.52,7.04
769,769,"LightingWill LED T8 Light Tube 4FT, Warm White 3000K-3500K, Dual-End Powered Ballast Bypass, 2000Lumen 18W (40W Equivalent Fluorescent Replacement), Frosted Cover, AC85-265V Lighting Fixture, 4 Pack",,LightingWill,,BUILDING_AND_HARDWARE,USED_GOOD,,603813586350,1,55.89,Lot: AMZ_3PL_20260409_025 | Pallet: LIQ:3PL:PALLET:LNRM:PAL-69302 | LPN: LPNNA63XGBFZC,3.47,6.94
770,770,"Pushglossy 4 Pcs 36"" Double Bubble Kerf Door Sweep 1-3/4"" Wide Vinyl Weatherstrip Seal for Exterior Doors, Energy Efficient Draft Stopper, Easy Slide in Installation, Blocks Dust/insects/noise (Black)",,Pushglossy,,BUILDING_AND_HARDWARE,USED_GOOD,,,1,55.89,Lot: AMZ_3PL_20260409_025 | Pallet: LIQ:3PL:PALLET:LNRM:PAL-69372 | LPN: LPNNA6SM1VH51,3.47,6.94
771,771,"VAGUDE Heavy Duty Drawer Slides Full Extension Side Mount 14 16 18 20 22 24 26 28 30 32 34 36 40 Inch 150 Lbs Metal Dresser Cabine Rails Tracks Glides Runner 1 Pair (Without Lock, 20 Inch)",,VAGUDE,,BUILDING_AND_HARDWARE,USED_GOOD,,,1,55.15,Lot: AMZ_3PL_20260409_025 | Pallet: LIQ:3PL:PALLET:LNRM:PAL-69849 | LPN: LPNNA6KJNZ9DT,3.42,6.84
772,772,"LazBlinds No Tools No Drill Cordless Cellular Shades, Blackout Light Blocking Honeycomb Shades for Home, Thermal Insulation Blinds for Windows, 25"" W x 36"" H, White",,LazBlinds,,BUILDING_AND_HARDWARE,USED_GOOD,,,1,54.80,Lot: AMZ_3PL_20260409_025 | Pallet: LIQ:3PL:PALLET:LNRM:PAL-69372 | LPN: LPNNA6P4HG51K,3.40,6.80
773,773,"Hicarer 2 Pcs 52 Inch Door Rain Drip Cap Guard Exterior Anodized Aluminum Overall Height 1-1/2 Inch Overhead Drip Edge Flashing Weather Stripping Window Deflector Home Top Roof Rain Diverter, Silver",,Hicarer,,BUILDING_AND_HARDWARE,USED_GOOD,,,1,51.99,Lot: AMZ_3PL_20260409_025 | Pallet: LIQ:3PL:PALLET:LNRM:PAL-69302 | LPN: LPNNA6RV76W16,3.22,6.44
774,774,"Folding Hand Truck, Dolly Cart with Wheels Foldable, Lightweight Aluminum Luggage Cart Portable Collapsible Trolly for Utility Cart, Hand Trucks for Moving Travel Shopping Airport Office",,SERVOMASTER,,BUILDING_AND_HARDWARE,USED_GOOD,,797422733271,1,51.99,Lot: AMZ_3PL_20260409_025 | Pallet: LIQ:3PL:PALLET:LNRM:PAL-69372 | LPN: LPNNA67H1DKC8,3.22,6.44
775,775,"Hicarer 2 Pcs Door Bottom Sweep with Rain Drip 0.5625"" W x 2"" H x 36"" L, Black Exterior Door Rain Drip Guard, Bottom Weather Stripping, Mill Finish Aluminum with Vinyl Insert",,Hicarer,,BUILDING_AND_HARDWARE,USED_GOOD,,,1,51.99,Lot: AMZ_3PL_20260409_025 | Pallet: LIQ:3PL:PALLET:LNRM:PAL-69372 | LPN: LPNNA6SDMJ925,3.22,6.44
776,776,"36 Inch Anti Slip Shower Grab Gold, Munzong Bathroom Grab Bar, Knurled Bathroom Balance Bar,Safety Hand Rail Support Handicap Elderly Injury Senior Assist Bath Handle",,Munzong,,BUILDING_AND_HARDWARE,USED_GOOD,,777886140716,1,51.99,Lot: AMZ_3PL_20260409_025 | Pallet: LIQ:3PL:PALLET:LNRM:PAL-69669 | LPN: LPNNA6P3M8JKG,3.22,6.44
777,777,"Pushglossy 4 Pcs Replacement Door Bottom with Vinyl Fins 36"" Long 1 3/4"" Wide Threshold Seal Bottom of Door Weatherstrip Kerf Weather Stripping for 7/8"" Between Barbs (White)",,Pushglossy,,BUILDING_AND_HARDWARE,USED_GOOD,,,1,51.99,Lot: AMZ_3PL_20260409_025 | Pallet: LIQ:3PL:PALLET:LNRM:PAL-69685 | LPN: LPNNA6XV9RBJV,3.22,6.44
778,778,"Geiserailie 1 Set 5.3 Gallon Recycle Bins for Kitchen with Foot-Operated & Self-Closing Lid, Includes 50 Trash Bags Wastebasket Bin for Recycling and Waste for Indoor&Outdoor Kitchen & Office",,Geiserailie,,MIXED_BUILDING_AND_INDUSTRIAL,USED_GOOD,,,1,51.99,Lot: AMZ_3PL_20260409_025 | Pallet: LIQ:3PL:PALLET:LNRM:PAL-68867 | LPN: LPNNA6HL3S3R7,3.22,6.44
779,779,"Baseboard Register Vent Cover Diffusers,18 inch Baseboard Heater Register for Duct Opening 18”,White Baseboard Diffusers Heating Vent for Floor Wall with Adjustable Airflow Lever and 3 Ways",,EXCELFU,,BUILDING_AND_HARDWARE,USED_GOOD,,,1,51.99,Lot: AMZ_3PL_20260409_025 | Pallet: LIQ:3PL:PALLET:LNRM:PAL-68867 | LPN: LPNNA6JDR7YFQ,3.22,6.44
780,780,"8 Pack L20 x H 12"" Black Heavy Duty Shelf Brackets with Screws Metal Shelf Brackets Shelf Support Angle Brackets for Shelves L Brackets Heavy Duty Floating Shelf",,MHMYDZ,,BUILDING_AND_HARDWARE,USED_GOOD,,,1,51.94,Lot: AMZ_3PL_20260409_025 | Pallet: LIQ:3PL:PALLET:LNRM:PAL-69372 | LPN: LPNNA6KDSGKP8,3.22,6.44
781,781,"TapeManBlue Carpet Protection Film 24"" x 200' roll, Self Adhesive Plastic Carpet Protector Film with Clean Removal & Easy Unwind, Durable Protection Tape to Shield Your Surface from Dirt and Spills",,TapeManBlue,,MIXED_BUILDING_AND_INDUSTRIAL,USED_GOOD,,816821000323,1,50.69,Lot: AMZ_3PL_20260409_025 | Pallet: LIQ:3PL:PALLET:LNRM:PAL-69745 | LPN: LPNNA6MPVK8JS,3.14,6.28
782,782,"Rayport American Standard Elongated Toilet Seat with toddler seat, Soft Close, 2 in 1 Seat, White, Great for Adults and Child",,Rayport,,BUILDING_AND_HARDWARE,USED_GOOD,,,1,50.57,Lot: AMZ_3PL_20260409_025 | Pallet: LIQ:3PL:PALLET:LNRM:PAL-69699 | LPN: LPNNA6DYQK7NW,3.14,6.28
783,783,"osayhome Grasscloth Textured Wallpaper White Gray Linen Thick 24"" X 394"" Fabric Contact Paper Grassweave Removable Modern Self Adhesive Wallpaper for Walls Cabinets Bedroom Liners Fireplace",,osayhome,,BUILDING_AND_HARDWARE,USED_GOOD,,768825414968,1,49.39,Lot: AMZ_3PL_20260409_025 | Pallet: LIQ:3PL:PALLET:LNRM:PAL-69131 | LPN: LPNNA6P7R772W,3.06,6.12
784,784,"osayhome Grasscloth Textured Wallpaper Dark Blue Linen Thick 24"" X 394"" Fabric Contact Paper Grassweave Removable Modern Self Adhesive Wallpaper for Walls Cabinets Bedroom Liners Fireplace",,osayhome,,BUILDING_AND_HARDWARE,USED_GOOD,,735530688946,1,48.74,Lot: AMZ_3PL_20260409_025 | Pallet: LIQ:3PL:PALLET:LNRM:PAL-69669 | LPN: LPNNA6HL46D8F,3.02,6.04
785,785,"Storystore Folding Shelf Brackets - 24 Inch Heavy Duty Stainless Steel Collapsible Shelf Bracket for Bench Table, Space Saving DIY Bracket, Max Load: 550lb",,Storystore,,BUILDING_AND_HARDWARE,USED_GOOD,,,1,48.15,Lot: AMZ_3PL_20260409_025 | Pallet: LIQ:3PL:PALLET:LNRM:PAL-69372 | LPN: LPNNA65G228FD,2.99,5.98
786,786,"Storystore Folding Shelf Brackets - 24 Inch Heavy Duty Stainless Steel Collapsible Shelf Bracket for Bench Table, Space Saving DIY Bracket, Max Load: 550lb",,Storystore,,BUILDING_AND_HARDWARE,USED_GOOD,,,1,48.15,Lot: AMZ_3PL_20260409_025 | Pallet: LIQ:3PL:PALLET:LNRM:PAL-69131 | LPN: LPNNA6RWDMJ3L,2.99,5.98
787,787,"Gold Shower Grab Bar w/Anti-Slip Knurled Grip 32 Inch, Zepolu Wall Mounted Stainless Steel Bath Grab Bar,Safety Balanced Handrail, Handicap Injury Elderly Senior Assist Support Textured Handle",,Zepolu,,BUILDING_AND_HARDWARE,USED_GOOD,,717428027600,1,48.09,Lot: AMZ_3PL_20260409_025 | Pallet: LIQ:3PL:PALLET:LNRM:PAL-69519 | LPN: LPNNA6HNQGCVR,2.98,5.96
788,788,"Qygba Replacement Wand Tube for Dyson Stick V15 V11 V10 V8 V7 Vacuum Parts, Extension Vacuum Replacement Parts, 28.7 In (Silver)",,Qygba,,BUILDING_AND_HARDWARE,USED_GOOD,,,1,48.09,Lot: AMZ_3PL_20260409_025 | Pallet: LIQ:3PL:PALLET:LNRM:PAL-69372 | LPN: LPNNA6W11P8CK,2.98,5.96
789,789,"LOVEETA® Gen2 12Ft [18Ft Reach] Extendable Light Bulb Changer Pole for High Ceilings – Telescopic Light Bulb Pole Changer with Bulb Gripper, Chandelier Lights - Jet Black",,LOVEETA,,BUILDING_AND_HARDWARE,USED_GOOD,,,1,48.07,Lot: AMZ_3PL_20260409_025 | Pallet: LIQ:3PL:PALLET:LNRM:PAL-69302 | LPN: LPNNA6JYQK7YG,2.98,5.96
790,790,"TORRIDE Manual Wire Stripping Machine Gauge Wire 0.06-1 inches,Scrapping Copper Wire Peeler Machine,Drill Powered Hand Crank Wire Stripper Tool for Scrap Copper Recycling",,TORRIDE,,MIXED_BUILDING_AND_INDUSTRIAL,USED_GOOD,,717956327067,1,46.79,Lot: AMZ_3PL_20260409_025 | Pallet: LIQ:3PL:PALLET:LNRM:PAL-69172 | LPN: LPNNA62153FK2,2.90,5.80
791,791,"Konideke F21T5/830 21 Watt 34 Inches T5 Fluorescent Light Bulb, 3000K Warm White, 2100 Lumens, 20000 Hour Lifespan, Mini Bi-Pin Base, 6 Pack",,Konideke,,BUILDING_AND_HARDWARE,USED_GOOD,,,1,46.79,Lot: AMZ_3PL_20260409_025 | Pallet: LIQ:3PL:PALLET:LNRM:PAL-69519 | LPN: LPNNA6MR1PRMS,2.90,5.80
792,792,"Phent zari Memory Foam Pillow, Cervical Pillow for Neck Pain Relief, Ergonomic Adjustable Contour Bed Pillow for Side, Back & Stomach Sleepers (2, 23.5 * 15.6 ihch)",,Phent zari,,MIXED_BUILDING_AND_INDUSTRIAL,USED_GOOD,,797085599429,1,46.79,Lot: AMZ_3PL_20260409_025 | Pallet: LIQ:3PL:PALLET:LNRM:PAL-69739 | LPN: LPNNA6W4C6NH6,2.90,5.80
793,793,"Modern Clear Glass Ceiling Light Fixture with 1-Light, A1A9 Industrial Sphere Glass Chandelier Fitting, E26 LED Semi-Flush Mount Pendant Lights for Kitchen, Bedroom, Bar, Counter, Cafe (Black)",,A1A9,,BUILDING_AND_HARDWARE,USED_GOOD,,778992591522,1,46.79,Lot: AMZ_3PL_20260409_025 | Pallet: LIQ:3PL:PALLET:LNRM:PAL-69131 | LPN: LPNNA6VSKF64Y,2.90,5.80
794,794,"Big Hippo Wheelchair Seat Cushions, Comfortable Wheelchair Cushions for Pressure Relief, Soft Wheelchair Seat Cushions Pain Relief -17 ×17 Inches - Red",,Big Hippo,,MIXED_BUILDING_AND_INDUSTRIAL,USED_GOOD,,,1,46.66,Lot: AMZ_3PL_20260409_025 | Pallet: LIQ:3PL:PALLET:LNRM:PAL-69648 | LPN: LPNNA6H14Q81K,2.89,5.78
795,795,"NeatiEase Threshold Ramps for Doorways, 48"" Metal Floor Transition Strip Replacement, Aluminum Floor Reducer Molding for Carpet/Entry Door/Tile/Threshold/Wheelchair (Silver)",,NeatiEase,,MIXED_BUILDING_AND_INDUSTRIAL,USED_GOOD,,,1,44.30,Lot: AMZ_3PL_20260409_025 | Pallet: LIQ:3PL:PALLET:LNRM:PAL-69302 | LPN: LPNNA63PWND82,2.75,5.50
796,796,"GLOKUUCA 1 Pcs Door Kick Plates - 6 x 34 Inches Kick Plates for Exterior Interior Doors Protection Decor, 1.5mm (1/16 Inch) Thickness Rectangular Aluminum Door Push Plate (Black)",,GLOKUUCA,,BUILDING_AND_HARDWARE,USED_GOOD,,,1,40.29,Lot: AMZ_3PL_20260409_025 | Pallet: LIQ:3PL:PALLET:LNRM:PAL-69644 | LPN: LPNNA6RZ8G171,2.50,5.00
797,797,"SMILOOL Non Slip Stair Landing Rug for Wooden Steps Indoor, Stair Landing Mat Square 31"" x 31"" Landing Rugs for Wood Stairs, Carpet Stair Treads Matching Mats, Brown",,SMILOOL,,BUILDING_AND_HARDWARE,USED_GOOD,,,1,38.99,Lot: AMZ_3PL_20260409_025 | Pallet: LIQ:3PL:PALLET:LNRM:PAL-68868 | LPN: LPNNA6K52KWSN,2.42,4.84
798,798,"KAITELA Black ABS Plastic Sheet 18"" x 24"" x 0.060"" Moldable Flexible Thermoplastic Board 1/16"" Thick (1.5mm) for Craft Projects, Robotics Competitions - Textured & Smooth Surface, Pack of 2",,KAITELA,,MIXED_BUILDING_AND_INDUSTRIAL,USED_GOOD,,,1,38.99,Lot: AMZ_3PL_20260409_025 | Pallet: LIQ:3PL:PALLET:LNRM:PAL-69699 | LPN: LPNNK5M143N7Q,2.42,4.84
799,799,"Postal Pro, The Ambrose Mailbox, Durable Plastic, Easy to Install, Flag Included, White",,Postal Pro,,BUILDING_AND_HARDWARE,USED_GOOD,,850004408520,1,38.99,Lot: AMZ_3PL_20260409_025 | Pallet: LIQ:3PL:PALLET:LNRM:PAL-68867 | LPN: LPNNA6SQ7K29W,2.42,4.84
800,800,"Kixdorbol 8 Pack 24 Inch F17T8/DL Fluorescent Light Bulb, T8 17 Watt, 6500K Daylight, T8 2FT Fluorescent Replacement Tube, G13 Medium Bi-Pin Base",,Kixdorbol,,MIXED_BUILDING_AND_INDUSTRIAL,USED_GOOD,,,1,37.69,Lot: AMZ_3PL_20260409_025 | Pallet: LIQ:3PL:PALLET:LNRM:PAL-69302 | LPN: LPNNA66FTTPD3,2.34,4.68
801,801,"MOONSEA 23 Inch RGB LED Flush Mount Ceiling Light with Remote Control, 32W +7W 3200LM Dimmable Color Changing Light Fixture Rectangle, Colorful for Bedroom, Kids Room， Party, White",,MOONSEA,,BUILDING_AND_HARDWARE,USED_GOOD,,,1,37.39,Lot: AMZ_3PL_20260409_025 | Pallet: LIQ:3PL:PALLET:LNRM:PAL-69638 | LPN: LPNNA6WPWP4V6,2.32,4.64
802,802,"FCSOTSPS 304 Stainless Steel Mesh Window Screen Roll,35IN x 10FT Black Metal Window Screen Replacement,Window Screen Mesh for Window,Door,Patio,Pet,Vent,Filter,Porch,Cage and DIY Projects (22 Mesh)",,FCSOTSPS,,BUILDING_AND_HARDWARE,USED_GOOD,,,1,37.04,Lot: AMZ_3PL_20260409_025 | Pallet: LIQ:3PL:PALLET:LNRM:PAL-69372 | LPN: LPNNA6N14JKNJ,2.30,4.60
803,803,"3D Printer Filament Storage Rack, 4-Tier Printer Stand Filament Spool Holders Cart with Wheels, Heavy Duty Metal Shelf for PLA/ABS/TPU/Nylon, Filaments Organizer for 3D Printing Studio Office Workshop",,Beolisave,,MIXED_BUILDING_AND_INDUSTRIAL,USED_GOOD,,,1,56.52,Lot: AMZ_3PL_20260409_025 | Pallet: LIQ:3PL:PALLET:LNRM:PAL-69532 | LPN: LPNNA6RMHGZG6,3.50,7.00
804,804,"LazBlinds Cordless Bamboo Roman Shades for Windows, Light Filtering Natural Bamboo Blinds, Easy Lift Cordless Design for Living Room & Bedroom, Fits Interior Windows 22.5"" W x 48"" H, Greystone",,LazBlinds,,BUILDING_AND_HARDWARE,USED_GOOD,,,1,56.15,Lot: AMZ_3PL_20260409_025 | Pallet: LIQ:3PL:PALLET:LNRM:PAL-69532 | LPN: LPNNA63XG56YM,3.48,6.96
805,805,Thyle 2 Pcs 4 x 4 x 39.4 Inches(Actual 3.5 x 3.5) Post Sleeve Vinyl Post Wrap Cover White Column Wraps for Porch Weatherproof for Lasting Durability Easy Installation on Patio Decks Porches Mailbox,,Thyle,,BUILDING_AND_HARDWARE,USED_GOOD,,,1,55.89,Lot: AMZ_3PL_20260409_025 | Pallet: LIQ:3PL:PALLET:LNRM:PAL-68867 | LPN: LPNNA6X5B3Q2W,3.47,6.94
806,806,"mitoharet 8Inch Auger Drill Bit, Planting Garden Planter Garden Drill Bit Post Hole Rapid Planter Compatible Auger Machine Head with 3/4In Shaft",,mitoharet,,BUILDING_AND_HARDWARE,USED_GOOD,,,1,54.41,Lot: AMZ_3PL_20260409_025 | Pallet: LIQ:3PL:PALLET:LNRM:PAL-69638 | LPN: LPNNA6QNPBCKJ,3.37,6.74
807,807,Lanties 2 Pcs 30 Inch White Paper Lanterns Large Jumbo Round Lantern Lamp Hanging Ball Luminary for Wedding Party Bridal Shower Decoration Anniversary Birthday Classroom Home Ceiling Decorations,,Lanties,,BUILDING_AND_HARDWARE,USED_GOOD,,,1,52.99,Lot: AMZ_3PL_20260409_025 | Pallet: LIQ:3PL:PALLET:LNRM:PAL-69745 | LPN: LPNNA6213CX77,3.29,6.58
808,808,"Reisener T8 LED Bulbs 4 Foot, 24W 3120 Lumen, 6500K Cool White, Type A+B 4FT Tube Light, T10 T12 65W Equivalent Fluorescent Replacement for Office Shop Light, Remove Ballast or Plug & Play, 4 Pack",,Reisener,,BUILDING_AND_HARDWARE,USED_GOOD,,,1,52.88,Lot: AMZ_3PL_20260409_025 | Pallet: LIQ:3PL:PALLET:LNRM:PAL-69685 | LPN: LPNNA66TQWD54,3.28,6.56
809,809,"Lichaser LED Recessed Lighting for Acoustic Panel, 6 Pcs of 3000K Dimmable LED Strip Light for Wood Slat Wall Panel in Parallel with Touch Sensor, Self-Adhesive for Slat Wall Decor (2*36+2*24+2*16 in)",,Lichaser,,BUILDING_AND_HARDWARE,USED_GOOD,,,1,51.99,Lot: AMZ_3PL_20260409_025 | Pallet: LIQ:3PL:PALLET:LNRM:PAL-69519 | LPN: LPNNA6DTXMC14,3.22,6.44
810,810,"Yuichoy Battery Operated Wall Sconces Set of 2, Wireless Wall Lights with Remote Control, Black 30 Inch Modern LED Rechargeable Sconces, Wall Lamp Indoor",,Yuichoy,,BUILDING_AND_HARDWARE,USED_GOOD,,,1,51.99,Lot: AMZ_3PL_20260409_025 | Pallet: LIQ:3PL:PALLET:LNRM:PAL-69372 | LPN: LPNNA69WCR13V,3.22,6.44
811,811,"Purife Heavy Duty Black Hand Railings for Stairs Outdoor (1-3 Steps) - U Shaped Matte Safety Grab Bars for Elderly, Wall Mounted Handrails for Indoor Concrete Steps for Garage, Porch, Basement",,Purife,,BUILDING_AND_HARDWARE,USED_GOOD,,,1,51.99,Lot: AMZ_3PL_20260409_025 | Pallet: LIQ:3PL:PALLET:LNRM:PAL-69638 | LPN: LPNNA6ZW118FP,3.22,6.44
812,812,"Brushed Nickel Shower Grab Bar w/Anti-Slip Knurled Grip 36 Inch, Zepolu Stainless Steel Bathroom Grab Bars, Safety Bar Balanced Handrail, Handicap Injury Elderly Senior Assist Support Shower Handle",,Zepolu,,BUILDING_AND_HARDWARE,USED_GOOD,,717428027563,1,51.99,Lot: AMZ_3PL_20260409_025 | Pallet: LIQ:3PL:PALLET:LNRM:PAL-69849 | LPN: LPNNA6NKSJC9J,3.22,6.44
813,813,"MeeF Egg Incubator for Hatching 28 Eggs, Auto Flip, Independent Atomizing Humidifier, with Duck and Goose Egg Trays (Green)",,MeeF,,MIXED_BUILDING_AND_INDUSTRIAL,USED_GOOD,,,1,51.87,Lot: AMZ_3PL_20260409_025 | Pallet: LIQ:3PL:PALLET:LNRM:PAL-69856 | LPN: LPNNA6K7PVPQ4,3.22,6.44
814,814,"1M Family Toilet Seat, Patented Slow Close & Quick Releasing Technology, Anti-Wiggling, Easy to Install and Clean, Standard Elongated with Toddler Seat Built In (1 Piece)",,1M,,BUILDING_AND_HARDWARE,USED_GOOD,,,1,51.74,Lot: AMZ_3PL_20260409_025 | Pallet: LIQ:3PL:PALLET:LNRM:PAL-69724 | LPN: LPNNA6LXH9LDH,3.21,6.42
815,815,"LazBlinds No Tools No Drill Cordless Cellular Shades, Light Filtering Honeycomb Shades for Home, Thermal Insulation Blinds for Windows, 23"" W x 48"" H, Dark Grey",,LazBlinds,,BUILDING_AND_HARDWARE,USED_GOOD,,,1,51.10,Lot: AMZ_3PL_20260409_025 | Pallet: LIQ:3PL:PALLET:LNRM:PAL-69302 | LPN: LPNNA6PG8KQ18,3.17,6.34
816,816,"Allisfresh HE601 HEPA Filter Replacement compatible with Shark HE6FKPET HE601 HE602 6 Fan Air Cleaner Purifier, Models HE601 HE602 True Premium HEPA Filter 1 Pack",,Allisfresh,,BUILDING_AND_HARDWARE,USED_GOOD,,779953084374,1,49.39,Lot: AMZ_3PL_20260409_025 | Pallet: LIQ:3PL:PALLET:LNRM:PAL-69131 | LPN: LPNNA63516QQT,3.06,6.12
817,817,"Bectosy Window Privacy Film, Static Cling Stained Glass Window Film Decorative, Non-Adhesive 3D Rainbow Frosting Film Anti-UV for Bathroom Home Door (Colorful, 23.6"" x 118.1"")",,Bectosy,,BUILDING_AND_HARDWARE,USED_GOOD,,,1,48.09,Lot: AMZ_3PL_20260409_025 | Pallet: LIQ:3PL:PALLET:LNRM:PAL-69302 | LPN: LPNNA67XGMXL4,2.98,5.96
818,818,"AURILOFT No Tools No Drill 1"" Cordless Mini Blinds, Horizontal Light Filtering Blind, Vinyl Blinds for Indoor Windows 28"" W x 72"" H, White.",,AURILOFT,,BUILDING_AND_HARDWARE,USED_GOOD,,,1,48.09,Lot: AMZ_3PL_20260409_025 | Pallet: LIQ:3PL:PALLET:LNRM:PAL-69669 | LPN: LPNNA66H1XD6Z,2.98,5.96
819,819,"36 Inch Shower Grab Bar 1.25"" Dia, Black Anti Slip Bathroom Grab Bar, 304 Stainless Steel Knurled Handicap Grab Bars, Safety Support Handrail, Assist Bath Shower Handle for Elderly Injury Senior",,HUAS,,BUILDING_AND_HARDWARE,USED_GOOD,,,1,48.09,Lot: AMZ_3PL_20260409_025 | Pallet: LIQ:3PL:PALLET:LNRM:PAL-69638 | LPN: LPNNA697TLFC4,2.98,5.96
820,820,"Stainless Steel Quad Glove Box Holder, Quad Glove Box Holder & Glove Box Organizer for Wall Mount, Stainless Steel 4-Compartment Dispenser, 20.9""L x 3.7""W x 10""H",,Acxetx,,MIXED_BUILDING_AND_INDUSTRIAL,USED_GOOD,,,1,48.09,Lot: AMZ_3PL_20260409_025 | Pallet: LIQ:3PL:PALLET:LNRM:PAL-69856 | LPN: LPNNA6XSGJQRX,2.98,5.96
821,821,LOVEETA® Gen2 12Ft [18Ft Reach] Lightweight Extendable Light Bulb Changer Pole for High Ceilings – Telescopic Light Bulb Pole Changer with Bulb Gripper - Champagne Gold,,LOVEETA,,BUILDING_AND_HARDWARE,USED_GOOD,,,1,48.07,Lot: AMZ_3PL_20260409_025 | Pallet: LIQ:3PL:PALLET:LNRM:PAL-69131 | LPN: LPNNK5GKXC8PS,2.98,5.96
822,822,"LazBlinds Cordless Beige 1” Light Filtering Vinyl Mini Blinds, 34"" W X 48"" H Horizontal Window Blinds for Home, Cordless Shades for Indoor Windows",,LazBlinds,,BUILDING_AND_HARDWARE,USED_GOOD,,,1,47.49,Lot: AMZ_3PL_20260409_025 | Pallet: LIQ:3PL:PALLET:LNRM:PAL-68868 | LPN: LPNNA6DHCZYPZ,2.94,5.88
823,823,"27-9/16"" x 14-9/16"" Sink Protector, Rear Drain with Corner Radius 3/16"", Sink Grid - Rear Drain for Single Bowl Kitchen Sinks",,Frsmvati,,BUILDING_AND_HARDWARE,USED_GOOD,,,1,46.79,Lot: AMZ_3PL_20260409_025 | Pallet: LIQ:3PL:PALLET:LNRM:PAL-69724 | LPN: LPNNA6B8JZ185,2.90,5.80
824,824,Hicarer 2 Pcs 40 Inch Anodized Aluminum Door Drip Cap Overall Height 1-1/2 Inches Overhead Edge Window Rain Deflector Home Rain Drip Guard Door Top Weatherstrip (Black),,Hicarer,,BUILDING_AND_HARDWARE,USED_GOOD,,,1,46.79,Lot: AMZ_3PL_20260409_025 | Pallet: LIQ:3PL:PALLET:LNRM:PAL-69849 | LPN: LPNNK5T54Q888,2.90,5.80
825,825,"Coeusy 3 Gallon Wicker Trash Can,Small Bathroom Trash Can with Lid,Natural Water Hyacinth Wicker Waste Basket for Bedroom,Toilet,Narrow Garbage Can with Removable Liner",,Coeusy,,MIXED_BUILDING_AND_INDUSTRIAL,USED_GOOD,,,1,45.49,Lot: AMZ_3PL_20260409_025 | Pallet: LIQ:3PL:PALLET:LNRM:PAL-69638 | LPN: LPNNA6RZ9PR17,2.82,5.64
826,826,"Outlet Extender Stick 22""-34"" with 2 AC Outlets & USB-A,USB-C Ports,180°Rotating Wall Plug Socket Access Hard-to-Reach Extension Cord Extender Behind Nightstand,Sofa (1 Pack)",,EDIEBE,,BUILDING_AND_HARDWARE,USED_GOOD,,,1,44.19,Lot: AMZ_3PL_20260409_025 | Pallet: LIQ:3PL:PALLET:LNRM:PAL-69519 | LPN: LPNNA69PT9CLW,2.74,5.48
827,827,"Tension Curtain Rod 41-86In-150Lb, Curtain Rod No Drilling for Window or Bathroom Patio, Adjustable Heavy Duty Shower Curtain Rod, Easy to Install, Never Rust, Rod Diameter 1.26 Inches-Black",,Treije,,BUILDING_AND_HARDWARE,USED_GOOD,,,1,44.19,Lot: AMZ_3PL_20260409_025 | Pallet: LIQ:3PL:PALLET:LNRM:PAL-69644 | LPN: LPNNA6F4DRZ2N,2.74,5.48
828,828,"Large Drum Lamp Shades 16"" Top X 16"" Bottom X 10"" High, Seaside village Medium Lampshades White Lampshades Natural Linen Hand Crafted, Easy Assembly Required，Lnclude E26-E14-11mm Adapter Ring",,OTTOSEA,,BUILDING_AND_HARDWARE,USED_GOOD,,,1,44.19,Lot: AMZ_3PL_20260409_025 | Pallet: LIQ:3PL:PALLET:LNRM:PAL-68861 | LPN: LPNNA6TQZ257W,2.74,5.48
829,829,"THMOOTHER 10-Pack 3.3FT 1Meter V Shape LED Strip Aluminum Channel Diffuser System, Extruded Alu Track Milky Cover with Corner Connector and Mounting Kit,Easy Cut and Installed Curved Lens Profile",,THMOOTHER,,BUILDING_AND_HARDWARE,USED_GOOD,,799513883988,1,40.82,Lot: AMZ_3PL_20260409_025 | Pallet: LIQ:3PL:PALLET:LNRM:PAL-69131 | LPN: LPNNA6Z55D5BB,2.53,5.06
830,830,LONTAN 1 Pair Side Mount Heavy Duty Drawer Glides 22 inch Soft Close Drawer Slides 100 LB Capacity Ball Bearing Full Extension Cabinet Rails,,LONTAN,,BUILDING_AND_HARDWARE,USED_GOOD,,,1,39.52,Lot: AMZ_3PL_20260409_025 | Pallet: LIQ:3PL:PALLET:LNRM:PAL-68868 | LPN: LPNNA6HH1NGM9,2.45,4.90
831,831,"Sokply T8 T12 4FT LED Bulbs Light Tube Type A+B 18W 2250LM, F32T8/F40T12 LED Fluorescent Replacement(18W=30W), 5000K Daylight, Plug and Play or Ballast Bypass, Dual-End, UL & DLC Listed(2 pcs)",,Sokply,,BUILDING_AND_HARDWARE,USED_GOOD,,750439123190,1,38.99,Lot: AMZ_3PL_20260409_025 | Pallet: LIQ:3PL:PALLET:LNRM:PAL-69739 | LPN: LPNNA6TCFN6J3,2.42,4.84
832,832,"KIWIVIC 16 Inch Flush Mount Ceiling Light, 32W Dimmable LED Fixture 3200LM, 3000K/4500K/6000K Adjustable, Round Ceiling Lamp for Bedroom, Kitchen, Living Room, Dining Room, Bathroom, White",,KIWIVIC,,BUILDING_AND_HARDWARE,USED_GOOD,,,1,38.99,Lot: AMZ_3PL_20260409_025 | Pallet: LIQ:3PL:PALLET:LNRM:PAL-69669 | LPN: LPNNA64ZY4XL1,2.42,4.84
833,833,"Dssuta HP200 HP201 HP202 Replacement Filter Compatible with Shark HP200 Series, HP202 HP201 HP232 HP302, UA205 and HC502 Air Filter Replacement, Compare Part HE2FKBAS, HE2FKBASMB",,Dssuta,,BUILDING_AND_HARDWARE,USED_GOOD,,,1,38.99,Lot: AMZ_3PL_20260409_025 | Pallet: LIQ:3PL:PALLET:LNRM:PAL-68861 | LPN: LPNNA62JPLFX3,2.42,4.84
834,834,"SUNBABY Reeded Glass Window Privacy Film, Decorative Frosted Glass Window Film for Bathroom & Front Door, 3D Static Cling Window Coverings Day and Night Privacy Sun Heat Blocking (23.6 x 78.7 Inch)",,SUNBABY,,BUILDING_AND_HARDWARE,USED_GOOD,,,1,38.99,Lot: AMZ_3PL_20260409_025 | Pallet: LIQ:3PL:PALLET:LNRM:PAL-69849 | LPN: LPNNA6VKWV185,2.42,4.84
835,835,"Double Curtain Rods Warm Gold,Room Darkening Drapery Rod for 48-84 Inches,Adjustable 3/4 Inches Front and 5/8 Inches Back Quality Metal Rod for Window,Wrap Around Design",,Mayrhyme,,BUILDING_AND_HARDWARE,USED_GOOD,,,1,56.06,Lot: AMZ_3PL_20260409_025 | Pallet: LIQ:3PL:PALLET:LNRM:PAL-69644 | LPN: LPNNA6DTVDGTJ,3.48,6.96
836,836,"48 Inch Ceiling Fan Downrod, 1"" Diameter Matte Black Ceiling Fan Extension Rod (No Threads),Universal Down Rods for Ceiling Fans,Easy Installation",,FEHEED,,BUILDING_AND_HARDWARE,USED_GOOD,,,1,55.89,Lot: AMZ_3PL_20260409_025 | Pallet: LIQ:3PL:PALLET:LNRM:PAL-69302 | LPN: LPNNH5QPVMCFK,3.47,6.94
837,837,"Floor Register 4x10, Floor Vent Covers, Heavy Duty Steel Walkable Floor Vents, for Sidewall and Floor, Brown 10 Pack",,HQZHQZ,,BUILDING_AND_HARDWARE,USED_GOOD,,,1,55.89,Lot: AMZ_3PL_20260409_025 | Pallet: LIQ:3PL:PALLET:LNRM:PAL-68868 | LPN: LPNNA67WFGJPW,3.47,6.94
838,838,LONTAN Heavy Duty Full Extension Ball Bearing Drawer Slides 8 10 12 14 16 18 20 22 24 Inch Side Mount File Cabinet Rails Dresser Runner Kitchen Cabinet Drawer Glides 100 LB Capacity (22 inch，2 Pairs),,LONTAN,,BUILDING_AND_HARDWARE,USED_GOOD,,,1,54.59,Lot: AMZ_3PL_20260409_025 | Pallet: LIQ:3PL:PALLET:LNRM:PAL-69519 | LPN: LPNNA6DYPJHKC,3.39,6.78
839,839,"Raytano 5"" W×36""L Flat Profile Solid Oak Floor Transition Strip, Wood Door Threshold for Tile Carpet Wood Laminate Vinyl Flooring (5/8"" H,5"" W, 36"" L)",,Raytano,,BUILDING_AND_HARDWARE,USED_GOOD,,,1,54.59,Lot: AMZ_3PL_20260409_025 | Pallet: LIQ:3PL:PALLET:LNRM:PAL-69302 | LPN: LPNNA6NHBGSTC,3.39,6.78
840,840,"GeilSpace 6 Pack 1/2"" × 42"" Pre-Cut Black Metal Pipe, Industrial Steel Fits Standard Half Inch Black Threaded Pipes and Fittings - Vintage DIY Industrial Shelving (1/2"" × 42"")",,GeilSpace,,BUILDING_AND_HARDWARE,USED_GOOD,,782901876587,1,54.22,Lot: AMZ_3PL_20260409_025 | Pallet: LIQ:3PL:PALLET:LNRM:PAL-69849 | LPN: LPNNA6YHHL7CC,3.36,6.72
841,841,"LazBlinds Cordless Beige 1” Light Filtering Vinyl Mini Blinds, 48"" W X 48"" H Horizontal Window Blinds for Home, Cordless Shades for Indoor Windows",,LazBlinds,,BUILDING_AND_HARDWARE,USED_GOOD,,,1,53.11,Lot: AMZ_3PL_20260409_025 | Pallet: LIQ:3PL:PALLET:LNRM:PAL-68867 | LPN: LPNNA6PV9SSLV,3.29,6.58
842,842,"TOBUSA 22“ Farmhouse Table Lamps Set of 2, White Rustic Vintage Table Lamps for Living Room Bedroom, Antique Bedside Desk Lamps with Linen Shade, Traditional Resin Nightstand Lamp Sets for End Table",,TOBUSA,,BUILDING_AND_HARDWARE,USED_GOOD,,,1,51.99,Lot: AMZ_3PL_20260409_025 | Pallet: LIQ:3PL:PALLET:LNRM:PAL-69131 | LPN: LPNNA6LG5K8G6,3.22,6.44
843,843,"Step Stool for Adults,2 Step Ladder Folding 330lbs Anti Slip Step Stool,Foldable Ergonomic 2 Steel Stool with Wide Pedal for Home, Kitchen, Office (White)",,ASPERLAD,,BUILDING_AND_HARDWARE,USED_GOOD,,711026393112,1,51.99,Lot: AMZ_3PL_20260409_025 | Pallet: LIQ:3PL:PALLET:LNRM:PAL-69644 | LPN: LPNNA6JR2X3TP,3.22,6.44
844,844,"Memory Foam Ergonomic Wedge Pillow - 27° Lift Support Cushion for Sleeping, Reading & Prone Positions Multi-Functional Rest Pillow for Neck, Waist & Back Pain Relief with Washable Cover- Light Grey",,Bawanglo,,MIXED_BUILDING_AND_INDUSTRIAL,USED_GOOD,,,1,51.99,Lot: AMZ_3PL_20260409_025 | Pallet: LIQ:3PL:PALLET:LNRM:PAL-69856 | LPN: LPNNA6XR25RLT,3.22,6.44
845,845,"WAPANE Dark Gray Concrete Wallpaper 23.6in x 720in, Black Cement Contact Paper 3D Matte Textured, Wall Paper Peel and Stick Self-Adhesive Removable for Living Room Bedroom Bathroom Gym",,WAPANE,,BUILDING_AND_HARDWARE,USED_GOOD,,,1,51.99,Lot: AMZ_3PL_20260409_025 | Pallet: LIQ:3PL:PALLET:LNRM:PAL-69849 | LPN: LPNNA6STWR5L1,3.22,6.44
846,846,"1M Family Toilet Seat, Patented Slow Close & Quick Releasing Technology, Anti-Wiggling, Easy to Install and Clean, Standard Elongated with Toddler Seat Built In (1 Piece)",,1M,,BUILDING_AND_HARDWARE,USED_GOOD,,,1,51.68,Lot: AMZ_3PL_20260409_025 | Pallet: LIQ:3PL:PALLET:LNRM:PAL-69638 | LPN: LPNNA6FYQ348V,3.20,6.40
847,847,"OLANLY Large Door Mat Indoor Entrance Washable 48x32, Odor-Free Low-Profile Front Back Geometric Doormat, Absorbent Resist Dirt Entry Carpet, Easy to Clean Sturdy Floor Mats for Entryway, Dark Brown",,OLANLY,,MIXED_BUILDING_AND_INDUSTRIAL,USED_GOOD,,,1,50.69,Lot: AMZ_3PL_20260409_025 | Pallet: LIQ:3PL:PALLET:LNRM:PAL-69849 | LPN: LPNNK53YPHLK6,3.14,6.28
848,848,"Tension Curtain Rod 41-122 In-88Lb Outdoor Extra Long Tension Rod No Drilling for Window or Bathroom Patio, Adjustable Heavy Duty Shower Curtain Rod, Easy to Install, Never Rust, Non-Slip-White",,Treije,,BUILDING_AND_HARDWARE,USED_GOOD,,,1,50.30,Lot: AMZ_3PL_20260409_025 | Pallet: LIQ:3PL:PALLET:LNRM:PAL-69519 | LPN: LPNNA6BCCD4HR,3.12,6.24
849,849,"Decoroom Contact Paper 23.6"" X 236"" Removable Vinyl Film Red Brown Wood Grain Contact Paper Textured Self-Adhesive Shelf Panel Decorative Wall Liner Apply for Old Furniture Kitchen Cabinets.",,Decoroom,,BUILDING_AND_HARDWARE,USED_GOOD,,,1,49.39,Lot: AMZ_3PL_20260409_025 | Pallet: LIQ:3PL:PALLET:LNRM:PAL-69302 | LPN: LPNNA65DKPZVR,3.06,6.12
850,850,Haimin Wall Panels Peel and Stick 10 Pieces 23.6x11.8in (19.4 Sq. Ft. Coverage) Lightweight Backsplash Marble Look Tile (not Real Marble) Ideal for Kitchen Bathrooms Living Rooms Bedrooms,,Haimin,,BUILDING_AND_HARDWARE,USED_GOOD,,,1,49.39,Lot: AMZ_3PL_20260409_025 | Pallet: LIQ:3PL:PALLET:LNRM:PAL-69372 | LPN: LPNNA6HL8SHJQ,3.06,6.12
851,851,"Egofine Plexiglass Sheets Acrylic Sheets 6 Pack of 24x36’’ 0.04 Thickness 1mm Clear Plastic Cast Transparent Plexi Glass for Crafting DIY Projects, Replacement Picture Frame Glass, Easy to Cut",,Egofine,,MIXED_BUILDING_AND_INDUSTRIAL,USED_GOOD,,,1,48.74,Lot: AMZ_3PL_20260409_025 | Pallet: LIQ:3PL:PALLET:LNRM:PAL-69745 | LPN: LPNNA67SKG1F9,3.02,6.04
852,852,Fits 14x14 Duct Opening | Steel Return Air Filter Grille by Sierra Grates | Vent Cover Grill for Sidewall and Ceiling | White Powder Coated with Frame,,Sierra Grates,,BUILDING_AND_HARDWARE,USED_GOOD,,850071516555,1,48.09,Lot: AMZ_3PL_20260409_025 | Pallet: LIQ:3PL:PALLET:LNRM:PAL-69131 | LPN: LPNNA65JNN8FJ,2.98,5.96
853,853,"rabbitgoo Window Privacy Film Frosted Glass Film, Decorative Cling UV Sun Blocking Decals, Frosting Window Clings for Home Bathroom Door Coverings, 23.6 x157.5 inches",,rabbitgoo,,BUILDING_AND_HARDWARE,USED_GOOD,,,1,48.09,Lot: AMZ_3PL_20260409_025 | Pallet: LIQ:3PL:PALLET:LNRM:PAL-69849 | LPN: LPNNA6SDPHKF5,2.98,5.96
854,854,"MYshade No-Drill Cordless Horizontal Mini Blinds – 35"" W x 64"" H Tool-Free Inside Mount Window Blinds with 1"" Vinyl Slats, Light Filtering & Privacy, Child & Pet Safe, Gray",,MYshade,,BUILDING_AND_HARDWARE,USED_GOOD,,,1,47.65,Lot: AMZ_3PL_20260409_025 | Pallet: LIQ:3PL:PALLET:LNRM:PAL-69729 | LPN: LPNNA62564W4Z,2.95,5.90
855,855,"3 FT Wood Handrails for Indoor Stairs, Wall-Mounted Staircase Handrails for Indoor Outdoor Steps, Non-Slip Stairs Railing Indoor for Corridor, Lofts, Patio, Kindergarten Guardrail (Round Wood)",,Henka,,BUILDING_AND_HARDWARE,USED_GOOD,,,1,46.79,Lot: AMZ_3PL_20260409_025 | Pallet: LIQ:3PL:PALLET:LNRM:PAL-69302 | LPN: LPNNA63RGG32Q,2.90,5.80
856,856,"HESTIA No Drill Cordless Room Darkening Vinyl Mini Blinds, 1” L-Shaped PVC Slats Venetian Horizontal Blind Privacy Indoor Window Coverings for Bedroom, Bathroom and Kitchen, White, 29"" W X 50"" H",,HESTIA,,BUILDING_AND_HARDWARE,USED_GOOD,,,1,46.79,Lot: AMZ_3PL_20260409_025 | Pallet: LIQ:3PL:PALLET:LNRM:PAL-69302 | LPN: LPNNA6F3R4TGQ,2.90,5.80
857,857,"Hicarer 1 Pcs 1 in Round Keyed Shafting Keyed Shaft, Keyway: 1/4"" x 9/64"", 1.5ft Length, 1045 Carbon Steel",,Hicarer,,MIXED_BUILDING_AND_INDUSTRIAL,USED_GOOD,,,1,46.79,Lot: AMZ_3PL_20260409_025 | Pallet: LIQ:3PL:PALLET:LNRM:PAL-69648 | LPN: LPNNA63CJS4VV,2.90,5.80
858,858,"Tudomro 10 Pack 19 x 14 x 4 Inch Cake Box, Cardboard Cake Boxes, Large Rectangle Boxes, Kraft Non Window Bakery Pastry supplies(White)",,Tudomro,,MIXED_BUILDING_AND_INDUSTRIAL,USED_GOOD,,,1,46.79,Lot: AMZ_3PL_20260409_025 | Pallet: LIQ:3PL:PALLET:LNRM:PAL-69849 | LPN: LPNNA6JVZDSRJ,2.90,5.80
859,859,"LazBlinds Cordless White 1"" Room Darkening Vinyl Mini Blinds, 33"" W X 64"" H Horizontal Window Blinds for Home, Cordless Shades for Indoor Windows",,LazBlinds,,BUILDING_AND_HARDWARE,USED_GOOD,,,1,46.62,Lot: AMZ_3PL_20260409_025 | Pallet: LIQ:3PL:PALLET:LNRM:PAL-69644 | LPN: LPNNA6MYVQX31,2.89,5.78
860,860,"JOPOFI 5 Piece Bathroom Towel Bar Set - SUS304 Stainless Steel Bath Towel Holder, 23.6 Inch Towel Racks for Bathroom Wall Mounted, Bathroom Hardware Accessories Set - Matte Black",,JOPOFI,,BUILDING_AND_HARDWARE,USED_GOOD,,793898229898,1,45.49,Lot: AMZ_3PL_20260409_025 | Pallet: LIQ:3PL:PALLET:LNRM:PAL-69302 | LPN: LPNNA6RJJYXXX,2.82,5.64
861,861,"LEIRUOTM Coat Rack Wall Mount, Coat Hooks Wall Mount with 4 Pure Copper Hooks & Storage Shelf, Removable Flower Holder, Wall Coat Rack, Wall Hooks for Hanging,Rustic Brown for Entryway/Hallway/Bedroom",,LEIRUOTM,,BUILDING_AND_HARDWARE,USED_GOOD,,,1,45.49,Lot: AMZ_3PL_20260409_025 | Pallet: LIQ:3PL:PALLET:LNRM:PAL-68861 | LPN: LPNNA67CGSNFQ,2.82,5.64
862,862,"NeatiEase Threshold Ramps for Doorways, 48"" Metal Floor Transition Strip Replacement, Aluminum Floor Reducer Molding for Carpet/Entry Door/Tile/Threshold/Wheelchair (Gray)",,NeatiEase,,MIXED_BUILDING_AND_INDUSTRIAL,USED_GOOD,,,1,44.36,Lot: AMZ_3PL_20260409_025 | Pallet: LIQ:3PL:PALLET:LNRM:PAL-69519 | LPN: LPNNH5ZL4RLTD,2.75,5.50
863,863,"Dimoon 24""x197"" Wider Size Wood Contact Paper Countertop Brown Yellow Thickened Texture Suitable for Desk Cabinet Counter Wood Peel and Stick Wallpaper Removable Self-Adhesive Vintage Vinyl Roll",,Dimoon,,BUILDING_AND_HARDWARE,USED_GOOD,,,1,42.89,Lot: AMZ_3PL_20260409_025 | Pallet: LIQ:3PL:PALLET:LNRM:PAL-69849 | LPN: LPNNA6HSLMCWB,2.66,5.32
864,864,"ZYKORT Tension Curtain Rod 51-128 In (4-10Ft), Long Curtain Rods No Drilling for Windows, Heavy Duty Outdoor Curtain Rod for Patio Renter Friendly, Adjustable Tension Rod Diameter 1.26 In, Black",,ZYKORT,,BUILDING_AND_HARDWARE,USED_GOOD,,,1,41.91,Lot: AMZ_3PL_20260409_025 | Pallet: LIQ:3PL:PALLET:LNRM:PAL-69372 | LPN: LPNNA6V8GRKDS,2.60,5.20
865,865,"16x20x1 Reusable Air Filter, Washable Filter, Electrostatic, MERV 8, Lasts a Lifetime-HVAC AC Furnace Systems Air Filter(Actual Size: 15.5x19.75x0.82Inch)",,GrairsdGan,,BUILDING_AND_HARDWARE,USED_GOOD,,,1,41.59,Lot: AMZ_3PL_20260409_025 | Pallet: LIQ:3PL:PALLET:LNRM:PAL-69661 | LPN: LPNNA6NCBHK95,2.58,5.16
866,866,"ERETOW 55 Watts UV Light Bulb, 2G11 Base 4-Pin Lamp for Pond Filter and Aquarium Clarifier, Compatible with Jebao PU55/CW55, SUNSUN 55W UV Clarifier (2 Pack)",,ERETOW,,BUILDING_AND_HARDWARE,USED_GOOD,,,1,40.74,Lot: AMZ_3PL_20260409_025 | Pallet: LIQ:3PL:PALLET:LNRM:PAL-69302 | LPN: LPNNA6S51DBDC,2.53,5.06
867,867,"Pushglossy 2 Pcs Replacement Door Bottom with Vinyl Fins 36"" Long 1 3/4"" Wide Threshold Seal Bottom of Door Weatherstrip Kerf Weather Stripping for 7/8"" Between Barbs (Black)",,Pushglossy,,BUILDING_AND_HARDWARE,USED_GOOD,,,1,38.99,Lot: AMZ_3PL_20260409_025 | Pallet: LIQ:3PL:PALLET:LNRM:PAL-69131 | LPN: LPNNK594FWZNJ,2.42,4.84
868,868,"hykolity 30W 2FT LED Shop Light, 3500lm 6500K Super Bright White, Linkable Ceiling Light Fixture, V Shape Integrated T8 LED Tube Light with Built-in ON/Off Switch for Workbench, Cabinet, ETL, 4 Pack",,hykolity,,BUILDING_AND_HARDWARE,USED_GOOD,,730967922144,1,38.99,Lot: AMZ_3PL_20260409_025 | Pallet: LIQ:3PL:PALLET:LNRM:PAL-69638 | LPN: LPNNA6K4CW3ZZ,2.42,4.84
869,869,"Arthome Peel and Stick Wallpaper - Black Wood Contact - Black Wallpaper - Self-Adhesive & Removable Wall Paper for Countertop Furniture Kitchen, Countertop Contact Paper, Easy to Clean, (23.6""x200"")",,Arthome WALL DECOR,,BUILDING_AND_HARDWARE,USED_GOOD,,,1,38.97,Lot: AMZ_3PL_20260409_025 | Pallet: LIQ:3PL:PALLET:LNRM:PAL-69519 | LPN: LPNNA6W184DRX,2.42,4.84
870,870,"Klypticfit Replacement Wand Tube Quick Release Compatible for Dyson V15 V11 V10 V8 V7 Vacuum Accessories Parts, 28.7in Extension Cleaner Attachment for Home Office (Red)",,Klypticfit,,BUILDING_AND_HARDWARE,USED_GOOD,,,1,38.90,Lot: AMZ_3PL_20260409_025 | Pallet: LIQ:3PL:PALLET:LNRM:PAL-69302 | LPN: LPNNA6F5B3PB5,2.41,4.82
871,871,Henjjras large White Oblate Pendant Lamp Shade 55.5cm(21.85in) Chinses lantern Home Decor Paper Ceiling Lampshade,,Henjjras,,BUILDING_AND_HARDWARE,USED_GOOD,,,1,38.87,Lot: AMZ_3PL_20260409_025 | Pallet: LIQ:3PL:PALLET:LNRM:PAL-69638 | LPN: LPNNA6PQ9KLPB,2.41,4.82
872,872,"Purife 2FT Black Wall Mount Hand Rails for Indoor Stairs, 24 Inch Interior Staircase Handrail, Outdoor Metal Stair Railing for Exterior Steps, Banister Deck Rails,Safety Grab Bar for Elderly",,Purife,,BUILDING_AND_HARDWARE,USED_GOOD,,767155857414,1,36.39,Lot: AMZ_3PL_20260409_025 | Pallet: LIQ:3PL:PALLET:LNRM:PAL-69519 | LPN: LPNNA6SQ5QBNP,2.26,4.52
873,873,"25"" Shower Door Bottom Deflector for Chrome Framed Shower Door Drip Rail Replacement with Vinyl Sweep",,AQDD,,BUILDING_AND_HARDWARE,USED_GOOD,,,1,36.39,Lot: AMZ_3PL_20260409_025 | Pallet: LIQ:3PL:PALLET:LNRM:PAL-68868 | LPN: LPNNA6GV74FWN,2.26,4.52
874,874,"EIFHYT Molded Nylon Ceiling Medallion for Light Fixtures and Ceiling Fans 16""OD x 4""ID x 3/4""P (Fits Canopies up to 12-3/8"") Black",,EIFHYT,,BUILDING_AND_HARDWARE,USED_GOOD,,,1,35.83,Lot: AMZ_3PL_20260409_025 | Pallet: LIQ:3PL:PALLET:LNRM:PAL-69669 | LPN: LPNNA6R4G12DD,2.22,4.44
875,875,"FoldTier 2 Pcs All-Season Door Sweep for Bottom of Door Exterior and Interior, Aluminum Alloy and Rubber, Commercial Weather Stripping Draft Stopper for Threshold Seal (1-3/4 x 36 Inch,Silver)",,FoldTier,,BUILDING_AND_HARDWARE,USED_GOOD,,,1,35.09,Lot: AMZ_3PL_20260409_025 | Pallet: LIQ:3PL:PALLET:LNRM:PAL-69669 | LPN: LPNNK52V7P1WM,2.18,4.36
876,876,"30x16 Return Air Grille (Duct Opening Size), Air Return Vent Cover, AC Vent Cover, Cold Air Return Vent Cover, Flat Return Air Grilles, Outer Dimensions:31.75""W x 15.75""H (30""Wx14""H, Duct Opening)",,Twelve pines,,BUILDING_AND_HARDWARE,USED_GOOD,,,1,55.84,Lot: AMZ_3PL_20260409_025 | Pallet: LIQ:3PL:PALLET:LNRM:PAL-69638 | LPN: LPNNA69G5Y32X,3.46,6.92
877,877,"Portable Bathtub for Adult, Foldable Soaking Bathtub for Hot SPA&Ice Bath, Foldable Small Bathtub collapsible bathtub for Bathing, 6-layer Insulated portable tub,Space-Saving (black, 25.9X27.5 IN)",,Generic,,BUILDING_AND_HARDWARE,USED_GOOD,,,1,54.38,Lot: AMZ_3PL_20260409_025 | Pallet: LIQ:3PL:PALLET:LNRM:PAL-68867 | LPN: LPNNA67F9YGW3,3.37,6.74
878,878,"Alise Double Towel Bars for Bathroom,32'' Towel Holder Towel Racks for Bathroom Wall Mount,SUS304 Stainless Steel Double Towel Rail Towel Hanger,Brushed Nickel",,Alise,,BUILDING_AND_HARDWARE,USED_GOOD,,,1,51.99,Lot: AMZ_3PL_20260409_025 | Pallet: LIQ:3PL:PALLET:LNRM:PAL-69519 | LPN: LPNNA6FMCX9CQ,3.22,6.44
879,879,"Henka 4-Pack No Parking Sign, 24 Inch Height, Double Sided A-Shaped Frame No Parking Sign, Folding No Parking Signs for Outside, Lawn, Driveway, Garage, Yard, Fire Lane - Bright Yellow",,Henka,,MIXED_BUILDING_AND_INDUSTRIAL,USED_GOOD,,,1,51.99,Lot: AMZ_3PL_20260409_025 | Pallet: LIQ:3PL:PALLET:LNRM:PAL-69742 | LPN: LPNNA6395STKK,3.22,6.44
880,880,CIPOTAL 19.1 in. x 14.1 in. Rear Drain Kitchen Sink Bottom Grid with Supersoft Silicone Feet in 304 Grade Stainless Steel,,Cipotal,,BUILDING_AND_HARDWARE,USED_GOOD,,616908492559,1,51.87,Lot: AMZ_3PL_20260409_025 | Pallet: LIQ:3PL:PALLET:LNRM:PAL-69399 | LPN: LPNNA667T9RGL,3.22,6.44
881,881,"WILON 4-Light Bathroom Vanity Light, Brushed Nickel Bathroom Light, Modern Lighting Fixtures Over Mirror, Wall Lamps with E26 Base, Vanity Lights for Kitchen Living Room Hallway Cabinet Porch",,WILON,,BUILDING_AND_HARDWARE,USED_GOOD,,,1,50.69,Lot: AMZ_3PL_20260409_025 | Pallet: LIQ:3PL:PALLET:LNRM:PAL-69685 | LPN: LPNNA6DL6CTTV,3.14,6.28
882,882,Haimin Wall Panels Peel and Stick 10 Pieces 23.6x11.8in (19.4 Sq. Ft. Coverage) Lightweight Backsplash Marble Look Tile (not Real Marble) Ideal for Kitchen Bathrooms Living Rooms Bedrooms,,Haimin,,BUILDING_AND_HARDWARE,USED_GOOD,,,1,49.39,Lot: AMZ_3PL_20260409_025 | Pallet: LIQ:3PL:PALLET:LNRM:PAL-69699 | LPN: LPNNA6VV8F1LC,3.06,6.12
883,883,"PHINGEER Coat Rack Wall Mount, Wooden Heavy Duty Coat Rack for Wall,8 Triple Coat Hanger Hooks for Hanging Coats,Jacket,Hat,Clothes (Brown, 8 Hooks)",,PHINGEER,,BUILDING_AND_HARDWARE,USED_GOOD,,723556204721,1,49.13,Lot: AMZ_3PL_20260409_025 | Pallet: LIQ:3PL:PALLET:LNRM:PAL-69302 | LPN: LPNNA6XCC8LPC,3.05,6.10
884,884,"hykolity 2 Pack 4FT Linkable LED Shop Light for Garage, 6500lm, 4FT 60W Utility Light Fixture, 5000K Daylight LED Workbench Light with Plug, Hanging or Surface Mount, White - ETL",,hykolity,,BUILDING_AND_HARDWARE,USED_GOOD,,,1,46.92,Lot: AMZ_3PL_20260409_025 | Pallet: LIQ:3PL:PALLET:LNRM:PAL-69302 | LPN: LPNNA67SHM9R8,2.91,5.82
885,885,"DSV Standard Garage Floor Squeegee 36’’, Neoprene Blade Asphalt Squeegee, Taper Pole Connection - Handle Sold Separately for Tiles, Concrete and Asphalt",,DSV Standard,,MIXED_BUILDING_AND_INDUSTRIAL,USED_GOOD,,,1,46.79,Lot: AMZ_3PL_20260409_025 | Pallet: LIQ:3PL:PALLET:LNRM:PAL-69519 | LPN: LPNNA6BYRMGVT,2.90,5.80
886,886,ToBeGreat 1 Pair Undermount Drawer Slides 18 Inch 80 lb Load Capacity Soft Close Full Extension Ball Bearing Hidden Bottom Mount Rails Locking Devices Concealed Runners(with Bracket),,ToBeGreat,,BUILDING_AND_HARDWARE,USED_GOOD,,,1,46.68,Lot: AMZ_3PL_20260409_025 | Pallet: LIQ:3PL:PALLET:LNRM:PAL-69519 | LPN: LPNNA6JW2JFLF,2.89,5.78
887,887,"Rectoo Pipe Stair Handrail, 4 Ft Metal Staircase Handrail, Black Galvanized Industrial Iron Hand Rail for Indoor & Outdoor Wall Mount Support, Wall Hand Railing,Safety Handle, Steps Baluster(HR02)",,RECTOO,,BUILDING_AND_HARDWARE,USED_GOOD,,712367749668,1,45.46,Lot: AMZ_3PL_20260409_025 | Pallet: LIQ:3PL:PALLET:LNRM:PAL-69302 | LPN: LPNNA6RNQSL47,2.82,5.64
888,888,RUKHOOL Tube Extension Wand for Dyson V15 V11 V10 V8 V7 Stick Replacement Parts Vacuum Attachment Quick Release Wand Vacuums Rod 28.7 IN,,RUKHOOL,,BUILDING_AND_HARDWARE,USED_GOOD,,,1,42.89,Lot: AMZ_3PL_20260409_025 | Pallet: LIQ:3PL:PALLET:LNRM:PAL-69372 | LPN: LPNNA6DQZQFHL,2.66,5.32
889,889,"Padded Toilet Seat Cushion with 2-Inch High-Density Foam & Waterproof PU Fabric, U-Shape Padded Toilet Cushion - Secure Hook & Loop Tape, Fits Standard/Elongated Toilets (Beige)",,DOMSCIEN,,MIXED_BUILDING_AND_INDUSTRIAL,USED_GOOD,,,1,42.89,Lot: AMZ_3PL_20260409_025 | Pallet: LIQ:3PL:PALLET:LNRM:PAL-69724 | LPN: LPNNA6TMBD6PL,2.66,5.32
890,890,"hunhun 10-Pack 3.3ft/1Meter Plus-Size U Shape LED Aluminum Channel System with Milky Cover, End Caps and Mounting Clips, Aluminum Profile for LED Strip Light, Special for Philips Hue Strip",,hunhun,,BUILDING_AND_HARDWARE,USED_GOOD,,740385116018,1,42.89,Lot: AMZ_3PL_20260409_025 | Pallet: LIQ:3PL:PALLET:LNRM:PAL-69849 | LPN: LPNNA6PFYXWX9,2.66,5.32
891,891,"OlitAir 16x20x1 MERV 8 Air Filter,AC Furnace Air Filter,Reusable ABS Plastic Frame, 7 Pack Replaceable Filter Media (Actual Size: 15 3/4"" x 19 3/4"" x 3/4"")",,OlitAir,,BUILDING_AND_HARDWARE,USED_GOOD,,797085801829,1,41.81,Lot: AMZ_3PL_20260409_025 | Pallet: LIQ:3PL:PALLET:LNRM:PAL-69372 | LPN: LPNNA69FY28V3,2.59,5.18
892,892,"M METERXITY 24 Inch Anti Slip Grab Bars for Bathtubs and Showers, Stainless Steel Safety Shower Handle for Bathroom/Toilet/Seniors/Elderly Assist Bath Handle [Chrome]",,M METERXITY,,BUILDING_AND_HARDWARE,USED_GOOD,,,1,41.59,Lot: AMZ_3PL_20260409_025 | Pallet: LIQ:3PL:PALLET:LNRM:PAL-68868 | LPN: LPNNA6ZYR9N4T,2.58,5.16
893,893,"Bliwans Light Blocking Strips for Window Shades and Blinds, 100% Blackout PVC Side Tracks Light Blocker for Blinds, Window Light Blocker for Bedroom(White, 58"", 2PCS)",,Bliwans,,BUILDING_AND_HARDWARE,USED_GOOD,,,1,40.60,Lot: AMZ_3PL_20260409_025 | Pallet: LIQ:3PL:PALLET:LNRM:PAL-69644 | LPN: LPNNA69XNL8VK,2.52,5.04
894,894,"Dremvoist Come Along Winch,2T Heavy Duty Power Cable Come Along Tool Chain Winch Ratchet Tool with Dual Gear,12FT,2 Hook,Automotive Hoist Winch Puller,Hand Winch Cable,for Vehicle Rescue,Recovery Gear",,Dremvoist,,BUILDING_AND_HARDWARE,USED_GOOD,,,1,38.99,Lot: AMZ_3PL_20260409_025 | Pallet: LIQ:3PL:PALLET:LNRM:PAL-69519 | LPN: LPNNA67CDS6DX,2.42,4.84
895,895,"DLLT 3-Light Bathroom Light Fixtures: 18.51"" Black Modern Vanity Lights with Clear Glass Shade - Bathroom Wall Lamp for Mirror Kitchen Living Room Hallway Cabinet Porch",,DINGLILIGHTING,,BUILDING_AND_HARDWARE,USED_GOOD,,,1,38.99,Lot: AMZ_3PL_20260409_025 | Pallet: LIQ:3PL:PALLET:LNRM:PAL-69131 | LPN: LPNNA6GSJ3N2Y,2.42,4.84
896,896,"Colingmill 1 Set Peel and Stick Door Moulding Trim Kit Premade Wall Moulding Panels Flexible Self Adhesive 3D Wainscoting Panels for Mirror Window Frame Decor (Top 24""x36"" and Bottom 24""x24"")",,Colingmill,,BUILDING_AND_HARDWARE,USED_GOOD,,,1,37.69,Lot: AMZ_3PL_20260409_025 | Pallet: LIQ:3PL:PALLET:LNRM:PAL-68868 | LPN: LPNNA6WPV6MHM,2.34,4.68
897,897,"Serene Valley Sink Bottom Grid 24-1/8"" x 12-5/8"", Centered Drain with Corner Radius 1-1/2"", Sink Protector NLW2412C",,Serene Valley,,BUILDING_AND_HARDWARE,USED_GOOD,,744702737214,1,33.42,Lot: AMZ_3PL_20260409_025 | Pallet: LIQ:3PL:PALLET:LNRM:PAL-69729 | LPN: LPNNK5DPXH45V,2.07,4.14
898,898,"Serene Valley Sink Bottom Grid 24-1/8"" x 12-5/8"", Centered Drain with Corner Radius 1-1/2"", Sink Protector NLW2412C",,Serene Valley,,BUILDING_AND_HARDWARE,USED_GOOD,,744702737214,1,33.42,Lot: AMZ_3PL_20260409_025 | Pallet: LIQ:3PL:PALLET:LNRM:PAL-69131 | LPN: LPNNA6W3TD916,2.07,4.14
899,899,"FCSOTSPS Sliding Shower Door Bottom Seal, 2 PCS 3/8"" x 36"" Sliding Shower Door Sweep for 3/8Inch Glass, Frameless Glass Door Seal Strip Stop Shower Leaks and Create a Water Barrier",,FCSOTSPS,,BUILDING_AND_HARDWARE,USED_GOOD,,,1,33.33,Lot: AMZ_3PL_20260409_025 | Pallet: LIQ:3PL:PALLET:LNRM:PAL-69519 | LPN: LPNNA65CBNYMX,2.07,4.14
900,900,EPE Universal Laptop Shipping Box I Eco-Friendly I Fits Most Laptop Sizes I Secure Packaging Solution | theBOXlarge V2,,EPE,,MIXED_BUILDING_AND_INDUSTRIAL,USED_GOOD,,687368926533,1,31.98,Lot: AMZ_3PL_20260409_025 | Pallet: LIQ:3PL:PALLET:LNRM:PAL-69131 | LPN: LPNNK5MKWSLCG,1.98,3.96
901,901,"Yecaye 3 Pack 3/8"" x 39"" Shower Door Bottom Seal,Shower Door Sweep,Frameless Glass Seal Strip,Stop Leaks and Create a Water Barrier, Water Guard 10MM",,Yecaye,,BUILDING_AND_HARDWARE,USED_GOOD,,711766624910,1,29.89,Lot: AMZ_3PL_20260409_025 | Pallet: LIQ:3PL:PALLET:LNRM:PAL-69644 | LPN: LPNNA6Z8LXXP7,1.85,3.70
902,902,"Frameless Shower Door Bottom Seal Shower Sweep with Drip Rail for 1/4"" Glass,36"" Long, Vinyl, Clear",,Dalrun,,BUILDING_AND_HARDWARE,USED_GOOD,,,1,25.99,Lot: AMZ_3PL_20260409_025 | Pallet: LIQ:3PL:PALLET:LNRM:PAL-69302 | LPN: LPNNA6ZG5R542,1.61,3.22
903,903,"Biyoee Pink Grasscloth Peel and Stick Wallpaper A Set of 23.6"" X 120"" Self-Adhesive Texture Contact Paper Faux Grasscloth Removable Wallpaper for Cabinets Counter Top Shelf Liners",,Biyoee,,BUILDING_AND_HARDWARE,USED_GOOD,,,1,21.31,Lot: AMZ_3PL_20260409_025 | Pallet: LIQ:3PL:PALLET:LNRM:PAL-69849 | LPN: LPNNA6CCBG96S,1.32,2.64
904,904,"Biyoee Pink Grasscloth Peel and Stick Wallpaper A Set of 23.6"" X 120"" Self-Adhesive Texture Contact Paper Faux Grasscloth Removable Wallpaper for Cabinets Counter Top Shelf Liners",,Biyoee,,BUILDING_AND_HARDWARE,USED_GOOD,,,1,21.31,Lot: AMZ_3PL_20260409_025 | Pallet: LIQ:3PL:PALLET:LNRM:PAL-69849 | LPN: LPNNA68XFMFQK,1.32,2.64
905,905,"Biyoee Pink Grasscloth Peel and Stick Wallpaper A Set of 23.6"" X 120"" Self-Adhesive Texture Contact Paper Faux Grasscloth Removable Wallpaper for Cabinets Counter Top Shelf Liners",,Biyoee,,BUILDING_AND_HARDWARE,USED_GOOD,,,1,21.31,Lot: AMZ_3PL_20260409_025 | Pallet: LIQ:3PL:PALLET:LNRM:PAL-69849 | LPN: LPNNA6XSNMCFR,1.32,2.64
906,906,"Energetic 60W Equivalent, A19 LED Light Bulb, 3000K Warm White, E26 Medium Base, Non-Dimmable LED Light Bulb, 8W 760LM, ETL Listed, 4 Pack",,E ENERGETIC LIGHTING,,BUILDING_AND_HARDWARE,USED_GOOD,,822985521741,1,12.99,Lot: AMZ_3PL_20260409_025 | Pallet: LIQ:3PL:PALLET:LNRM:PAL-69699 | LPN: LPNNA6M9C6ZFF,0.81,1.62
907,907,"Cutting Boards,20""L x 15""W Acacia Wooden Cutting Board for Kitchen,Wood Chopping Board with Juice Groove and Sorting Compartment,Pre-Oiled Carving Tray Charcuterie Board for Meat Cheese Fruit",,iGreely,,MIXED_BUILDING_AND_INDUSTRIAL,USED_GOOD,,,1,33.14,Lot: AMZ_3PL_20260409_025 | Pallet: LIQ:3PL:PALLET:LNRM:PAL-69131 | LPN: LPNNA6XL85C5L,2.06,4.12
908,908,"4 Pack Frameless Shower Door Bottom Seal, 3/8 x 39 Clear PVC Shower Seal Strip for 3/8 Inch Glass Shower Door Stop Shower Leaks",,Olaismln,,BUILDING_AND_HARDWARE,USED_GOOD,,768432347819,1,32.49,Lot: AMZ_3PL_20260409_025 | Pallet: LIQ:3PL:PALLET:LNRM:PAL-69724 | LPN: LPNNA6FG4TDYW,2.01,4.02
909,909,2-Pack Butecare Frameless Shower Door Bottom Seal with Long Sweep for Glass Doors – Stop Shower Leaks and Create a Water Barrier (5/16” x 36”),,Butecare,,BUILDING_AND_HARDWARE,USED_GOOD,,759337661278,1,31.19,Lot: AMZ_3PL_20260409_025 | Pallet: LIQ:3PL:PALLET:LNRM:PAL-69669 | LPN: LPNNA6HXFZGBX,1.93,3.86
910,910,homdiy 1 Pcs 24 Inch Heavy Duty Center Mount Drawer Slides for Cabinet and Dresser Bottom Mount Drawer Rails 3/4 Extension Glide Track,,homdiy,,BUILDING_AND_HARDWARE,USED_GOOD,,,1,27.29,Lot: AMZ_3PL_20260409_025 | Pallet: LIQ:3PL:PALLET:LNRM:PAL-68868 | LPN: LPNNA6RDQ8ZWP,1.69,3.38
911,911,2 Pack - 12 inch Black Hidden L Shelf Bracket (1/5 Inch Thicked) Iron Floating Shelf Brackets Rustic Industrial Metal Brackets for Shelf Support,,MHMYDZ,,BUILDING_AND_HARDWARE,USED_GOOD,,,1,23.34,Lot: AMZ_3PL_20260409_025 | Pallet: LIQ:3PL:PALLET:LNRM:PAL-69638 | LPN: LPNNA6917THRW,1.45,2.90
912,912,LS Engine Lift Plate Engine Hoist Picker Crane Lift Plate Fit for Chevy LS Series LSX LS LS1 LS2 LS3 LQ4 6.0 6.2 5.3 4.8 Gen III 3,,Camoo,,BUILDING_AND_HARDWARE,USED_GOOD,,641197128049,1,34.94,Lot: AMZ_3PL_20260409_025 | Pallet: LIQ:3PL:PALLET:LNRM:PAL-69661 | LPN: LPNNA6RNLVP89,2.17,4.34
913,913,"Serene Valley Sink Bottom Grid 24-1/8"" x 12-5/8"", Centered Drain with Corner Radius 1-1/2"", Sink Protector NLW2412C",,Serene Valley,,BUILDING_AND_HARDWARE,USED_GOOD,,744702737214,1,33.42,Lot: AMZ_3PL_20260409_025 | Pallet: LIQ:3PL:PALLET:LNRM:PAL-69685 | LPN: LPNNA6V5B3RH2,2.07,4.14
914,914,RANSOTO Tailgate Molding Trim Compatible with 2017-2022 Ford F250 F350 F-250 F-350 Super Duty Flexible Flex Step Rear Center Truck Spoiler Protector Cover Replaces FO1904134,,RANSOTO,,MIXED_BUILDING_AND_INDUSTRIAL,USED_GOOD,,,1,33.38,Lot: AMZ_3PL_20260409_025 | Pallet: LIQ:3PL:PALLET:LNRM:PAL-69724 | LPN: LPNNA6FXMQG89,2.07,4.14
915,915,"MoDooris 12 Pcs Basswood Sheets for Crafts, 12 x 16 x 1/8 Inch Plywood Sheets 3mm Thick Unfinished Wood Board for DIY Crafts, Laser Cutting, Wood Burning, Pyrography, Architectural Models, Drawing",,MoDooris,,MIXED_BUILDING_AND_INDUSTRIAL,USED_GOOD,,,1,32.49,Lot: AMZ_3PL_20260409_025 | Pallet: LIQ:3PL:PALLET:LNRM:PAL-69856 | LPN: LPNNA64L6B91Q,2.01,4.02
916,916,"LZ.MZXU Fire Escape Ladders, 13FT Emergency Rope Ladder with 2 Hooks for 2-3 Story Homes, Portable Multi-use Quick Deployment Rope Ladders for Balcony Tree Window",,LZ.MZXU,,BUILDING_AND_HARDWARE,USED_GOOD,,,1,29.82,Lot: AMZ_3PL_20260409_025 | Pallet: LIQ:3PL:PALLET:LNRM:PAL-69669 | LPN: LPNNA6XZ8FKPD,1.85,3.70
917,917,2-Pack Butecare Frameless Shower Door Bottom Seal for Glass Doors – Stop Shower Leaks and Create a Water Barrier (3/8” x 39”),,Butecare,,BUILDING_AND_HARDWARE,USED_GOOD,,755326200237,1,27.16,Lot: AMZ_3PL_20260409_025 | Pallet: LIQ:3PL:PALLET:LNRM:PAL-69638 | LPN: LPNNA6MSJRL2S,1.68,3.36
918,918,"2 Pack Shower Door Bottom Seal 1/2"" x 39"" Glass Door PVC Seal Strip Suitable for 1/2 Inch Glass Frameless Shower Door Seal Strip Stop Shower Leaks",,ELYXIAN,,BUILDING_AND_HARDWARE,USED_GOOD,,,1,25.99,Lot: AMZ_3PL_20260409_025 | Pallet: LIQ:3PL:PALLET:LNRM:PAL-69724 | LPN: LPNNA69HC6VLN,1.61,3.22
919,919,"LONTAN 1 Piece Black Center Mount Drawer Slides 24 Inch - Bottom Centered Drawer Mount 3/4 Extension Heavy Duty Drawer Glides for Cabinets, Dressers, and Furniture – Smooth and Quiet Operation",,LONTAN,,BUILDING_AND_HARDWARE,USED_GOOD,,,1,24.69,Lot: AMZ_3PL_20260409_025 | Pallet: LIQ:3PL:PALLET:LNRM:PAL-69638 | LPN: LPNNA6Q7SB5JP,1.53,3.06
920,920,"Ptsuker String Light Poles for Outdoor String Lights - Metal Light Pole w/Hooks for Outdoor String Lighting - Patio Light Accessories Ideal for Backyard, Weddings, and Parties",,Ptsuker,,BUILDING_AND_HARDWARE,USED_GOOD,,,1,22.84,Lot: AMZ_3PL_20260409_025 | Pallet: LIQ:3PL:PALLET:LNRM:PAL-69638 | LPN: LPNNA69JKCYRK,1.42,2.84
921,921,"warlve Suction Cup Hooks No Drill Stainless Steel Shower Hooks Towel Hook Robe Hook Heavy Duty on Smooth and Non-Porous Surfaces in Bathrooms Kitchen Bedroom (2, Brushed Nickel)",,warlve,,BUILDING_AND_HARDWARE,USED_GOOD,,,1,20.98,Lot: AMZ_3PL_20260409_025 | Pallet: LIQ:3PL:PALLET:LNRM:PAL-69302 | LPN: LPNNA6VL54QSB,1.30,2.60
922,922,"Window Tension Tool For Tilt Spiral Balance H 3787, Engage the Balance and Insert Into the Proper Window Shoe, Pack of 1, Silver, 2 Year Warranty",,dttbgg,,BUILDING_AND_HARDWARE,USED_GOOD,,602262943356,1,12.99,Lot: AMZ_3PL_20260409_025 | Pallet: LIQ:3PL:PALLET:LNRM:PAL-69302 | LPN: LPNNA673MQ5XW,0.81,1.62
923,923,"BLNAN Motion Sensor Ceiling Light Wired, 12 Inch 3000K 4000K 5000K Selectable LED Flush Mount Light Fixture, Motion Activated Light with Timer for Hallway Stair Walk-in Closet, Black Frame",,BLNAN,,BUILDING_AND_HARDWARE,USED_GOOD,,,1,35.09,Lot: AMZ_3PL_20260409_025 | Pallet: LIQ:3PL:PALLET:LNRM:PAL-69638 | LPN: LPNNA6HJL3GM2,2.18,4.36
924,924,"SPRING SEAON 3-Inch Raised Toilet Seat Cushion with Waterproof PU Cover, Soft Commode Cushion for Comfort and Support, Fits Most Standard and Elongated Toilet Seats, for Seniors, Pregnancy, Recovery",,SPRING SEAON,,MIXED_BUILDING_AND_INDUSTRIAL,USED_GOOD,,,1,34.57,Lot: AMZ_3PL_20260409_025 | Pallet: LIQ:3PL:PALLET:LNRM:PAL-69131 | LPN: LPNNA65W46KC6,2.14,4.28
925,925,"Frienda 2 Pcs Shower Door Bottom Seal 1/4"" x 36'' Clear PVC Glass Door Sweep Shower Frameless Seal Strip for Replacement Stopping Leaks and Creating Water Barrier",,Frienda,,BUILDING_AND_HARDWARE,USED_GOOD,,,1,33.79,Lot: AMZ_3PL_20260409_025 | Pallet: LIQ:3PL:PALLET:LNRM:PAL-69699 | LPN: LPNNA69F9GHDW,2.10,4.20
926,926,"Serene Valley Sink Bottom Grid 24-1/8"" x 12-5/8"", Centered Drain with Corner Radius 1-1/2"", Sink Protector NLW2412C",,Serene Valley,,BUILDING_AND_HARDWARE,USED_GOOD,,744702737214,1,33.42,Lot: AMZ_3PL_20260409_025 | Pallet: LIQ:3PL:PALLET:LNRM:PAL-68867 | LPN: LPNNA66CCMKS9,2.07,4.14
927,927,"2pcs 600mm Tr8X4 Lead Screw with T8 Brass Nut for 3D Printer Machine Z Axis(Acme Thread, 2mm Pitch, 2 Start, 4mm Lead)",,akkacm,,MIXED_BUILDING_AND_INDUSTRIAL,USED_GOOD,,768434036421,1,32.76,Lot: AMZ_3PL_20260409_025 | Pallet: LIQ:3PL:PALLET:LNRM:PAL-69699 | LPN: LPNNA62697X3D,2.03,4.06
928,928,"Konideke (4 Set) F8T5/CW 8 Watt and F13T5/CW 13 Watt, T5 12 Inches 8W and 21 Inches 13W Under Counter Fluorescent Light Bulbs, Cool White 4100K G5 Cap",,Konideke,,MIXED_BUILDING_AND_INDUSTRIAL,USED_GOOD,,,1,32.49,Lot: AMZ_3PL_20260409_025 | Pallet: LIQ:3PL:PALLET:LNRM:PAL-68868 | LPN: LPNNA65R41FZD,2.01,4.02
929,929,"TRWISWDC Hickory Wood Coat Rack Wall Mount, 20 Inch Coat Hook Hanger Wooden Wall Coat Rack with 5 Hooks for Purse Clothes Towels Hats in Entryway Bedroom Bathroom, Natural",,TRWISWDC,,BUILDING_AND_HARDWARE,USED_GOOD,,,1,30.75,Lot: AMZ_3PL_20260409_025 | Pallet: LIQ:3PL:PALLET:LNRM:PAL-68861 | LPN: LPNNA62KX9LDW,1.91,3.82
930,930,"TRWISWDC Hickory Wood Coat Rack Wall Mount, 20 Inch Coat Hook Hanger Wooden Wall Coat Rack with 5 Hooks for Purse Clothes Towels Hats in Entryway Bedroom Bathroom, Natural",,TRWISWDC,,BUILDING_AND_HARDWARE,USED_GOOD,,,1,30.75,Lot: AMZ_3PL_20260409_025 | Pallet: LIQ:3PL:PALLET:LNRM:PAL-68861 | LPN: LPNNA6F3QQ3WD,1.91,3.82
931,931,"AmazerBath Shower Door Bottom Seal 39 inch (Set of 2) - Suitable for 1/4 Inch Glass, Frameless Glass Seal Strip Shower Door Sweep",,AmazerBath,,BUILDING_AND_HARDWARE,USED_GOOD,,,1,25.99,Lot: AMZ_3PL_20260409_025 | Pallet: LIQ:3PL:PALLET:LNRM:PAL-68868 | LPN: LPNNA6KPW7Z96,1.61,3.22
932,932,"colmeguna 1 Packs 3FT LED Batten Light, Slim Ceiling Surface Mounted Light, 30W, 4000K, IP20, LED Ceiling Lamp for Garage, Shop, Hallway, Office, Market",,colmeguna,,BUILDING_AND_HARDWARE,USED_GOOD,,,1,25.99,Lot: AMZ_3PL_20260409_025 | Pallet: LIQ:3PL:PALLET:LNRM:PAL-69742 | LPN: LPNNA654FYNCP,1.61,3.22
933,933,"2 Pack Shower Door Bottom Seal 3/8"" x 36"" Glass Door Seal Strip Suitable for 3/8 Inch Glass Frameless Shower Door Seal Strip Stop Shower Leaks",,ELYXIAN,,BUILDING_AND_HARDWARE,USED_GOOD,,,1,23.39,Lot: AMZ_3PL_20260409_025 | Pallet: LIQ:3PL:PALLET:LNRM:PAL-69519 | LPN: LPNNK57XMC9QZ,1.45,2.90
934,934,"Ptsuker String Light Poles for Outdoor String Lights - Metal Light Pole w/Hooks for Outdoor String Lighting - Patio Light Accessories Ideal for Backyard, Weddings, and Parties",,Ptsuker,,BUILDING_AND_HARDWARE,USED_GOOD,,,1,22.84,Lot: AMZ_3PL_20260409_025 | Pallet: LIQ:3PL:PALLET:LNRM:PAL-69644 | LPN: LPNNA6JKXH741,1.42,2.84
935,935,"Biyoee Pink Grasscloth Peel and Stick Wallpaper A Set of 23.6"" X 120"" Self-Adhesive Texture Contact Paper Faux Grasscloth Removable Wallpaper for Cabinets Counter Top Shelf Liners",,Biyoee,,BUILDING_AND_HARDWARE,USED_GOOD,,,1,21.31,Lot: AMZ_3PL_20260409_025 | Pallet: LIQ:3PL:PALLET:LNRM:PAL-69849 | LPN: LPNNA6VWCB9XS,1.32,2.64
936,936,"Nolimas Brushed Nickel Bath Towel Bar Single Bars Towel Rack Rod Classic Wall Mounted SUS304 Stainless Steel Bathroom Towel Holder Toilet Kitchen Towel Shelf Single Layer,24 inches",,Nolimas,,BUILDING_AND_HARDWARE,USED_GOOD,,769891664950,1,20.79,Lot: AMZ_3PL_20260409_025 | Pallet: LIQ:3PL:PALLET:LNRM:PAL-69638 | LPN: LPNNA6SMC83ZB,1.29,2.58
