row_id,row_number,description,title,brand,model,category,condition,sku,upc,quantity,retail_value,notes,base_cost,ideal_price
937,1,Jetson Horizon Kids' Electric Dirt Bike - Black,,Jetson,,OUTDOOR_SPORTS,LIKE_NEW,,840290206658,3,399.99,BICYCLES-PHYSICAL FITNESS | ERO'S | BICYCLES PHYSICAL FITNESS,88.39,176.78
938,2,"Schwinn Legacy Women's 26"" Cruiser Bike - Purple",,Schwinn,,OUTDOOR_SPORTS,NEW,,038675066281,7,188.99,BICYCLES-PHYSICAL FITNESS | CRUISER | BICYCLES PHYSICAL FITNESS,41.76,83.52
939,3,"Schwinn Regent 27.5"" Adult Hybrid Bike - Dark Red",,Schwinn,,OUTDOOR_SPORTS,NEW,,038675290853,1,804.99,BICYCLES-PHYSICAL FITNESS | ELECTRIC BIKES | BICYCLES PHYSICAL FITNESS,177.89,355.78
940,4,"Kent Winslow 700c/28"" Adult Hybrid Bike - Green",,Kent,,OUTDOOR_SPORTS,NEW,,016751227405,2,230.99,BICYCLES-PHYSICAL FITNESS | HYBRID | BICYCLES PHYSICAL FITNESS,51.05,102.10
941,5,"Mongoose Limestone 26"" Men's Mountain Bike - Blue",,Mongoose,,OUTDOOR_SPORTS,USED_GOOD,,038675275959,2,202.99,BICYCLES-PHYSICAL FITNESS | MOUNTAIN | BICYCLES PHYSICAL FITNESS,44.86,89.72
942,6,Radio Flyer Convertible Kid & Cargo Stroller Wagon with Canopy: Steel & Plastic Frame,,Radio Flyer,,OUTDOOR_SPORTS,USED_GOOD,,042385114330,2,179.99,BICYCLES-PHYSICAL FITNESS | WAGONS | BICYCLES PHYSICAL FITNESS,39.78,79.56
943,7,"Razor 24V MX350 Dirt Rocket Electric Powered Ride-On Bike - Blue: 250W Motor, 14 MPH",,Razor,,OUTDOOR_SPORTS,LIKE_NEW,,845423001346,1,298.99,BICYCLES-PHYSICAL FITNESS | ERO'S | BICYCLES PHYSICAL FITNESS,66.07,132.14
944,8,"Razor 24V MX350 Dirt Rocket Electric Powered Ride-On Bike - Blue: 250W Motor, 14 MPH",,Razor,,OUTDOOR_SPORTS,NEW,,845423001346,1,298.99,BICYCLES-PHYSICAL FITNESS | ERO'S | BICYCLES PHYSICAL FITNESS,66.07,132.14
945,9,Owala 32oz FreeSip Stainless Steel Water Bottle - Sleek,,Owala,,OUTDOOR_SPORTS,USED_GOOD,,847280073009,8,34.99,BICYCLES-PHYSICAL FITNESS | STAINLESS STEEL | BICYCLES PHYSICAL FITNESS,7.73,15.46
946,10,"Kent Winslow 700c/28"" Adult Hybrid Bike - Green",,Kent,,OUTDOOR_SPORTS,USED_GOOD,,016751227405,1,230.99,BICYCLES-PHYSICAL FITNESS | HYBRID | BICYCLES PHYSICAL FITNESS,51.05,102.10
947,11,"Schwinn Legacy Women's 26"" Cruiser Bike - Purple",,Schwinn,,OUTDOOR_SPORTS,USED_GOOD,,038675066281,1,188.99,BICYCLES-PHYSICAL FITNESS | CRUISER | BICYCLES PHYSICAL FITNESS,41.76,83.52
948,12,Raskullz Balance Buddy Light Up LED Bike Training Wheels,,Raskullz,,OUTDOOR_SPORTS,NEW,,847268023910,11,16.99,BICYCLES-PHYSICAL FITNESS | KIDS ACCESSORIES | BICYCLES PHYSICAL FITNESS,3.75,7.50
949,13,Owala 24oz FreeSip Stainless Steel Water Bottle  - Misty Meadow,,Owala,,OUTDOOR_SPORTS,USED_GOOD,,847280095742,5,29.99,BICYCLES-PHYSICAL FITNESS | STAINLESS STEEL | BICYCLES PHYSICAL FITNESS,6.63,13.26
950,14,Owala 24oz FreeSip Stainless Steel Water Bottle - Tangy Tango,,Owala,,OUTDOOR_SPORTS,NEW,,847280085361,5,29.99,BICYCLES-PHYSICAL FITNESS | STAINLESS STEEL | BICYCLES PHYSICAL FITNESS,6.63,13.26
951,15,"Schwinn Iris 20"" Youth Bike - Light Blue",,Schwinn,,OUTDOOR_SPORTS,NEW,,038675291003,1,144.49,BICYCLES-PHYSICAL FITNESS | YOUTH | BICYCLES PHYSICAL FITNESS,31.93,63.86
952,16,"Schwinn Iris 20"" Youth Bike - Light Blue",,Schwinn,,OUTDOOR_SPORTS,NEW,,038675291003,1,144.49,BICYCLES-PHYSICAL FITNESS | YOUTH | BICYCLES PHYSICAL FITNESS,31.93,63.86
953,17,Balance Exercise Ball Trainer with Pump - Gray - All In Motion,,All In Motion,,OUTDOOR_SPORTS,USED_GOOD,,191802002054,2,71.00,BICYCLES-PHYSICAL FITNESS | STRENGTH TRAINING | BICYCLES PHYSICAL FITNESS,15.69,31.38
954,18,"Hyper 20"" Full Suspension Bear Mountain Bike - Black/Blue: 7-Speed, Steel Frame",,Hyper Bicycles; Hyper,,OUTDOOR_SPORTS,NEW,,690995300447,1,139.99,BICYCLES-PHYSICAL FITNESS | MOUNTAIN | BICYCLES PHYSICAL FITNESS,30.94,61.88
955,19,"Hyper 20"" Full Suspension Bear Mountain Bike - Black/Blue: 7-Speed, Steel Frame",,Hyper Bicycles; Hyper,,OUTDOOR_SPORTS,USED_GOOD,,690995300447,1,139.99,BICYCLES-PHYSICAL FITNESS | MOUNTAIN | BICYCLES PHYSICAL FITNESS,30.94,61.88
956,20,Owala 32oz FreeSip Stainless Steel Water Bottle - Sleek,,Owala,,OUTDOOR_SPORTS,SALVAGE,,847280073009,4,34.99,BICYCLES-PHYSICAL FITNESS | STAINLESS STEEL | BICYCLES PHYSICAL FITNESS,7.73,15.46
957,21,Owala 32oz FreeSip Stainless Steel Water Bottle - Kickflip,,Owala,,OUTDOOR_SPORTS,SALVAGE,,847280095780,4,34.99,BICYCLES-PHYSICAL FITNESS | STAINLESS STEEL | BICYCLES PHYSICAL FITNESS,7.73,15.46
958,22,Owala 30oz Stainless Steel FreeSip Sway  Tumbler - Very Very Dark,,Owala,,OUTDOOR_SPORTS,USED_GOOD,,847280096022,4,34.99,BICYCLES-PHYSICAL FITNESS | STAINLESS STEEL | BICYCLES PHYSICAL FITNESS,7.73,15.46
959,23,Blogilates Stainless Steel Insulated Water Bottle (62 fl oz) - Evening Haze,,Blogilates,,OUTDOOR_SPORTS,USED_GOOD,,850052976675,4,34.99,BICYCLES-PHYSICAL FITNESS | ACCESSORIES | BICYCLES PHYSICAL FITNESS,7.73,15.46
960,24,Raskullz Balance Buddy Light Up LED Bike Training Wheels,,Raskullz,,OUTDOOR_SPORTS,USED_GOOD,,847268023910,8,16.99,BICYCLES-PHYSICAL FITNESS | KIDS ACCESSORIES | BICYCLES PHYSICAL FITNESS,3.75,7.50
961,25,Bala Bangles 2pc Wrist & Ankle Weight Set - Charcoal 2lb: Adjustable Steel & Silicone Weights (Please be advised that sets may be missing pieces or otherwise incomplete.),,Bala,,OUTDOOR_SPORTS,USED_GOOD,,850034367033,2,65.00,BICYCLES-PHYSICAL FITNESS | WEARABLES | BICYCLES PHYSICAL FITNESS,14.36,28.72
962,26,"Huffy Marvel Spider-Man Kids' Bike - 16"" Wheels - Training Wheels - Black",,Huffy,,OUTDOOR_SPORTS,USED_GOOD,,028914219691,1,119.99,"BICYCLES-PHYSICAL FITNESS | 16"" BIKES | BICYCLES PHYSICAL FITNESS",26.52,53.04
963,27,Owala 40oz FreeSip Stainless Steel Water Bottle - Very Very  Dark,,Owala,,OUTDOOR_SPORTS,SALVAGE,,847280095803,3,39.99,BICYCLES-PHYSICAL FITNESS | STAINLESS STEEL | BICYCLES PHYSICAL FITNESS,8.84,17.68
964,28,Owala  40oz Stainless Steel Straw Tumble - Navy Nights,,Owala,,OUTDOOR_SPORTS,SALVAGE,,847280096145,3,39.99,BICYCLES-PHYSICAL FITNESS | TUMBLER | BICYCLES PHYSICAL FITNESS,8.84,17.68
965,29,Owala 24oz FreeSip Stainless Steel Water Bottle - Tangy Tango,,Owala,,OUTDOOR_SPORTS,USED_GOOD,,847280085361,4,29.99,BICYCLES-PHYSICAL FITNESS | STAINLESS STEEL | BICYCLES PHYSICAL FITNESS,6.63,13.26
966,30,Owala 24oz FreeSip Stainless Steel Water Bottle - Sandy Shores,,Owala,,OUTDOOR_SPORTS,USED_GOOD,,847280085347,4,29.99,BICYCLES-PHYSICAL FITNESS | STAINLESS STEEL | BICYCLES PHYSICAL FITNESS,6.63,13.26
967,31,"Radio Flyer City 4-in-1 Stroll and Trike Riding Toy: Steel & Plastic, Ages 1-5",,Radio Flyer,,OUTDOOR_SPORTS,USED_GOOD,,042385130460,1,114.99,BICYCLES-PHYSICAL FITNESS | TRIKES | BICYCLES PHYSICAL FITNESS,25.41,50.82
968,32,"Razor A5 Lux Kick Scooter - Cherry Red: Steel Frame, Urethane Wheels, 220 lb Capacity",,Razor,,OUTDOOR_SPORTS,USED_GOOD,,845423027926,1,109.99,BICYCLES-PHYSICAL FITNESS | 2-WHEEL SCOOTERS | BICYCLES PHYSICAL FITNESS,24.31,48.62
969,33,Owala 32oz FreeSip Stainless Steel Water Bottle - Very Very Dark,,Owala,,OUTDOOR_SPORTS,SALVAGE,,847280062317,3,34.99,BICYCLES-PHYSICAL FITNESS | STAINLESS STEEL | BICYCLES PHYSICAL FITNESS,7.73,15.46
970,34,Melo Beam 3 Wheel Kick Scooter with Light Up Wheels - Black,,Melo,,OUTDOOR_SPORTS,USED_GOOD,,5391544970504,3,33.99,BICYCLES-PHYSICAL FITNESS | 3 WHEEL SCOOTER | BICYCLES PHYSICAL FITNESS,7.51,15.02
971,35,"Brightz Ride LED - Star: ABS Bike Lights, Handlebar & Seat Post Mount, 11-Hour Battery",,Brightz,,OUTDOOR_SPORTS,LIKE_NEW,,811860032892,4,25.49,BICYCLES-PHYSICAL FITNESS | ACCESSORIES | BICYCLES PHYSICAL FITNESS,5.63,11.26
972,36,"Radio Flyer 4-in-1 Stroll 'N Trike - Pink: Steel Frame, Adjustable Seat, EVA Tires",,Radio Flyer,,OUTDOOR_SPORTS,USED_GOOD,,042385113074,1,99.99,BICYCLES-PHYSICAL FITNESS | TRIKES | BICYCLES PHYSICAL FITNESS,22.10,44.20
973,37,Owala 16oz Kids' FreeSip Stainless Steel Water Bottle - Cake Pop,,Owala,,OUTDOOR_SPORTS,USED_GOOD,,847280091102,4,24.99,BICYCLES-PHYSICAL FITNESS | STAINLESS STEEL | BICYCLES PHYSICAL FITNESS,5.52,11.04
974,38,"VEVOR Professional Dancing Pole, Spinning Static Dancing Pole Kit, 45mm Heavy-Duty Stainless Steel Pole, Height Adjustable Fitness Pole, Silver",,VEVOR,,OUTDOOR_SPORTS,USED_GOOD,,198950176224,1,97.99,BICYCLES-PHYSICAL FITNESS |  | BICYCLES PHYSICAL FITNESS,21.65,43.30
975,39,"Huffy Highland Mountain Bike - 26"" Wheels - 21 Speeds - M/L - Black",,Huffy,,OUTDOOR_SPORTS,NEW,,028914363332,1,92.64,BICYCLES-PHYSICAL FITNESS | MOUNTAIN | BICYCLES PHYSICAL FITNESS,20.47,40.94
976,40,Tommie Copper Sport Comfort Back Brace - L/XL: Polyester & Spandex Support,,Tommie Copper,,OUTDOOR_SPORTS,USED_GOOD,,018713660954,4,22.99,BICYCLES-PHYSICAL FITNESS | MUSCLE THERAPY | BICYCLES PHYSICAL FITNESS,5.08,10.16
977,41,Little Tikes Cozy Truck - Black,,Little Tikes,,OUTDOOR_SPORTS,USED_GOOD,,050743663161,1,90.99,BICYCLES-PHYSICAL FITNESS | FOOT TO FLOOR | BICYCLES PHYSICAL FITNESS,20.11,40.22
978,42,"Hydro Flask 32oz Wide Mouth Flex Straw Travel Bottle - Agave: BPA-Free, Vacuum-Insulated",,Hydro Flask,,OUTDOOR_SPORTS,USED_GOOD,,840394202969,2,44.99,BICYCLES-PHYSICAL FITNESS | STAINLESS STEEL | BICYCLES PHYSICAL FITNESS,9.94,19.88
979,43,Owala 40oz Stainless Steel FreeSip Sway Tumbler - Misty Meadow,,Owala,,OUTDOOR_SPORTS,USED_GOOD,,840467302596,2,44.99,BICYCLES-PHYSICAL FITNESS | STAINLESS STEEL | BICYCLES PHYSICAL FITNESS,9.94,19.88
980,44,"Pacific 20"" Kids' Bike - Erupt Green",,Pacific,,OUTDOOR_SPORTS,NEW,,038675138162,1,87.49,BICYCLES-PHYSICAL FITNESS | YOUTH | BICYCLES PHYSICAL FITNESS,19.33,38.66
981,45,"Hydro Flask 24oz Wide Mouth Flex Straw Bottle - White: BPA-Free, Vacuum-Insulated",,Hydro Flask,,OUTDOOR_SPORTS,USED_GOOD,,810070084127,3,28.49,BICYCLES-PHYSICAL FITNESS | STAINLESS STEEL | BICYCLES PHYSICAL FITNESS,6.30,12.60
982,46,Little Tikes Adventure Rover Riding Toy,,Little Tikes,,OUTDOOR_SPORTS,USED_GOOD,,050743638961,1,84.99,BICYCLES-PHYSICAL FITNESS | FOOT TO FLOOR | BICYCLES PHYSICAL FITNESS,18.78,37.56
983,47,"Blogilates Starter Fit Kit: Yoga Mat, Strap & Exercise Band for Core Muscles",,Blogilates,,OUTDOOR_SPORTS,USED_GOOD,,810054660156,2,40.99,BICYCLES-PHYSICAL FITNESS | STRENGTH TRAINING | BICYCLES PHYSICAL FITNESS,9.06,18.12
984,48,"Step2 Whisper Ride Cruiser - Blue: Push Riding Toy for Ages 1.5-4, 50 lb Capacity",,Step2,,OUTDOOR_SPORTS,USED_GOOD,,733538866991,1,79.99,BICYCLES-PHYSICAL FITNESS | FOOT TO FLOOR | BICYCLES PHYSICAL FITNESS,17.68,35.36
985,49,"Step2 Whisper Ride Cruiser - Blue: Push Riding Toy for Ages 1.5-4, 50 lb Capacity",,Step2,,OUTDOOR_SPORTS,SALVAGE,,733538866991,1,79.99,BICYCLES-PHYSICAL FITNESS | FOOT TO FLOOR | BICYCLES PHYSICAL FITNESS,17.68,35.36
986,50,"Step2 Whisper Ride Cruiser - Blue: Push Riding Toy for Ages 1.5-4, 50 lb Capacity",,Step2,,OUTDOOR_SPORTS,USED_GOOD,,733538866991,1,79.99,BICYCLES-PHYSICAL FITNESS | FOOT TO FLOOR | BICYCLES PHYSICAL FITNESS,17.68,35.36
987,51,Owala 16oz Kids' FreeSip Stainless Steel Water Bottle - Sleek,,Owala,,OUTDOOR_SPORTS,USED_GOOD,,847280080502,3,24.99,BICYCLES-PHYSICAL FITNESS | STAINLESS STEEL | BICYCLES PHYSICAL FITNESS,5.52,11.04
988,52,Schwinn 150 Lumen Light Set Bike Accessory Mount - Black (Please be advised that sets may be missing pieces or otherwise incomplete.),,Schwinn,,OUTDOOR_SPORTS,USED_GOOD,,038675283695,3,24.99,BICYCLES-PHYSICAL FITNESS | LIGHTS | BICYCLES PHYSICAL FITNESS,5.52,11.04
989,53,"McDavid Sport Compression Knit Ankle Sleeve with Gel Buttress - (S /M): Joint Support, Nylon & Spandex, Age 16+",,McDavid,,OUTDOOR_SPORTS,USED_GOOD,,029369148260,5,14.99,BICYCLES-PHYSICAL FITNESS | MUSCLE THERAPY | BICYCLES PHYSICAL FITNESS,3.31,6.62
990,54,Little Tikes Junior Explorer Wagon,,Little Tikes,,OUTDOOR_SPORTS,USED_GOOD,,050743627439,1,73.99,BICYCLES-PHYSICAL FITNESS | WAGONS | BICYCLES PHYSICAL FITNESS,16.35,32.70
991,55,"Roller Derby Custom Adult In-Fit Skates - Blue/Black 9-12: Adjustable, Padded Boot Shaft",,Roller Derby,,OUTDOOR_SPORTS,SALVAGE,,049288050017,1,73.99,BICYCLES-PHYSICAL FITNESS | ADULT INLINE SKATE | BICYCLES PHYSICAL FITNESS,16.35,32.70
992,56,Owala 24oz Special Edition Stainless Steel FreeSip TWIST - Nothing Like A Diet Coke,,Owala,,OUTDOOR_SPORTS,USED_GOOD,,840467307003,2,35.00,BICYCLES-PHYSICAL FITNESS | STAINLESS STEEL | BICYCLES PHYSICAL FITNESS,7.73,15.46
993,57,Owala 32oz FreeSip Stainless Steel Water Bottle - Sandy Shores,,Owala,,OUTDOOR_SPORTS,SALVAGE,,847280087051,2,34.99,BICYCLES-PHYSICAL FITNESS | STAINLESS STEEL | BICYCLES PHYSICAL FITNESS,7.73,15.46
994,58,Owala 32oz Stainless Steel FreeSip Water Bottle - In Good Company,,Owala,,OUTDOOR_SPORTS,SALVAGE,,840467306082,2,34.99,BICYCLES-PHYSICAL FITNESS | STAINLESS STEEL | BICYCLES PHYSICAL FITNESS,7.73,15.46
995,59,Owala 32oz FreeSip Stainless Steel Water Bottle - Out of the Blue,,Owala,,OUTDOOR_SPORTS,SALVAGE,,840467308499,2,34.99,BICYCLES-PHYSICAL FITNESS | STAINLESS STEEL | BICYCLES PHYSICAL FITNESS,7.73,15.46
996,60,"Roller Derby Youth Adjustable Roller Skates - Blue/Black 3-6: Indoor/Outdoor Use, 4 Wheels",,Roller Derby,,OUTDOOR_SPORTS,USED_GOOD,,049288037315,2,34.99,BICYCLES-PHYSICAL FITNESS | SKATES | BICYCLES PHYSICAL FITNESS,7.73,15.46
997,61,Owala 32oz FreeSip Stainless Steel Water Bottle - Periwinkle Twinkle,,Owala,,OUTDOOR_SPORTS,NEW,,847280095766,2,34.99,BICYCLES-PHYSICAL FITNESS | STAINLESS STEEL | BICYCLES PHYSICAL FITNESS,7.73,15.46
998,62,"Hydro Flask 32oz All Around Travel Straw Tumbler - Surf: Vacuum-Insulated, BPA-Free",,Hydro Flask,,OUTDOOR_SPORTS,SALVAGE,,840394216959,2,34.99,BICYCLES-PHYSICAL FITNESS | TUMBLER | BICYCLES PHYSICAL FITNESS,7.73,15.46
999,63,Tommie Copper Sport Comfort Back Brace - S/M: Polyester & Spandex Support,,Tommie Copper,,OUTDOOR_SPORTS,USED_GOOD,,018713660947,3,22.99,BICYCLES-PHYSICAL FITNESS | MUSCLE THERAPY | BICYCLES PHYSICAL FITNESS,5.08,10.16
1000,64,Step2 Push Around Buggy - Anniversary Edition,,Step2,,OUTDOOR_SPORTS,USED_GOOD,,733538717095,1,67.99,BICYCLES-PHYSICAL FITNESS | FOOT TO FLOOR | BICYCLES PHYSICAL FITNESS,15.03,30.06
1001,65,Bala Bangles 2pc Wrist & Ankle Weight Set - Charcoal 2lb: Adjustable Steel & Silicone Weights (Please be advised that sets may be missing pieces or otherwise incomplete.),,Bala,,OUTDOOR_SPORTS,SALVAGE,,850034367033,1,65.00,BICYCLES-PHYSICAL FITNESS | WEARABLES | BICYCLES PHYSICAL FITNESS,14.36,28.72
1002,66,Huffy Alpine Mountain Bike - 26” Wheels - 15 Speeds - Black,,Huffy,,OUTDOOR_SPORTS,NEW,,028914362052,6,83.99,"BICYCLES-PHYSICAL FITNESS | 26"" MOUNTAIN | BICYCLES PHYSICAL FITNESS",18.56,37.12
1003,67,24 Speed Hybrid bike Disc Brake 700C Road Bike For men women's City Bicycle,,SeaCamel,,OUTDOOR_SPORTS,USED_GOOD,,745857808071,1,389.99,BICYCLES-PHYSICAL FITNESS |  | BICYCLES PHYSICAL FITNESS,86.18,172.36
1004,68,Hyper HPR350 Dirt Bike 24 Volt Electric Motorcycle for Kids' - Exclusive Red/Black,,Hyper,,OUTDOOR_SPORTS,NEW,,690995990648,1,249.99,BICYCLES-PHYSICAL FITNESS | ERO'S | BICYCLES PHYSICAL FITNESS,55.25,110.50
1005,69,"Schwinn Men's Trailway 700c/28"" Hybrid Bike - Blue",,Schwinn,,OUTDOOR_SPORTS,NEW,,038675237582,1,244.99,BICYCLES-PHYSICAL FITNESS | HYBRID | BICYCLES PHYSICAL FITNESS,54.14,108.28
1006,70,"Brightz Cosmic LED Bike Light - Color Morphing: ABS Material, 36-Hour Battery Life",,Brightz,,OUTDOOR_SPORTS,NEW,,811860034070,19,12.74,BICYCLES-PHYSICAL FITNESS | LIGHTS | BICYCLES PHYSICAL FITNESS,2.82,5.64
1007,71,"Razor SX125 12V(100W) McGrath Dirt Electric Bike - Green: Steel Frame, 12.5"" Wheels",,Razor,,OUTDOOR_SPORTS,USED_GOOD,,845423025120,1,239.99,BICYCLES-PHYSICAL FITNESS | ERO'S | BICYCLES PHYSICAL FITNESS,53.04,106.08
1008,72,"Schwinn Astrid 20"" Kids' Bike - Gray",,Schwinn,,OUTDOOR_SPORTS,NEW,,038675177482,2,118.99,BICYCLES-PHYSICAL FITNESS | YOUTH | BICYCLES PHYSICAL FITNESS,26.30,52.60
1009,73,"Schwinn Ranger 26"" Adult Mountain Bike - Blue",,Schwinn,,OUTDOOR_SPORTS,USED_GOOD,,038675283565,1,230.99,BICYCLES-PHYSICAL FITNESS | MOUNTAIN | BICYCLES PHYSICAL FITNESS,51.05,102.10
1010,74,"Schwinn Ranger 26"" Adult Mountain Bike - Red",,Schwinn,,OUTDOOR_SPORTS,NEW,,038675283572,1,230.99,BICYCLES-PHYSICAL FITNESS | MOUNTAIN | BICYCLES PHYSICAL FITNESS,51.05,102.10
1011,75,"Schwinn Ranger 24"" Mountain Bike - Silver",,Schwinn,,OUTDOOR_SPORTS,NEW,,038675283558,1,209.99,BICYCLES-PHYSICAL FITNESS | MOUNTAIN | BICYCLES PHYSICAL FITNESS,46.41,92.82
1012,76,"Schwinn Ranger 24"" Mountain Bike - Blue",,Schwinn,,OUTDOOR_SPORTS,NEW,,038675283541,1,209.99,BICYCLES-PHYSICAL FITNESS | MOUNTAIN | BICYCLES PHYSICAL FITNESS,46.41,92.82
1013,77,"Huffy Southwind Cruiser Bike - 26"" Wheels - 7 Speeds - Basket - Teal",,Huffy,,OUTDOOR_SPORTS,USED_GOOD,,028914364759,1,209.99,BICYCLES-PHYSICAL FITNESS | CRUISER | BICYCLES PHYSICAL FITNESS,46.41,92.82
1014,78,Owala 32oz FreeSip Stainless Steel Water Bottle - Read My Lips,,Owala,,OUTDOOR_SPORTS,USED_GOOD,,840467308482,6,34.99,BICYCLES-PHYSICAL FITNESS | STAINLESS STEEL | BICYCLES PHYSICAL FITNESS,7.73,15.46
1015,79,"Blogilates 12 Week Fit Journal: Hard Cover, Elastic Closure, Preprinted Pages",,Blogilates,,OUTDOOR_SPORTS,USED_GOOD,,810054660187,7,29.49,BICYCLES-PHYSICAL FITNESS | ACCESSORIES | BICYCLES PHYSICAL FITNESS,6.52,13.04
1016,80,"Hyper Jammer Kids Electric Scooter 12 Volt Battery Powered Scooter - Green: Steel Frame, 10 MPH",,Hyper,,OUTDOOR_SPORTS,USED_GOOD,,690995990662,2,99.99,BICYCLES-PHYSICAL FITNESS | KIDS E-SCOOTERS | BICYCLES PHYSICAL FITNESS,22.10,44.20
1017,81,"Schwinn Legacy Women's 26"" Cruiser Bike - Purple",,Schwinn,,OUTDOOR_SPORTS,NEW,,038675066281,1,188.99,BICYCLES-PHYSICAL FITNESS | CRUISER | BICYCLES PHYSICAL FITNESS,41.76,83.52
1018,82,"Huffy Highland Mountain Bike - 24"" Wheels - 21 Speeds - Silver",,Huffy,,OUTDOOR_SPORTS,NEW,,028914343334,2,92.64,BICYCLES-PHYSICAL FITNESS | MOUNTAIN | BICYCLES PHYSICAL FITNESS,20.47,40.94
1019,83,"Huffy Highland Mountain Bike - 24"" Wheels - 21 Speeds - Silver",,Huffy,,OUTDOOR_SPORTS,NEW,,028914343334,2,92.64,BICYCLES-PHYSICAL FITNESS | MOUNTAIN | BICYCLES PHYSICAL FITNESS,20.47,40.94
1020,84,Radio Flyer Convertible Kid & Cargo Stroller Wagon with Canopy: Steel & Plastic Frame,,Radio Flyer,,OUTDOOR_SPORTS,USED_GOOD,,042385114330,1,179.99,BICYCLES-PHYSICAL FITNESS | WAGONS | BICYCLES PHYSICAL FITNESS,39.78,79.56
1021,85,Schwinn 18 in 1 Multi-Purpose Bike Tool,,Schwinn,,OUTDOOR_SPORTS,USED_GOOD,,038675610613,12,12.99,BICYCLES-PHYSICAL FITNESS | REPAIR | BICYCLES PHYSICAL FITNESS,2.87,5.74
1022,86,"Brightz Ride LED - Star: ABS Bike Lights, Handlebar & Seat Post Mount, 11-Hour Battery",,Brightz,,OUTDOOR_SPORTS,LIKE_NEW,,811860032892,6,25.49,BICYCLES-PHYSICAL FITNESS | ACCESSORIES | BICYCLES PHYSICAL FITNESS,5.63,11.26
1023,87,"Brightz Ride LED - Star: ABS Bike Lights, Handlebar & Seat Post Mount, 11-Hour Battery",,Brightz,,OUTDOOR_SPORTS,NEW,,811860032892,6,25.49,BICYCLES-PHYSICAL FITNESS | ACCESSORIES | BICYCLES PHYSICAL FITNESS,5.63,11.26
1024,88,"Razor Lightshow Rip Rider 16"" Kids' Trike - Black: Steel Frame, 160 lb Capacity",,Razor,,OUTDOOR_SPORTS,USED_GOOD,,845423024581,1,149.99,BICYCLES-PHYSICAL FITNESS | TRIKES | BICYCLES PHYSICAL FITNESS,33.15,66.30
1025,89,"Schwinn Piston 16"" Kids' Bike - Black/Blue/Red",,Schwinn,,OUTDOOR_SPORTS,USED_GOOD,,038675262874,1,149.99,"BICYCLES-PHYSICAL FITNESS | 16"" BIKES | BICYCLES PHYSICAL FITNESS",33.15,66.30
1026,90,"Schwinn Iris 16"" Kids' Bike - Purple",,Schwinn,,OUTDOOR_SPORTS,USED_GOOD,,038675262881,1,149.99,"BICYCLES-PHYSICAL FITNESS | 16"" BIKES | BICYCLES PHYSICAL FITNESS",33.15,66.30
1027,91,"Step2 Side by Side Push Around Roadster: Plastic Pedal & Push Riding Toy, 50 lb Capacity",,Step2,,OUTDOOR_SPORTS,USED_GOOD,,733538440894,1,149.99,BICYCLES-PHYSICAL FITNESS | FOOT TO FLOOR | BICYCLES PHYSICAL FITNESS,33.15,66.30
1028,92,"Razor Power Core PC Electric Scooter - Blue: Steel Frame, 10 mph Max Speed, 120 lb Capacity",,Razor,,OUTDOOR_SPORTS,USED_GOOD,,845423027889,1,149.99,BICYCLES-PHYSICAL FITNESS | ELECTRIC SCOOTER | BICYCLES PHYSICAL FITNESS,33.15,66.30
1029,93,"Razor Flashback Kick Scooter - Black: Steel Frame, Hand Brake, 220 lb Capacity",,Razor,,OUTDOOR_SPORTS,USED_GOOD,,845423027933,1,149.99,BICYCLES-PHYSICAL FITNESS | 2-WHEEL SCOOTERS | BICYCLES PHYSICAL FITNESS,33.15,66.30
1030,94,Owala 24oz FreeSip Stainless Steel Water Bottle  - Misty Meadow,,Owala,,OUTDOOR_SPORTS,USED_GOOD,,847280095742,5,29.99,BICYCLES-PHYSICAL FITNESS | STAINLESS STEEL | BICYCLES PHYSICAL FITNESS,6.63,13.26
1031,95,Owala 16oz Kids' FreeSip Stainless Steel Water Bottle - Cake Pop,,Owala,,OUTDOOR_SPORTS,USED_GOOD,,847280091102,6,24.99,BICYCLES-PHYSICAL FITNESS | STAINLESS STEEL | BICYCLES PHYSICAL FITNESS,5.52,11.04
1032,96,"Master Lock 6' X 1/2"" Re settable Combo Cable: Bike Security Lock",,Master Lock,,OUTDOOR_SPORTS,USED_GOOD,,071649049491,11,12.99,BICYCLES-PHYSICAL FITNESS | ACCESSORIES | BICYCLES PHYSICAL FITNESS,2.87,5.74
1033,97,"Hyper 20"" Full Suspension Bear Mountain Bike - Black/Blue: 7-Speed, Steel Frame",,Hyper Bicycles; Hyper,,OUTDOOR_SPORTS,NEW,,690995300447,1,139.99,BICYCLES-PHYSICAL FITNESS | MOUNTAIN | BICYCLES PHYSICAL FITNESS,30.94,61.88
1034,98,"Hyper 20"" Full Suspension Bear Mountain Bike - Black/Blue: 7-Speed, Steel Frame",,Hyper Bicycles; Hyper,,OUTDOOR_SPORTS,USED_GOOD,,690995300447,1,139.99,BICYCLES-PHYSICAL FITNESS | MOUNTAIN | BICYCLES PHYSICAL FITNESS,30.94,61.88
1035,99,Step2 Racing Green Up & Down Roller Coaster Ride-On: Pedal Push Toy for Ages 2-5,,Step2,,OUTDOOR_SPORTS,USED_GOOD,,733538431892,1,139.99,BICYCLES-PHYSICAL FITNESS | FOOT TO FLOOR | BICYCLES PHYSICAL FITNESS,30.94,61.88
1036,100,Owala 12oz SmoothSip Slider Stainless Steel Coffee Mug -  Sleek,,Owala,,OUTDOOR_SPORTS,NEW,,847280095971,5,24.99,BICYCLES-PHYSICAL FITNESS | WARM BEV | BICYCLES PHYSICAL FITNESS,5.52,11.04
1037,101,Stanley 64oz IceFlow Flip Straw Jug - Black 2.0: Stainless Steel Drinkware,,Stanley,,OUTDOOR_SPORTS,USED_GOOD,,041604437892,2,60.00,BICYCLES-PHYSICAL FITNESS | LARGE CAPACITY | BICYCLES PHYSICAL FITNESS,13.26,26.52
1038,102,Owala 40oz Stainless Steel Straw Tumbler - Polar Brr,,Owala,,OUTDOOR_SPORTS,SALVAGE,,847280077472,3,39.99,BICYCLES-PHYSICAL FITNESS | TUMBLER | BICYCLES PHYSICAL FITNESS,8.84,17.68
1039,103,McDavid Sport Knee Knit Sleeve with Buttress and Stays - Gray -  S/M,,McDavid,,OUTDOOR_SPORTS,USED_GOOD,,029369148338,4,29.99,BICYCLES-PHYSICAL FITNESS | MUSCLE THERAPY | BICYCLES PHYSICAL FITNESS,6.63,13.26
1040,104,"Hydro Flask 32oz All Around Travel Straw Tumbler - Black: Double-Wall, BPA-Free, Spillproof",,Hydro Flask,,OUTDOOR_SPORTS,USED_GOOD,,840394216973,5,23.99,BICYCLES-PHYSICAL FITNESS | TUMBLER | BICYCLES PHYSICAL FITNESS,5.30,10.60
1041,105,"Brightz Cosmic LED Bike Light - Color Morphing: ABS Material, 36-Hour Battery Life",,Brightz,,OUTDOOR_SPORTS,NEW,,811860034070,9,12.74,BICYCLES-PHYSICAL FITNESS | LIGHTS | BICYCLES PHYSICAL FITNESS,2.82,5.64
1042,106,BlenderBottle 24oz Strada Tritan Shaker Cup - Confetti,,BlenderBottle,,OUTDOOR_SPORTS,NEW,,840467308215,7,15.99,BICYCLES-PHYSICAL FITNESS | MIXER | BICYCLES PHYSICAL FITNESS,3.53,7.06
1043,107,Pacific 20'' Kids' Bike - Soarin Purple,,Pacific,,OUTDOOR_SPORTS,NEW,,038675138179,1,106.24,BICYCLES-PHYSICAL FITNESS | YOUTH | BICYCLES PHYSICAL FITNESS,23.48,46.96
1044,108,Pacific 20'' Kids' Bike - Soarin Purple,,Pacific,,OUTDOOR_SPORTS,USED_GOOD,,038675138179,1,106.24,BICYCLES-PHYSICAL FITNESS | YOUTH | BICYCLES PHYSICAL FITNESS,23.48,46.96
1045,109,Owala 32oz FreeSip Stainless Steel Water Bottle - Tangy Tango,,Owala,,OUTDOOR_SPORTS,SALVAGE,,847280087044,3,34.99,BICYCLES-PHYSICAL FITNESS | STAINLESS STEEL | BICYCLES PHYSICAL FITNESS,7.73,15.46
1046,110,"Belt Fanny Pack Light Mint Green - All In Motion: Adjustable Strap, Solid Pattern",,All In Motion,,OUTDOOR_SPORTS,NEW,,198420122898,5,20.00,BICYCLES-PHYSICAL FITNESS | BAGS | BICYCLES PHYSICAL FITNESS,4.42,8.84
1047,111,Gaiam Studio Select Pilates Reformer Workout Bar,,Gaiam,,OUTDOOR_SPORTS,SALVAGE,,018713665331,1,99.99,BICYCLES-PHYSICAL FITNESS | PILATES | BICYCLES PHYSICAL FITNESS,22.10,44.20
1048,112,"Hyper Jammer Kids Electric Scooter 12 Volt Battery Powered Scooter - Green: Steel Frame, 10 MPH",,Hyper,,OUTDOOR_SPORTS,USED_GOOD,,690995990662,1,99.99,BICYCLES-PHYSICAL FITNESS | KIDS E-SCOOTERS | BICYCLES PHYSICAL FITNESS,22.10,44.20
1049,113,"Radio Flyer 4-in-1 Stroll 'N Trike - Pink: Steel Frame, Adjustable Seat, EVA Tires",,Radio Flyer,,OUTDOOR_SPORTS,USED_GOOD,,042385113074,1,99.99,BICYCLES-PHYSICAL FITNESS | TRIKES | BICYCLES PHYSICAL FITNESS,22.10,44.20
1050,114,Schwinn 150 Lumen Light Set Bike Accessory Mount - Black (Please be advised that sets may be missing pieces or otherwise incomplete.),,Schwinn,,OUTDOOR_SPORTS,USED_GOOD,,038675283695,4,24.99,BICYCLES-PHYSICAL FITNESS | LIGHTS | BICYCLES PHYSICAL FITNESS,5.52,11.04
1051,115,Owala 16oz Kids' FreeSip Stainless Steel Water Bottle - Misty Meadow,,Owala,,OUTDOOR_SPORTS,USED_GOOD,,847280095728,4,24.99,BICYCLES-PHYSICAL FITNESS | STAINLESS STEEL | BICYCLES PHYSICAL FITNESS,5.52,11.04
1052,116,Schwinn Cyclone Max Floor Pump - Gray,,Schwinn,,OUTDOOR_SPORTS,USED_GOOD,,038675197763,3,32.99,BICYCLES-PHYSICAL FITNESS | PUMPS | BICYCLES PHYSICAL FITNESS,7.29,14.58
1053,117,"Gatorade 12oz Stainless Steel Water Bottle - Yellow: Portable Drinkware, Plastic Lid",,Gatorade,,OUTDOOR_SPORTS,NEW,,052000056082,6,15.99,BICYCLES-PHYSICAL FITNESS | STAINLESS STEEL | BICYCLES PHYSICAL FITNESS,3.53,7.06
1054,118,BlenderBottle 24oz Strada Tritan Shaker Cup - Purple,,BlenderBottle,,OUTDOOR_SPORTS,NEW,,840467308611,6,15.99,BICYCLES-PHYSICAL FITNESS | MIXER | BICYCLES PHYSICAL FITNESS,3.53,7.06
1055,119,"Tommie 14-18"" Copper Sport Compression Calf Sleeve - L/XL: Muscle Support for Legs",,Tommie Copper,,OUTDOOR_SPORTS,NEW,,018713635884,8,11.89,BICYCLES-PHYSICAL FITNESS | MUSCLE THERAPY | BICYCLES PHYSICAL FITNESS,2.63,5.26
1056,120,Tommie Copper Sport Comfort Back Brace - L/XL: Polyester & Spandex Support,,Tommie Copper,,OUTDOOR_SPORTS,USED_GOOD,,018713660954,4,22.99,BICYCLES-PHYSICAL FITNESS | MUSCLE THERAPY | BICYCLES PHYSICAL FITNESS,5.08,10.16
1057,121,Wrist/Ankle Weight 2pc 1lb Set - All In Motion (Please be advised that sets may be missing pieces or otherwise incomplete.),,All In Motion,,OUTDOOR_SPORTS,USED_GOOD,,191802002078,7,13.00,BICYCLES-PHYSICAL FITNESS | WEARABLES | BICYCLES PHYSICAL FITNESS,2.87,5.74
1058,122,Owala 40oz FreeSip Stainless Steel Tumbler - Misty Meadow,,Owala,,OUTDOOR_SPORTS,USED_GOOD,,847280095605,2,44.99,BICYCLES-PHYSICAL FITNESS | TUMBLER | BICYCLES PHYSICAL FITNESS,9.94,19.88
1059,123,Owala 24oz FreeSip Stainless Steel Water Bottle - Very Very Dark,,Owala,,OUTDOOR_SPORTS,USED_GOOD,,847280071920,3,29.99,BICYCLES-PHYSICAL FITNESS | STAINLESS STEEL | BICYCLES PHYSICAL FITNESS,6.63,13.26
1060,124,Owala 24oz FreeSip Stainless Steel Water Bottle - Sleek,,Owala,,OUTDOOR_SPORTS,SALVAGE,,847280072347,3,29.99,BICYCLES-PHYSICAL FITNESS | STAINLESS STEEL | BICYCLES PHYSICAL FITNESS,6.63,13.26
1061,125,McDavid Sport Knee Brace with Hinges - Black - S/M,,McDavid,,OUTDOOR_SPORTS,USED_GOOD,,029369148352,3,29.99,BICYCLES-PHYSICAL FITNESS | MUSCLE THERAPY | BICYCLES PHYSICAL FITNESS,6.63,13.26
1062,126,McDavid Sport Ankle Brace - Black - S,,McDavid,,OUTDOOR_SPORTS,USED_GOOD,,029369148284,3,29.99,BICYCLES-PHYSICAL FITNESS | MUSCLE THERAPY | BICYCLES PHYSICAL FITNESS,6.63,13.26
1063,127,"Pacific 20"" Kids' Bike - Erupt Green",,Pacific,,OUTDOOR_SPORTS,USED_GOOD,,038675138162,1,87.49,BICYCLES-PHYSICAL FITNESS | YOUTH | BICYCLES PHYSICAL FITNESS,19.33,38.66
1064,128,"Running Hat Black - All In Motion: Lightweight Adjustable Baseball Cap, Polyester Spandex Blend",,All In Motion,,OUTDOOR_SPORTS,NEW,,191907562774,6,14.00,BICYCLES-PHYSICAL FITNESS | ACCESSORIES | BICYCLES PHYSICAL FITNESS,3.09,6.18
1065,129,Huffy Alpine Mountain Bike - 26” Wheels - 15 Speeds - Black,,Huffy,,OUTDOOR_SPORTS,NEW,,028914362052,1,83.99,"BICYCLES-PHYSICAL FITNESS | 26"" MOUNTAIN | BICYCLES PHYSICAL FITNESS",18.56,37.12
1066,130,"Step2 Whisper Ride Cruiser - Blue: Push Riding Toy for Ages 1.5-4, 50 lb Capacity",,Step2,,OUTDOOR_SPORTS,USED_GOOD,,733538866991,1,79.99,BICYCLES-PHYSICAL FITNESS | FOOT TO FLOOR | BICYCLES PHYSICAL FITNESS,17.68,35.36
1067,131,"Hydro Flask 40oz All Around Travel Straw Tumbler - Black: Double-Wall, BPA-Free, Spillproof",,Hydro Flask,,OUTDOOR_SPORTS,SALVAGE,,840394217055,2,39.99,BICYCLES-PHYSICAL FITNESS | TUMBLER | BICYCLES PHYSICAL FITNESS,8.84,17.68
1068,132,BruMate Era 30oz 100% Leak-Proof Straw Tumbler - Dune,,BRUMATE,,OUTDOOR_SPORTS,USED_GOOD,,195429063894,2,39.99,BICYCLES-PHYSICAL FITNESS | TUMBLER | BICYCLES PHYSICAL FITNESS,8.84,17.68
1069,133,"Hydro Flask 24oz Wide Mouth Flex Straw Bottle - Trillium: BPA-Free, Vacuum-Insulated",,Hydro Flask,,OUTDOOR_SPORTS,USED_GOOD,,810096852908,2,39.99,BICYCLES-PHYSICAL FITNESS | STAINLESS STEEL | BICYCLES PHYSICAL FITNESS,8.84,17.68
1070,134,"Tommie Copper Sport Compression Knee High Socks 2pk - L/XL: Leg Support, Microfiber (Please be advised that sets may be missing pieces or otherwise incomplete.)",,Tommie Copper,,OUTDOOR_SPORTS,USED_GOOD,,018713631824,6,12.29,BICYCLES-PHYSICAL FITNESS | MUSCLE THERAPY | BICYCLES PHYSICAL FITNESS,2.72,5.44
1071,135,"Tommie Copper Sport Compression Knee High Socks 2pk - L/XL: Leg Support, Microfiber (Please be advised that sets may be missing pieces or otherwise incomplete.)",,Tommie Copper,,OUTDOOR_SPORTS,USED_GOOD,,018713631824,6,12.29,BICYCLES-PHYSICAL FITNESS | MUSCLE THERAPY | BICYCLES PHYSICAL FITNESS,2.72,5.44
1072,136,"Roller Derby Youth Adjustable Roller Skates - Blue/Black 3-6: Indoor/Outdoor Use, 4 Wheels",,Roller Derby,,OUTDOOR_SPORTS,USED_GOOD,,049288037315,2,34.99,BICYCLES-PHYSICAL FITNESS | SKATES | BICYCLES PHYSICAL FITNESS,7.73,15.46
1073,137,Owala 32oz FreeSip Stainless Steel Water Bottle - Very Very Dark,,Owala,,OUTDOOR_SPORTS,USED_GOOD,,847280062317,2,34.99,BICYCLES-PHYSICAL FITNESS | STAINLESS STEEL | BICYCLES PHYSICAL FITNESS,7.73,15.46
1074,138,"Hydro Flask 32oz All Around Travel Straw Tumbler - Agave: Double-Wall, BPA-Free, Spillproof",,Hydro Flask,,OUTDOOR_SPORTS,SALVAGE,,840394217024,2,34.99,BICYCLES-PHYSICAL FITNESS | TUMBLER | BICYCLES PHYSICAL FITNESS,7.73,15.46
1075,139,"Hydro Flask 32oz All Around Travel Straw Tumbler - Oat: Double-Wall, BPA-Free, Spillproof",,Hydro Flask,,OUTDOOR_SPORTS,SALVAGE,,840394216966,2,34.99,BICYCLES-PHYSICAL FITNESS | TUMBLER | BICYCLES PHYSICAL FITNESS,7.73,15.46
1076,140,Owala 30oz Stainless Steel FreeSip Sway Tumbler - Misty Meadow,,Owala,,OUTDOOR_SPORTS,SALVAGE,,847280096077,2,34.99,BICYCLES-PHYSICAL FITNESS | STAINLESS STEEL | BICYCLES PHYSICAL FITNESS,7.73,15.46
1077,141,Owala 32oz FreeSip Stainless Steel Water Bottle - Sleek,,Owala,,OUTDOOR_SPORTS,USED_GOOD,,847280073009,2,34.99,BICYCLES-PHYSICAL FITNESS | STAINLESS STEEL | BICYCLES PHYSICAL FITNESS,7.73,15.46
1078,142,Owala 30oz FreeSip Sway Stainless Steel Tumbler - Tangy Tango,,Owala,,OUTDOOR_SPORTS,NEW,,847280096046,2,34.99,BICYCLES-PHYSICAL FITNESS | STAINLESS STEEL | BICYCLES PHYSICAL FITNESS,7.73,15.46
1079,143,Owala 30oz Stainless Steel FreeSip Sway - Pretty in Purple,,Owala,,OUTDOOR_SPORTS,USED_GOOD,,847280095063,2,34.99,BICYCLES-PHYSICAL FITNESS | STAINLESS STEEL | BICYCLES PHYSICAL FITNESS,7.73,15.46
1080,144,Blogilates 12 Week Fit Journal - Pastel,,Blogilates,,OUTDOOR_SPORTS,NEW,,850052976446,4,16.99,BICYCLES-PHYSICAL FITNESS | ACCESSORIES | BICYCLES PHYSICAL FITNESS,3.75,7.50
1081,145,"Pacific Unisex Unity 12"" Kids' Bike - Teal Blue",,Pacific,,OUTDOOR_SPORTS,USED_GOOD,,038675286917,1,64.99,"BICYCLES-PHYSICAL FITNESS | 12"" BIKES | BICYCLES PHYSICAL FITNESS",14.36,28.72
1082,146,"30oz Stainless Steel Tumbler with Straw Purple - Embark: BPA-Free, Portable Drinkware",,Embark,,OUTDOOR_SPORTS,USED_GOOD,,198420113599,6,10.00,BICYCLES-PHYSICAL FITNESS | TUMBLER | BICYCLES PHYSICAL FITNESS,2.21,4.42
1083,147,Pilates Ring Yoga Wheels - All In Motion Black,,All In Motion,,OUTDOOR_SPORTS,USED_GOOD,,198850949898,4,15.00,BICYCLES-PHYSICAL FITNESS | PILATES | BICYCLES PHYSICAL FITNESS,3.31,6.62
1084,148,Huffy Disney Princess 3-Wheel Scooter with LED Lights - Pink/Purple,,Huffy,,OUTDOOR_SPORTS,USED_GOOD,,028914386553,1,59.99,BICYCLES-PHYSICAL FITNESS | 3 WHEEL SCOOTER | BICYCLES PHYSICAL FITNESS,13.26,26.52
1085,149,Owala 24oz FreeSip Stainless Steel Water Bottle  - Navy Nights,,Owala,,OUTDOOR_SPORTS,USED_GOOD,,847280094004,2,29.99,BICYCLES-PHYSICAL FITNESS | STAINLESS STEEL | BICYCLES PHYSICAL FITNESS,6.63,13.26
1086,150,Owala 24oz FreeSip Stainless Steel Water Bottle  - Kickflip,,Owala,,OUTDOOR_SPORTS,USED_GOOD,,847280095759,2,29.99,BICYCLES-PHYSICAL FITNESS | STAINLESS STEEL | BICYCLES PHYSICAL FITNESS,6.63,13.26
1087,151,Owala 24oz FreeSip Stainless Steel Water Bottle - Hearth & Hand with Magnolia - First Place,,Owala; Hearth & Hand with Magnolia,,OUTDOOR_SPORTS,USED_GOOD,,847280097289,2,29.99,BICYCLES-PHYSICAL FITNESS | STAINLESS STEEL | BICYCLES PHYSICAL FITNESS,6.63,13.26
1088,152,Owala 24oz Stainless Steel FreeSip Water Bottle - Candy Coated,,Owala,,OUTDOOR_SPORTS,USED_GOOD,,840467308376,2,29.99,BICYCLES-PHYSICAL FITNESS | STAINLESS STEEL | BICYCLES PHYSICAL FITNESS,6.63,13.26
1089,153,Gaiam Studio Select Barre Sock 2pk (Please be advised that sets may be missing pieces or otherwise incomplete.),,Gaiam,,OUTDOOR_SPORTS,USED_GOOD,,018713665324,4,14.99,BICYCLES-PHYSICAL FITNESS | YOGA | BICYCLES PHYSICAL FITNESS,3.31,6.62
1090,154,Little Tikes Cozy Coupe,,Little Tikes,,OUTDOOR_SPORTS,USED_GOOD,,050743612060,1,57.99,BICYCLES-PHYSICAL FITNESS | FOOT TO FLOOR | BICYCLES PHYSICAL FITNESS,12.82,25.64
1091,155,"Hex Dumbbell 40lbs Black - All In Motion: Rubber, Chrome, Single Weight",,All In Motion,,OUTDOOR_SPORTS,USED_GOOD,,018713645685,1,55.00,BICYCLES-PHYSICAL FITNESS | STRENGTH TRAINING | BICYCLES PHYSICAL FITNESS,12.15,24.30
1092,156,Bala Bangles 2pc Wrist & Ankle Weight Set - Blush 1lb: Adjustable Steel & Silicone Weights (Please be advised that sets may be missing pieces or otherwise incomplete.),,Bala,,OUTDOOR_SPORTS,USED_GOOD,,850018778640,1,55.00,BICYCLES-PHYSICAL FITNESS | WEARABLES | BICYCLES PHYSICAL FITNESS,12.15,24.30
1093,157,Kids' Chicago Skates Adjustable Inline Skates - Black/Blue 5-8,,Chicago Skates,,OUTDOOR_SPORTS,USED_GOOD,,039035036869,1,54.99,BICYCLES-PHYSICAL FITNESS | SKATES | BICYCLES PHYSICAL FITNESS,12.15,24.30
1094,158,Little Tikes Princess Cozy Coupe,,Little Tikes,,OUTDOOR_SPORTS,USED_GOOD,,050743642722,1,54.99,BICYCLES-PHYSICAL FITNESS | FOOT TO FLOOR | BICYCLES PHYSICAL FITNESS,12.15,24.30
1095,159,Sunny Health & Fitness Mini Step Machine with Bands - Silver,,Sunny Health & Fitness,,OUTDOOR_SPORTS,USED_GOOD,,853227001059,1,52.99,BICYCLES-PHYSICAL FITNESS | STEPPER | BICYCLES PHYSICAL FITNESS,11.71,23.42
1096,160,"Brightz Cosmic LED Bike Light - Color Morphing: ABS Material, 36-Hour Battery Life",,Brightz,,OUTDOOR_SPORTS,USED_GOOD,,811860034070,4,12.74,BICYCLES-PHYSICAL FITNESS | LIGHTS | BICYCLES PHYSICAL FITNESS,2.82,5.64
1097,161,"Roller Derby Youth Adult Custom Fit Quad Roller Skates - Black 7-10: Adjustable Size, Padded Boot Shaft",,Roller Derby,,OUTDOOR_SPORTS,USED_GOOD,,049288040148,1,49.99,BICYCLES-PHYSICAL FITNESS | SKATES | BICYCLES PHYSICAL FITNESS,11.05,22.10
1098,162,"Roller Derby Custom Adult In-Fit Skates - Blue/Black 7-10: Adjustable, Padded Boot Shaft",,Roller Derby,,OUTDOOR_SPORTS,USED_GOOD,,049288050000,1,49.99,BICYCLES-PHYSICAL FITNESS | YOUTH INLINE SKATE | BICYCLES PHYSICAL FITNESS,11.05,22.10
1099,163,"Roller Derby Mint Prodigy Kids' Adjustable Inline-Quad Combo Skates - White/Mint Green S (12-2): Indoor/Outdoor Use, Adjustable Size",,Roller Derby,,OUTDOOR_SPORTS,USED_GOOD,,049288259014,1,49.99,BICYCLES-PHYSICAL FITNESS | SKATES | BICYCLES PHYSICAL FITNESS,11.05,22.10
1100,164,"Roller Derby Youth Adult Custom Fit Quad Roller Skates - Black 7-10: Adjustable Size, Padded Boot Shaft",,Roller Derby,,OUTDOOR_SPORTS,USED_GOOD,,049288040148,1,49.99,BICYCLES-PHYSICAL FITNESS | SKATES | BICYCLES PHYSICAL FITNESS,11.05,22.10
1101,165,"Roller Derby Custom Adult In-Fit Skates - Blue/Black 7-10: Adjustable, Padded Boot Shaft",,Roller Derby,,OUTDOOR_SPORTS,USED_GOOD,,049288050000,1,49.99,BICYCLES-PHYSICAL FITNESS | YOUTH INLINE SKATE | BICYCLES PHYSICAL FITNESS,11.05,22.10
1102,166,Owala 16oz Kids' FreeSip Stainless Steel Water Bottle - Green Machine,,Owala,,OUTDOOR_SPORTS,NEW,,847280080540,2,24.99,BICYCLES-PHYSICAL FITNESS | STAINLESS STEEL | BICYCLES PHYSICAL FITNESS,5.52,11.04
1103,167,"Chillafish 24"" Skatieskootie 2-in-1 Lean-to-Steer Scooter and Skateboard - Mint",,Chillafish,,OUTDOOR_SPORTS,USED_GOOD,,5425029653382,1,64.99,BICYCLES-PHYSICAL FITNESS | SKATEBOARDS | BICYCLES PHYSICAL FITNESS,14.36,28.72
1104,168,Bell Sports Skipper Kids' Bike Seat,,Bell Sports,,OUTDOOR_SPORTS,USED_GOOD,,035011978574,1,64.99,BICYCLES-PHYSICAL FITNESS | BIKE RACKS/TRAILER | BICYCLES PHYSICAL FITNESS,14.36,28.72
1105,169,"Master Lock 6' X 1/2"" Re settable Combo Cable: Bike Security Lock",,Master Lock,,OUTDOOR_SPORTS,USED_GOOD,,071649049491,5,12.99,BICYCLES-PHYSICAL FITNESS | ACCESSORIES | BICYCLES PHYSICAL FITNESS,2.87,5.74
1106,170,Bubba Dual Sip Lid 18+24oz - Moonblush,,Bubba,,OUTDOOR_SPORTS,NEW,,607869326250,5,12.99,BICYCLES-PHYSICAL FITNESS | ACCESSORIES | BICYCLES PHYSICAL FITNESS,2.87,5.74
1107,171,Soft Kettlebell 15lb Blue - All In Motion,,All In Motion,,OUTDOOR_SPORTS,USED_GOOD,,191802002009,2,31.00,BICYCLES-PHYSICAL FITNESS | STRENGTH TRAINING | BICYCLES PHYSICAL FITNESS,6.85,13.70
1108,172,"Stretch Strap - All In Motion: Yoga Accessory, 100% Recycled PET",,All In Motion,,OUTDOOR_SPORTS,USED_GOOD,,196365807160,4,15.00,BICYCLES-PHYSICAL FITNESS | MUSCLE THERAPY | BICYCLES PHYSICAL FITNESS,3.31,6.62
1109,173,"8.5"" Neoprene Mini Backpack Blush - All In Motion: Water-Resistant, Adjustable Strap",,All In Motion,,OUTDOOR_SPORTS,NEW,,198420122928,3,20.00,BICYCLES-PHYSICAL FITNESS | BAGS | BICYCLES PHYSICAL FITNESS,4.42,8.84
1110,174,Huffy Disney Princess 3-Wheel Scooter with LED Lights - Pink/Purple,,Huffy,,OUTDOOR_SPORTS,USED_GOOD,,028914386553,1,59.99,BICYCLES-PHYSICAL FITNESS | 3 WHEEL SCOOTER | BICYCLES PHYSICAL FITNESS,13.26,26.52
1111,175,Owala 24oz FreeSip Stainless Steel Water Bottle - Sandy Shores,,Owala,,OUTDOOR_SPORTS,SALVAGE,,847280085347,2,29.99,BICYCLES-PHYSICAL FITNESS | STAINLESS STEEL | BICYCLES PHYSICAL FITNESS,6.63,13.26
1112,176,Owala 24oz FreeSip Stainless Steel Water Bottle - Golden Quest,,Owala,,OUTDOOR_SPORTS,USED_GOOD,,847280093991,2,29.99,BICYCLES-PHYSICAL FITNESS | STAINLESS STEEL | BICYCLES PHYSICAL FITNESS,6.63,13.26
1113,177,Owala 24oz Stainless Steel FreeSip Water Bottle - Candy Coated,,Owala,,OUTDOOR_SPORTS,USED_GOOD,,840467308376,2,29.99,BICYCLES-PHYSICAL FITNESS | STAINLESS STEEL | BICYCLES PHYSICAL FITNESS,6.63,13.26
1114,178,Owala 24oz FreeSip Stainless Steel Water Bottle - Sleek,,Owala,,OUTDOOR_SPORTS,USED_GOOD,,847280072347,2,29.99,BICYCLES-PHYSICAL FITNESS | STAINLESS STEEL | BICYCLES PHYSICAL FITNESS,6.63,13.26
1115,179,Owala 24oz Stainless Steel FreeSip Water Bottle - In Good Company,,Owala,,OUTDOOR_SPORTS,USED_GOOD,,840467308345,2,29.99,BICYCLES-PHYSICAL FITNESS | STAINLESS STEEL | BICYCLES PHYSICAL FITNESS,6.63,13.26
1116,180,Schwinn Bike Training Wheels - Black,,Schwinn,,OUTDOOR_SPORTS,USED_GOOD,,038675197060,4,14.99,BICYCLES-PHYSICAL FITNESS | MISC. ACCESSORIES | BICYCLES PHYSICAL FITNESS,3.31,6.62
1117,181,Blogilates Women's Pony Tail Cap - Duck Egg: Midweight Woven Baseball Hat,,Blogilates,,OUTDOOR_SPORTS,NEW,,850028476147,4,14.99,BICYCLES-PHYSICAL FITNESS | ACCESSORIES | BICYCLES PHYSICAL FITNESS,3.31,6.62
1118,182,"McDavid Sport Compression Knit Ankle Sleeve with Gel Buttress - (S /M): Joint Support, Nylon & Spandex, Age 16+",,McDavid,,OUTDOOR_SPORTS,NEW,,029369148260,4,14.99,BICYCLES-PHYSICAL FITNESS | MUSCLE THERAPY | BICYCLES PHYSICAL FITNESS,3.31,6.62
1119,183,"Tommie 14-18"" Copper Sport Compression Calf Sleeve - L/XL: Muscle Support for Legs",,Tommie Copper,,OUTDOOR_SPORTS,NEW,,018713635884,5,11.89,BICYCLES-PHYSICAL FITNESS | MUSCLE THERAPY | BICYCLES PHYSICAL FITNESS,2.63,5.26
1120,184,BlenderBottle 25oz Strada Sleek Stainless Steel Tumbler - Cream,,BlenderBottle,,OUTDOOR_SPORTS,USED_GOOD,,847280092642,2,27.99,BICYCLES-PHYSICAL FITNESS | MIXER | BICYCLES PHYSICAL FITNESS,6.19,12.38
1121,185,BlenderBottle 25oz Strada Stainless Steel Shaker Cup - White Gradient,,BlenderBottle,,OUTDOOR_SPORTS,NEW,,840467308222,2,27.99,BICYCLES-PHYSICAL FITNESS | MIXER | BICYCLES PHYSICAL FITNESS,6.19,12.38
1122,186,Step2 Push Around Buggy Anniversary Edition - Pink,,Step2,,OUTDOOR_SPORTS,USED_GOOD,,733538811892,1,54.99,BICYCLES-PHYSICAL FITNESS | FOOT TO FLOOR | BICYCLES PHYSICAL FITNESS,12.15,24.30
1123,187,Wrist Weights Anti-microbial 1.5lbs 2pc - All In Motion: Adjustable Neoprene Pair (Please be advised that sets may be missing pieces or otherwise incomplete.),,All In Motion,,OUTDOOR_SPORTS,USED_GOOD,,191802000760,3,18.00,BICYCLES-PHYSICAL FITNESS | WEARABLES | BICYCLES PHYSICAL FITNESS,3.98,7.96
1124,188,triple 8 THE Certified Sweatsaver Helmet Kelly Green Matte - L/XL,,triple 8,,OUTDOOR_SPORTS,USED_GOOD,,604352030953,1,53.99,BICYCLES-PHYSICAL FITNESS | ADULT HELMETS | BICYCLES PHYSICAL FITNESS,11.93,23.86
1125,189,Loop Band Kit Blue - All In Motion: Latex Resistance Bands for Legs & Arms,,All In Motion,,OUTDOOR_SPORTS,USED_GOOD,,018713639899,4,13.00,BICYCLES-PHYSICAL FITNESS | STRENGTH TRAINING | BICYCLES PHYSICAL FITNESS,2.87,5.74
1126,190,"Wipeout Dry Erase Kids' Pad Set 3pk - Black: Cycling, Skateboarding Protection (Please be advised that sets may be missing pieces or otherwise incomplete.)",,Wipeout,,OUTDOOR_SPORTS,USED_GOOD,,604352041010,4,12.79,BICYCLES-PHYSICAL FITNESS | ACCESSORIES | BICYCLES PHYSICAL FITNESS,2.83,5.66
1127,191,Schwinn Smartphone Bike Mount - Black,,Schwinn,,OUTDOOR_SPORTS,USED_GOOD,,038675238640,3,16.99,BICYCLES-PHYSICAL FITNESS | STORAGE | BICYCLES PHYSICAL FITNESS,3.75,7.50
1128,192,Yoga Mat TPE Brown (5mm) - All In Motion,,All In Motion,,OUTDOOR_SPORTS,USED_GOOD,,191802002122,2,25.00,BICYCLES-PHYSICAL FITNESS | YOGA | BICYCLES PHYSICAL FITNESS,5.52,11.04
1129,193,Basic Hand Weight Set Pink/White/Magenta - All In Motion: Iron Dumbbells with Rack (Please be advised that sets may be missing pieces or otherwise incomplete.),,All In Motion,,OUTDOOR_SPORTS,USED_GOOD,,196365807245,1,50.00,BICYCLES-PHYSICAL FITNESS | STRENGTH TRAINING | BICYCLES PHYSICAL FITNESS,11.05,22.10
1130,194,"Ankle Weights Anti-microbial 2.5lbs 2pc - All In Motion: Neoprene, Leg Training (Please be advised that sets may be missing pieces or otherwise incomplete.)",,All In Motion,,OUTDOOR_SPORTS,USED_GOOD,,191802000784,2,25.00,BICYCLES-PHYSICAL FITNESS | WEARABLES | BICYCLES PHYSICAL FITNESS,5.52,11.04
1131,195,"Retrospec Bicycles Cricket Mini 6"" Kids' Balance Bike - Eggshell: Adjustable Handlebar & Seat, Steel Frame, 12-24 Months",,Retrospec Bicycles,,OUTDOOR_SPORTS,USED_GOOD,,840216303539,1,49.99,BICYCLES-PHYSICAL FITNESS | BALANCE BIKES | BICYCLES PHYSICAL FITNESS,11.05,22.10
1132,196,"Roller Derby Green Wire Kids' Adjustable Inline-Quad Combo Skates - Black/Green S (12-2): Indoor/Outdoor Use, Adjustable Size, Padded Collar",,Roller Derby,,OUTDOOR_SPORTS,USED_GOOD,,049288255030,1,49.99,BICYCLES-PHYSICAL FITNESS | SKATES | BICYCLES PHYSICAL FITNESS,11.05,22.10
1133,197,"Roller Derby Custom Adult In-Fit Skates - Blue/Black 7-10: Adjustable, Padded Boot Shaft",,Roller Derby,,OUTDOOR_SPORTS,USED_GOOD,,049288050000,1,49.99,BICYCLES-PHYSICAL FITNESS | YOUTH INLINE SKATE | BICYCLES PHYSICAL FITNESS,11.05,22.10
1134,198,"Razor Rollie DLX Kick Scooter - Red: 3-Wheel, Heel Brakes, Ages 2-4",,Razor,,OUTDOOR_SPORTS,USED_GOOD,,845423026165,1,49.99,BICYCLES-PHYSICAL FITNESS | 3 WHEEL SCOOTER | BICYCLES PHYSICAL FITNESS,11.05,22.10
1135,199,"Roller Derby Mint Prodigy Kids' Adjustable Inline-Quad Combo Skates - White/Mint Green M (3-6): Indoor/Outdoor Use, Adjustable Size, Padded Collar",,Roller Derby,,OUTDOOR_SPORTS,USED_GOOD,,049288259007,1,49.99,BICYCLES-PHYSICAL FITNESS | SKATES | BICYCLES PHYSICAL FITNESS,11.05,22.10
1136,200,"Roller Derby Custom Adult In-Fit Skates - Blue/Black 7-10: Adjustable, Padded Boot Shaft",,Roller Derby,,OUTDOOR_SPORTS,USED_GOOD,,049288050000,1,49.99,BICYCLES-PHYSICAL FITNESS | YOUTH INLINE SKATE | BICYCLES PHYSICAL FITNESS,11.05,22.10
1137,201,"Roller Derby Green Wire Kids' Adjustable Inline-Quad Combo Skates - Black/Green S (12-2): Indoor/Outdoor Use, Adjustable Size, Padded Collar",,Roller Derby,,OUTDOOR_SPORTS,USED_GOOD,,049288255030,1,49.99,BICYCLES-PHYSICAL FITNESS | SKATES | BICYCLES PHYSICAL FITNESS,11.05,22.10
1138,202,"Hydro Flask 40oz Wide Mouth Flex Straw Bottle - White: Vacuum-Insulated, BPA-Free",,Hydro Flask,,OUTDOOR_SPORTS,USED_GOOD,,810028847033,1,49.99,BICYCLES-PHYSICAL FITNESS | STAINLESS STEEL | BICYCLES PHYSICAL FITNESS,11.05,22.10
1139,203,Spider-Man Classic Toddler Helmet,,Bell,,OUTDOOR_SPORTS,USED_GOOD,,035011978659,2,24.99,BICYCLES-PHYSICAL FITNESS | TODDLER HELMETS | BICYCLES PHYSICAL FITNESS,5.52,11.04
1140,204,Owala 16oz Kids' FreeSip Stainless Steel Water Bottle - Rocky Shore,,Owala,,OUTDOOR_SPORTS,USED_GOOD,,847280091072,2,24.99,BICYCLES-PHYSICAL FITNESS | STAINLESS STEEL | BICYCLES PHYSICAL FITNESS,5.52,11.04
1141,205,"Razor 24V Dirt Quad SX McGrath Powered Ride-On - Green: Steel Frame, 8 MPH, 120 lb Capacity",,Razor,,OUTDOOR_SPORTS,NEW,,845423023911,1,549.99,BICYCLES-PHYSICAL FITNESS | ERO'S | BICYCLES PHYSICAL FITNESS,121.54,243.08
1142,206,"Kent Winslow 700c/28"" Adult Hybrid Bike - Green",,Kent,,OUTDOOR_SPORTS,NEW,,016751227405,3,230.99,BICYCLES-PHYSICAL FITNESS | HYBRID | BICYCLES PHYSICAL FITNESS,51.05,102.10
1143,207,"Schwinn Ranger 26"" Adult Mountain Bike - Red",,Schwinn,,OUTDOOR_SPORTS,NEW,,038675283572,3,230.99,BICYCLES-PHYSICAL FITNESS | MOUNTAIN | BICYCLES PHYSICAL FITNESS,51.05,102.10
1144,208,Hyper HPR350 Dirt Bike 24 Volt Electric Motorcycle for Kids' - Exclusive Red/Black,,Hyper,,OUTDOOR_SPORTS,USED_GOOD,,690995990648,2,249.99,BICYCLES-PHYSICAL FITNESS | ERO'S | BICYCLES PHYSICAL FITNESS,55.25,110.50
1145,209,"Schwinn Men's Trailway 700c/28"" Hybrid Bike - Blue",,Schwinn,,OUTDOOR_SPORTS,USED_GOOD,,038675237582,2,244.99,BICYCLES-PHYSICAL FITNESS | HYBRID | BICYCLES PHYSICAL FITNESS,54.14,108.28
1146,210,"Schwinn Iris 16"" Kids' Bike - Purple",,Schwinn,,OUTDOOR_SPORTS,USED_GOOD,,038675262881,2,149.99,"BICYCLES-PHYSICAL FITNESS | 16"" BIKES | BICYCLES PHYSICAL FITNESS",33.15,66.30
1147,211,Segway C2 Pro Electric Scooter - Blue,,Segway,,OUTDOOR_SPORTS,LIKE_NEW,,841450001175,1,279.99,BICYCLES-PHYSICAL FITNESS | KIDS E-SCOOTERS | BICYCLES PHYSICAL FITNESS,61.87,123.74
1148,212,HoMedics Shiatsu Kneading and Vibration Electric Massage Cushion with Heat,,HoMedics,,OUTDOOR_SPORTS,USED_GOOD,,031262103307,2,129.99,BICYCLES-PHYSICAL FITNESS | BATTERY | BICYCLES PHYSICAL FITNESS,28.73,57.46
1149,213,Hyper HPR350 Dirt Bike 24 Volt Electric Motorcycle for Kids' - Exclusive Red/Black,,Hyper,,OUTDOOR_SPORTS,LIKE_NEW,,690995990648,1,249.99,BICYCLES-PHYSICAL FITNESS | ERO'S | BICYCLES PHYSICAL FITNESS,55.25,110.50
1150,214,"Hyper Skute Folding Electric Scooter 36 Volt Lithium Battery Powered Scooter - Black/Red: Aluminum Frame, 15 MPH, 220 lbs Capacity",,Hyper,,OUTDOOR_SPORTS,USED_GOOD,,690995990679,1,249.99,BICYCLES-PHYSICAL FITNESS | ELECTRIC SCOOTER | BICYCLES PHYSICAL FITNESS,55.25,110.50
1151,215,Hyper HPR350 Dirt Bike 24 Volt Electric Motorcycle for Kids' - Exclusive Red/Black,,Hyper,,OUTDOOR_SPORTS,USED_GOOD,,690995990648,1,249.99,BICYCLES-PHYSICAL FITNESS | ERO'S | BICYCLES PHYSICAL FITNESS,55.25,110.50
1152,216,"Schwinn Women's Trailway 700c/28"" Hybrid Bike - Blue",,Schwinn,,OUTDOOR_SPORTS,NEW,,038675237599,1,244.99,BICYCLES-PHYSICAL FITNESS | HYBRID | BICYCLES PHYSICAL FITNESS,54.14,108.28
1153,217,"Huffy Highland Mountain Bike - 20"" Wheels - 7 Speeds - Emerald Gloss",,Huffy,,OUTDOOR_SPORTS,USED_GOOD,,028914333335,3,76.29,BICYCLES-PHYSICAL FITNESS | MOUNTAIN | BICYCLES PHYSICAL FITNESS,16.86,33.72
1154,218,"Huffy Southwind Cruiser Bike - 26"" Wheels - 7 Speeds - Basket - Teal",,Huffy,,OUTDOOR_SPORTS,USED_GOOD,,028914364759,1,209.99,BICYCLES-PHYSICAL FITNESS | CRUISER | BICYCLES PHYSICAL FITNESS,46.41,92.82
1155,219,"Schwinn Ranger 24"" Mountain Bike - Blue",,Schwinn,,OUTDOOR_SPORTS,NEW,,038675283541,1,209.99,BICYCLES-PHYSICAL FITNESS | MOUNTAIN | BICYCLES PHYSICAL FITNESS,46.41,92.82
1156,220,"Schwinn Ranger 24"" Mountain Bike - Silver",,Schwinn,,OUTDOOR_SPORTS,NEW,,038675283558,1,209.99,BICYCLES-PHYSICAL FITNESS | MOUNTAIN | BICYCLES PHYSICAL FITNESS,46.41,92.82
1157,221,"Huffy Highland Mountain Bike - 24"" Wheels - 21 Speeds - Silver",,Huffy,,OUTDOOR_SPORTS,USED_GOOD,,028914343334,2,92.64,BICYCLES-PHYSICAL FITNESS | MOUNTAIN | BICYCLES PHYSICAL FITNESS,20.47,40.94
1158,222,Radio Flyer Convertible Kid & Cargo Stroller Wagon with Canopy: Steel & Plastic Frame,,Radio Flyer,,OUTDOOR_SPORTS,USED_GOOD,,042385114330,1,179.99,BICYCLES-PHYSICAL FITNESS | WAGONS | BICYCLES PHYSICAL FITNESS,39.78,79.56
1159,223,Owala 32oz FreeSip Stainless Steel Water Bottle - Sandy Shores,,Owala,,OUTDOOR_SPORTS,USED_GOOD,,847280087051,5,34.99,BICYCLES-PHYSICAL FITNESS | STAINLESS STEEL | BICYCLES PHYSICAL FITNESS,7.73,15.46
1160,224,Huffy Alpine Mountain Bike - 26” Wheels - 15 Speeds - Black,,Huffy,,OUTDOOR_SPORTS,USED_GOOD,,028914362052,2,83.99,"BICYCLES-PHYSICAL FITNESS | 26"" MOUNTAIN | BICYCLES PHYSICAL FITNESS",18.56,37.12
1161,225,"Schwinn Iris 16"" Kids' Bike - Purple",,Schwinn,,OUTDOOR_SPORTS,USED_GOOD,,038675262881,1,149.99,"BICYCLES-PHYSICAL FITNESS | 16"" BIKES | BICYCLES PHYSICAL FITNESS",33.15,66.30
1162,226,"Schwinn Iris 16"" Kids' Bike - Purple",,Schwinn,,OUTDOOR_SPORTS,USED_GOOD,,038675262881,1,149.99,"BICYCLES-PHYSICAL FITNESS | 16"" BIKES | BICYCLES PHYSICAL FITNESS",33.15,66.30
1163,227,"Roller Derby Custom Adult In-Fit Skates - Blue/Black 9-12: Adjustable, Padded Boot Shaft",,Roller Derby,,OUTDOOR_SPORTS,USED_GOOD,,049288050017,2,73.99,BICYCLES-PHYSICAL FITNESS | ADULT INLINE SKATE | BICYCLES PHYSICAL FITNESS,16.35,32.70
1164,228,Schwinn Bike Seat Pack - Black,,Schwinn,,OUTDOOR_SPORTS,NEW,,038675238442,13,11.19,BICYCLES-PHYSICAL FITNESS | STORAGE | BICYCLES PHYSICAL FITNESS,2.47,4.94
1165,229,"Schwinn Piston 20"" Youth Bike - Silver",,Schwinn,,OUTDOOR_SPORTS,USED_GOOD,,038675290990,1,144.49,BICYCLES-PHYSICAL FITNESS | YOUTH | BICYCLES PHYSICAL FITNESS,31.93,63.86
1166,230,"Schwinn Piston 20"" Youth Bike - Silver",,Schwinn,,OUTDOOR_SPORTS,NEW,,038675290990,1,144.49,BICYCLES-PHYSICAL FITNESS | YOUTH | BICYCLES PHYSICAL FITNESS,31.93,63.86
1167,231,"Hyper 20"" Full Suspension Bear Mountain Bike - Black/Blue: 7-Speed, Steel Frame",,Hyper Bicycles; Hyper,,OUTDOOR_SPORTS,USED_GOOD,,690995300447,1,139.99,BICYCLES-PHYSICAL FITNESS | MOUNTAIN | BICYCLES PHYSICAL FITNESS,30.94,61.88
1168,232,Vinyl Fitness Mat - All In Motion: Polyethylene Foam Gym Floor Mat,,All In Motion,,OUTDOOR_SPORTS,USED_GOOD,,191802001095,3,43.00,BICYCLES-PHYSICAL FITNESS | HOME GYM | BICYCLES PHYSICAL FITNESS,9.50,19.00
1169,233,"Brightz Ride LED - Star: ABS Bike Lights, Handlebar & Seat Post Mount, 11-Hour Battery",,Brightz,,OUTDOOR_SPORTS,NEW,,811860032892,5,25.49,BICYCLES-PHYSICAL FITNESS | ACCESSORIES | BICYCLES PHYSICAL FITNESS,5.63,11.26
1170,234,Owala 24oz FreeSip Stainless Steel Water Bottle - Tangy Tango,,Owala,,OUTDOOR_SPORTS,SALVAGE,,847280085361,4,29.99,BICYCLES-PHYSICAL FITNESS | STAINLESS STEEL | BICYCLES PHYSICAL FITNESS,6.63,13.26
1171,235,Schwinn 18 in 1 Multi-Purpose Bike Tool,,Schwinn,,OUTDOOR_SPORTS,NEW,,038675610613,9,12.99,BICYCLES-PHYSICAL FITNESS | REPAIR | BICYCLES PHYSICAL FITNESS,2.87,5.74
1172,236,"Radio Flyer City 4-in-1 Stroll and Trike Riding Toy: Steel & Plastic, Ages 1-5",,Radio Flyer,,OUTDOOR_SPORTS,USED_GOOD,,042385130460,1,114.99,BICYCLES-PHYSICAL FITNESS | TRIKES | BICYCLES PHYSICAL FITNESS,25.41,50.82
1173,237,BlenderBottle 25oz Strada Stainless Steel Shaker Cup - Tan Floral,,BlenderBottle,,OUTDOOR_SPORTS,NEW,,840467308253,4,27.99,BICYCLES-PHYSICAL FITNESS | MIXER | BICYCLES PHYSICAL FITNESS,6.19,12.38
1174,238,"Radio Flyer 3 in 1 EZ Fold Wagon with Canopy - Red: Steel & Nylon, 150 lb Capacity",,Radio Flyer,,OUTDOOR_SPORTS,USED_GOOD,,042385112053,1,109.99,BICYCLES-PHYSICAL FITNESS | WAGONS | BICYCLES PHYSICAL FITNESS,24.31,48.62
1175,239,"Radio Flyer 3 in 1 EZ Fold Wagon with Canopy - Red: Steel & Nylon, 150 lb Capacity",,Radio Flyer,,OUTDOOR_SPORTS,USED_GOOD,,042385112053,1,109.99,BICYCLES-PHYSICAL FITNESS | WAGONS | BICYCLES PHYSICAL FITNESS,24.31,48.62
1176,240,"Tommie 14-18"" Copper Sport Compression Calf Sleeve - L/XL: Muscle Support for Legs",,Tommie Copper,,OUTDOOR_SPORTS,USED_GOOD,,018713635884,9,11.89,BICYCLES-PHYSICAL FITNESS | MUSCLE THERAPY | BICYCLES PHYSICAL FITNESS,2.63,5.26
1177,241,Owala 32oz FreeSip Stainless Steel Water Bottle - Periwinkle Twinkle,,Owala,,OUTDOOR_SPORTS,USED_GOOD,,847280095766,3,34.99,BICYCLES-PHYSICAL FITNESS | STAINLESS STEEL | BICYCLES PHYSICAL FITNESS,7.73,15.46
1178,242,Owala 32oz Stainless Steel FreeSip Water Bottle - In Good Company,,Owala,,OUTDOOR_SPORTS,USED_GOOD,,840467306082,3,34.99,BICYCLES-PHYSICAL FITNESS | STAINLESS STEEL | BICYCLES PHYSICAL FITNESS,7.73,15.46
1179,243,Owala 32oz FreeSip Stainless Steel Water Bottle - Tangy Tango,,Owala,,OUTDOOR_SPORTS,USED_GOOD,,847280087044,3,34.99,BICYCLES-PHYSICAL FITNESS | STAINLESS STEEL | BICYCLES PHYSICAL FITNESS,7.73,15.46
1180,244,Owala 16oz Kids' FreeSip Stainless Steel Water Bottle - Sleek,,Owala,,OUTDOOR_SPORTS,USED_GOOD,,847280080502,4,24.99,BICYCLES-PHYSICAL FITNESS | STAINLESS STEEL | BICYCLES PHYSICAL FITNESS,5.52,11.04
1181,245,"Huffy Highland Mountain Bike - 24"" Wheels - 21 Speeds - Silver",,Huffy,,OUTDOOR_SPORTS,USED_GOOD,,028914343334,1,92.64,BICYCLES-PHYSICAL FITNESS | MOUNTAIN | BICYCLES PHYSICAL FITNESS,20.47,40.94
1182,246,"Chirp Wheel for Back and Neck Pain – 3 pk: Plastic, EVA Foam, ABS, 500 lb Capacity",,Chirp,,OUTDOOR_SPORTS,USED_GOOD,,860006437848,1,89.99,BICYCLES-PHYSICAL FITNESS | MUSCLE THERAPY | BICYCLES PHYSICAL FITNESS,19.89,39.78
1183,247,Owala 40oz FreeSip  Stainless Steel Tumbler - Very Very Dark,,Owala,,OUTDOOR_SPORTS,USED_GOOD,,847280095636,2,44.99,BICYCLES-PHYSICAL FITNESS | TUMBLER | BICYCLES PHYSICAL FITNESS,9.94,19.88
1184,248,Owala 24oz FreeSip Stainless Steel Water Bottle - Very Very Dark,,Owala,,OUTDOOR_SPORTS,SALVAGE,,847280071920,3,29.99,BICYCLES-PHYSICAL FITNESS | STAINLESS STEEL | BICYCLES PHYSICAL FITNESS,6.63,13.26
1185,249,"Pacific 20"" Kids' Bike - Erupt Green",,Pacific,,OUTDOOR_SPORTS,NEW,,038675138162,1,87.49,BICYCLES-PHYSICAL FITNESS | YOUTH | BICYCLES PHYSICAL FITNESS,19.33,38.66
1186,250,Huffy Alpine Mountain Bike - 26” Wheels - 15 Speeds - Black,,Huffy,,OUTDOOR_SPORTS,NEW,,028914362052,1,83.99,"BICYCLES-PHYSICAL FITNESS | 26"" MOUNTAIN | BICYCLES PHYSICAL FITNESS",18.56,37.12
1187,251,Blogilates Booty Resistance Bands 2pk - Peach Orange/Blue: Elastic Medium & Light Flat Bands (Please be advised that sets may be missing pieces or otherwise incomplete.),,Blogilates,,OUTDOOR_SPORTS,USED_GOOD,,810054660101,4,20.99,BICYCLES-PHYSICAL FITNESS | STRENGTH TRAINING | BICYCLES PHYSICAL FITNESS,4.64,9.28
1188,252,"Hydro Flask 40oz All Around Travel Straw Tumbler - Moonshadow: Vacuum-Insulated, BPA-Free",,Hydro Flask,,OUTDOOR_SPORTS,SALVAGE,,840394217079,2,39.99,BICYCLES-PHYSICAL FITNESS | TUMBLER | BICYCLES PHYSICAL FITNESS,8.84,17.68
1189,253,Owala 40oz Stainless Steel Straw Tumbler - Kickflip,,Owala,,OUTDOOR_SPORTS,USED_GOOD,,847280096138,2,39.99,BICYCLES-PHYSICAL FITNESS | TUMBLER | BICYCLES PHYSICAL FITNESS,8.84,17.68
1190,254,Gaiam Studio Select Resistance Tube - Medium - Green,,Gaiam,,OUTDOOR_SPORTS,USED_GOOD,,018713665263,6,12.99,BICYCLES-PHYSICAL FITNESS | STRENGTH TRAINING | BICYCLES PHYSICAL FITNESS,2.87,5.74
1191,255,"Roller Derby Custom Adult In-Fit Skates - Blue/Black 9-12: Adjustable, Padded Boot Shaft",,Roller Derby,,OUTDOOR_SPORTS,USED_GOOD,,049288050017,1,73.99,BICYCLES-PHYSICAL FITNESS | ADULT INLINE SKATE | BICYCLES PHYSICAL FITNESS,16.35,32.70
1192,256,McDavid Sport Compression Knit Knee Sleeve with Gel Buttress - S/M: Tendonitis & Arthritis Support,,McDavid,,OUTDOOR_SPORTS,USED_GOOD,,029369148314,4,17.99,BICYCLES-PHYSICAL FITNESS | MUSCLE THERAPY | BICYCLES PHYSICAL FITNESS,3.98,7.96
1193,257,Owala 24oz Special Edition Stainless Steel Straw Tumbler - Diet Coke Social Club,,Owala,,OUTDOOR_SPORTS,USED_GOOD,,840467306785,2,35.00,BICYCLES-PHYSICAL FITNESS | TUMBLER | BICYCLES PHYSICAL FITNESS,7.73,15.46
1194,258,"Fisher-Price Big Action Load N Go Ride-On with Lights, Sounds, Storage and Walking Bar",,Fisher-Price,,OUTDOOR_SPORTS,USED_GOOD,,039897979083,1,69.99,BICYCLES-PHYSICAL FITNESS | FOOT TO FLOOR | BICYCLES PHYSICAL FITNESS,15.47,30.94
1195,259,Owala 32oz FreeSip Stainless Steel Water Bottle - Tangy Tango,,Owala,,OUTDOOR_SPORTS,USED_GOOD,,847280087044,2,34.99,BICYCLES-PHYSICAL FITNESS | STAINLESS STEEL | BICYCLES PHYSICAL FITNESS,7.73,15.46
1196,260,Owala 30oz FreeSip SWAY Stainless Steel Water Bottle - Periwinkle Twinkle,,Owala,,OUTDOOR_SPORTS,USED_GOOD,,847280096060,2,34.99,BICYCLES-PHYSICAL FITNESS | STAINLESS STEEL | BICYCLES PHYSICAL FITNESS,7.73,15.46
1197,261,Owala 30oz Stainless Steel FreeSip Sway Tumbler  - Sandy Shores,,Owala,,OUTDOOR_SPORTS,SALVAGE,,847280096053,2,34.99,BICYCLES-PHYSICAL FITNESS | STAINLESS STEEL | BICYCLES PHYSICAL FITNESS,7.73,15.46
1198,262,Blogilates 10 Pound Weighted Vest - Red,,Blogilates,,OUTDOOR_SPORTS,USED_GOOD,,850052976811,2,34.99,BICYCLES-PHYSICAL FITNESS | WEARABLES | BICYCLES PHYSICAL FITNESS,7.73,15.46
1199,263,"Roller Derby Sport Kids' Roller Skate - Unicorn Pink/White M: Adjustable Size, Padded Collar",,Roller Derby,,OUTDOOR_SPORTS,USED_GOOD,,049288364527,2,34.99,BICYCLES-PHYSICAL FITNESS | SKATES | BICYCLES PHYSICAL FITNESS,7.73,15.46
1200,264,Owala 32oz FreeSip Stainless Steel Water Bottle - Kickflip,,Owala,,OUTDOOR_SPORTS,USED_GOOD,,847280095780,2,34.99,BICYCLES-PHYSICAL FITNESS | STAINLESS STEEL | BICYCLES PHYSICAL FITNESS,7.73,15.46
1201,265,Owala 32oz FreeSip Stainless Steel Water Bottle - Periwinkle Twinkle,,Owala,,OUTDOOR_SPORTS,USED_GOOD,,847280095766,2,34.99,BICYCLES-PHYSICAL FITNESS | STAINLESS STEEL | BICYCLES PHYSICAL FITNESS,7.73,15.46
1202,266,Owala 30oz FreeSip Sway Stainless Steel Tumbler - Tangy Tango,,Owala,,OUTDOOR_SPORTS,USED_GOOD,,847280096046,2,34.99,BICYCLES-PHYSICAL FITNESS | STAINLESS STEEL | BICYCLES PHYSICAL FITNESS,7.73,15.46
1203,267,Owala 30oz Stainless Steel FreeSip Sway Tumbler - Misty Meadow,,Owala,,OUTDOOR_SPORTS,NEW,,847280096077,2,34.99,BICYCLES-PHYSICAL FITNESS | STAINLESS STEEL | BICYCLES PHYSICAL FITNESS,7.73,15.46
1204,268,Owala 30oz Stainless Steel FreeSip Water Bottle - In Good Company,,Owala,,OUTDOOR_SPORTS,NEW,,840467306129,2,34.99,BICYCLES-PHYSICAL FITNESS | STAINLESS STEEL | BICYCLES PHYSICAL FITNESS,7.73,15.46
1205,269,"Tommie Copper Sport Compression Ankle Support Sleeve - L/XL: Joint Support, Polyester",,Tommie Copper,,OUTDOOR_SPORTS,NEW,,018713631800,6,10.89,BICYCLES-PHYSICAL FITNESS | MUSCLE THERAPY | BICYCLES PHYSICAL FITNESS,2.41,4.82
1206,270,"Phone Waist Pack - All In Motion: Solid Black, Recycled Polyester, Fanny Pack",,All In Motion,,OUTDOOR_SPORTS,USED_GOOD,,197543111031,5,13.00,BICYCLES-PHYSICAL FITNESS | WALK/RUN | BICYCLES PHYSICAL FITNESS,2.87,5.74
1207,271,"Schwinn Ranger 26"" Adult Mountain Bike - Red",,Schwinn,,OUTDOOR_SPORTS,NEW,,038675283572,2,230.99,BICYCLES-PHYSICAL FITNESS | MOUNTAIN | BICYCLES PHYSICAL FITNESS,51.05,102.10
1208,272,"Schwinn Iris 20"" Youth Bike - Light Blue",,Schwinn,,OUTDOOR_SPORTS,NEW,,038675291003,3,144.49,BICYCLES-PHYSICAL FITNESS | YOUTH | BICYCLES PHYSICAL FITNESS,31.93,63.86
1209,273,"Schwinn Ranger 24"" Mountain Bike - Silver",,Schwinn,,OUTDOOR_SPORTS,NEW,,038675283558,2,209.99,BICYCLES-PHYSICAL FITNESS | MOUNTAIN | BICYCLES PHYSICAL FITNESS,46.41,92.82
1210,274,"Schwinn Ranger 24"" Mountain Bike - Blue",,Schwinn,,OUTDOOR_SPORTS,NEW,,038675283541,2,209.99,BICYCLES-PHYSICAL FITNESS | MOUNTAIN | BICYCLES PHYSICAL FITNESS,46.41,92.82
1211,275,"Schwinn Men's Ascension 29"" Mountain Bike - Black",,Schwinn,,OUTDOOR_SPORTS,USED_GOOD,,038675238824,1,399.99,BICYCLES-PHYSICAL FITNESS | MOUNTAIN | BICYCLES PHYSICAL FITNESS,88.39,176.78
1212,276,Segway E2 Plus II Teens and Adults Electric Scooter 15 mph Max Speed and 16 mi Max Range - Black,,Segway,,OUTDOOR_SPORTS,LIKE_NEW,,841450003117,1,349.99,BICYCLES-PHYSICAL FITNESS | ELECTRIC SCOOTER | BICYCLES PHYSICAL FITNESS,77.34,154.68
1213,277,Segway E2 Plus II Teens and Adults Electric Scooter 15 mph Max Speed and 16 mi Max Range - Black,,Segway,,OUTDOOR_SPORTS,LIKE_NEW,,841450003117,1,349.99,BICYCLES-PHYSICAL FITNESS | ELECTRIC SCOOTER | BICYCLES PHYSICAL FITNESS,77.34,154.68
1214,278,"Mongoose Index 1.0 BMX Freestyle 20"" Youth Bike - Black",,Mongoose,,OUTDOOR_SPORTS,NEW,,038675291058,2,169.99,BICYCLES-PHYSICAL FITNESS | FREESTYLE | BICYCLES PHYSICAL FITNESS,37.57,75.14
1215,279,"Hyper Skute Folding Electric Scooter 36 Volt Lithium Battery Powered Scooter - Black/Red: Aluminum Frame, 15 MPH, 220 lbs Capacity",,Hyper,,OUTDOOR_SPORTS,USED_GOOD,,690995990679,1,249.99,BICYCLES-PHYSICAL FITNESS | ELECTRIC SCOOTER | BICYCLES PHYSICAL FITNESS,55.25,110.50
1216,280,"Schwinn Women's Trailway 700c/28"" Hybrid Bike - Blue",,Schwinn,,OUTDOOR_SPORTS,NEW,,038675237599,1,244.99,BICYCLES-PHYSICAL FITNESS | HYBRID | BICYCLES PHYSICAL FITNESS,54.14,108.28
1217,281,"Kent Winslow 700c/28"" Adult Hybrid Bike - Green",,Kent,,OUTDOOR_SPORTS,USED_GOOD,,016751227405,1,230.99,BICYCLES-PHYSICAL FITNESS | HYBRID | BICYCLES PHYSICAL FITNESS,51.05,102.10
1218,282,"Schwinn Ranger 26"" Adult Mountain Bike - Blue",,Schwinn,,OUTDOOR_SPORTS,USED_GOOD,,038675283565,1,230.99,BICYCLES-PHYSICAL FITNESS | MOUNTAIN | BICYCLES PHYSICAL FITNESS,51.05,102.10
1219,283,"Kent Winslow 700c/28"" Adult Hybrid Bike - Green",,Kent,,OUTDOOR_SPORTS,NEW,,016751227405,1,230.99,BICYCLES-PHYSICAL FITNESS | HYBRID | BICYCLES PHYSICAL FITNESS,51.05,102.10
1220,284,"Schwinn Ranger 24"" Mountain Bike - Blue",,Schwinn,,OUTDOOR_SPORTS,NEW,,038675283541,1,209.99,BICYCLES-PHYSICAL FITNESS | MOUNTAIN | BICYCLES PHYSICAL FITNESS,46.41,92.82
1221,285,"Schwinn Ranger 24"" Mountain Bike - Silver",,Schwinn,,OUTDOOR_SPORTS,NEW,,038675283558,1,209.99,BICYCLES-PHYSICAL FITNESS | MOUNTAIN | BICYCLES PHYSICAL FITNESS,46.41,92.82
1222,286,"Schwinn Ranger 24"" Mountain Bike - Blue",,Schwinn,,OUTDOOR_SPORTS,NEW,,038675283541,1,209.99,BICYCLES-PHYSICAL FITNESS | MOUNTAIN | BICYCLES PHYSICAL FITNESS,46.41,92.82
1223,287,Schwinn Bike Seat Pack - Black,,Schwinn,,OUTDOOR_SPORTS,NEW,,038675238442,18,11.19,BICYCLES-PHYSICAL FITNESS | STORAGE | BICYCLES PHYSICAL FITNESS,2.47,4.94
1224,288,"Hyper Jammer Kids Electric Scooter 12 Volt Battery Powered Scooter - Green: Steel Frame, 10 MPH",,Hyper,,OUTDOOR_SPORTS,USED_GOOD,,690995990662,2,99.99,BICYCLES-PHYSICAL FITNESS | KIDS E-SCOOTERS | BICYCLES PHYSICAL FITNESS,22.10,44.20
1225,289,Schwinn 18 in 1 Multi-Purpose Bike Tool,,Schwinn,,OUTDOOR_SPORTS,NEW,,038675610613,15,12.99,BICYCLES-PHYSICAL FITNESS | REPAIR | BICYCLES PHYSICAL FITNESS,2.87,5.74
1226,290,"Huffy Highland Mountain Bike - 26"" Wheels - 21 Speeds - M/L - Black",,Huffy,,OUTDOOR_SPORTS,USED_GOOD,,028914363332,2,92.64,BICYCLES-PHYSICAL FITNESS | MOUNTAIN | BICYCLES PHYSICAL FITNESS,20.47,40.94
1227,291,"Power Pony Push Riding Toy - Crystal: Steel Pedal & Push, 3+ Years, 100 lb Capacity",,Power Pony,,OUTDOOR_SPORTS,USED_GOOD,,692041166472,1,179.99,BICYCLES-PHYSICAL FITNESS | FOOT TO FLOOR | BICYCLES PHYSICAL FITNESS,39.78,79.56
1228,292,Segway C2 Lite Kids Electric Scooter 9.9 mph Max Speed and 5.9 mi Max Range - Blue,,Segway,,OUTDOOR_SPORTS,USED_GOOD,,841450002127,1,179.99,BICYCLES-PHYSICAL FITNESS | ELECTRIC SCOOTER | BICYCLES PHYSICAL FITNESS,39.78,79.56
1229,293,Radio Flyer Convertible Kid & Cargo Stroller Wagon with Canopy: Steel & Plastic Frame,,Radio Flyer,,OUTDOOR_SPORTS,USED_GOOD,,042385114330,1,179.99,BICYCLES-PHYSICAL FITNESS | WAGONS | BICYCLES PHYSICAL FITNESS,39.78,79.56
1230,294,"Mongoose Index 1.0 BMX Freestyle 20"" Youth Bike - Black",,Mongoose,,OUTDOOR_SPORTS,USED_GOOD,,038675291058,1,169.99,BICYCLES-PHYSICAL FITNESS | FREESTYLE | BICYCLES PHYSICAL FITNESS,37.57,75.14
1231,295,"Brightz Ride LED - Star: ABS Bike Lights, Handlebar & Seat Post Mount, 11-Hour Battery",,Brightz,,OUTDOOR_SPORTS,USED_GOOD,,811860032892,6,25.49,BICYCLES-PHYSICAL FITNESS | ACCESSORIES | BICYCLES PHYSICAL FITNESS,5.63,11.26
1232,296,"Schwinn Iris 16"" Kids' Bike - Purple",,Schwinn,,OUTDOOR_SPORTS,USED_GOOD,,038675262881,1,149.99,"BICYCLES-PHYSICAL FITNESS | 16"" BIKES | BICYCLES PHYSICAL FITNESS",33.15,66.30
1233,297,"Step2 Side by Side Push Around Roadster: Plastic Pedal & Push Riding Toy, 50 lb Capacity",,Step2,,OUTDOOR_SPORTS,USED_GOOD,,733538440894,1,149.99,BICYCLES-PHYSICAL FITNESS | FOOT TO FLOOR | BICYCLES PHYSICAL FITNESS,33.15,66.30
1234,298,Owala 24oz FreeSip Stainless Steel Water Bottle - Sleek,,Owala,,OUTDOOR_SPORTS,USED_GOOD,,847280072347,5,29.99,BICYCLES-PHYSICAL FITNESS | STAINLESS STEEL | BICYCLES PHYSICAL FITNESS,6.63,13.26
1235,299,"Schwinn Iris 20"" Youth Bike - Light Blue",,Schwinn,,OUTDOOR_SPORTS,USED_GOOD,,038675291003,1,144.49,BICYCLES-PHYSICAL FITNESS | YOUTH | BICYCLES PHYSICAL FITNESS,31.93,63.86
1236,300,"Schwinn Piston 20"" Youth Bike - Silver",,Schwinn,,OUTDOOR_SPORTS,NEW,,038675290990,1,144.49,BICYCLES-PHYSICAL FITNESS | YOUTH | BICYCLES PHYSICAL FITNESS,31.93,63.86
1237,301,"Weighted Vest 8lb - All In Motion: Total Body Workout, Recycled Material",,All In Motion,,OUTDOOR_SPORTS,USED_GOOD,,191802001583,4,35.00,BICYCLES-PHYSICAL FITNESS | WEARABLES | BICYCLES PHYSICAL FITNESS,7.73,15.46
1238,302,"Hyper 20"" Full Suspension Bear Mountain Bike - Black/Blue: 7-Speed, Steel Frame",,Hyper Bicycles; Hyper,,OUTDOOR_SPORTS,USED_GOOD,,690995300447,1,139.99,BICYCLES-PHYSICAL FITNESS | MOUNTAIN | BICYCLES PHYSICAL FITNESS,30.94,61.88
1239,303,Owala 32oz FreeSip Stainless Steel Water Bottle - Misty Meadows,,Owala,,OUTDOOR_SPORTS,USED_GOOD,,847280095773,4,34.99,BICYCLES-PHYSICAL FITNESS | STAINLESS STEEL | BICYCLES PHYSICAL FITNESS,7.73,15.46
1240,304,BlenderBottle 25oz Strada Stainless Steel Shaker Cup - Terrazzo Pint,,BlenderBottle,,OUTDOOR_SPORTS,NEW,,840467308246,5,27.99,BICYCLES-PHYSICAL FITNESS | MIXER | BICYCLES PHYSICAL FITNESS,6.19,12.38
1241,305,Raskullz Balance Buddy Light Up LED Bike Training Wheels,,Raskullz,,OUTDOOR_SPORTS,USED_GOOD,,847268023910,8,16.99,BICYCLES-PHYSICAL FITNESS | KIDS ACCESSORIES | BICYCLES PHYSICAL FITNESS,3.75,7.50
1242,306,Bell Sports Skipper Kids' Bike Seat,,Bell Sports,,OUTDOOR_SPORTS,USED_GOOD,,035011978574,2,64.99,BICYCLES-PHYSICAL FITNESS | BIKE RACKS/TRAILER | BICYCLES PHYSICAL FITNESS,14.36,28.72
1243,307,Wrist/Ankle Weight 2lb 2pc Set - All In Motion (Please be advised that sets may be missing pieces or otherwise incomplete.),,All In Motion,,OUTDOOR_SPORTS,USED_GOOD,,191802002061,5,25.00,BICYCLES-PHYSICAL FITNESS | WEARABLES | BICYCLES PHYSICAL FITNESS,5.52,11.04
1244,308,Wrist/Ankle Weight 2lb 2pc Set - All In Motion (Please be advised that sets may be missing pieces or otherwise incomplete.),,All In Motion,,OUTDOOR_SPORTS,USED_GOOD,,191802002061,5,25.00,BICYCLES-PHYSICAL FITNESS | WEARABLES | BICYCLES PHYSICAL FITNESS,5.52,11.04
1245,309,Little Tikes Jett Car Racer Ride-On,,Little Tikes,,OUTDOOR_SPORTS,USED_GOOD,,050743646768,1,119.99,BICYCLES-PHYSICAL FITNESS | FOOT TO FLOOR | BICYCLES PHYSICAL FITNESS,26.52,53.04
1246,310,McDavid Sport Knee Knit Sleeve with Buttress and Stays - Gray - L/XL,,McDavid,,OUTDOOR_SPORTS,USED_GOOD,,029369148345,4,29.99,BICYCLES-PHYSICAL FITNESS | MUSCLE THERAPY | BICYCLES PHYSICAL FITNESS,6.63,13.26
1247,311,Owala 24oz Stainless Steel FreeSip Water Bottle - In Good Company,,Owala,,OUTDOOR_SPORTS,USED_GOOD,,840467308345,4,29.99,BICYCLES-PHYSICAL FITNESS | STAINLESS STEEL | BICYCLES PHYSICAL FITNESS,6.63,13.26
1248,312,"Bala Bangles 2pc Wrist & Ankle Weight Set - Bone 1 lb: Steel, Silicone, Arms, Legs (Please be advised that sets may be missing pieces or otherwise incomplete.)",,Bala,,OUTDOOR_SPORTS,USED_GOOD,,850042100660,2,55.00,BICYCLES-PHYSICAL FITNESS | WEARABLES | BICYCLES PHYSICAL FITNESS,12.15,24.30
1249,313,"Radio Flyer 3 in 1 EZ Fold Wagon with Canopy - Red: Steel & Nylon, 150 lb Capacity",,Radio Flyer,,OUTDOOR_SPORTS,USED_GOOD,,042385112053,1,109.99,BICYCLES-PHYSICAL FITNESS | WAGONS | BICYCLES PHYSICAL FITNESS,24.31,48.62
1250,314,Owala 32oz FreeSip Stainless Steel Water Bottle - Out of the Blue,,Owala,,OUTDOOR_SPORTS,USED_GOOD,,840467308499,3,34.99,BICYCLES-PHYSICAL FITNESS | STAINLESS STEEL | BICYCLES PHYSICAL FITNESS,7.73,15.46
1251,315,Owala 30oz Stainless Steel FreeSip Sway Tumbler  - Sandy Shores,,Owala,,OUTDOOR_SPORTS,USED_GOOD,,847280096053,3,34.99,BICYCLES-PHYSICAL FITNESS | STAINLESS STEEL | BICYCLES PHYSICAL FITNESS,7.73,15.46
1252,316,"Radio Flyer 4-in-1 Stroll 'N Trike - Pink: Steel Frame, Adjustable Seat, EVA Tires",,Radio Flyer,,OUTDOOR_SPORTS,USED_GOOD,,042385113074,1,99.99,BICYCLES-PHYSICAL FITNESS | TRIKES | BICYCLES PHYSICAL FITNESS,22.10,44.20
1253,317,"Hyper Jammer Kids Electric Scooter 12 Volt Battery Powered Scooter - Green: Steel Frame, 10 MPH",,Hyper,,OUTDOOR_SPORTS,USED_GOOD,,690995990662,1,99.99,BICYCLES-PHYSICAL FITNESS | KIDS E-SCOOTERS | BICYCLES PHYSICAL FITNESS,22.10,44.20
1254,318,"Razor Color Rave Electric Scooter - Blast: Steel Frame, 7.5 MPH, 110 lb Capacity",,Razor,,OUTDOOR_SPORTS,USED_GOOD,,845423027940,1,98.99,BICYCLES-PHYSICAL FITNESS | ELECTRIC SCOOTER | BICYCLES PHYSICAL FITNESS,21.88,43.76
1255,319,"Huffy Highland Mountain Bike - 26"" Wheels - 21 Speeds - M/L - Black",,Huffy,,OUTDOOR_SPORTS,USED_GOOD,,028914363332,1,92.64,BICYCLES-PHYSICAL FITNESS | MOUNTAIN | BICYCLES PHYSICAL FITNESS,20.47,40.94
1256,320,"Huffy Highland Mountain Bike - 26"" Wheels - 21 Speeds - M/L - Black",,Huffy,,OUTDOOR_SPORTS,NEW,,028914363332,1,92.64,BICYCLES-PHYSICAL FITNESS | MOUNTAIN | BICYCLES PHYSICAL FITNESS,20.47,40.94
1257,321,Little Tikes Cozy Truck - Black,,Little Tikes,,OUTDOOR_SPORTS,USED_GOOD,,050743663161,1,90.99,BICYCLES-PHYSICAL FITNESS | FOOT TO FLOOR | BICYCLES PHYSICAL FITNESS,20.11,40.22
1258,322,"Hydro Flask 32oz Wide Mouth Flex Straw Bottle - Indigo: Vacuum-Insulated, BPA-Free",,Hydro Flask,,OUTDOOR_SPORTS,USED_GOOD,,810070084158,2,44.99,BICYCLES-PHYSICAL FITNESS | STAINLESS STEEL | BICYCLES PHYSICAL FITNESS,9.94,19.88
1259,323,BruMate Era 40oz 100% Leak-Proof Straw Tumbler - Lavender,,BRUMATE,,OUTDOOR_SPORTS,SALVAGE,,195429060510,2,44.99,BICYCLES-PHYSICAL FITNESS | TUMBLER | BICYCLES PHYSICAL FITNESS,9.94,19.88
1260,324,Owala 24oz Stainless Steel FreeSip Water Bottle - In Good Company,,Owala,,OUTDOOR_SPORTS,SALVAGE,,840467308345,3,29.99,BICYCLES-PHYSICAL FITNESS | STAINLESS STEEL | BICYCLES PHYSICAL FITNESS,6.63,13.26
1261,325,Owala 24oz FreeSip Twist Stainless Steel Water Bottle - Tangy Tango,,Owala,,OUTDOOR_SPORTS,NEW,,847280095902,3,29.99,BICYCLES-PHYSICAL FITNESS | STAINLESS STEEL | BICYCLES PHYSICAL FITNESS,6.63,13.26
1262,326,"Blogilates 12 Week Fit Journal: Hard Cover, Elastic Closure, Preprinted Pages",,Blogilates,,OUTDOOR_SPORTS,USED_GOOD,,810054660187,3,29.49,BICYCLES-PHYSICAL FITNESS | ACCESSORIES | BICYCLES PHYSICAL FITNESS,6.52,13.04
1263,327,Little Tikes Adventure Rover Riding Toy,,Little Tikes,,OUTDOOR_SPORTS,USED_GOOD,,050743638961,1,84.99,BICYCLES-PHYSICAL FITNESS | FOOT TO FLOOR | BICYCLES PHYSICAL FITNESS,18.78,37.56
1264,328,"Hydro Flask 32oz All Around Travel Straw Tumbler - White: Double-Wall, BPA-Free, Spillproof",,Hydro Flask,,OUTDOOR_SPORTS,USED_GOOD,,840394217000,4,20.99,BICYCLES-PHYSICAL FITNESS | TUMBLER | BICYCLES PHYSICAL FITNESS,4.64,9.28
1265,329,"Pacific Unisex Unity 16"" Kids' Bike - Silver",,Pacific,,OUTDOOR_SPORTS,USED_GOOD,,038675286924,1,79.99,"BICYCLES-PHYSICAL FITNESS | 16"" BIKES | BICYCLES PHYSICAL FITNESS",17.68,35.36
1266,330,Owala 40oz Stainless Steel Straw Tumbler - Panther Paw,,Owala,,OUTDOOR_SPORTS,USED_GOOD,,847280077496,2,39.99,BICYCLES-PHYSICAL FITNESS | TUMBLER | BICYCLES PHYSICAL FITNESS,8.84,17.68
1267,331,"Hydro Flask 40oz All Around Travel Straw Tumbler - Agave: Double-Wall, BPA-Free, Vacuum-Insulated",,Hydro Flask,,OUTDOOR_SPORTS,SALVAGE,,840394217109,2,39.99,BICYCLES-PHYSICAL FITNESS | TUMBLER | BICYCLES PHYSICAL FITNESS,8.84,17.68
1268,332,"Hydro Flask 40oz All Around Travel Straw Tumbler - Oat: Double-Wall, BPA-Free, Spillproof",,Hydro Flask,,OUTDOOR_SPORTS,USED_GOOD,,840394217048,2,39.99,BICYCLES-PHYSICAL FITNESS | TUMBLER | BICYCLES PHYSICAL FITNESS,8.84,17.68
1269,333,Owala 40oz FreeSip Stainless Steel Water Bottle - Very Very  Dark,,Owala,,OUTDOOR_SPORTS,USED_GOOD,,847280095803,2,39.99,BICYCLES-PHYSICAL FITNESS | STAINLESS STEEL | BICYCLES PHYSICAL FITNESS,8.84,17.68
1270,334,"Hydro Flask 40oz All Around Travel Straw Tumbler - Indigo: Vacuum-Insulated, BPA-Free",,Hydro Flask,,OUTDOOR_SPORTS,NEW,,840394217062,2,39.99,BICYCLES-PHYSICAL FITNESS | TUMBLER | BICYCLES PHYSICAL FITNESS,8.84,17.68
1271,335,"Owala 40oz Stainless Steel Straw Tumbler - Misty Meadow: Insulated, BPA-Free, Double-Wall, Drink-Thru Lid",,Owala,,OUTDOOR_SPORTS,NEW,,847280096121,2,39.99,BICYCLES-PHYSICAL FITNESS | TUMBLER | BICYCLES PHYSICAL FITNESS,8.84,17.68
1272,336,Balance Exercise Ball Trainer with Pump - Gray - All In Motion,,All In Motion,,OUTDOOR_SPORTS,USED_GOOD,,191802002054,1,71.00,BICYCLES-PHYSICAL FITNESS | STRENGTH TRAINING | BICYCLES PHYSICAL FITNESS,15.69,31.38
1273,337,Owala  30oz FreeSip Sway Stainless Steel Tumbler - Kickflip,,Owala,,OUTDOOR_SPORTS,USED_GOOD,,847280096084,2,34.99,BICYCLES-PHYSICAL FITNESS | STAINLESS STEEL | BICYCLES PHYSICAL FITNESS,7.73,15.46
1274,338,Owala 30oz Stainless Steel FreeSip Sway - Pretty in Purple,,Owala,,OUTDOOR_SPORTS,SALVAGE,,847280095063,2,34.99,BICYCLES-PHYSICAL FITNESS | STAINLESS STEEL | BICYCLES PHYSICAL FITNESS,7.73,15.46
1275,339,Owala 32oz FreeSip Stainless Steel Water Bottle - Sleek,,Owala,,OUTDOOR_SPORTS,NEW,,847280073009,2,34.99,BICYCLES-PHYSICAL FITNESS | STAINLESS STEEL | BICYCLES PHYSICAL FITNESS,7.73,15.46
1276,340,Owala 32oz FreeSip Stainless Steel Water Bottle - Tangy Tango,,Owala,,OUTDOOR_SPORTS,NEW,,847280087044,2,34.99,BICYCLES-PHYSICAL FITNESS | STAINLESS STEEL | BICYCLES PHYSICAL FITNESS,7.73,15.46
1277,341,Bell Sports Skipper Kids' Bike Seat,,Bell Sports,,OUTDOOR_SPORTS,USED_GOOD,,035011978574,1,64.99,BICYCLES-PHYSICAL FITNESS | BIKE RACKS/TRAILER | BICYCLES PHYSICAL FITNESS,14.36,28.72
1278,342,Stanley 64oz IceFlow Flip Straw Jug - Black 2.0: Stainless Steel Drinkware,,Stanley,,OUTDOOR_SPORTS,NEW,,041604437892,1,60.00,BICYCLES-PHYSICAL FITNESS | LARGE CAPACITY | BICYCLES PHYSICAL FITNESS,13.26,26.52
1279,343,"Melo SideWinder Kick Scooter - Green: Steel & Aluminum Frame, Lights Up",,Melo,,OUTDOOR_SPORTS,USED_GOOD,,5391544970290,1,59.99,BICYCLES-PHYSICAL FITNESS | DELUXE SCOOTERS | BICYCLES PHYSICAL FITNESS,13.26,26.52
1280,344,Owala 24oz FreeSip Stainless Steel Water Bottle  - Kickflip,,Owala,,OUTDOOR_SPORTS,USED_GOOD,,847280095759,2,29.99,BICYCLES-PHYSICAL FITNESS | STAINLESS STEEL | BICYCLES PHYSICAL FITNESS,6.63,13.26
1281,345,Owala Special Edition 24oz FreeSip Stainless Steel Water Bottle   - Summer Soiree,,Owala,,OUTDOOR_SPORTS,USED_GOOD,,840467305122,2,29.99,BICYCLES-PHYSICAL FITNESS | STAINLESS STEEL | BICYCLES PHYSICAL FITNESS,6.63,13.26
1282,346,Owala 24oz Stainless Steel Straw Tumbler - Electric Orchid,,Owala,,OUTDOOR_SPORTS,NEW,,847280085132,2,29.99,BICYCLES-PHYSICAL FITNESS | TUMBLER | BICYCLES PHYSICAL FITNESS,6.63,13.26
1283,347,Owala 24oz Stainless Steel FreeSip Twist Water Bottle - Neon Nectar,,Owala,,OUTDOOR_SPORTS,NEW,,840467303210,2,29.99,BICYCLES-PHYSICAL FITNESS | STAINLESS STEEL | BICYCLES PHYSICAL FITNESS,6.63,13.26
1284,348,"1.6"" Segmented Jump Rope - Black - All In Motion: Polypropylene & TPR Material",,All In Motion,,OUTDOOR_SPORTS,USED_GOOD,,191802001774,5,11.00,BICYCLES-PHYSICAL FITNESS | HOME GYM | BICYCLES PHYSICAL FITNESS,2.43,4.86
1285,349,"Bala Bangles 2pc Wrist & Ankle Weight Set - Bone 1 lb: Steel, Silicone, Arms, Legs (Please be advised that sets may be missing pieces or otherwise incomplete.)",,Bala,,OUTDOOR_SPORTS,USED_GOOD,,850042100660,1,55.00,BICYCLES-PHYSICAL FITNESS | WEARABLES | BICYCLES PHYSICAL FITNESS,12.15,24.30
1286,350,"Ankle Weights Anti-microbial 2.5lbs 2pc - All In Motion: Neoprene, Leg Training (Please be advised that sets may be missing pieces or otherwise incomplete.)",,All In Motion,,OUTDOOR_SPORTS,NEW,,191802000784,2,25.00,BICYCLES-PHYSICAL FITNESS | WEARABLES | BICYCLES PHYSICAL FITNESS,5.52,11.04
1287,351,"Roller Derby Mint Prodigy Kids' Adjustable Inline-Quad Combo Skates - White/Mint Green S (12-2): Indoor/Outdoor Use, Adjustable Size",,Roller Derby,,OUTDOOR_SPORTS,USED_GOOD,,049288259014,1,49.99,BICYCLES-PHYSICAL FITNESS | SKATES | BICYCLES PHYSICAL FITNESS,11.05,22.10
1288,352,"Roller Derby Green Wire Kids' Adjustable Inline-Quad Combo Skates - Black/Green S (12-2): Indoor/Outdoor Use, Adjustable Size, Padded Collar",,Roller Derby,,OUTDOOR_SPORTS,SALVAGE,,049288255030,1,49.99,BICYCLES-PHYSICAL FITNESS | SKATES | BICYCLES PHYSICAL FITNESS,11.05,22.10
1289,353,"Roller Derby Mint Prodigy Kids' Adjustable Inline-Quad Combo Skates - White/Mint Green S (12-2): Indoor/Outdoor Use, Adjustable Size",,Roller Derby,,OUTDOOR_SPORTS,USED_GOOD,,049288259014,1,49.99,BICYCLES-PHYSICAL FITNESS | SKATES | BICYCLES PHYSICAL FITNESS,11.05,22.10
1290,354,"Hydro Flask 40oz Wide Mouth Flex Straw Bottle - Oat: Double-Wall, BPA-Free, Leakproof",,Hydro Flask,,OUTDOOR_SPORTS,SALVAGE,,810096851178,1,49.99,BICYCLES-PHYSICAL FITNESS | STAINLESS STEEL | BICYCLES PHYSICAL FITNESS,11.05,22.10
1291,355,Owala 16oz Kids' FreeSip Stainless Steel Water Bottle - Sleek,,Owala,,OUTDOOR_SPORTS,NEW,,847280080502,2,24.99,BICYCLES-PHYSICAL FITNESS | STAINLESS STEEL | BICYCLES PHYSICAL FITNESS,5.52,11.04
1292,356,Owala 16oz Kids' FreeSip Stainless Steel Water Bottle - Green Machine,,Owala,,OUTDOOR_SPORTS,USED_GOOD,,847280080540,2,24.99,BICYCLES-PHYSICAL FITNESS | STAINLESS STEEL | BICYCLES PHYSICAL FITNESS,5.52,11.04
1293,357,Raskullz Lil Sharkie Cycling Kids' Boys' Bike Helmet - Blue,,Raskullz,,OUTDOOR_SPORTS,USED_GOOD,,847268022456,2,24.99,BICYCLES-PHYSICAL FITNESS | INFANT HELMET | BICYCLES PHYSICAL FITNESS,5.52,11.04
1294,358,Blackburn Hybrid Bike Tire 700c - Black,,Blackburn,,OUTDOOR_SPORTS,USED_GOOD,,035011995342,2,24.99,BICYCLES-PHYSICAL FITNESS | TIRES | BICYCLES PHYSICAL FITNESS,5.52,11.04
1295,359,Owala 16oz Kids' FreeSip Stainless Steel Water Bottle - Green Machine,,Owala,,OUTDOOR_SPORTS,USED_GOOD,,847280080540,2,24.99,BICYCLES-PHYSICAL FITNESS | STAINLESS STEEL | BICYCLES PHYSICAL FITNESS,5.52,11.04
1296,360,Bala Bangles 2pc Wrist & Ankle Weight Set - Charcoal 2lb: Adjustable Steel & Silicone Weights (Please be advised that sets may be missing pieces or otherwise incomplete.),,Bala,,OUTDOOR_SPORTS,USED_GOOD,,850034367033,1,65.00,BICYCLES-PHYSICAL FITNESS | WEARABLES | BICYCLES PHYSICAL FITNESS,14.36,28.72
1297,361,Little Tikes Tractor and Cart - Green,,Little Tikes,,OUTDOOR_SPORTS,USED_GOOD,,050743642050,1,64.99,BICYCLES-PHYSICAL FITNESS | FOOT TO FLOOR | BICYCLES PHYSICAL FITNESS,14.36,28.72
1298,362,"Pacific Unisex Unity 12"" Kids' Bike - Teal Blue",,Pacific,,OUTDOOR_SPORTS,USED_GOOD,,038675286917,1,64.99,"BICYCLES-PHYSICAL FITNESS | 12"" BIKES | BICYCLES PHYSICAL FITNESS",14.36,28.72
1299,363,Bell Sports Skipper Kids' Bike Seat,,Bell Sports,,OUTDOOR_SPORTS,USED_GOOD,,035011978574,1,64.99,BICYCLES-PHYSICAL FITNESS | BIKE RACKS/TRAILER | BICYCLES PHYSICAL FITNESS,14.36,28.72
1300,364,Bell Sports Skipper Kids' Bike Seat,,Bell Sports,,OUTDOOR_SPORTS,SALVAGE,,035011978574,1,64.99,BICYCLES-PHYSICAL FITNESS | BIKE RACKS/TRAILER | BICYCLES PHYSICAL FITNESS,14.36,28.72
1301,365,Raskullz Stego Hawk Child Helmet - Blue/Yellow,,Raskullz,,OUTDOOR_SPORTS,NEW,,847268023729,3,20.99,BICYCLES-PHYSICAL FITNESS | CHILD HELMETS | BICYCLES PHYSICAL FITNESS,4.64,9.28
1302,366,"Yoga Towel Blue - All In Motion: Sports Exercise Mat, Recycled Material",,All In Motion,,OUTDOOR_SPORTS,USED_GOOD,,191802001606,2,30.00,BICYCLES-PHYSICAL FITNESS | YOGA | BICYCLES PHYSICAL FITNESS,6.63,13.26
1303,367,"Posture Corrector Back Brace Stretcher - All In Motion: Nylon, 300lb Capacity",,All In Motion,,OUTDOOR_SPORTS,USED_GOOD,,018713658876,4,15.00,BICYCLES-PHYSICAL FITNESS | MUSCLE THERAPY | BICYCLES PHYSICAL FITNESS,3.31,6.62
1304,368,"Melo SideWinder Kick Scooter - Green: Steel & Aluminum Frame, Lights Up",,Melo,,OUTDOOR_SPORTS,USED_GOOD,,5391544970290,1,59.99,BICYCLES-PHYSICAL FITNESS | DELUXE SCOOTERS | BICYCLES PHYSICAL FITNESS,13.26,26.52
1305,369,Owala 24oz FreeSip Stainless Steel Water Bottle - Sandy Shores,,Owala,,OUTDOOR_SPORTS,USED_GOOD,,847280085347,2,29.99,BICYCLES-PHYSICAL FITNESS | STAINLESS STEEL | BICYCLES PHYSICAL FITNESS,6.63,13.26
1306,370,Owala 24oz FreeSip Stainless Steel Water Bottle  - Misty Meadow,,Owala,,OUTDOOR_SPORTS,SALVAGE,,847280095742,2,29.99,BICYCLES-PHYSICAL FITNESS | STAINLESS STEEL | BICYCLES PHYSICAL FITNESS,6.63,13.26
1307,371,Little Tikes Cozy Coupe,,Little Tikes,,OUTDOOR_SPORTS,USED_GOOD,,050743612060,1,57.99,BICYCLES-PHYSICAL FITNESS | FOOT TO FLOOR | BICYCLES PHYSICAL FITNESS,12.82,25.64
1308,372,Little Tikes Cozy Coupe,,Little Tikes,,OUTDOOR_SPORTS,USED_GOOD,,050743612060,1,57.99,BICYCLES-PHYSICAL FITNESS | FOOT TO FLOOR | BICYCLES PHYSICAL FITNESS,12.82,25.64
1309,373,Peg Perego 12 Volt Rechargeable Battery,,PEG,,OUTDOOR_SPORTS,USED_GOOD,,016337121301,1,55.99,BICYCLES-PHYSICAL FITNESS | ERO'S | BICYCLES PHYSICAL FITNESS,12.37,24.74
1310,374,BlenderBottle 25oz Strada Stainless Steel Shaker Cup - Black Gradient,,BlenderBottle,,OUTDOOR_SPORTS,USED_GOOD,,840467308239,2,27.99,BICYCLES-PHYSICAL FITNESS | MIXER | BICYCLES PHYSICAL FITNESS,6.19,12.38
1311,375,Sunny Health & Fitness Mini Step Machine with Bands - Silver,,Sunny Health & Fitness,,OUTDOOR_SPORTS,USED_GOOD,,853227001059,1,52.99,BICYCLES-PHYSICAL FITNESS | STEPPER | BICYCLES PHYSICAL FITNESS,11.71,23.42
1312,376,Blogilates Loop Bands - 4pk: Latex Resistance for Legs & Arms (Please be advised that sets may be missing pieces or otherwise incomplete.),,Blogilates,,OUTDOOR_SPORTS,USED_GOOD,,850028476598,3,16.99,BICYCLES-PHYSICAL FITNESS | STRENGTH TRAINING | BICYCLES PHYSICAL FITNESS,3.75,7.50
1313,377,"Brightz Cosmic LED Bike Light - Color Morphing: ABS Material, 36-Hour Battery Life",,Brightz,,OUTDOOR_SPORTS,USED_GOOD,,811860034070,4,12.74,BICYCLES-PHYSICAL FITNESS | LIGHTS | BICYCLES PHYSICAL FITNESS,2.82,5.64
1314,378,Basic Hand Weight Set Pink/White/Magenta - All In Motion: Iron Dumbbells with Rack (Please be advised that sets may be missing pieces or otherwise incomplete.),,All In Motion,,OUTDOOR_SPORTS,USED_GOOD,,196365807245,1,50.00,BICYCLES-PHYSICAL FITNESS | STRENGTH TRAINING | BICYCLES PHYSICAL FITNESS,11.05,22.10
1315,379,"Roller Derby Custom Adult In-Fit Skates - Blue/Black 7-10: Adjustable, Padded Boot Shaft",,Roller Derby,,OUTDOOR_SPORTS,USED_GOOD,,049288050000,1,49.99,BICYCLES-PHYSICAL FITNESS | YOUTH INLINE SKATE | BICYCLES PHYSICAL FITNESS,11.05,22.10
1316,380,"Razor Rollie DLX Kick Scooter - Red: 3-Wheel, Heel Brakes, Ages 2-4",,Razor,,OUTDOOR_SPORTS,USED_GOOD,,845423026165,1,49.99,BICYCLES-PHYSICAL FITNESS | 3 WHEEL SCOOTER | BICYCLES PHYSICAL FITNESS,11.05,22.10
1317,381,"Roller Derby Youth Adult Custom Fit Quad Roller Skates - Black 7-10: Adjustable Size, Padded Boot Shaft",,Roller Derby,,OUTDOOR_SPORTS,USED_GOOD,,049288040148,1,49.99,BICYCLES-PHYSICAL FITNESS | SKATES | BICYCLES PHYSICAL FITNESS,11.05,22.10
1318,382,"Hydro Flask 40oz Wide Mouth Flex Straw Bottle - Agave: Double-Wall, BPA-Free, Leakproof",,Hydro Flask,,OUTDOOR_SPORTS,USED_GOOD,,810497022429,1,49.99,BICYCLES-PHYSICAL FITNESS | STAINLESS STEEL | BICYCLES PHYSICAL FITNESS,11.05,22.10
1319,383,Owala 16oz Kids' FreeSip Stainless Steel Water Bottle - Cake Pop,,Owala,,OUTDOOR_SPORTS,NEW,,847280091102,2,24.99,BICYCLES-PHYSICAL FITNESS | STAINLESS STEEL | BICYCLES PHYSICAL FITNESS,5.52,11.04
1320,384,Owala 16oz Kids' FreeSip Stainless Steel Water Bottle - Periwinkle Twinkle,,Owala,,OUTDOOR_SPORTS,USED_GOOD,,847280095711,2,24.99,BICYCLES-PHYSICAL FITNESS | STAINLESS STEEL | BICYCLES PHYSICAL FITNESS,5.52,11.04
1321,385,"Tommie Copper Sport Compression Knee High Socks 2pk - S/M: Leg Support, Microfiber, Adult (Please be advised that sets may be missing pieces or otherwise incomplete.)",,Tommie Copper,,OUTDOOR_SPORTS,USED_GOOD,,018713631817,4,12.29,BICYCLES-PHYSICAL FITNESS | MUSCLE THERAPY | BICYCLES PHYSICAL FITNESS,2.72,5.44
1322,386,"Hex Dumbbell 15lbs Black - All In Motion: Rubber Coated, Chrome Handle, Single Piece",,All In Motion,,OUTDOOR_SPORTS,USED_GOOD,,018713645630,2,24.00,BICYCLES-PHYSICAL FITNESS | STRENGTH TRAINING | BICYCLES PHYSICAL FITNESS,5.30,10.60
1323,387,"Hex Dumbbell 35lbs Black - All In Motion: Single Weight, Rubber Fill, Chrome Material, Arms & Biceps Training",,All In Motion,,OUTDOOR_SPORTS,USED_GOOD,,018713645678,1,48.00,BICYCLES-PHYSICAL FITNESS | STRENGTH TRAINING | BICYCLES PHYSICAL FITNESS,10.61,21.22
1324,388,"Tommie 14-18"" Copper Sport Compression Calf Sleeve - L/XL: Muscle Support for Legs",,Tommie Copper,,OUTDOOR_SPORTS,USED_GOOD,,018713635884,4,11.89,BICYCLES-PHYSICAL FITNESS | MUSCLE THERAPY | BICYCLES PHYSICAL FITNESS,2.63,5.26
1325,389,Blogilates Weighted Body Vest 15lbs - Black,,Blogilates,,OUTDOOR_SPORTS,USED_GOOD,,850052976842,1,46.99,BICYCLES-PHYSICAL FITNESS | WEARABLES | BICYCLES PHYSICAL FITNESS,10.38,20.76
1326,390,"Stanley 36oz IceFlow Aerolight Fast Flow Water Bottle - Black 2.0: Stainless Steel, Portable Drinkware",,Stanley,,OUTDOOR_SPORTS,SALVAGE,,041604417191,1,45.00,BICYCLES-PHYSICAL FITNESS | STAINLESS STEEL | BICYCLES PHYSICAL FITNESS,9.94,19.88
1327,391,"Hydro Flask 32oz Wide Mouth Bottle - Agave: Vacuum-Insulated, BPA-Free, Leakproof",,Hydro Flask,,OUTDOOR_SPORTS,USED_GOOD,,810070086091,1,44.99,BICYCLES-PHYSICAL FITNESS | STAINLESS STEEL | BICYCLES PHYSICAL FITNESS,9.94,19.88
1328,392,"Hydro Flask 32oz Wide Mouth Bottle - Oat: Double-Wall, BPA-Free, Leakproof, Vacuum-Insulated",,Hydro Flask,,OUTDOOR_SPORTS,USED_GOOD,,840394213910,1,44.99,BICYCLES-PHYSICAL FITNESS | STAINLESS STEEL | BICYCLES PHYSICAL FITNESS,9.94,19.88
1329,393,"Hydro Flask 32oz Wide Mouth Flex Straw Travel Bottle - Oat: BPA-Free, Vacuum-Insulated",,Hydro Flask,,OUTDOOR_SPORTS,NEW,,840394203645,1,44.99,BICYCLES-PHYSICAL FITNESS | STAINLESS STEEL | BICYCLES PHYSICAL FITNESS,9.94,19.88
1330,394,BruMate Era 40oz 100% Leak-Proof Straw Tumbler - Blue Agave,,BRUMATE,,OUTDOOR_SPORTS,SALVAGE,,195429050306,1,44.99,BICYCLES-PHYSICAL FITNESS | TUMBLER | BICYCLES PHYSICAL FITNESS,9.94,19.88
1331,395,"TriggerPoint GRID STK Hand Held Foam Roller Orange: EVA Material, Whole Body Therapy",,TriggerPoint,,OUTDOOR_SPORTS,USED_GOOD,,858787002942,1,44.99,BICYCLES-PHYSICAL FITNESS | MUSCLE THERAPY | BICYCLES PHYSICAL FITNESS,9.94,19.88
1332,396,"Hydro Flask 32oz Wide Mouth Flex Straw Bottle - Indigo: Vacuum-Insulated, BPA-Free",,Hydro Flask,,OUTDOOR_SPORTS,USED_GOOD,,810070084158,1,44.99,BICYCLES-PHYSICAL FITNESS | STAINLESS STEEL | BICYCLES PHYSICAL FITNESS,9.94,19.88
1333,397,Owala 40oz FreeSip  Stainless Steel Tumbler - Very Very Dark,,Owala,,OUTDOOR_SPORTS,USED_GOOD,,847280095636,1,44.99,BICYCLES-PHYSICAL FITNESS | TUMBLER | BICYCLES PHYSICAL FITNESS,9.94,19.88
1334,398,Owala 40oz Stainless Steel FreeSip Sway Tumbler - Sandy Shores,,Owala,,OUTDOOR_SPORTS,USED_GOOD,,840467302589,1,44.99,BICYCLES-PHYSICAL FITNESS | STAINLESS STEEL | BICYCLES PHYSICAL FITNESS,9.94,19.88
1335,399,"Adjustable Hand Grip Trainer - All In Motion: TPR & ABS Material, Hand & Finger Exercise",,All In Motion,,OUTDOOR_SPORTS,USED_GOOD,,191802001828,4,11.00,BICYCLES-PHYSICAL FITNESS | STRENGTH TRAINING | BICYCLES PHYSICAL FITNESS,2.43,4.86
1336,400,Raskullz Super Rainbowcorn Child Bike Helmet,,Raskullz,,OUTDOOR_SPORTS,NEW,,847268000423,2,20.99,BICYCLES-PHYSICAL FITNESS | CHILD HELMETS | BICYCLES PHYSICAL FITNESS,4.64,9.28
1337,401,Multi-function Pull-Up Weight Bar 250lbs - All In Motion: Iron Workout Equipment,,All In Motion,,OUTDOOR_SPORTS,USED_GOOD,,191802001750,2,20.00,BICYCLES-PHYSICAL FITNESS | HOME GYM | BICYCLES PHYSICAL FITNESS,4.42,8.84
1338,402,"Men's Strength Training Gloves Black M - All In Motion: Neoprene, Weightlifting",,All In Motion,,OUTDOOR_SPORTS,USED_GOOD,,191907562804,4,10.00,BICYCLES-PHYSICAL FITNESS | STRENGTH TRAINING | BICYCLES PHYSICAL FITNESS,2.21,4.42
1339,403,"Men's Strength Training Gloves Black L - All In Motion: Neoprene, Weightlifting",,All In Motion,,OUTDOOR_SPORTS,USED_GOOD,,191907562743,4,10.00,BICYCLES-PHYSICAL FITNESS | STRENGTH TRAINING | BICYCLES PHYSICAL FITNESS,2.21,4.42
1340,404,Wrist Weights Anti-microbial 2.5lbs 2pc - All In Motion: Adjustable Neoprene Pair (Please be advised that sets may be missing pieces or otherwise incomplete.),,All In Motion,,OUTDOOR_SPORTS,USED_GOOD,,191802000777,2,20.00,BICYCLES-PHYSICAL FITNESS | WEARABLES | BICYCLES PHYSICAL FITNESS,4.42,8.84
1341,405,CAP Adjustable Vest Body Weight - 20lbs,,CAP,,OUTDOOR_SPORTS,USED_GOOD,,702556088074,1,39.99,BICYCLES-PHYSICAL FITNESS | WEARABLES | BICYCLES PHYSICAL FITNESS,8.84,17.68
1342,406,"Razor A 2-Wheel Kick Scooter - Red: Steel & Aluminum Frame, Urethane Wheels",,Razor,,OUTDOOR_SPORTS,USED_GOOD,,845423020569,1,39.99,BICYCLES-PHYSICAL FITNESS | 2-WHEEL SCOOTERS | BICYCLES PHYSICAL FITNESS,8.84,17.68
1343,407,"Hydro Flask 40oz All Around Travel Straw Tumbler - Oat: Double-Wall, BPA-Free, Spillproof",,Hydro Flask,,OUTDOOR_SPORTS,SALVAGE,,840394217048,1,39.99,BICYCLES-PHYSICAL FITNESS | TUMBLER | BICYCLES PHYSICAL FITNESS,8.84,17.68
1344,408,Owala 40oz FreeSip Stainless Steel Water Bottle - Periwinkle Twinkle,,Owala,,OUTDOOR_SPORTS,SALVAGE,,847280095841,1,39.99,BICYCLES-PHYSICAL FITNESS | STAINLESS STEEL | BICYCLES PHYSICAL FITNESS,8.84,17.68
1345,409,"Hydro Flask 24oz Standard Mouth Bottle - Agave: Double-Wall, BPA-Free, Leakproof",,Hydro Flask,,OUTDOOR_SPORTS,SALVAGE,,810070085728,1,39.99,BICYCLES-PHYSICAL FITNESS | STAINLESS STEEL | BICYCLES PHYSICAL FITNESS,8.84,17.68
1346,410,"Hydro Flask 40oz All Around Travel Straw Tumbler - Black: Double-Wall, BPA-Free, Spillproof",,Hydro Flask,,OUTDOOR_SPORTS,NEW,,840394217055,1,39.99,BICYCLES-PHYSICAL FITNESS | TUMBLER | BICYCLES PHYSICAL FITNESS,8.84,17.68
1347,411,BruMate Era 30oz 100% Leakproof Straw Tumbler - Mocha,,BRUMATE,,OUTDOOR_SPORTS,USED_GOOD,,195429050436,1,39.99,BICYCLES-PHYSICAL FITNESS | TUMBLER | BICYCLES PHYSICAL FITNESS,8.84,17.68
1348,412,Schwinn Cyclone Tire Floor Pump - Orange,,Schwinn,,OUTDOOR_SPORTS,USED_GOOD,,038675238657,2,19.99,BICYCLES-PHYSICAL FITNESS | ACCESSORIES | BICYCLES PHYSICAL FITNESS,4.42,8.84
1349,413,Frozen Kids' Roller Skate with Pad Set (Please be advised that sets may be missing pieces or otherwise incomplete.),,Frozen,,OUTDOOR_SPORTS,USED_GOOD,,192995514355,2,19.99,BICYCLES-PHYSICAL FITNESS | SKATES | BICYCLES PHYSICAL FITNESS,4.42,8.84
1350,414,"Premium Loop Band Kit - All In Motion: Latex Resistance Bands, Medium to Heavy",,All In Motion,,OUTDOOR_SPORTS,USED_GOOD,,198420041533,3,13.00,BICYCLES-PHYSICAL FITNESS | STRENGTH TRAINING | BICYCLES PHYSICAL FITNESS,2.87,5.74
1351,415,"McDavid 8-9"" Sport Ankle Sleeve with Wrap Support - S/M: Joint & Muscle Pain Relief, Nylon",,McDavid,,OUTDOOR_SPORTS,USED_GOOD,,029369153776,3,12.99,BICYCLES-PHYSICAL FITNESS | MUSCLE THERAPY | BICYCLES PHYSICAL FITNESS,2.87,5.74
1352,416,"Meditation Pillow Dark Green - All In Motion: Buckwheat Hulls Fill, Indoor Use",,All In Motion,,OUTDOOR_SPORTS,USED_GOOD,,196365807139,1,38.00,BICYCLES-PHYSICAL FITNESS | MEDITATION | BICYCLES PHYSICAL FITNESS,8.40,16.80
1353,417,"Radio Flyer Grow With Me Beginner Kids' Kick Scooter - Pink: Adjustable Handlebar, Non-Slip Deck",,Radio Flyer,,OUTDOOR_SPORTS,USED_GOOD,,042385114897,1,37.99,BICYCLES-PHYSICAL FITNESS | 3 WHEEL SCOOTER | BICYCLES PHYSICAL FITNESS,8.40,16.80
1354,418,"Tommie Copper Sport Compression Elbow Support Sleeve - S/M: Joint Support, Polyester",,Tommie Copper,,OUTDOOR_SPORTS,NEW,,018713631619,6,6.19,BICYCLES-PHYSICAL FITNESS | MUSCLE THERAPY | BICYCLES PHYSICAL FITNESS,1.37,2.74
1355,419,"Dumbbell 10lbs Blue - All In Motion: PVC Coated, Iron Filled, Single Weight",,All In Motion,,OUTDOOR_SPORTS,USED_GOOD,,018713638267,2,18.00,BICYCLES-PHYSICAL FITNESS | STRENGTH TRAINING | BICYCLES PHYSICAL FITNESS,3.98,7.96
1356,420,Cork Yoga Block - Brown - All In Motion: Tan Cork Accessory,,All In Motion,,OUTDOOR_SPORTS,NEW,,197543196090,3,15.00,BICYCLES-PHYSICAL FITNESS | YOGA | BICYCLES PHYSICAL FITNESS,3.31,6.62
1357,421,Pilates Ring Yoga Wheels - All In Motion Black,,All In Motion,,OUTDOOR_SPORTS,USED_GOOD,,198850949898,3,15.00,BICYCLES-PHYSICAL FITNESS | PILATES | BICYCLES PHYSICAL FITNESS,3.31,6.62
1358,422,"Radio Flyer Scoot 2 Scooter - Red: Steel & Plastic, Ages 1-4, 44.1 lbs Capacity",,Radio Flyer,,OUTDOOR_SPORTS,USED_GOOD,,042385112114,1,44.99,BICYCLES-PHYSICAL FITNESS | 3 WHEEL SCOOTER | BICYCLES PHYSICAL FITNESS,9.94,19.88
1359,423,"TriggerPoint GRID STK Hand Held Foam Roller Orange: EVA Material, Whole Body Therapy",,TriggerPoint,,OUTDOOR_SPORTS,USED_GOOD,,858787002942,1,44.99,BICYCLES-PHYSICAL FITNESS | MUSCLE THERAPY | BICYCLES PHYSICAL FITNESS,9.94,19.88
1360,424,Owala 40oz FreeSip Stainless Steel Tumbler - Kickflip,,Owala,,OUTDOOR_SPORTS,USED_GOOD,,847280095599,1,44.99,BICYCLES-PHYSICAL FITNESS | TUMBLER | BICYCLES PHYSICAL FITNESS,9.94,19.88
1361,425,Owala 40oz Stainless Steel FreeSip Sway Tumbler - Misty Meadow,,Owala,,OUTDOOR_SPORTS,SALVAGE,,840467302596,1,44.99,BICYCLES-PHYSICAL FITNESS | STAINLESS STEEL | BICYCLES PHYSICAL FITNESS,9.94,19.88
1362,426,BruMate Era 40oz 100% Leak-Proof Straw Tumbler - Dune,,BRUMATE,,OUTDOOR_SPORTS,SALVAGE,,195429050337,1,44.99,BICYCLES-PHYSICAL FITNESS | TUMBLER | BICYCLES PHYSICAL FITNESS,9.94,19.88
1363,427,"Hydro Flask 32oz Wide Mouth Bottle - Trillium: Vacuum-Insulated, BPA-Free, Leakproof",,Hydro Flask,,OUTDOOR_SPORTS,SALVAGE,,810096852786,1,44.99,BICYCLES-PHYSICAL FITNESS | STAINLESS STEEL | BICYCLES PHYSICAL FITNESS,9.94,19.88
1364,428,BruMate Era 40oz 100% Leak-Proof Straw Tumbler - Blue Agave,,BRUMATE,,OUTDOOR_SPORTS,USED_GOOD,,195429050306,1,44.99,BICYCLES-PHYSICAL FITNESS | TUMBLER | BICYCLES PHYSICAL FITNESS,9.94,19.88
1365,429,"Hydro Flask 32oz Wide Mouth Flex Straw Bottle - Oat: Double-Wall, BPA-Free, Leakproof",,Hydro Flask,,OUTDOOR_SPORTS,USED_GOOD,,810096851208,2,21.99,BICYCLES-PHYSICAL FITNESS | STAINLESS STEEL | BICYCLES PHYSICAL FITNESS,4.86,9.72
1366,430,Helimix 28oz Shaker Water Bottle - White,,Helimix,,OUTDOOR_SPORTS,USED_GOOD,,852519008127,2,21.99,BICYCLES-PHYSICAL FITNESS | MIXER | BICYCLES PHYSICAL FITNESS,4.86,9.72
1367,431,Vinyl Fitness Mat - All In Motion: Polyethylene Foam Gym Floor Mat,,All In Motion,,OUTDOOR_SPORTS,USED_GOOD,,191802001095,1,43.00,BICYCLES-PHYSICAL FITNESS | HOME GYM | BICYCLES PHYSICAL FITNESS,9.50,19.00
1368,432,Yoga Hand Towel Blue - All In Motion: Polyester Sports Accessory,,All In Motion,,OUTDOOR_SPORTS,USED_GOOD,,191907491623,2,20.00,BICYCLES-PHYSICAL FITNESS | YOGA | BICYCLES PHYSICAL FITNESS,4.42,8.84
1369,433,"8.5"" Neoprene Mini Backpack Blush - All In Motion: Water-Resistant, Adjustable Strap",,All In Motion,,OUTDOOR_SPORTS,NEW,,198420122928,2,20.00,BICYCLES-PHYSICAL FITNESS | BAGS | BICYCLES PHYSICAL FITNESS,4.42,8.84
1370,434,"8.5"" Neoprene Mini Backpack Cream - All In Motion: Water-Resistant, Adjustable Strap",,All In Motion,,OUTDOOR_SPORTS,NEW,,198420122935,2,20.00,BICYCLES-PHYSICAL FITNESS | BAGS | BICYCLES PHYSICAL FITNESS,4.42,8.84
1371,435,Gaiam Studio Select Precision Grip Yoga Mat - Mushroom,,Gaiam,,OUTDOOR_SPORTS,USED_GOOD,,018713665171,1,39.99,BICYCLES-PHYSICAL FITNESS | YOGA | BICYCLES PHYSICAL FITNESS,8.84,17.68
1372,436,Radio Flyer Lil’ Flyer Tricycle for Toddlers and Kids' - Red,,Radio Flyer,,OUTDOOR_SPORTS,USED_GOOD,,042385132921,1,39.99,BICYCLES-PHYSICAL FITNESS | TRIKES | BICYCLES PHYSICAL FITNESS,8.84,17.68
1373,437,Radio Flyer 2-in-1 Wagon with Garden Tools Push Walker,,Radio Flyer,,OUTDOOR_SPORTS,USED_GOOD,,042385132938,1,39.99,BICYCLES-PHYSICAL FITNESS | WAGONS | BICYCLES PHYSICAL FITNESS,8.84,17.68
1374,438,Gaiam High Tack Studio Flow Yoga Mat - Green (6mm),,Gaiam,,OUTDOOR_SPORTS,USED_GOOD,,018713665218,1,39.99,BICYCLES-PHYSICAL FITNESS | YOGA | BICYCLES PHYSICAL FITNESS,8.84,17.68
1375,439,Gaiam Studio Select Beginners Yoga Block Kit - Blue,,Gaiam,,OUTDOOR_SPORTS,USED_GOOD,,018713667281,1,39.99,BICYCLES-PHYSICAL FITNESS | YOGA | BICYCLES PHYSICAL FITNESS,8.84,17.68
1376,440,Owala 40oz Stainless Steel Straw Tumbler - Alpine Sport,,Owala,,OUTDOOR_SPORTS,USED_GOOD,,847280087099,1,39.99,BICYCLES-PHYSICAL FITNESS | TUMBLER | BICYCLES PHYSICAL FITNESS,8.84,17.68
1377,441,"Owala 40oz FreeSip Stainless Steel Water Bottle Gemstone Chic - Plum/Brown: Portable Drinkware, Plastic Lid",,Owala,,OUTDOOR_SPORTS,SALVAGE,,847280078363,1,39.99,BICYCLES-PHYSICAL FITNESS | STAINLESS STEEL | BICYCLES PHYSICAL FITNESS,8.84,17.68
1378,442,"Hydro Flask 40oz All Around Travel Straw Tumbler - Surf: Vacuum-Insulated, BPA-Free",,Hydro Flask,,OUTDOOR_SPORTS,USED_GOOD,,840394217031,1,39.99,BICYCLES-PHYSICAL FITNESS | TUMBLER | BICYCLES PHYSICAL FITNESS,8.84,17.68
1379,443,BruMate Era 30oz 100% Leak-Proof Straw Tumbler - Blue Agave,,BRUMATE,,OUTDOOR_SPORTS,USED_GOOD,,195429050405,1,39.99,BICYCLES-PHYSICAL FITNESS | TUMBLER | BICYCLES PHYSICAL FITNESS,8.84,17.68
1380,444,Owala 40oz Stainless Steel Straw Tumbler - Panther Paw,,Owala,,OUTDOOR_SPORTS,SALVAGE,,847280077496,1,39.99,BICYCLES-PHYSICAL FITNESS | TUMBLER | BICYCLES PHYSICAL FITNESS,8.84,17.68
1381,445,"Hydro Flask 40oz All Around Travel Straw Tumbler - Oat: Double-Wall, BPA-Free, Spillproof",,Hydro Flask,,OUTDOOR_SPORTS,SALVAGE,,840394217048,1,39.99,BICYCLES-PHYSICAL FITNESS | TUMBLER | BICYCLES PHYSICAL FITNESS,8.84,17.68
1382,446,Owala 40oz FreeSip Stainless Steel Water Bottle - Very Very  Dark,,Owala,,OUTDOOR_SPORTS,SALVAGE,,847280095803,1,39.99,BICYCLES-PHYSICAL FITNESS | STAINLESS STEEL | BICYCLES PHYSICAL FITNESS,8.84,17.68
1383,447,"Hydro Flask 40oz All Around Travel Straw Tumbler - Trillium: Double-Wall, BPA-Free",,Hydro Flask,,OUTDOOR_SPORTS,SALVAGE,,840394217093,1,39.99,BICYCLES-PHYSICAL FITNESS | STAINLESS STEEL | BICYCLES PHYSICAL FITNESS,8.84,17.68
1384,448,Owala 40oz FreeSip Stainless Steel Water Bottle - Sandy Shores,,Owala,,OUTDOOR_SPORTS,USED_GOOD,,847280095834,1,39.99,BICYCLES-PHYSICAL FITNESS | STAINLESS STEEL | BICYCLES PHYSICAL FITNESS,8.84,17.68
1385,449,Owala 40oz FreeSip Stainless Steel Water Bottle - Tangy Tango,,Owala,,OUTDOOR_SPORTS,NEW,,847280095827,1,39.99,BICYCLES-PHYSICAL FITNESS | STAINLESS STEEL | BICYCLES PHYSICAL FITNESS,8.84,17.68
1386,450,Schwinn 18 in 1 Multi-Purpose Bike Tool,,Schwinn,,OUTDOOR_SPORTS,USED_GOOD,,038675610613,3,12.99,BICYCLES-PHYSICAL FITNESS | REPAIR | BICYCLES PHYSICAL FITNESS,2.87,5.74
1387,451,"Radio Flyer Grow With Me Beginner Kids' Kick Scooter - Red: Adjustable Handlebar, Non-Slip Deck",,Radio Flyer,,OUTDOOR_SPORTS,USED_GOOD,,042385114880,1,37.99,BICYCLES-PHYSICAL FITNESS | 3 WHEEL SCOOTER | BICYCLES PHYSICAL FITNESS,8.40,16.80
1388,452,"Radio Flyer Grow With Me Beginner Kids' Kick Scooter - Red: Adjustable Handlebar, Non-Slip Deck",,Radio Flyer,,OUTDOOR_SPORTS,USED_GOOD,,042385114880,1,37.99,BICYCLES-PHYSICAL FITNESS | 3 WHEEL SCOOTER | BICYCLES PHYSICAL FITNESS,8.40,16.80
1389,453,"Dumbbell 5lbs Aqua - All In Motion: PVC Coated, Iron Filled, Arm Workout",,All In Motion,,OUTDOOR_SPORTS,USED_GOOD,,018713638236,4,12.00,BICYCLES-PHYSICAL FITNESS | STRENGTH TRAINING | BICYCLES PHYSICAL FITNESS,2.65,5.30
1390,454,Bell Cantilever 200 2-Bike Trunk Rack - Black,,Bell,,OUTDOOR_SPORTS,USED_GOOD,,035011061672,1,47.99,BICYCLES-PHYSICAL FITNESS | ACCESSORIES | BICYCLES PHYSICAL FITNESS,10.61,21.22
1391,455,Bell Cantilever 200 2-Bike Trunk Rack - Black,,Bell,,OUTDOOR_SPORTS,USED_GOOD,,035011061672,1,47.99,BICYCLES-PHYSICAL FITNESS | ACCESSORIES | BICYCLES PHYSICAL FITNESS,10.61,21.22
1392,456,Bell Cantilever 200 2-Bike Trunk Rack - Black,,Bell,,OUTDOOR_SPORTS,USED_GOOD,,035011061672,1,47.99,BICYCLES-PHYSICAL FITNESS | ACCESSORIES | BICYCLES PHYSICAL FITNESS,10.61,21.22
1393,457,BlenderBottle 24oz Strada Tritan Shaker Cup - Pink Iridescent,,BlenderBottle,,OUTDOOR_SPORTS,NEW,,840467308208,3,15.99,BICYCLES-PHYSICAL FITNESS | MIXER | BICYCLES PHYSICAL FITNESS,3.53,7.06
1394,458,"Blogilates 128oz Water Bottle - Lilac Haze: BPA-Free PETG, Portable Drinkware",,Blogilates,,OUTDOOR_SPORTS,USED_GOOD,,850052976033,2,22.99,BICYCLES-PHYSICAL FITNESS | ACCESSORIES | BICYCLES PHYSICAL FITNESS,5.08,10.16
1395,459,"Stanley 36oz IceFlow Aerolight Stainless Steel Water Bottle with Flip Straw 2.0 - Frost: Portable Drinkware, Plastic Lid",,Stanley,,OUTDOOR_SPORTS,USED_GOOD,,041604393839,1,45.00,BICYCLES-PHYSICAL FITNESS | STAINLESS STEEL | BICYCLES PHYSICAL FITNESS,9.94,19.88
1396,460,"Radio Flyer Scoot 2 Scooter - Red: Steel & Plastic, Ages 1-4, 44.1 lbs Capacity",,Radio Flyer,,OUTDOOR_SPORTS,USED_GOOD,,042385112114,1,44.99,BICYCLES-PHYSICAL FITNESS | 3 WHEEL SCOOTER | BICYCLES PHYSICAL FITNESS,9.94,19.88
1397,461,"Hydro Flask 32oz Wide Mouth Bottle - Moonshadow: Vacuum-Insulated, BPA-Free, Leakproof",,Hydro Flask,,OUTDOOR_SPORTS,USED_GOOD,,840394203805,1,44.99,BICYCLES-PHYSICAL FITNESS | STAINLESS STEEL | BICYCLES PHYSICAL FITNESS,9.94,19.88
1398,462,"Hydro Flask 32oz Wide Mouth Flex Straw Bottle - Moonshadow: Vacuum-Insulated, BPA-Free",,Hydro Flask,,OUTDOOR_SPORTS,USED_GOOD,,840394203836,1,44.99,BICYCLES-PHYSICAL FITNESS | STAINLESS STEEL | BICYCLES PHYSICAL FITNESS,9.94,19.88
1399,463,"Hydro Flask 32oz Wide Mouth Flex Straw Bottle - Trillium: BPA-Free, Vacuum-Insulated",,Hydro Flask,,OUTDOOR_SPORTS,USED_GOOD,,810096852922,1,44.99,BICYCLES-PHYSICAL FITNESS | STAINLESS STEEL | BICYCLES PHYSICAL FITNESS,9.94,19.88
1400,464,"Hydro Flask 32oz Wide Mouth Flex Straw Bottle - Trillium: BPA-Free, Vacuum-Insulated",,Hydro Flask,,OUTDOOR_SPORTS,SALVAGE,,810096852922,1,44.99,BICYCLES-PHYSICAL FITNESS | STAINLESS STEEL | BICYCLES PHYSICAL FITNESS,9.94,19.88
1401,465,"Hydro Flask 32oz Wide Mouth Flex Straw Travel Bottle - White: BPA-Free, Vacuum-Insulated",,Hydro Flask,,OUTDOOR_SPORTS,USED_GOOD,,840394203003,1,44.99,BICYCLES-PHYSICAL FITNESS | STAINLESS STEEL | BICYCLES PHYSICAL FITNESS,9.94,19.88
1402,466,Owala 40oz FreeSip Sway Stainless Steel Tumbler - Kickflip,,Owala,,OUTDOOR_SPORTS,USED_GOOD,,840467302602,1,44.99,BICYCLES-PHYSICAL FITNESS | STAINLESS STEEL | BICYCLES PHYSICAL FITNESS,9.94,19.88
1403,467,Owala 40oz Stainless Steel FreeSip Sway Tumbler - Sleek,,Owala,,OUTDOOR_SPORTS,SALVAGE,,840467302619,1,44.99,BICYCLES-PHYSICAL FITNESS | STAINLESS STEEL | BICYCLES PHYSICAL FITNESS,9.94,19.88
1404,468,BruMate Era 40oz 100% Leak-Proof Straw Tumbler - Dune,,BRUMATE,,OUTDOOR_SPORTS,USED_GOOD,,195429050337,1,44.99,BICYCLES-PHYSICAL FITNESS | TUMBLER | BICYCLES PHYSICAL FITNESS,9.94,19.88
1405,469,Owala 40oz FreeSip Stainless Steel Tumbler - Kickflip,,Owala,,OUTDOOR_SPORTS,USED_GOOD,,847280095599,1,44.99,BICYCLES-PHYSICAL FITNESS | TUMBLER | BICYCLES PHYSICAL FITNESS,9.94,19.88
1406,470,Ignite by SPRI Resistance Cord - Heavy: Rubber Bands for Legs & Arms,,Ignite by SPRI,,OUTDOOR_SPORTS,NEW,,759026717255,3,14.99,BICYCLES-PHYSICAL FITNESS | STRENGTH TRAINING | BICYCLES PHYSICAL FITNESS,3.31,6.62
1407,471,"Hydro Flask 32oz Wide Mouth Flex Straw Travel Bottle - Trillium: BPA-Free, Vacuum-Insulated",,Hydro Flask,,OUTDOOR_SPORTS,USED_GOOD,,840394202952,2,21.99,BICYCLES-PHYSICAL FITNESS | STAINLESS STEEL | BICYCLES PHYSICAL FITNESS,4.86,9.72
1408,472,"Eight Ball Kids' 8+ Pad Set 3pk - Sunset Fade: Elbow, Knee, Wrist Protection (Please be advised that sets may be missing pieces or otherwise incomplete.)",,Eight Ball,,OUTDOOR_SPORTS,NEW,,604352621335,2,21.99,BICYCLES-PHYSICAL FITNESS | KIDS ACCESSORIES | BICYCLES PHYSICAL FITNESS,4.86,9.72
1409,473,"Tommie Copper Sport Compression Elbow Support Sleeve - S/M: Joint Support, Polyester",,Tommie Copper,,OUTDOOR_SPORTS,USED_GOOD,,018713631619,7,6.19,BICYCLES-PHYSICAL FITNESS | MUSCLE THERAPY | BICYCLES PHYSICAL FITNESS,1.37,2.74
1410,474,"Blogilates Sweat Resistant Hat - Black: Moisture Wicking, Quick Drying, Ponytail Opening",,Blogilates,,OUTDOOR_SPORTS,NEW,,850028476710,2,20.99,BICYCLES-PHYSICAL FITNESS | ACCESSORIES | BICYCLES PHYSICAL FITNESS,4.64,9.28
1411,475,"20"" Duffel Bag Mauve S - All In Motion: Water-Resistant, Lightweight Luggage",,All In Motion,,OUTDOOR_SPORTS,USED_GOOD,,191907491579,1,40.00,BICYCLES-PHYSICAL FITNESS | BAGS | BICYCLES PHYSICAL FITNESS,8.84,17.68
1412,476,Owala 40oz Stainless Steel Straw Tumbler - Panther Paw,,Owala,,OUTDOOR_SPORTS,SALVAGE,,847280077496,1,39.99,BICYCLES-PHYSICAL FITNESS | TUMBLER | BICYCLES PHYSICAL FITNESS,8.84,17.68
1413,477,"Hydro Flask 24oz Standard Mouth Bottle - Indigo: Vacuum-Insulated, Leakproof, BPA-Free",,Hydro Flask,,OUTDOOR_SPORTS,USED_GOOD,,810070084042,1,39.99,BICYCLES-PHYSICAL FITNESS | STAINLESS STEEL | BICYCLES PHYSICAL FITNESS,8.84,17.68
1414,478,"Hydro Flask 24oz Standard Mouth Bottle - Moonshadow: Vacuum-Insulated, BPA-Free",,Hydro Flask,,OUTDOOR_SPORTS,USED_GOOD,,840394203744,1,39.99,BICYCLES-PHYSICAL FITNESS | STAINLESS STEEL | BICYCLES PHYSICAL FITNESS,8.84,17.68
1415,479,Owala 40oz FreeSip Stainless Steel Water Bottle - Sleek,,Owala,,OUTDOOR_SPORTS,USED_GOOD,,847280095810,1,39.99,BICYCLES-PHYSICAL FITNESS | STAINLESS STEEL | BICYCLES PHYSICAL FITNESS,8.84,17.68
1416,480,Owala 40oz FreeSip Stainless Steel Water Bottle  - Kickflip,,Owala,,OUTDOOR_SPORTS,SALVAGE,,847280095865,1,39.99,BICYCLES-PHYSICAL FITNESS | STAINLESS STEEL | BICYCLES PHYSICAL FITNESS,8.84,17.68
1417,481,Owala 40oz FreeSip Stainless Steel Water Bottle - Tangy Tango,,Owala,,OUTDOOR_SPORTS,SALVAGE,,847280095827,1,39.99,BICYCLES-PHYSICAL FITNESS | STAINLESS STEEL | BICYCLES PHYSICAL FITNESS,8.84,17.68
1418,482,Owala 40oz Stainless Steel Straw Tumbler - Kickflip,,Owala,,OUTDOOR_SPORTS,USED_GOOD,,847280096138,1,39.99,BICYCLES-PHYSICAL FITNESS | TUMBLER | BICYCLES PHYSICAL FITNESS,8.84,17.68
1419,483,"Radio Flyer Grow With Me Beginner Kids' Kick Scooter - Pink: Adjustable Handlebar, Non-Slip Deck",,Radio Flyer,,OUTDOOR_SPORTS,USED_GOOD,,042385114897,1,37.99,BICYCLES-PHYSICAL FITNESS | 3 WHEEL SCOOTER | BICYCLES PHYSICAL FITNESS,8.40,16.80
1420,484,"Hydro Flask 32oz All Around Travel Straw Tumbler - Black: Double-Wall, BPA-Free, Spillproof",,Hydro Flask,,OUTDOOR_SPORTS,USED_GOOD,,840394216973,2,23.99,BICYCLES-PHYSICAL FITNESS | TUMBLER | BICYCLES PHYSICAL FITNESS,5.30,10.60
1421,485,Blogilates Weighted Body Vest 15lbs - Red,,Blogilates,,OUTDOOR_SPORTS,USED_GOOD,,850052976835,1,46.99,BICYCLES-PHYSICAL FITNESS | WEARABLES | BICYCLES PHYSICAL FITNESS,10.38,20.76
1422,486,"Blogilates Ultimate Toning Tube Kit: TPE Resistance Bands for Legs, Arms, Glutes",,Blogilates,,OUTDOOR_SPORTS,USED_GOOD,,850028476864,1,45.99,BICYCLES-PHYSICAL FITNESS | STRENGTH TRAINING | BICYCLES PHYSICAL FITNESS,10.16,20.32
1423,487,Tommie Copper Sport Comfort Back Brace - S/M: Polyester & Spandex Support,,Tommie Copper,,OUTDOOR_SPORTS,USED_GOOD,,018713660947,2,22.99,BICYCLES-PHYSICAL FITNESS | MUSCLE THERAPY | BICYCLES PHYSICAL FITNESS,5.08,10.16
1424,488,24oz Stainless Steel Vacuum Insulated Water Bottle Chalk - All In Motion: Portable Drinkware,,All In Motion,,OUTDOOR_SPORTS,USED_GOOD,,707849153170,3,15.00,BICYCLES-PHYSICAL FITNESS | STAINLESS STEEL | BICYCLES PHYSICAL FITNESS,3.31,6.62
1425,489,"Hydro Flask 32oz Wide Mouth Flex Straw Bottle - White: BPA-Free, Vacuum-Insulated, Leakproof",,Hydro Flask,,OUTDOOR_SPORTS,USED_GOOD,,810007831718,1,44.99,BICYCLES-PHYSICAL FITNESS | STAINLESS STEEL | BICYCLES PHYSICAL FITNESS,9.94,19.88
1426,490,"Hydro Flask 32oz Wide Mouth Flex Straw Travel Bottle - Black: Vacuum-Insulated, BPA-Free",,Hydro Flask,,OUTDOOR_SPORTS,USED_GOOD,,840394202983,1,44.99,BICYCLES-PHYSICAL FITNESS | STAINLESS STEEL | BICYCLES PHYSICAL FITNESS,9.94,19.88
1427,491,Owala 40oz FreeSip  Stainless Steel Tumbler - Sandy Shores,,Owala,,OUTDOOR_SPORTS,USED_GOOD,,847280095193,1,44.99,BICYCLES-PHYSICAL FITNESS | TUMBLER | BICYCLES PHYSICAL FITNESS,9.94,19.88
1428,492,Owala 40oz FreeSip  Stainless Steel Tumbler - Very Very Dark,,Owala,,OUTDOOR_SPORTS,SALVAGE,,847280095636,1,44.99,BICYCLES-PHYSICAL FITNESS | TUMBLER | BICYCLES PHYSICAL FITNESS,9.94,19.88
1429,493,Schwinn Bike Training Wheels - Black,,Schwinn,,OUTDOOR_SPORTS,NEW,,038675197060,3,14.99,BICYCLES-PHYSICAL FITNESS | MISC. ACCESSORIES | BICYCLES PHYSICAL FITNESS,3.31,6.62
1430,494,"Dumbbell 12lbs Gray - All In Motion: PVC Coated, Iron Filled, Single Weight",,All In Motion,,OUTDOOR_SPORTS,USED_GOOD,,018713638274,2,22.00,BICYCLES-PHYSICAL FITNESS | STRENGTH TRAINING | BICYCLES PHYSICAL FITNESS,4.86,9.72
1431,495,"Hydro Flask 32oz All Around Travel Straw Tumbler - White: Double-Wall, BPA-Free, Spillproof",,Hydro Flask,,OUTDOOR_SPORTS,USED_GOOD,,840394217000,2,20.99,BICYCLES-PHYSICAL FITNESS | TUMBLER | BICYCLES PHYSICAL FITNESS,4.64,9.28
1432,496,Set of 2/3/5lb Dumbell 7pc - All In Motion (Please be advised that sets may be missing pieces or otherwise incomplete.),,All In Motion,,OUTDOOR_SPORTS,USED_GOOD,,198850949904,1,40.00,BICYCLES-PHYSICAL FITNESS | STRENGTH TRAINING | BICYCLES PHYSICAL FITNESS,8.84,17.68
1433,497,Premium Belt Bag Blush - All In Motion: Water-Resistant Knit Fanny Pack,,All In Motion,,OUTDOOR_SPORTS,NEW,,198420122881,2,20.00,BICYCLES-PHYSICAL FITNESS | BAGS | BICYCLES PHYSICAL FITNESS,4.42,8.84
1434,498,"Men's Strength Training Gloves Black XL - All In Motion: Neoprene, Weightlifting",,All In Motion,,OUTDOOR_SPORTS,USED_GOOD,,191907562750,4,10.00,BICYCLES-PHYSICAL FITNESS | STRENGTH TRAINING | BICYCLES PHYSICAL FITNESS,2.21,4.42
1435,499,"Weighted Stability Exercise Ball 45cm Circumference 75cm - All In Motion Blue: PVC, 300lb Capacity",,All In Motion,,OUTDOOR_SPORTS,USED_GOOD,,191802001859,2,20.00,BICYCLES-PHYSICAL FITNESS | STRENGTH TRAINING | BICYCLES PHYSICAL FITNESS,4.42,8.84
1436,500,"Chillafish Charlie Breeze 10"" Kids' Balance Bike - Mint Green: Adjustable Handlebar & Seat",,Chillafish,,OUTDOOR_SPORTS,USED_GOOD,,5425029651920,1,39.99,BICYCLES-PHYSICAL FITNESS | BALANCE BIKES | BICYCLES PHYSICAL FITNESS,8.84,17.68
1437,501,CAP Women's Barbell Vest Body Weight - 30lbs,,CAP,,OUTDOOR_SPORTS,USED_GOOD,,702556025680,1,39.99,BICYCLES-PHYSICAL FITNESS | HOME GYM | BICYCLES PHYSICAL FITNESS,8.84,17.68
1438,502,"Hydro Flask 40oz All Around Travel Straw Tumbler - White: Double-Wall, BPA-Free",,Hydro Flask,,OUTDOOR_SPORTS,USED_GOOD,,840394217086,1,39.99,BICYCLES-PHYSICAL FITNESS | TUMBLER | BICYCLES PHYSICAL FITNESS,8.84,17.68
1439,503,"Hydro Flask 40oz All Around Travel Straw Tumbler - White: Double-Wall, BPA-Free",,Hydro Flask,,OUTDOOR_SPORTS,SALVAGE,,840394217086,1,39.99,BICYCLES-PHYSICAL FITNESS | TUMBLER | BICYCLES PHYSICAL FITNESS,8.84,17.68
1440,504,"Hydro Flask 40oz All Around Travel Straw Tumbler - Surf: Vacuum-Insulated, BPA-Free",,Hydro Flask,,OUTDOOR_SPORTS,SALVAGE,,840394217031,1,39.99,BICYCLES-PHYSICAL FITNESS | TUMBLER | BICYCLES PHYSICAL FITNESS,8.84,17.68
1441,505,"Chirp Wheel XR 10"" Acupressure Back Stretcher",,Chirp,,OUTDOOR_SPORTS,USED_GOOD,,810091140529,1,39.99,BICYCLES-PHYSICAL FITNESS | MUSCLE THERAPY | BICYCLES PHYSICAL FITNESS,8.84,17.68
1442,506,Owala 40oz FreeSip Stainless Steel Water Bottle - Sleek,,Owala,,OUTDOOR_SPORTS,USED_GOOD,,847280095810,1,39.99,BICYCLES-PHYSICAL FITNESS | STAINLESS STEEL | BICYCLES PHYSICAL FITNESS,8.84,17.68
1443,507,BruMate Era 30oz 100% Leakproof Straw Tumbler - Mocha,,BRUMATE,,OUTDOOR_SPORTS,SALVAGE,,195429050436,1,39.99,BICYCLES-PHYSICAL FITNESS | TUMBLER | BICYCLES PHYSICAL FITNESS,8.84,17.68
1444,508,BruMate Era 30oz 100% Leak-Proof Straw Tumbler - Dune,,BRUMATE,,OUTDOOR_SPORTS,USED_GOOD,,195429063894,1,39.99,BICYCLES-PHYSICAL FITNESS | TUMBLER | BICYCLES PHYSICAL FITNESS,8.84,17.68
1445,509,Schwinn Cyclone Tire Floor Pump - Orange,,Schwinn,,OUTDOOR_SPORTS,USED_GOOD,,038675238657,2,19.99,BICYCLES-PHYSICAL FITNESS | ACCESSORIES | BICYCLES PHYSICAL FITNESS,4.42,8.84
1446,510,"Blogilates 64oz Half Gallon Plastic Water Bottle - Blue Ombre: BPA-Free PETG, Portable Drinkware",,Blogilates,,OUTDOOR_SPORTS,NEW,,850028476734,2,19.99,BICYCLES-PHYSICAL FITNESS | ACCESSORIES | BICYCLES PHYSICAL FITNESS,4.42,8.84
1447,511,Schwinn 500 Lumen Light Set Bike Accessory Mount - Black (Please be advised that sets may be missing pieces or otherwise incomplete.),,Schwinn,,OUTDOOR_SPORTS,USED_GOOD,,038675283718,2,19.69,BICYCLES-PHYSICAL FITNESS | LIGHTS | BICYCLES PHYSICAL FITNESS,4.35,8.70
1448,512,"Radio Flyer Grow With Me Beginner Kids' Kick Scooter - Red: Adjustable Handlebar, Non-Slip Deck",,Radio Flyer,,OUTDOOR_SPORTS,USED_GOOD,,042385114880,1,37.99,BICYCLES-PHYSICAL FITNESS | 3 WHEEL SCOOTER | BICYCLES PHYSICAL FITNESS,8.40,16.80
1449,513,McDavid Sport Compression Knit Knee Sleeve with Gel Buttress - (L /XL): Tendonitis & Arthritis Support,,McDavid,,OUTDOOR_SPORTS,NEW,,029369148321,2,17.99,BICYCLES-PHYSICAL FITNESS | MUSCLE THERAPY | BICYCLES PHYSICAL FITNESS,3.98,7.96
1450,514,Blogilates Water Bottle Sling - Pink Gingham,,Blogilates,,OUTDOOR_SPORTS,NEW,,850052976712,2,17.99,BICYCLES-PHYSICAL FITNESS | ACCESSORIES | BICYCLES PHYSICAL FITNESS,3.98,7.96
1451,515,Stanley 24oz IceFlow Aerolight Flip Straw Water Bottle 2.0 - Black 2.0: Stainless Steel Drinkware,,Stanley,,OUTDOOR_SPORTS,USED_GOOD,,041604393761,1,35.00,BICYCLES-PHYSICAL FITNESS | STAINLESS STEEL | BICYCLES PHYSICAL FITNESS,7.73,15.46
1452,516,Owala 24oz Special Edition Diet Coke Stainless Steel Straw Tumbler - Classic Diet Coke,,Owala,,OUTDOOR_SPORTS,USED_GOOD,,840467306792,1,35.00,BICYCLES-PHYSICAL FITNESS | TUMBLER | BICYCLES PHYSICAL FITNESS,7.73,15.46
1453,517,Owala 24oz Special Edition Stainless Steel FreeSip TWIST - Kisses,,Owala,,OUTDOOR_SPORTS,USED_GOOD,,840467306068,1,35.00,BICYCLES-PHYSICAL FITNESS | STAINLESS STEEL | BICYCLES PHYSICAL FITNESS,7.73,15.46
1454,518,Owala 24oz Special Edition Stainless Steel Straw Tumbler - Diet Coke Social Club,,Owala,,OUTDOOR_SPORTS,SALVAGE,,840467306785,1,35.00,BICYCLES-PHYSICAL FITNESS | TUMBLER | BICYCLES PHYSICAL FITNESS,7.73,15.46
1455,519,"Hydro Flask 32oz All Around Travel Straw Tumbler - Moonshadow: Vacuum-Insulated, BPA-Free",,Hydro Flask,,OUTDOOR_SPORTS,USED_GOOD,,840394216997,1,34.99,BICYCLES-PHYSICAL FITNESS | TUMBLER | BICYCLES PHYSICAL FITNESS,7.73,15.46
1456,520,"Hydro Flask 32oz All Around Travel Straw Tumbler - Trillium: Vacuum-Insulated, BPA-Free",,Hydro Flask,,OUTDOOR_SPORTS,SALVAGE,,840394217017,1,34.99,BICYCLES-PHYSICAL FITNESS | TUMBLER | BICYCLES PHYSICAL FITNESS,7.73,15.46
1457,521,"Hydro Flask 32oz All Around Travel Straw Tumbler - Indigo: Double-Wall, BPA-Free, Spillproof",,Hydro Flask,,OUTDOOR_SPORTS,USED_GOOD,,840394216980,1,34.99,BICYCLES-PHYSICAL FITNESS | TUMBLER | BICYCLES PHYSICAL FITNESS,7.73,15.46
1458,522,Blogilates 10 Pound Weighted Vest - Black,,Blogilates,,OUTDOOR_SPORTS,USED_GOOD,,850052976774,1,34.99,BICYCLES-PHYSICAL FITNESS | WEARABLES | BICYCLES PHYSICAL FITNESS,7.73,15.46
1459,523,"Owala 32oz FreeSip Stainless Steel Water Bottle - Alpine Sport: Insulated, Leakproof",,Owala,,OUTDOOR_SPORTS,NEW,,847280086993,1,34.99,BICYCLES-PHYSICAL FITNESS | STAINLESS STEEL | BICYCLES PHYSICAL FITNESS,7.73,15.46
1460,524,Owala 32oz FreeSip Stainless Steel Water Bottle - Sandy Shores,,Owala,,OUTDOOR_SPORTS,SALVAGE,,847280087051,1,34.99,BICYCLES-PHYSICAL FITNESS | STAINLESS STEEL | BICYCLES PHYSICAL FITNESS,7.73,15.46
1461,525,Owala 32oz FreeSip Stainless Steel Water Bottle - Sandy Shores,,Owala,,OUTDOOR_SPORTS,NEW,,847280087051,1,34.99,BICYCLES-PHYSICAL FITNESS | STAINLESS STEEL | BICYCLES PHYSICAL FITNESS,7.73,15.46
1462,526,Schwinn Excursion Mountain Bike Helmet - Black,,Schwinn,,OUTDOOR_SPORTS,USED_GOOD,,038675274563,1,34.99,BICYCLES-PHYSICAL FITNESS | ADULT HELMETS | BICYCLES PHYSICAL FITNESS,7.73,15.46
1463,527,Schwinn Avion Youth E-Bike Helmet - Black,,Schwinn,,OUTDOOR_SPORTS,NEW,,038675290747,1,34.99,BICYCLES-PHYSICAL FITNESS | YOUTH HELMETS | BICYCLES PHYSICAL FITNESS,7.73,15.46
1464,528,"Hydro Flask 32oz All Around Travel Straw Tumbler - Trillium: Vacuum-Insulated, BPA-Free",,Hydro Flask,,OUTDOOR_SPORTS,SALVAGE,,840394217017,1,34.99,BICYCLES-PHYSICAL FITNESS | TUMBLER | BICYCLES PHYSICAL FITNESS,7.73,15.46
1465,529,Owala 32oz FreeSip Stainless Steel Water Bottle - Kickflip,,Owala,,OUTDOOR_SPORTS,NEW,,847280095780,1,34.99,BICYCLES-PHYSICAL FITNESS | STAINLESS STEEL | BICYCLES PHYSICAL FITNESS,7.73,15.46
1466,530,Owala 30oz Stainless Steel FreeSip Sway Tumbler - Sleek,,Owala,,OUTDOOR_SPORTS,USED_GOOD,,847280096039,1,34.99,BICYCLES-PHYSICAL FITNESS | STAINLESS STEEL | BICYCLES PHYSICAL FITNESS,7.73,15.46
1467,531,Owala 32oz Stainless Steel FreeSip Water Bottle - In Good Company,,Owala,,OUTDOOR_SPORTS,NEW,,840467306082,1,34.99,BICYCLES-PHYSICAL FITNESS | STAINLESS STEEL | BICYCLES PHYSICAL FITNESS,7.73,15.46
1468,532,McDavid Sport Compression Knit Elbow Sleeve with Gel Buttress - S/M: Tendonitis & Arthritis Support,,McDavid,,OUTDOOR_SPORTS,USED_GOOD,,029369148376,2,17.99,BICYCLES-PHYSICAL FITNESS | MUSCLE THERAPY | BICYCLES PHYSICAL FITNESS,3.98,7.96
1469,533,Waist Band Black - All In Motion: Lightweight Polyester Fanny Pack,,All In Motion,,OUTDOOR_SPORTS,USED_GOOD,,191907491630,2,18.00,BICYCLES-PHYSICAL FITNESS | WALK/RUN | BICYCLES PHYSICAL FITNESS,3.98,7.96
1470,534,McDavid Sport Compression Knit Elbow Sleeve with Gel Buttress - S/M: Tendonitis & Arthritis Support,,McDavid,,OUTDOOR_SPORTS,NEW,,029369148376,2,17.99,BICYCLES-PHYSICAL FITNESS | MUSCLE THERAPY | BICYCLES PHYSICAL FITNESS,3.98,7.96
1471,535,Schwinn Classic Infant Bike Helmet - Blue,,Schwinn,,OUTDOOR_SPORTS,USED_GOOD,,038675238565,3,11.89,BICYCLES-PHYSICAL FITNESS | INFANT HELMET | BICYCLES PHYSICAL FITNESS,2.63,5.26
1472,536,"Weighted Vest 8lb - All In Motion: Total Body Workout, Recycled Material",,All In Motion,,OUTDOOR_SPORTS,USED_GOOD,,191802001583,1,35.00,BICYCLES-PHYSICAL FITNESS | WEARABLES | BICYCLES PHYSICAL FITNESS,7.73,15.46
1473,537,"Bluey Mini 3D LUW Kick Scooter with Adjustable Handle Bar: 3 Wheels, ABEC-5 Bearings",,Bluey,,OUTDOOR_SPORTS,SALVAGE,,021331106223,1,34.99,BICYCLES-PHYSICAL FITNESS | 3 WHEEL SCOOTER | BICYCLES PHYSICAL FITNESS,7.73,15.46
1474,538,Owala 32oz FreeSip Stainless Steel Water Bottle - Sandy Shores,,Owala,,OUTDOOR_SPORTS,USED_GOOD,,847280087051,1,34.99,BICYCLES-PHYSICAL FITNESS | STAINLESS STEEL | BICYCLES PHYSICAL FITNESS,7.73,15.46
1475,539,"Hydro Flask 32oz All Around Travel Straw Tumbler - Moonshadow: Vacuum-Insulated, BPA-Free",,Hydro Flask,,OUTDOOR_SPORTS,SALVAGE,,840394216997,1,34.99,BICYCLES-PHYSICAL FITNESS | TUMBLER | BICYCLES PHYSICAL FITNESS,7.73,15.46
1476,540,Owala 30oz FreeSip Sway Stainless Steel Tumbler - Tangy Tango,,Owala,,OUTDOOR_SPORTS,USED_GOOD,,847280096046,1,34.99,BICYCLES-PHYSICAL FITNESS | STAINLESS STEEL | BICYCLES PHYSICAL FITNESS,7.73,15.46
1477,541,Owala 30oz Stainless Steel FreeSip Water Bottle - In Good Company,,Owala,,OUTDOOR_SPORTS,USED_GOOD,,840467306129,1,34.99,BICYCLES-PHYSICAL FITNESS | STAINLESS STEEL | BICYCLES PHYSICAL FITNESS,7.73,15.46
1478,542,Owala 30oz Stainless Steel FreeSip Sway Water Bottle - Read My Lips,,Owala,,OUTDOOR_SPORTS,SALVAGE,,840467309557,1,34.99,BICYCLES-PHYSICAL FITNESS | STAINLESS STEEL | BICYCLES PHYSICAL FITNESS,7.73,15.46
1479,543,Owala 30oz Stainless Steel FreeSip Sway Water Bottle - Read My Lips,,Owala,,OUTDOOR_SPORTS,NEW,,840467309557,1,34.99,BICYCLES-PHYSICAL FITNESS | STAINLESS STEEL | BICYCLES PHYSICAL FITNESS,7.73,15.46
1480,544,Owala 32oz Stainless Steel FreeSip Water Bottle - Candy Coated,,Owala,,OUTDOOR_SPORTS,SALVAGE,,840467308505,1,34.99,BICYCLES-PHYSICAL FITNESS | STAINLESS STEEL | BICYCLES PHYSICAL FITNESS,7.73,15.46
1481,545,Owala 32oz FreeSip Stainless Steel Water Bottle - Misty Meadows,,Owala,,OUTDOOR_SPORTS,SALVAGE,,847280095773,1,34.99,BICYCLES-PHYSICAL FITNESS | STAINLESS STEEL | BICYCLES PHYSICAL FITNESS,7.73,15.46
1482,546,Owala 30oz Stainless Steel FreeSip Sway Tumbler - Sleek,,Owala,,OUTDOOR_SPORTS,NEW,,847280096039,1,34.99,BICYCLES-PHYSICAL FITNESS | STAINLESS STEEL | BICYCLES PHYSICAL FITNESS,7.73,15.46
1483,547,Special Edition Owala 30oz Stainless Steel FreeSip Sway Water Bottle - Absolute Sleigh,,Owala,,OUTDOOR_SPORTS,USED_GOOD,,840467306167,1,34.99,BICYCLES-PHYSICAL FITNESS | STAINLESS STEEL | BICYCLES PHYSICAL FITNESS,7.73,15.46
1484,548,Owala 32oz FreeSip Stainless Steel Water Bottle - Read My Lips,,Owala,,OUTDOOR_SPORTS,USED_GOOD,,840467308482,1,34.99,BICYCLES-PHYSICAL FITNESS | STAINLESS STEEL | BICYCLES PHYSICAL FITNESS,7.73,15.46
1485,549,Schwinn Airsport Plus Frame Pump,,Schwinn,,OUTDOOR_SPORTS,USED_GOOD,,038675111837,3,11.79,BICYCLES-PHYSICAL FITNESS | PUMPS | BICYCLES PHYSICAL FITNESS,2.61,5.22
1486,550,Soft Kettlebell 20lb Gray - All In Motion,,All In Motion,,OUTDOOR_SPORTS,USED_GOOD,,191802002023,1,35.00,BICYCLES-PHYSICAL FITNESS | STRENGTH TRAINING | BICYCLES PHYSICAL FITNESS,7.73,15.46
1487,551,Owala 30oz Stainless Steel FreeSip Sway  Tumbler - Very Very Dark,,Owala,,OUTDOOR_SPORTS,SALVAGE,,847280096022,1,34.99,BICYCLES-PHYSICAL FITNESS | STAINLESS STEEL | BICYCLES PHYSICAL FITNESS,7.73,15.46
1488,552,Owala 30oz FreeSip Sway Stainless Steel Tumbler - Tangy Tango,,Owala,,OUTDOOR_SPORTS,USED_GOOD,,847280096046,1,34.99,BICYCLES-PHYSICAL FITNESS | STAINLESS STEEL | BICYCLES PHYSICAL FITNESS,7.73,15.46
1489,553,"Hydro Flask 32oz All Around Travel Straw Tumbler - Surf: Vacuum-Insulated, BPA-Free",,Hydro Flask,,OUTDOOR_SPORTS,SALVAGE,,840394216959,1,34.99,BICYCLES-PHYSICAL FITNESS | TUMBLER | BICYCLES PHYSICAL FITNESS,7.73,15.46
1490,554,Blogilates 10 Pound Weighted Vest - Pink Floral,,Blogilates,,OUTDOOR_SPORTS,USED_GOOD,,850052976750,1,34.99,BICYCLES-PHYSICAL FITNESS | WEARABLES | BICYCLES PHYSICAL FITNESS,7.73,15.46
1491,555,Schwinn Excursion Adult Mountain Bike Helmet - Gray,,Schwinn,,OUTDOOR_SPORTS,USED_GOOD,,038675274570,1,34.99,BICYCLES-PHYSICAL FITNESS | ADULT HELMETS | BICYCLES PHYSICAL FITNESS,7.73,15.46
1492,556,"Hydro Flask 24oz Insulated Shaker Bottle - Black: Double-Wall, BPA-Free, Leakproof",,Hydro Flask,,OUTDOOR_SPORTS,USED_GOOD,,810096853226,1,34.99,BICYCLES-PHYSICAL FITNESS | MIXER | BICYCLES PHYSICAL FITNESS,7.73,15.46
1493,557,"Hydro Flask 24oz Insulated Shaker Bottle - Black: Double-Wall, BPA-Free, Leakproof",,Hydro Flask,,OUTDOOR_SPORTS,SALVAGE,,810096853226,1,34.99,BICYCLES-PHYSICAL FITNESS | MIXER | BICYCLES PHYSICAL FITNESS,7.73,15.46
1494,558,Owala 32oz FreeSip Stainless Steel Water Bottle - Kickflip,,Owala,,OUTDOOR_SPORTS,SALVAGE,,847280095780,1,34.99,BICYCLES-PHYSICAL FITNESS | STAINLESS STEEL | BICYCLES PHYSICAL FITNESS,7.73,15.46
1495,559,Owala 30oz Stainless Steel FreeSip Sway  Tumbler - Very Very Dark,,Owala,,OUTDOOR_SPORTS,SALVAGE,,847280096022,1,34.99,BICYCLES-PHYSICAL FITNESS | STAINLESS STEEL | BICYCLES PHYSICAL FITNESS,7.73,15.46
1496,560,Schwinn Classic Infant Bike Helmet - Blue,,Schwinn,,OUTDOOR_SPORTS,USED_GOOD,,038675238565,3,11.89,BICYCLES-PHYSICAL FITNESS | INFANT HELMET | BICYCLES PHYSICAL FITNESS,2.63,5.26
1497,561,"Stanley 24oz IceFlow Aerolight Fast Flow Water Bottle - Black 2.0: Double-Wall, BPA-Free, Leakproof Stainless Steel",,Stanley,,OUTDOOR_SPORTS,USED_GOOD,,041604417177,1,35.00,BICYCLES-PHYSICAL FITNESS | STAINLESS STEEL | BICYCLES PHYSICAL FITNESS,7.73,15.46
1498,562,"Bluey Mini 3D LUW Kick Scooter with Adjustable Handle Bar: 3 Wheels, ABEC-5 Bearings",,Bluey,,OUTDOOR_SPORTS,USED_GOOD,,021331106223,1,34.99,BICYCLES-PHYSICAL FITNESS | 3 WHEEL SCOOTER | BICYCLES PHYSICAL FITNESS,7.73,15.46
1499,563,Owala 30oz Stainless Steel FreeSip Sway Tumbler - Misty Meadow,,Owala,,OUTDOOR_SPORTS,USED_GOOD,,847280096077,1,34.99,BICYCLES-PHYSICAL FITNESS | STAINLESS STEEL | BICYCLES PHYSICAL FITNESS,7.73,15.46
1500,564,Owala 30oz Stainless Steel FreeSip Sway Tumbler - Sleek,,Owala,,OUTDOOR_SPORTS,SALVAGE,,847280096039,1,34.99,BICYCLES-PHYSICAL FITNESS | STAINLESS STEEL | BICYCLES PHYSICAL FITNESS,7.73,15.46
1501,565,Owala 30oz Stainless Steel FreeSip Sway Tumbler  - Sandy Shores,,Owala,,OUTDOOR_SPORTS,USED_GOOD,,847280096053,1,34.99,BICYCLES-PHYSICAL FITNESS | STAINLESS STEEL | BICYCLES PHYSICAL FITNESS,7.73,15.46
1502,566,Owala 30oz Stainless Steel Bucket Handle FreeSip Insulated Straw Tumbler Water Bottle - Neon Nectar,,Owala,,OUTDOOR_SPORTS,USED_GOOD,,840467303319,1,34.99,BICYCLES-PHYSICAL FITNESS | STAINLESS STEEL | BICYCLES PHYSICAL FITNESS,7.73,15.46
1503,567,Owala 30oz Stainless Steel Bucket Handle FreeSip Insulated Straw Tumbler Water Bottle - Summer Soiree,,Owala,,OUTDOOR_SPORTS,SALVAGE,,840467303326,1,34.99,BICYCLES-PHYSICAL FITNESS | STAINLESS STEEL | BICYCLES PHYSICAL FITNESS,7.73,15.46
1504,568,Special Edition Owala 30oz Stainless Steel FreeSip Sway Water Bottle - Absolute Sleigh,,Owala,,OUTDOOR_SPORTS,USED_GOOD,,840467306167,1,34.99,BICYCLES-PHYSICAL FITNESS | STAINLESS STEEL | BICYCLES PHYSICAL FITNESS,7.73,15.46
1505,569,Owala 30oz Stainless Steel FreeSip Sway - Sparkling Sherbert,,Owala,,OUTDOOR_SPORTS,USED_GOOD,,847280095094,1,34.99,BICYCLES-PHYSICAL FITNESS | STAINLESS STEEL | BICYCLES PHYSICAL FITNESS,7.73,15.46
1506,570,Owala 32oz FreeSip Stainless Steel Water Bottle - Very Very Dark,,Owala,,OUTDOOR_SPORTS,NEW,,847280062317,1,34.99,BICYCLES-PHYSICAL FITNESS | STAINLESS STEEL | BICYCLES PHYSICAL FITNESS,7.73,15.46
1507,571,"Hydro Flask 32oz All Around Travel Straw Tumbler - Trillium: Vacuum-Insulated, BPA-Free",,Hydro Flask,,OUTDOOR_SPORTS,LIKE_NEW,,840394217017,1,34.99,BICYCLES-PHYSICAL FITNESS | TUMBLER | BICYCLES PHYSICAL FITNESS,7.73,15.46
1508,572,Owala  30oz FreeSip Sway Stainless Steel Tumbler - Kickflip,,Owala,,OUTDOOR_SPORTS,USED_GOOD,,847280096084,1,34.99,BICYCLES-PHYSICAL FITNESS | STAINLESS STEEL | BICYCLES PHYSICAL FITNESS,7.73,15.46
1509,573,Owala 30oz FreeSip SWAY Stainless Steel Water Bottle - Periwinkle Twinkle,,Owala,,OUTDOOR_SPORTS,USED_GOOD,,847280096060,1,34.99,BICYCLES-PHYSICAL FITNESS | STAINLESS STEEL | BICYCLES PHYSICAL FITNESS,7.73,15.46
1510,574,Owala 30oz FreeSip SWAY Stainless Steel Water Bottle - Periwinkle Twinkle,,Owala,,OUTDOOR_SPORTS,NEW,,847280096060,1,34.99,BICYCLES-PHYSICAL FITNESS | STAINLESS STEEL | BICYCLES PHYSICAL FITNESS,7.73,15.46
1511,575,Blogilates Stainless Steel Insulated Water Bottle (62 fl oz) - Evening Haze,,Blogilates,,OUTDOOR_SPORTS,USED_GOOD,,850052976675,1,34.99,BICYCLES-PHYSICAL FITNESS | ACCESSORIES | BICYCLES PHYSICAL FITNESS,7.73,15.46
1512,576,Owala 32oz FreeSip Stainless Steel Water Bottle - Read My Lips,,Owala,,OUTDOOR_SPORTS,NEW,,840467308482,1,34.99,BICYCLES-PHYSICAL FITNESS | STAINLESS STEEL | BICYCLES PHYSICAL FITNESS,7.73,15.46
1513,577,Melo Beam 3 Wheel Kick Scooter with Light Up Wheels - Black,,Melo,,OUTDOOR_SPORTS,USED_GOOD,,5391544970504,1,33.99,BICYCLES-PHYSICAL FITNESS | 3 WHEEL SCOOTER | BICYCLES PHYSICAL FITNESS,7.51,15.02
1514,578,Schwinn Cyclone Max Floor Pump - Gray,,Schwinn,,OUTDOOR_SPORTS,USED_GOOD,,038675197763,1,32.99,BICYCLES-PHYSICAL FITNESS | PUMPS | BICYCLES PHYSICAL FITNESS,7.29,14.58
1515,579,Bell Chicane Adult Bike Helmet - Black,,Bell Sports,,OUTDOOR_SPORTS,USED_GOOD,,035011953502,1,32.99,BICYCLES-PHYSICAL FITNESS | ADULT HELMETS | BICYCLES PHYSICAL FITNESS,7.29,14.58
1516,580,"2"" Weighted Jump Rope - Black - All In Motion: Polypropylene, TPR, TPU",,All In Motion,,OUTDOOR_SPORTS,USED_GOOD,,191802001767,2,16.00,BICYCLES-PHYSICAL FITNESS | HOME GYM | BICYCLES PHYSICAL FITNESS,3.54,7.08
1517,581,Stability Exercise Ball Gray 75cm - All In Motion,,All In Motion,,OUTDOOR_SPORTS,USED_GOOD,,191802002085,2,16.00,BICYCLES-PHYSICAL FITNESS | STRENGTH TRAINING | BICYCLES PHYSICAL FITNESS,3.54,7.08
1518,582,"Premium Fitness Yoga Mat 15mm Orange - All In Motion: Standard Size, Low Tack Grip, Solid Pattern",,All In Motion,,OUTDOOR_SPORTS,USED_GOOD,,018713658852,1,30.00,BICYCLES-PHYSICAL FITNESS | HOME GYM | BICYCLES PHYSICAL FITNESS,6.63,13.26
1519,583,40oz Stainless Steel Tumbler with Straw Cream - Embark,,Embark,,OUTDOOR_SPORTS,USED_GOOD,,197543649992,2,15.00,BICYCLES-PHYSICAL FITNESS | TUMBLER | BICYCLES PHYSICAL FITNESS,3.31,6.62
1520,584,"19"" Backpack Black - All In Motion: Lightweight Polyester, Adjustable Straps",,All In Motion,,OUTDOOR_SPORTS,NEW,,191907491562,1,30.00,BICYCLES-PHYSICAL FITNESS | BAGS | BICYCLES PHYSICAL FITNESS,6.63,13.26
1521,585,24oz Stainless Steel Vacuum Insulated Water Bottle Chalk - All In Motion: Portable Drinkware,,All In Motion,,OUTDOOR_SPORTS,USED_GOOD,,707849153170,2,15.00,BICYCLES-PHYSICAL FITNESS | STAINLESS STEEL | BICYCLES PHYSICAL FITNESS,3.31,6.62
1522,586,Yoga Knit Socks - 4-10 - All In Motion,,All In Motion,,OUTDOOR_SPORTS,NEW,,198850949911,3,10.00,BICYCLES-PHYSICAL FITNESS | YOGA | BICYCLES PHYSICAL FITNESS,2.21,4.42
1523,587,"Bluey 10"" Fly Wheel Kids' Tricycle with Electronic Sound",,Bluey,,OUTDOOR_SPORTS,USED_GOOD,,192995610057,1,29.99,BICYCLES-PHYSICAL FITNESS | TRIKES | BICYCLES PHYSICAL FITNESS,6.63,13.26
1524,588,Owala 24oz Stainless Steel Straw Tumbler - Alpine Sport,,Owala,,OUTDOOR_SPORTS,USED_GOOD,,847280085293,1,29.99,BICYCLES-PHYSICAL FITNESS | TUMBLER | BICYCLES PHYSICAL FITNESS,6.63,13.26
1525,589,"Chirp Wheel XR 4"" Back Stretcher: Upper Body Muscle Relief, 500 lb Capacity",,Chirp,,OUTDOOR_SPORTS,USED_GOOD,,810091140536,1,29.99,BICYCLES-PHYSICAL FITNESS | MUSCLE THERAPY | BICYCLES PHYSICAL FITNESS,6.63,13.26
1526,590,Owala 20oz SmoothSip Slider Coffee Tumbler - Tangy Tango Orange,,Owala,,OUTDOOR_SPORTS,SALVAGE,,847280095988,1,29.99,BICYCLES-PHYSICAL FITNESS | WARM BEV | BICYCLES PHYSICAL FITNESS,6.63,13.26
1527,591,McDavid Sport Ankle Brace - Black - S,,McDavid,,OUTDOOR_SPORTS,USED_GOOD,,029369148284,1,29.99,BICYCLES-PHYSICAL FITNESS | MUSCLE THERAPY | BICYCLES PHYSICAL FITNESS,6.63,13.26
1528,592,Owala 24oz Stainless Steel Straw Tumbler - Electric Orchid,,Owala,,OUTDOOR_SPORTS,USED_GOOD,,847280085132,1,29.99,BICYCLES-PHYSICAL FITNESS | TUMBLER | BICYCLES PHYSICAL FITNESS,6.63,13.26
1529,593,Owala 24oz FreeSip Twist Stainless Steel Water Bottle – Periwinkle Twinkle,,Owala,,OUTDOOR_SPORTS,USED_GOOD,,847280095926,1,29.99,BICYCLES-PHYSICAL FITNESS | STAINLESS STEEL | BICYCLES PHYSICAL FITNESS,6.63,13.26
1530,594,Owala 24oz FreeSip Stainless Steel Water Bottle  - Periwinkle Twinkle,,Owala,,OUTDOOR_SPORTS,SALVAGE,,847280095735,1,29.99,BICYCLES-PHYSICAL FITNESS | STAINLESS STEEL | BICYCLES PHYSICAL FITNESS,6.63,13.26
1531,595,Owala 20oz SmoothSip Slider Coffee Tumbler - Tangy Tango Orange,,Owala,,OUTDOOR_SPORTS,NEW,,847280095988,1,29.99,BICYCLES-PHYSICAL FITNESS | WARM BEV | BICYCLES PHYSICAL FITNESS,6.63,13.26
1532,596,Owala 24oz FreeSip Stainless Steel Water Bottle - Hearth & Hand with Magnolia - Fruit Tart,,Owala; Hearth & Hand with Magnolia,,OUTDOOR_SPORTS,USED_GOOD,,847280097302,1,29.99,BICYCLES-PHYSICAL FITNESS | STAINLESS STEEL | BICYCLES PHYSICAL FITNESS,6.63,13.26
1533,597,Ignite by SPRI Resistance Cord - Ultra Heavy: Foam & Rubber for Legs & Arms,,Ignite by SPRI,,OUTDOOR_SPORTS,NEW,,759026717262,2,14.99,BICYCLES-PHYSICAL FITNESS | STRENGTH TRAINING | BICYCLES PHYSICAL FITNESS,3.31,6.62
1534,598,Schwinn Bike Training Wheels - Black,,Schwinn,,OUTDOOR_SPORTS,USED_GOOD,,038675197060,2,14.99,BICYCLES-PHYSICAL FITNESS | MISC. ACCESSORIES | BICYCLES PHYSICAL FITNESS,3.31,6.62
1535,599,Champion Game-Ready Chug Bottle 40oz - Black,,Champion,,OUTDOOR_SPORTS,USED_GOOD,,018713666093,2,14.99,BICYCLES-PHYSICAL FITNESS | SIDELINE | BICYCLES PHYSICAL FITNESS,3.31,6.62
1536,600,BlenderBottle 25oz Strada Stainless Steel Shaker Cup - Terrazzo Pint,,BlenderBottle,,OUTDOOR_SPORTS,NEW,,840467308246,1,27.99,BICYCLES-PHYSICAL FITNESS | MIXER | BICYCLES PHYSICAL FITNESS,6.19,12.38
1537,601,Owala 24oz FreeSip Stainless Steel Water Bottle - Can You See Me?,,Owala,,OUTDOOR_SPORTS,NEW,,847280077830,1,27.99,BICYCLES-PHYSICAL FITNESS | STAINLESS STEEL | BICYCLES PHYSICAL FITNESS,6.19,12.38
1538,602,"Nalgene 32 fl oz Plastic Wide Mouth Water Bottle - Marmalade: Portable Drinkware, Recycled Content",,Nalgene,,OUTDOOR_SPORTS,NEW,,661195005883,2,13.49,BICYCLES-PHYSICAL FITNESS | TRITAN | BICYCLES PHYSICAL FITNESS,2.98,5.96
1539,603,"Hand Recovery Handheld Massager Kit - All In Motion: TPR Material, Manual Power",,All In Motion,,OUTDOOR_SPORTS,USED_GOOD,,018713658890,2,13.00,BICYCLES-PHYSICAL FITNESS | MUSCLE THERAPY | BICYCLES PHYSICAL FITNESS,2.87,5.74
1540,604,Gaiam Studio Select Resistance Tube - Light Blue,,Gaiam,,OUTDOOR_SPORTS,USED_GOOD,,018713665256,2,12.99,BICYCLES-PHYSICAL FITNESS | STRENGTH TRAINING | BICYCLES PHYSICAL FITNESS,2.87,5.74
1541,605,Gaiam Studio Select Resistance Tube - Heavy - Gray,,Gaiam,,OUTDOOR_SPORTS,USED_GOOD,,018713665270,2,12.99,BICYCLES-PHYSICAL FITNESS | STRENGTH TRAINING | BICYCLES PHYSICAL FITNESS,2.87,5.74
1542,606,"36"" Foam Roller - Beige - All In Motion: EPE Material, Whole Body Use",,All In Motion,,OUTDOOR_SPORTS,USED_GOOD,,198420041502,1,25.00,BICYCLES-PHYSICAL FITNESS | MUSCLE THERAPY | BICYCLES PHYSICAL FITNESS,5.52,11.04
1543,607,"2pk Adjustable Trekking Poles Black - All In Motion: Aluminum, Rubber Handles (Please be advised that sets may be missing pieces or otherwise incomplete.)",,All In Motion,,OUTDOOR_SPORTS,USED_GOOD,,054003866941,1,25.00,BICYCLES-PHYSICAL FITNESS | WALK/RUN | BICYCLES PHYSICAL FITNESS,5.52,11.04
1544,608,"Cloud Print Yoga Mat 5mm Violet - All In Motion: PVC Material, Low Tack Grip",,All In Motion,,OUTDOOR_SPORTS,NEW,,191802000821,1,25.00,BICYCLES-PHYSICAL FITNESS | YOGA | BICYCLES PHYSICAL FITNESS,5.52,11.04
1545,609,Raskullz Astro Cat Toddler Helmet Pink,,Raskullz,,OUTDOOR_SPORTS,USED_GOOD,,847268008153,1,24.99,BICYCLES-PHYSICAL FITNESS | TODDLER HELMETS | BICYCLES PHYSICAL FITNESS,5.52,11.04
1546,610,Schwinn Bike Seat Pack with Repair Tools - Black,,Schwinn,,OUTDOOR_SPORTS,NEW,,038675238480,1,24.99,BICYCLES-PHYSICAL FITNESS | REPAIR | BICYCLES PHYSICAL FITNESS,5.52,11.04
1547,611,Owala 16oz Kids' FreeSip Stainless Steel Water Bottle - Periwinkle Twinkle,,Owala,,OUTDOOR_SPORTS,NEW,,847280095711,1,24.99,BICYCLES-PHYSICAL FITNESS | STAINLESS STEEL | BICYCLES PHYSICAL FITNESS,5.52,11.04
1548,612,Spider-Man Classic Toddler Helmet,,Bell,,OUTDOOR_SPORTS,USED_GOOD,,035011978659,1,24.99,BICYCLES-PHYSICAL FITNESS | TODDLER HELMETS | BICYCLES PHYSICAL FITNESS,5.52,11.04
1549,613,Owala 16oz Kids' FreeSip Stainless Steel Water Bottle - Misty Meadow,,Owala,,OUTDOOR_SPORTS,NEW,,847280095728,1,24.99,BICYCLES-PHYSICAL FITNESS | STAINLESS STEEL | BICYCLES PHYSICAL FITNESS,5.52,11.04
1550,614,Gaiam Premium Yoga Mat - Black Midnight Mandala (6mm),,Gaiam,,OUTDOOR_SPORTS,USED_GOOD,,018713639578,1,22.99,BICYCLES-PHYSICAL FITNESS | YOGA | BICYCLES PHYSICAL FITNESS,5.08,10.16
1551,615,Bell Rally Cycling Kids' Bike Helmet - Blue/Pink Starburst,,Bell,,OUTDOOR_SPORTS,NEW,,035011978024,1,22.99,BICYCLES-PHYSICAL FITNESS | CHILD HELMETS | BICYCLES PHYSICAL FITNESS,5.08,10.16
1552,616,"Eight Ball Kids' 8+ Pad Set 3pk - Sunset Fade: Elbow, Knee, Wrist Protection (Please be advised that sets may be missing pieces or otherwise incomplete.)",,Eight Ball,,OUTDOOR_SPORTS,USED_GOOD,,604352621335,1,21.99,BICYCLES-PHYSICAL FITNESS | KIDS ACCESSORIES | BICYCLES PHYSICAL FITNESS,4.86,9.72
1553,617,"Hydro Flask 32oz Wide Mouth Flex Straw Bottle - Oat: Double-Wall, BPA-Free, Leakproof",,Hydro Flask,,OUTDOOR_SPORTS,NEW,,810096851208,1,21.99,BICYCLES-PHYSICAL FITNESS | STAINLESS STEEL | BICYCLES PHYSICAL FITNESS,4.86,9.72
1554,618,Soft Kettlebell 5lb Cream - All In Motion,,All In Motion,,OUTDOOR_SPORTS,USED_GOOD,,191802002030,1,21.00,BICYCLES-PHYSICAL FITNESS | STRENGTH TRAINING | BICYCLES PHYSICAL FITNESS,4.64,9.28
1555,619,CAP Barbell Adjustable Vest Body Weight - 20lbs,,CAP,,OUTDOOR_SPORTS,NEW,,702556020333,1,20.99,BICYCLES-PHYSICAL FITNESS | HOME GYM | BICYCLES PHYSICAL FITNESS,4.64,9.28
1556,620,"Hydro Flask 32oz All Around Travel Straw Tumbler - White: Double-Wall, BPA-Free, Spillproof",,Hydro Flask,,OUTDOOR_SPORTS,NEW,,840394217000,1,20.99,BICYCLES-PHYSICAL FITNESS | TUMBLER | BICYCLES PHYSICAL FITNESS,4.64,9.28
1557,621,"Sliding Core Discs Black/Gray - All In Motion: Total Body Exercise Trainers, PVC Material",,All In Motion,,OUTDOOR_SPORTS,USED_GOOD,,018713638106,2,10.00,BICYCLES-PHYSICAL FITNESS | HOME GYM | BICYCLES PHYSICAL FITNESS,2.21,4.42
1558,622,"Men's Strength Training Gloves Black L - All In Motion: Neoprene, Weightlifting",,All In Motion,,OUTDOOR_SPORTS,USED_GOOD,,191907562743,2,10.00,BICYCLES-PHYSICAL FITNESS | STRENGTH TRAINING | BICYCLES PHYSICAL FITNESS,2.21,4.42
1559,623,"Weighted Stability Exercise Ball - Cream 55cm - All In Motion: PVC, 300lb Capacity",,All In Motion,,OUTDOOR_SPORTS,NEW,,191802001835,1,20.00,BICYCLES-PHYSICAL FITNESS | STRENGTH TRAINING | BICYCLES PHYSICAL FITNESS,4.42,8.84
1560,624,Premium Belt Bag Blush - All In Motion: Water-Resistant Knit Fanny Pack,,All In Motion,,OUTDOOR_SPORTS,USED_GOOD,,198420122881,1,20.00,BICYCLES-PHYSICAL FITNESS | BAGS | BICYCLES PHYSICAL FITNESS,4.42,8.84
1561,625,"8.5"" Neoprene Mini Backpack Light Mint Green - All In Motion: Water-Resistant, Adjustable Strap",,All In Motion,,OUTDOOR_SPORTS,USED_GOOD,,198420122911,1,20.00,BICYCLES-PHYSICAL FITNESS | BAGS | BICYCLES PHYSICAL FITNESS,4.42,8.84
1562,626,Yoga Hand Towel Blue - All In Motion: Polyester Sports Accessory,,All In Motion,,OUTDOOR_SPORTS,USED_GOOD,,191907491623,1,20.00,BICYCLES-PHYSICAL FITNESS | YOGA | BICYCLES PHYSICAL FITNESS,4.42,8.84
1563,627,"Women's Strength Training Gloves Purple M - All In Motion: Neoprene, Weightlifting",,All In Motion,,OUTDOOR_SPORTS,USED_GOOD,,191907562828,2,10.00,BICYCLES-PHYSICAL FITNESS | STRENGTH TRAINING | BICYCLES PHYSICAL FITNESS,2.21,4.42
1564,628,Frozen Kids' Roller Skate with Pad Set (Please be advised that sets may be missing pieces or otherwise incomplete.),,Frozen,,OUTDOOR_SPORTS,USED_GOOD,,192995514355,1,19.99,BICYCLES-PHYSICAL FITNESS | SKATES | BICYCLES PHYSICAL FITNESS,4.42,8.84
1565,629,Spider-Man Kids' Bike Pad and Glove Set - Blue/Red (Please be advised that sets may be missing pieces or otherwise incomplete.),,Spider-Man,,OUTDOOR_SPORTS,NEW,,035011994789,1,19.99,BICYCLES-PHYSICAL FITNESS | ACCESSORIES | BICYCLES PHYSICAL FITNESS,4.42,8.84
1566,630,Gaiam Studio Select 3-in-1 Resistance Tube,,Gaiam,,OUTDOOR_SPORTS,USED_GOOD,,018713665294,1,19.99,BICYCLES-PHYSICAL FITNESS | STRENGTH TRAINING | BICYCLES PHYSICAL FITNESS,4.42,8.84
1567,631,Blogilates Tone and Sculpt Fitness Kit Slider Discs Toning Tube and Resistance Band - Light/Medium,,Blogilates,,OUTDOOR_SPORTS,USED_GOOD,,850052976651,1,19.99,BICYCLES-PHYSICAL FITNESS | STRENGTH TRAINING | BICYCLES PHYSICAL FITNESS,4.42,8.84
1568,632,Blogilates Water Bottle Sling - Pink Gingham,,Blogilates,,OUTDOOR_SPORTS,NEW,,850052976712,1,17.99,BICYCLES-PHYSICAL FITNESS | ACCESSORIES | BICYCLES PHYSICAL FITNESS,3.98,7.96
1569,633,"Master Lock 7.25"" U Lock with Looped End Cable: Bike Security",,Master Lock,,OUTDOOR_SPORTS,USED_GOOD,,071649283321,1,17.49,BICYCLES-PHYSICAL FITNESS | ACCESSORIES | BICYCLES PHYSICAL FITNESS,3.87,7.74
1570,634,Raskullz Balance Buddy Light Up LED Bike Training Wheels,,Raskullz,,OUTDOOR_SPORTS,NEW,,847268023910,1,16.99,BICYCLES-PHYSICAL FITNESS | KIDS ACCESSORIES | BICYCLES PHYSICAL FITNESS,3.75,7.50
1571,635,"Tommie Copper Sport Low Cut Socks 3pk - L/XL: Nylon, Polyester, Spandex Blend (Please be advised that sets may be missing pieces or otherwise incomplete.)",,Tommie Copper,,OUTDOOR_SPORTS,USED_GOOD,,018713631855,1,16.99,BICYCLES-PHYSICAL FITNESS | MUSCLE THERAPY | BICYCLES PHYSICAL FITNESS,3.75,7.50
1572,636,"2"" Weighted Jump Rope - Black - All In Motion: Polypropylene, TPR, TPU",,All In Motion,,OUTDOOR_SPORTS,USED_GOOD,,191802001767,1,16.00,BICYCLES-PHYSICAL FITNESS | HOME GYM | BICYCLES PHYSICAL FITNESS,3.54,7.08
1573,637,"Gatorade 12oz Stainless Steel Water Bottle - Yellow: Portable Drinkware, Plastic Lid",,Gatorade,,OUTDOOR_SPORTS,USED_GOOD,,052000056082,1,15.99,BICYCLES-PHYSICAL FITNESS | STAINLESS STEEL | BICYCLES PHYSICAL FITNESS,3.53,7.06
1574,638,Schwinn Sport MF Dual Strap Seat Cover,,Schwinn,,OUTDOOR_SPORTS,USED_GOOD,,038675198708,1,15.29,BICYCLES-PHYSICAL FITNESS | SEATS | BICYCLES PHYSICAL FITNESS,3.38,6.76
1575,639,Yoga Mat Pink (3mm) - All In Motion,,All In Motion,,OUTDOOR_SPORTS,USED_GOOD,,191802001965,1,15.00,BICYCLES-PHYSICAL FITNESS | YOGA | BICYCLES PHYSICAL FITNESS,3.31,6.62
1576,640,Pilates Ring Yoga Wheels - All In Motion Black,,All In Motion,,OUTDOOR_SPORTS,USED_GOOD,,198850949898,1,15.00,BICYCLES-PHYSICAL FITNESS | PILATES | BICYCLES PHYSICAL FITNESS,3.31,6.62
1577,641,40oz Stainless Steel Tumbler with Straw Purple - Embark: BPA-Free Drinkware,,Embark,,OUTDOOR_SPORTS,USED_GOOD,,198420113698,1,15.00,BICYCLES-PHYSICAL FITNESS | TUMBLER | BICYCLES PHYSICAL FITNESS,3.31,6.62
1578,642,Owala 32oz Stainless Steel FreeSip Water Bottle - Candy Coated,,Owala,,OUTDOOR_SPORTS,NEW,,840467308505,1,34.99,BICYCLES-PHYSICAL FITNESS | STAINLESS STEEL | BICYCLES PHYSICAL FITNESS,7.73,15.46
1579,643,Melo Supernova Kick Scooter - Black,,Melo,,OUTDOOR_SPORTS,USED_GOOD,,5391544970641,1,33.99,BICYCLES-PHYSICAL FITNESS | 2-WHEEL SCOOTERS | BICYCLES PHYSICAL FITNESS,7.51,15.02
1580,644,Blogilates 19oz Glass Protein Shaker Bottle with Silicone Sleeve - Pink,,Blogilates,,OUTDOOR_SPORTS,USED_GOOD,,850052976668,2,16.99,BICYCLES-PHYSICAL FITNESS | ACCESSORIES | BICYCLES PHYSICAL FITNESS,3.75,7.50
1581,645,"30oz Stainless Steel Tumbler with Straw Cream - Embark: Portable Drinkware, Off-White",,Embark,,OUTDOOR_SPORTS,USED_GOOD,,197543640289,3,11.00,BICYCLES-PHYSICAL FITNESS | TUMBLER | BICYCLES PHYSICAL FITNESS,2.43,4.86
1582,646,Stability Exercise Ball Green 55cm - All In Motion,,All In Motion,,OUTDOOR_SPORTS,NEW,,191802002108,2,16.00,BICYCLES-PHYSICAL FITNESS | STRENGTH TRAINING | BICYCLES PHYSICAL FITNESS,3.54,7.08
1583,647,Stability Exercise Ball Blue 65cm - All In Motion,,All In Motion,,OUTDOOR_SPORTS,USED_GOOD,,191802002092,2,16.00,BICYCLES-PHYSICAL FITNESS | STRENGTH TRAINING | BICYCLES PHYSICAL FITNESS,3.54,7.08
1584,648,Tommie Copper Sport Compression Wrist Sleeve - S/M: Supports & Braces for Adults,,Tommie Copper,,OUTDOOR_SPORTS,NEW,,018713631763,5,6.19,BICYCLES-PHYSICAL FITNESS | MUSCLE THERAPY | BICYCLES PHYSICAL FITNESS,1.37,2.74
1585,649,Pilates Ring Yoga Wheels - All In Motion Black,,All In Motion,,OUTDOOR_SPORTS,USED_GOOD,,198850949898,2,15.00,BICYCLES-PHYSICAL FITNESS | PILATES | BICYCLES PHYSICAL FITNESS,3.31,6.62
1586,650,"Acupressure Mat and Pillow Set - All In Motion: Polyurethane Foam, Linen, Cotton (Please be advised that sets may be missing pieces or otherwise incomplete.)",,All In Motion,,OUTDOOR_SPORTS,USED_GOOD,,191802001804,1,30.00,BICYCLES-PHYSICAL FITNESS | MUSCLE THERAPY | BICYCLES PHYSICAL FITNESS,6.63,13.26
1587,651,Adjustable Handheld Roller - All In Motion: TPR Manual Body Massager,,All In Motion,,OUTDOOR_SPORTS,USED_GOOD,,018713658906,2,15.00,BICYCLES-PHYSICAL FITNESS | MUSCLE THERAPY | BICYCLES PHYSICAL FITNESS,3.31,6.62
1588,652,Yoga Block Tri Color All In Motion - Peach Orange,,All In Motion,,OUTDOOR_SPORTS,NEW,,198850949928,3,10.00,BICYCLES-PHYSICAL FITNESS | YOGA | BICYCLES PHYSICAL FITNESS,2.21,4.42
1589,653,"Minnie Mouse 10"" Fly Wheel Kids' Tricycle with Electronic Sound - Pink/Purple",,Minnie Mouse,,OUTDOOR_SPORTS,USED_GOOD,,192995608337,1,29.99,BICYCLES-PHYSICAL FITNESS | TRIKES | BICYCLES PHYSICAL FITNESS,6.63,13.26
1590,654,Owala 24oz FreeSip Stainless Steel Water Bottle - Golden Quest,,Owala,,OUTDOOR_SPORTS,SALVAGE,,847280093991,1,29.99,BICYCLES-PHYSICAL FITNESS | STAINLESS STEEL | BICYCLES PHYSICAL FITNESS,6.63,13.26
1591,655,Owala 24oz FreeSip Stainless Steel Water Bottle  - Navy Nights,,Owala,,OUTDOOR_SPORTS,USED_GOOD,,847280094004,1,29.99,BICYCLES-PHYSICAL FITNESS | STAINLESS STEEL | BICYCLES PHYSICAL FITNESS,6.63,13.26
1592,656,Owala Special Edition 24oz FreeSip Stainless Steel Water Bottle - High Noon,,Owala,,OUTDOOR_SPORTS,USED_GOOD,,840467303678,1,29.99,BICYCLES-PHYSICAL FITNESS | STAINLESS STEEL | BICYCLES PHYSICAL FITNESS,6.63,13.26
1593,657,Gaiam Studio Select Resistance Tube Gym in a Bag,,Gaiam,,OUTDOOR_SPORTS,USED_GOOD,,018713665300,1,29.99,BICYCLES-PHYSICAL FITNESS | BAGS | BICYCLES PHYSICAL FITNESS,6.63,13.26
1594,658,Owala 24oz Stainless Steel FreeSip Water Bottle - Read My Lips,,Owala,,OUTDOOR_SPORTS,USED_GOOD,,840467308352,1,29.99,BICYCLES-PHYSICAL FITNESS | STAINLESS STEEL | BICYCLES PHYSICAL FITNESS,6.63,13.26
1595,659,Owala 24oz Stainless Steel FreeSip Water Bottle - Out of the Blue,,Owala,,OUTDOOR_SPORTS,USED_GOOD,,840467308369,1,29.99,BICYCLES-PHYSICAL FITNESS | STAINLESS STEEL | BICYCLES PHYSICAL FITNESS,6.63,13.26
1596,660,Owala 24oz Stainless Steel FreeSip Water Bottle - Candy Coated,,Owala,,OUTDOOR_SPORTS,SALVAGE,,840467308376,1,29.99,BICYCLES-PHYSICAL FITNESS | STAINLESS STEEL | BICYCLES PHYSICAL FITNESS,6.63,13.26
1597,661,Owala 24oz FreeSip Stainless Steel Water Bottle - Sleek,,Owala,,OUTDOOR_SPORTS,NEW,,847280072347,1,29.99,BICYCLES-PHYSICAL FITNESS | STAINLESS STEEL | BICYCLES PHYSICAL FITNESS,6.63,13.26
1598,662,McDavid Sport Knee Knit Sleeve with Buttress and Stays - Gray -  S/M,,McDavid,,OUTDOOR_SPORTS,USED_GOOD,,029369148338,1,29.99,BICYCLES-PHYSICAL FITNESS | MUSCLE THERAPY | BICYCLES PHYSICAL FITNESS,6.63,13.26
1599,663,"Brightz Ride LED - Flame: Silicone & ABS Bike Light, Handlebar & Seat Post Mount",,Brightz,,OUTDOOR_SPORTS,LIKE_NEW,,811860031499,1,29.99,BICYCLES-PHYSICAL FITNESS | ACCESSORIES | BICYCLES PHYSICAL FITNESS,6.63,13.26
1600,664,Owala 24oz Stainless Steel FreeSip Twist Water Bottle - Bubblegum Burst,,Owala,,OUTDOOR_SPORTS,USED_GOOD,,840467303746,1,29.99,BICYCLES-PHYSICAL FITNESS | STAINLESS STEEL | BICYCLES PHYSICAL FITNESS,6.63,13.26
1601,665,Owala 24oz Stainless Steel FreeSip Water Bottle - In Good Company,,Owala,,OUTDOOR_SPORTS,USED_GOOD,,840467308345,1,29.99,BICYCLES-PHYSICAL FITNESS | STAINLESS STEEL | BICYCLES PHYSICAL FITNESS,6.63,13.26
1602,666,"McDavid Sport Tennis and Golf Elbow Strap: Tendonitis & Muscle Pain Relief, Nylon",,McDavid,,OUTDOOR_SPORTS,USED_GOOD,,029369160194,2,14.99,BICYCLES-PHYSICAL FITNESS | MUSCLE THERAPY | BICYCLES PHYSICAL FITNESS,3.31,6.62
1603,667,"Brightz Color Morphing Bike Wheel LED Lights: Iron, Silicone, Polyurethane, ABS",,Brightz,,OUTDOOR_SPORTS,USED_GOOD,,811860032281,2,14.99,BICYCLES-PHYSICAL FITNESS | ACCESSORIES | BICYCLES PHYSICAL FITNESS,3.31,6.62
1604,668,Gaiam Studio Select Barre Sock 2pk (Please be advised that sets may be missing pieces or otherwise incomplete.),,Gaiam,,OUTDOOR_SPORTS,USED_GOOD,,018713665324,2,14.99,BICYCLES-PHYSICAL FITNESS | YOGA | BICYCLES PHYSICAL FITNESS,3.31,6.62
1605,669,Champion Game-Ready Chug Bottle 40oz - Blue,,Champion,,OUTDOOR_SPORTS,USED_GOOD,,018713666116,2,14.99,BICYCLES-PHYSICAL FITNESS | SIDELINE | BICYCLES PHYSICAL FITNESS,3.31,6.62
1606,670,"Hydro Flask 24oz Wide Mouth Flex Straw Bottle - White: BPA-Free, Vacuum-Insulated",,Hydro Flask,,OUTDOOR_SPORTS,USED_GOOD,,810070084127,1,28.49,BICYCLES-PHYSICAL FITNESS | STAINLESS STEEL | BICYCLES PHYSICAL FITNESS,6.30,12.60
1607,671,"Solid Barre Liner Socks 2pk - Brown/Purple - All In Motion: Cotton, Nylon Yoga Accessories (Please be advised that sets may be missing pieces or otherwise incomplete.)",,All In Motion,,OUTDOOR_SPORTS,USED_GOOD,,016975119395,2,14.00,BICYCLES-PHYSICAL FITNESS | YOGA | BICYCLES PHYSICAL FITNESS,3.09,6.18
1608,672,BlenderBottle 24oz Stainless Steel Strada Straw Tumbler - Sage Green,,BlenderBottle,,OUTDOOR_SPORTS,NEW,,847280097227,1,27.99,BICYCLES-PHYSICAL FITNESS | MIXER | BICYCLES PHYSICAL FITNESS,6.19,12.38
1609,673,BlenderBottle 25oz Strada Stainless Steel Shaker Cup - White Gradient,,BlenderBottle,,OUTDOOR_SPORTS,NEW,,840467308222,1,27.99,BICYCLES-PHYSICAL FITNESS | MIXER | BICYCLES PHYSICAL FITNESS,6.19,12.38
1610,674,BlenderBottle 25oz Strada Stainless Steel Shaker Cup - Tan Floral,,BlenderBottle,,OUTDOOR_SPORTS,USED_GOOD,,840467308253,1,27.99,BICYCLES-PHYSICAL FITNESS | MIXER | BICYCLES PHYSICAL FITNESS,6.19,12.38
1611,675,"TriggerPoint NANO Foot Roller - Orange: EVA Foam, Whole Body Therapy",,TriggerPoint,,OUTDOOR_SPORTS,USED_GOOD,,858787002973,1,26.99,BICYCLES-PHYSICAL FITNESS | MUSCLE THERAPY | BICYCLES PHYSICAL FITNESS,5.96,11.92
1612,676,"McDavid Sport Jumper's Knee Patella Strap: Joint Support, Nylon, One Size",,McDavid,,OUTDOOR_SPORTS,NEW,,029369153813,2,13.19,BICYCLES-PHYSICAL FITNESS | MUSCLE THERAPY | BICYCLES PHYSICAL FITNESS,2.91,5.82
1613,677,Wrist/Ankle Weight 2pc 1lb Set - All In Motion (Please be advised that sets may be missing pieces or otherwise incomplete.),,All In Motion,,OUTDOOR_SPORTS,USED_GOOD,,191802002078,2,13.00,BICYCLES-PHYSICAL FITNESS | WEARABLES | BICYCLES PHYSICAL FITNESS,2.87,5.74
1614,678,Schwinn Cyclone Plus Bike Pump - White,,Schwinn,,OUTDOOR_SPORTS,USED_GOOD,,038675121447,1,25.99,BICYCLES-PHYSICAL FITNESS | ACCESSORIES | BICYCLES PHYSICAL FITNESS,5.74,11.48
1615,679,Schwinn Cyclone Plus Bike Pump - White,,Schwinn,,OUTDOOR_SPORTS,USED_GOOD,,038675121447,1,25.99,BICYCLES-PHYSICAL FITNESS | ACCESSORIES | BICYCLES PHYSICAL FITNESS,5.74,11.48
1616,680,Schwinn Commute Bike Saddle - Black,,Schwinn,,OUTDOOR_SPORTS,NEW,,038675238626,1,25.99,BICYCLES-PHYSICAL FITNESS | SEATS | BICYCLES PHYSICAL FITNESS,5.74,11.48
1617,681,Schwinn Commute Bike Saddle - Black,,Schwinn,,OUTDOOR_SPORTS,USED_GOOD,,038675238626,1,25.99,BICYCLES-PHYSICAL FITNESS | SEATS | BICYCLES PHYSICAL FITNESS,5.74,11.48
1618,682,Tommie Copper Sport Compression Gloves - S/M: Supports & Braces for Carpal Tunnel,,Tommie Copper,,OUTDOOR_SPORTS,USED_GOOD,,018713660923,2,12.99,BICYCLES-PHYSICAL FITNESS | MUSCLE THERAPY | BICYCLES PHYSICAL FITNESS,2.87,5.74
1619,683,Tommie Copper Sport Compression Gloves - S/M: Supports & Braces for Carpal Tunnel,,Tommie Copper,,OUTDOOR_SPORTS,USED_GOOD,,018713660923,2,12.99,BICYCLES-PHYSICAL FITNESS | MUSCLE THERAPY | BICYCLES PHYSICAL FITNESS,2.87,5.74
1620,684,"Cloud Print Yoga Mat 5mm Violet - All In Motion: PVC Material, Low Tack Grip",,All In Motion,,OUTDOOR_SPORTS,NEW,,191802000821,1,25.00,BICYCLES-PHYSICAL FITNESS | YOGA | BICYCLES PHYSICAL FITNESS,5.52,11.04
1621,685,Yoga Mat TPE Brown (5mm) - All In Motion,,All In Motion,,OUTDOOR_SPORTS,USED_GOOD,,191802002122,1,25.00,BICYCLES-PHYSICAL FITNESS | YOGA | BICYCLES PHYSICAL FITNESS,5.52,11.04
1622,686,"Premium Belt Fanny Pack Bag - Black - All In Motion: Water-Resistant, Adjustable Strap",,All In Motion,,OUTDOOR_SPORTS,NEW,,198420024505,1,25.00,BICYCLES-PHYSICAL FITNESS | BAGS | BICYCLES PHYSICAL FITNESS,5.52,11.04
1623,687,Wrist/Ankle Weight 2lb 2pc Set - All In Motion (Please be advised that sets may be missing pieces or otherwise incomplete.),,All In Motion,,OUTDOOR_SPORTS,NEW,,191802002061,1,25.00,BICYCLES-PHYSICAL FITNESS | WEARABLES | BICYCLES PHYSICAL FITNESS,5.52,11.04
1624,688,"2pk Adjustable Trekking Poles Black - All In Motion: Aluminum, Rubber Handles (Please be advised that sets may be missing pieces or otherwise incomplete.)",,All In Motion,,OUTDOOR_SPORTS,USED_GOOD,,054003866941,1,25.00,BICYCLES-PHYSICAL FITNESS | WALK/RUN | BICYCLES PHYSICAL FITNESS,5.52,11.04
1625,689,Wrist/Ankle Weight 2lb 2pc Set - All In Motion (Please be advised that sets may be missing pieces or otherwise incomplete.),,All In Motion,,OUTDOOR_SPORTS,NEW,,191802002061,1,25.00,BICYCLES-PHYSICAL FITNESS | WEARABLES | BICYCLES PHYSICAL FITNESS,5.52,11.04
1626,690,Raskullz Astro Cat Toddler Helmet Pink,,Raskullz,,OUTDOOR_SPORTS,NEW,,847268008153,1,24.99,BICYCLES-PHYSICAL FITNESS | TODDLER HELMETS | BICYCLES PHYSICAL FITNESS,5.52,11.04
1627,691,Blackburn Hybrid Bike Tire 700c - Black,,Blackburn,,OUTDOOR_SPORTS,NEW,,035011995342,1,24.99,BICYCLES-PHYSICAL FITNESS | TIRES | BICYCLES PHYSICAL FITNESS,5.52,11.04
1628,692,Schwinn Bike Seat Pack with Repair Tools - Black,,Schwinn,,OUTDOOR_SPORTS,USED_GOOD,,038675238480,1,24.99,BICYCLES-PHYSICAL FITNESS | REPAIR | BICYCLES PHYSICAL FITNESS,5.52,11.04
1629,693,Raskullz Lil Sharkie Cycling Kids' Boys' Bike Helmet - Blue,,Raskullz,,OUTDOOR_SPORTS,USED_GOOD,,847268022456,1,24.99,BICYCLES-PHYSICAL FITNESS | INFANT HELMET | BICYCLES PHYSICAL FITNESS,5.52,11.04
1630,694,"Tommie Copper Sport Compression Knee High Socks 2pk - S/M: Leg Support, Microfiber, Adult (Please be advised that sets may be missing pieces or otherwise incomplete.)",,Tommie Copper,,OUTDOOR_SPORTS,NEW,,018713631817,2,12.29,BICYCLES-PHYSICAL FITNESS | MUSCLE THERAPY | BICYCLES PHYSICAL FITNESS,2.72,5.44
1631,695,"Dumbbell 5lbs Aqua - All In Motion: PVC Coated, Iron Filled, Arm Workout",,All In Motion,,OUTDOOR_SPORTS,NEW,,018713638236,2,12.00,BICYCLES-PHYSICAL FITNESS | STRENGTH TRAINING | BICYCLES PHYSICAL FITNESS,2.65,5.30
1632,696,Blogilates Jelly Hand Weight Dumbbell - 10lbs,,Blogilates,,OUTDOOR_SPORTS,USED_GOOD,,850052976156,1,23.99,BICYCLES-PHYSICAL FITNESS | STRENGTH TRAINING | BICYCLES PHYSICAL FITNESS,5.30,10.60
1633,697,"Blackburn 20"" Self Sealing Bike Tube - Black",,Blackburn,,OUTDOOR_SPORTS,NEW,,035011995243,2,11.99,BICYCLES-PHYSICAL FITNESS | TUBES | BICYCLES PHYSICAL FITNESS,2.65,5.30
1634,698,"Blackburn 20"" Self Sealing Bike Tube - Black",,Blackburn,,OUTDOOR_SPORTS,USED_GOOD,,035011995243,2,11.99,BICYCLES-PHYSICAL FITNESS | TUBES | BICYCLES PHYSICAL FITNESS,2.65,5.30
1635,699,"Blackburn 26"" Cruiser Bike Tire - Black",,Blackburn,,OUTDOOR_SPORTS,USED_GOOD,,035011995373,1,22.49,BICYCLES-PHYSICAL FITNESS | TIRES | BICYCLES PHYSICAL FITNESS,4.97,9.94
1636,700,"Premium Flat Band Kit - All In Motion: Latex Resistance Bands, Medium to Heavy",,All In Motion,,OUTDOOR_SPORTS,USED_GOOD,,198420041540,2,11.00,BICYCLES-PHYSICAL FITNESS | STRENGTH TRAINING | BICYCLES PHYSICAL FITNESS,2.43,4.86
1637,701,Soft Kettlebell 5lb Cream - All In Motion,,All In Motion,,OUTDOOR_SPORTS,USED_GOOD,,191802002030,1,21.00,BICYCLES-PHYSICAL FITNESS | STRENGTH TRAINING | BICYCLES PHYSICAL FITNESS,4.64,9.28
1638,702,"Blackburn 24"" Mountain Bike Tire - Black",,Blackburn,,OUTDOOR_SPORTS,NEW,,035011995366,1,20.99,BICYCLES-PHYSICAL FITNESS | ACCESSORIES | BICYCLES PHYSICAL FITNESS,4.64,9.28
1639,703,Raskullz Super Rainbowcorn Child Bike Helmet,,Raskullz,,OUTDOOR_SPORTS,USED_GOOD,,847268000423,1,20.99,BICYCLES-PHYSICAL FITNESS | CHILD HELMETS | BICYCLES PHYSICAL FITNESS,4.64,9.28
1640,704,"8.5"" Neoprene Mini Backpack Cream - All In Motion: Water-Resistant, Adjustable Strap",,All In Motion,,OUTDOOR_SPORTS,NEW,,198420122935,1,20.00,BICYCLES-PHYSICAL FITNESS | BAGS | BICYCLES PHYSICAL FITNESS,4.42,8.84
1641,705,"Belt Fanny Pack Blush - All In Motion: Adjustable Strap, Solid Pattern",,All In Motion,,OUTDOOR_SPORTS,USED_GOOD,,198420122980,1,20.00,BICYCLES-PHYSICAL FITNESS | BAGS | BICYCLES PHYSICAL FITNESS,4.42,8.84
1642,706,Better Hand Gripper - All In Motion: ABS Exercise Trainer for Hand Muscles,,All In Motion,,OUTDOOR_SPORTS,USED_GOOD,,191802000746,2,10.00,BICYCLES-PHYSICAL FITNESS | HOME GYM | BICYCLES PHYSICAL FITNESS,2.21,4.42
1643,707,64oz Stainless Steel Vacuum Insulated Water Bottle Chalk - All In Motion: Portable Drinkware,,All In Motion,,OUTDOOR_SPORTS,USED_GOOD,,707849153200,1,20.00,BICYCLES-PHYSICAL FITNESS | LARGE CAPACITY | BICYCLES PHYSICAL FITNESS,4.42,8.84
1644,708,Yoga Block Tri Color All In Motion - Blue,,All In Motion,,OUTDOOR_SPORTS,USED_GOOD,,198850949935,2,10.00,BICYCLES-PHYSICAL FITNESS | YOGA | BICYCLES PHYSICAL FITNESS,2.21,4.42
1645,709,Frozen Kids' Roller Skate with Pad Set (Please be advised that sets may be missing pieces or otherwise incomplete.),,Frozen,,OUTDOOR_SPORTS,NEW,,192995514355,1,19.99,BICYCLES-PHYSICAL FITNESS | SKATES | BICYCLES PHYSICAL FITNESS,4.42,8.84
1646,710,PAW Patrol Jr.Roller Kids' Roller Skate with Pad Set (Please be advised that sets may be missing pieces or otherwise incomplete.),,PAW Patrol,,OUTDOOR_SPORTS,NEW,,192995514331,1,19.99,BICYCLES-PHYSICAL FITNESS | SKATES | BICYCLES PHYSICAL FITNESS,4.42,8.84
1647,711,Schwinn Classic Dot Matrix Cycling Toddler Boys' Bike Helmet,,Schwinn,,OUTDOOR_SPORTS,USED_GOOD,,038675290884,1,19.99,BICYCLES-PHYSICAL FITNESS | TODDLER HELMETS | BICYCLES PHYSICAL FITNESS,4.42,8.84
1648,712,"Blackburn 27.5"" Mountain Bike Tire - Black",,Blackburn,,OUTDOOR_SPORTS,USED_GOOD,,035011995380,1,19.99,BICYCLES-PHYSICAL FITNESS | TIRES | BICYCLES PHYSICAL FITNESS,4.42,8.84
1649,713,Raskullz Kids' Bike Basket with Charms - Gray,,Raskullz,,OUTDOOR_SPORTS,USED_GOOD,,847268024467,1,19.99,BICYCLES-PHYSICAL FITNESS | KIDS ACCESSORIES | BICYCLES PHYSICAL FITNESS,4.42,8.84
1650,714,McDavid Sport Compression Knit Knee Sleeve with Gel Buttress - S/M: Tendonitis & Arthritis Support,,McDavid,,OUTDOOR_SPORTS,NEW,,029369148314,1,17.99,BICYCLES-PHYSICAL FITNESS | MUSCLE THERAPY | BICYCLES PHYSICAL FITNESS,3.98,7.96
1651,715,"McDavid Sport Compression Knit Elbow Sleeve with Gel Buttress - L/XL: Arthritis Support, Nylon & Spandex",,McDavid,,OUTDOOR_SPORTS,NEW,,029369148383,1,17.99,BICYCLES-PHYSICAL FITNESS | MUSCLE THERAPY | BICYCLES PHYSICAL FITNESS,3.98,7.96
1652,716,Masterlock ULock Key - Black,,Master Lock,,OUTDOOR_SPORTS,NEW,,716492052556,1,16.99,BICYCLES-PHYSICAL FITNESS | LOCKS | BICYCLES PHYSICAL FITNESS,3.75,7.50
1653,717,Masterlock ULock Key - Black,,Master Lock,,OUTDOOR_SPORTS,USED_GOOD,,716492052556,1,16.99,BICYCLES-PHYSICAL FITNESS | LOCKS | BICYCLES PHYSICAL FITNESS,3.75,7.50
1654,718,Blogilates Loop Bands - 4pk: Latex Resistance for Legs & Arms (Please be advised that sets may be missing pieces or otherwise incomplete.),,Blogilates,,OUTDOOR_SPORTS,USED_GOOD,,850028476598,1,16.99,BICYCLES-PHYSICAL FITNESS | STRENGTH TRAINING | BICYCLES PHYSICAL FITNESS,3.75,7.50
1655,719,Paw Patrol Pup Pals Kids' Bike Pad Set (Please be advised that sets may be missing pieces or otherwise incomplete.),,PAW Patrol,,OUTDOOR_SPORTS,USED_GOOD,,035011994321,1,16.99,BICYCLES-PHYSICAL FITNESS | KIDS ACCESSORIES | BICYCLES PHYSICAL FITNESS,3.75,7.50
1656,720,BlenderBottle 24oz Plastic Strada Tritian Water Bottle - Pink,,BlenderBottle,,OUTDOOR_SPORTS,USED_GOOD,,840467304552,1,15.99,BICYCLES-PHYSICAL FITNESS | MIXER | BICYCLES PHYSICAL FITNESS,3.53,7.06
1657,721,BlenderBottle 24oz Strada Tritan Shaker Cup - Black,,BlenderBottle,,OUTDOOR_SPORTS,USED_GOOD,,840467308185,1,15.99,BICYCLES-PHYSICAL FITNESS | MIXER | BICYCLES PHYSICAL FITNESS,3.53,7.06
1658,722,BlenderBottle 24oz Strada Tritan Shaker Cup - Confetti,,BlenderBottle,,OUTDOOR_SPORTS,NEW,,840467308215,1,15.99,BICYCLES-PHYSICAL FITNESS | MIXER | BICYCLES PHYSICAL FITNESS,3.53,7.06
1659,723,BlenderBottle 24oz Strada Tritan Shaker Cup - Purple,,BlenderBottle,,OUTDOOR_SPORTS,NEW,,840467308611,1,15.99,BICYCLES-PHYSICAL FITNESS | MIXER | BICYCLES PHYSICAL FITNESS,3.53,7.06
1660,724,BlenderBottle 24oz Strada Tritan Shaker Cup - Mint Green,,BlenderBottle,,OUTDOOR_SPORTS,USED_GOOD,,840467308628,1,15.99,BICYCLES-PHYSICAL FITNESS | MIXER | BICYCLES PHYSICAL FITNESS,3.53,7.06
1661,725,"Stretch Strap - All In Motion: Yoga Accessory, 100% Recycled PET",,All In Motion,,OUTDOOR_SPORTS,NEW,,196365807160,1,15.00,BICYCLES-PHYSICAL FITNESS | MUSCLE THERAPY | BICYCLES PHYSICAL FITNESS,3.31,6.62
1662,726,40oz Stainless Steel Tumbler with Straw Black - Embark,,Embark,,OUTDOOR_SPORTS,USED_GOOD,,197543650004,1,15.00,BICYCLES-PHYSICAL FITNESS | TUMBLER | BICYCLES PHYSICAL FITNESS,3.31,6.62
1663,727,40oz Stainless Steel Tumbler with Straw Cream - Embark,,Embark,,OUTDOOR_SPORTS,NEW,,197543649992,1,15.00,BICYCLES-PHYSICAL FITNESS | TUMBLER | BICYCLES PHYSICAL FITNESS,3.31,6.62
1664,728,24oz Stainless Steel Vacuum Insulated Water Bottle Soft Green - All In Motion: Portable Drinkware,,All In Motion,,OUTDOOR_SPORTS,NEW,,707849153187,1,15.00,BICYCLES-PHYSICAL FITNESS | STAINLESS STEEL | BICYCLES PHYSICAL FITNESS,3.31,6.62
1665,729,"32oz Stainless Steel Hydration Water Bottle - Cream - Embark: Portable Drinkware, Polypropylene Lid",,Embark,,OUTDOOR_SPORTS,USED_GOOD,,198420113674,1,15.00,BICYCLES-PHYSICAL FITNESS | STAINLESS STEEL | BICYCLES PHYSICAL FITNESS,3.31,6.62
1666,730,40oz Stainless Steel Tumbler with Straw Purple - Embark: BPA-Free Drinkware,,Embark,,OUTDOOR_SPORTS,NEW,,198420113698,1,15.00,BICYCLES-PHYSICAL FITNESS | TUMBLER | BICYCLES PHYSICAL FITNESS,3.31,6.62
1667,731,Brightz Shape Patterned Bike Wheel LED Light: Silicone Reflector Accessory,,Brightz,,OUTDOOR_SPORTS,NEW,,811860032205,1,14.99,BICYCLES-PHYSICAL FITNESS | ACCESSORIES | BICYCLES PHYSICAL FITNESS,3.31,6.62
1668,732,Champion Game-Ready Chug Bottle 40oz - Black,,Champion,,OUTDOOR_SPORTS,NEW,,018713666093,1,14.99,BICYCLES-PHYSICAL FITNESS | SIDELINE | BICYCLES PHYSICAL FITNESS,3.31,6.62
1669,733,"Dumbbell 8lbs Green - All In Motion: PVC Coated, Iron Filled, Single Piece",,All In Motion,,OUTDOOR_SPORTS,USED_GOOD,,018713638250,1,14.00,BICYCLES-PHYSICAL FITNESS | STRENGTH TRAINING | BICYCLES PHYSICAL FITNESS,3.09,6.18
1670,734,"Blackburn 20"" BMX Bike Tire - Black",,Blackburn,,OUTDOOR_SPORTS,USED_GOOD,,035011995359,1,13.59,BICYCLES-PHYSICAL FITNESS | ACCESSORIES | BICYCLES PHYSICAL FITNESS,3.00,6.00
1671,735,Loop Band Kit Blue - All In Motion: Latex Resistance Bands for Legs & Arms,,All In Motion,,OUTDOOR_SPORTS,USED_GOOD,,018713639899,1,13.00,BICYCLES-PHYSICAL FITNESS | STRENGTH TRAINING | BICYCLES PHYSICAL FITNESS,2.87,5.74
1672,736,"24oz Stainless Steel Hydration Water Bottle - Purple - Embark: Portable Drinkware, Polypropylene Lid",,Embark,,OUTDOOR_SPORTS,USED_GOOD,,198420113490,1,13.00,BICYCLES-PHYSICAL FITNESS | STAINLESS STEEL | BICYCLES PHYSICAL FITNESS,2.87,5.74
1673,737,"24oz Stainless Steel Hydration Water Bottle - Green - Embark: Portable Drinkware, Polypropylene Lid",,Embark,,OUTDOOR_SPORTS,NEW,,198420113728,1,13.00,BICYCLES-PHYSICAL FITNESS | STAINLESS STEEL | BICYCLES PHYSICAL FITNESS,2.87,5.74
1674,738,Women's Varsity Stripe Yoga Crew Socks - All in Motion Black 4-10,,All In Motion,,OUTDOOR_SPORTS,NEW,,198850949874,1,13.00,BICYCLES-PHYSICAL FITNESS | YOGA | BICYCLES PHYSICAL FITNESS,2.87,5.74
1675,739,"Master Lock 6' X 1/2"" Re settable Combo Cable: Bike Security Lock",,Master Lock,,OUTDOOR_SPORTS,NEW,,071649049491,1,12.99,BICYCLES-PHYSICAL FITNESS | ACCESSORIES | BICYCLES PHYSICAL FITNESS,2.87,5.74
1676,740,Gaiam Studio Select Resistance Tube - Medium - Green,,Gaiam,,OUTDOOR_SPORTS,NEW,,018713665263,1,12.99,BICYCLES-PHYSICAL FITNESS | STRENGTH TRAINING | BICYCLES PHYSICAL FITNESS,2.87,5.74
1677,741,Gaiam Studio Select Resistance Tube - Medium - Green,,Gaiam,,OUTDOOR_SPORTS,USED_GOOD,,018713665263,1,12.99,BICYCLES-PHYSICAL FITNESS | STRENGTH TRAINING | BICYCLES PHYSICAL FITNESS,2.87,5.74
1678,742,"Tommie Copper Sport Compression Elbow Support Sleeve - L/XL: Joint Support, Slip On",,Tommie Copper,,OUTDOOR_SPORTS,NEW,,018713631626,2,6.19,BICYCLES-PHYSICAL FITNESS | MUSCLE THERAPY | BICYCLES PHYSICAL FITNESS,1.37,2.74
1679,743,"Blackburn 20"" Self Sealing Bike Tube - Black",,Blackburn,,OUTDOOR_SPORTS,NEW,,035011995243,1,11.99,BICYCLES-PHYSICAL FITNESS | TUBES | BICYCLES PHYSICAL FITNESS,2.65,5.30
1680,744,Minnie Mouse Toddler Bike Helmet - Pink,,Bell Sports; Minnie Mouse; Disney; Disney Junior,,OUTDOOR_SPORTS,USED_GOOD,,035011964188,1,11.79,BICYCLES-PHYSICAL FITNESS | TODDLER HELMETS | BICYCLES PHYSICAL FITNESS,2.61,5.22
1681,745,"30oz Stainless Steel Tumbler with Straw Black - Embark: Portable Drinkware, 10.85"" Height",,Embark,,OUTDOOR_SPORTS,USED_GOOD,,197543640265,1,11.00,BICYCLES-PHYSICAL FITNESS | TUMBLER | BICYCLES PHYSICAL FITNESS,2.43,4.86
1682,746,"Brightz LED Bicycle Bell - Silver: Iron & Plastic, Hardware Mounted",,Brightz,,OUTDOOR_SPORTS,USED_GOOD,,811860032243,1,10.99,BICYCLES-PHYSICAL FITNESS | ACCESSORIES | BICYCLES PHYSICAL FITNESS,2.43,4.86
1683,747,"Tommie Copper Sport Compression Ankle Support Sleeve - L/XL: Joint Support, Polyester",,Tommie Copper,,OUTDOOR_SPORTS,NEW,,018713631800,1,10.89,BICYCLES-PHYSICAL FITNESS | MUSCLE THERAPY | BICYCLES PHYSICAL FITNESS,2.41,4.82
1684,748,"20oz Stainless Steel Tumbler with Straw Purple - Embark: BPA-Free, Portable Drinkware",,Embark,,OUTDOOR_SPORTS,USED_GOOD,,198420113681,1,10.00,BICYCLES-PHYSICAL FITNESS | TUMBLER | BICYCLES PHYSICAL FITNESS,2.21,4.42
1685,749,Yoga Block Tri Color All In Motion - Blue,,All In Motion,,OUTDOOR_SPORTS,NEW,,198850949935,1,10.00,BICYCLES-PHYSICAL FITNESS | YOGA | BICYCLES PHYSICAL FITNESS,2.21,4.42
1686,750,"Women's Strength Training Gloves Purple XS - All In Motion: Neoprene, Weightlifting",,All In Motion,,OUTDOOR_SPORTS,USED_GOOD,,191907562811,1,10.00,BICYCLES-PHYSICAL FITNESS | STRENGTH TRAINING | BICYCLES PHYSICAL FITNESS,2.21,4.42
1687,751,64oz Tritan Beverage Plastic Water Bottle Soft Green - All In Motion‚Ñ¢,,All In Motion,,OUTDOOR_SPORTS,USED_GOOD,,198420024536,1,10.00,BICYCLES-PHYSICAL FITNESS | LARGE CAPACITY | BICYCLES PHYSICAL FITNESS,2.21,4.42
1688,752,"Tommie Copper Sport Compression Elbow Support Sleeve - S/M: Joint Support, Polyester",,Tommie Copper,,OUTDOOR_SPORTS,NEW,,018713631619,1,6.19,BICYCLES-PHYSICAL FITNESS | MUSCLE THERAPY | BICYCLES PHYSICAL FITNESS,1.37,2.74
1689,753,"32oz Stainless Steel Hydration Water Bottle - Purple - Embark: Portable Drinkware, Polypropylene Lid",,Embark,,OUTDOOR_SPORTS,NEW,,198420113704,1,15.00,BICYCLES-PHYSICAL FITNESS | STAINLESS STEEL | BICYCLES PHYSICAL FITNESS,3.31,6.62
1690,754,"17.75"" Massage Stick Aqua Blue - All In Motion: Handheld Polyurethane Foam Massager",,All In Motion,,OUTDOOR_SPORTS,USED_GOOD,,191802000685,1,15.00,BICYCLES-PHYSICAL FITNESS | MUSCLE THERAPY | BICYCLES PHYSICAL FITNESS,3.31,6.62
1691,755,"McDavid Sport Compression Knit Ankle Sleeve with Gel Buttress - (S /M): Joint Support, Nylon & Spandex, Age 16+",,McDavid,,OUTDOOR_SPORTS,USED_GOOD,,029369148260,1,14.99,BICYCLES-PHYSICAL FITNESS | MUSCLE THERAPY | BICYCLES PHYSICAL FITNESS,3.31,6.62
1692,756,Champion Game-Ready Chug Bottle 40oz - Red,,Champion,,OUTDOOR_SPORTS,USED_GOOD,,018713666109,1,14.99,BICYCLES-PHYSICAL FITNESS | SIDELINE | BICYCLES PHYSICAL FITNESS,3.31,6.62
1693,757,Ignite by SPRI Resistance Cord - Heavy: Rubber Bands for Legs & Arms,,Ignite by SPRI,,OUTDOOR_SPORTS,USED_GOOD,,759026717255,1,14.99,BICYCLES-PHYSICAL FITNESS | STRENGTH TRAINING | BICYCLES PHYSICAL FITNESS,3.31,6.62
1694,758,Brightz Shape Patterned Bike Wheel LED Light: Silicone Reflector Accessory,,Brightz,,OUTDOOR_SPORTS,LIKE_NEW,,811860032205,1,14.99,BICYCLES-PHYSICAL FITNESS | ACCESSORIES | BICYCLES PHYSICAL FITNESS,3.31,6.62
1695,759,McDavid Sport Compression Knit Ankle Sleeve with Gel Buttress - (L /XL): Tendonitis & Arthritis Support,,McDavid,,OUTDOOR_SPORTS,USED_GOOD,,029369148277,1,14.99,BICYCLES-PHYSICAL FITNESS | MUSCLE THERAPY | BICYCLES PHYSICAL FITNESS,3.31,6.62
1696,760,Gaiam Studio Select Barre Sock 2pk (Please be advised that sets may be missing pieces or otherwise incomplete.),,Gaiam,,OUTDOOR_SPORTS,NEW,,018713665324,1,14.99,BICYCLES-PHYSICAL FITNESS | YOGA | BICYCLES PHYSICAL FITNESS,3.31,6.62
1697,761,Champion Game-Ready Chug Bottle 40oz - White,,Champion,,OUTDOOR_SPORTS,NEW,,018713666123,1,14.99,BICYCLES-PHYSICAL FITNESS | SIDELINE | BICYCLES PHYSICAL FITNESS,3.31,6.62
1698,762,"Blackburn 20"" BMX Bike Tire - Black",,Blackburn,,OUTDOOR_SPORTS,USED_GOOD,,035011995359,1,13.59,BICYCLES-PHYSICAL FITNESS | ACCESSORIES | BICYCLES PHYSICAL FITNESS,3.00,6.00
1699,763,"Nalgene 32 fl oz Plastic Narrow Mouth Water Bottle - Periwinkle Blue: Portable Drinkware, Recycled Content",,Nalgene,,OUTDOOR_SPORTS,NEW,,661195005944,1,13.49,BICYCLES-PHYSICAL FITNESS | TRITAN | BICYCLES PHYSICAL FITNESS,2.98,5.96
1700,764,"Nalgene 32 fl oz Plastic Wide Mouth Water Bottle - Periwinkle Blue: Portable Drinkware, Recycled Content",,Nalgene,,OUTDOOR_SPORTS,NEW,,661195005890,1,13.49,BICYCLES-PHYSICAL FITNESS | TRITAN | BICYCLES PHYSICAL FITNESS,2.98,5.96
1701,765,"Phone Armband (fits up to 6.1"" Phone) Black - All In Motion: Adjustable Strap, Moisture-Wicking",,All In Motion,,OUTDOOR_SPORTS,NEW,,197543111024,1,13.00,BICYCLES-PHYSICAL FITNESS | WALK/RUN | BICYCLES PHYSICAL FITNESS,2.87,5.74
1702,766,"24oz Stainless Steel Hydration Water Bottle - Green - Embark: Portable Drinkware, Polypropylene Lid",,Embark,,OUTDOOR_SPORTS,USED_GOOD,,198420113728,1,13.00,BICYCLES-PHYSICAL FITNESS | STAINLESS STEEL | BICYCLES PHYSICAL FITNESS,2.87,5.74
1703,767,"Premium Loop Band Kit - All In Motion: Latex Resistance Bands, Medium to Heavy",,All In Motion,,OUTDOOR_SPORTS,USED_GOOD,,198420041533,1,13.00,BICYCLES-PHYSICAL FITNESS | STRENGTH TRAINING | BICYCLES PHYSICAL FITNESS,2.87,5.74
1704,768,"McDavid 9-10"" Sport Ankle Sleeve with Wrap Support - L/XL: Muscle Pain Relief, Joint Brace",,McDavid,,OUTDOOR_SPORTS,NEW,,029369153783,1,12.99,BICYCLES-PHYSICAL FITNESS | MUSCLE THERAPY | BICYCLES PHYSICAL FITNESS,2.87,5.74
1705,769,"Tommie Copper Sport Compression Knee High Socks 2pk - L/XL: Leg Support, Microfiber (Please be advised that sets may be missing pieces or otherwise incomplete.)",,Tommie Copper,,OUTDOOR_SPORTS,NEW,,018713631824,1,12.29,BICYCLES-PHYSICAL FITNESS | MUSCLE THERAPY | BICYCLES PHYSICAL FITNESS,2.72,5.44
1706,770,"Tommie Copper Sport Compression Knee High Socks 2pk - L/XL: Leg Support, Microfiber (Please be advised that sets may be missing pieces or otherwise incomplete.)",,Tommie Copper,,OUTDOOR_SPORTS,NEW,,018713631824,1,12.29,BICYCLES-PHYSICAL FITNESS | MUSCLE THERAPY | BICYCLES PHYSICAL FITNESS,2.72,5.44
1707,771,"Flat Band Kit Blue - All In Motion: Medium Resistance, Total Body Workout, Latex",,All In Motion,,OUTDOOR_SPORTS,NEW,,018713639882,1,12.00,BICYCLES-PHYSICAL FITNESS | STRENGTH TRAINING | BICYCLES PHYSICAL FITNESS,2.65,5.30
1708,772,Blogilates Jelly Hand Weight Dumbbell - 3lbs,,Blogilates,,OUTDOOR_SPORTS,NEW,,850052976132,1,11.99,BICYCLES-PHYSICAL FITNESS | STRENGTH TRAINING | BICYCLES PHYSICAL FITNESS,2.65,5.30
1709,773,Blogilates Jelly Hand Weight Dumbbell - 3lbs,,Blogilates,,OUTDOOR_SPORTS,NEW,,850052976132,1,11.99,BICYCLES-PHYSICAL FITNESS | STRENGTH TRAINING | BICYCLES PHYSICAL FITNESS,2.65,5.30
1710,774,Minnie Mouse Toddler Bike Helmet - Pink,,Bell Sports; Minnie Mouse; Disney; Disney Junior,,OUTDOOR_SPORTS,USED_GOOD,,035011964188,1,11.79,BICYCLES-PHYSICAL FITNESS | TODDLER HELMETS | BICYCLES PHYSICAL FITNESS,2.61,5.22
1711,775,Schwinn Airsport Plus Frame Pump,,Schwinn,,OUTDOOR_SPORTS,USED_GOOD,,038675111837,1,11.79,BICYCLES-PHYSICAL FITNESS | PUMPS | BICYCLES PHYSICAL FITNESS,2.61,5.22
1712,776,"30oz Stainless Steel Tumbler with Straw Cream - Embark: Portable Drinkware, Off-White",,Embark,,OUTDOOR_SPORTS,USED_GOOD,,197543640289,1,11.00,BICYCLES-PHYSICAL FITNESS | TUMBLER | BICYCLES PHYSICAL FITNESS,2.43,4.86
1713,777,"Premium Flat Band Kit - All In Motion: Latex Resistance Bands, Medium to Heavy",,All In Motion,,OUTDOOR_SPORTS,USED_GOOD,,198420041540,1,11.00,BICYCLES-PHYSICAL FITNESS | STRENGTH TRAINING | BICYCLES PHYSICAL FITNESS,2.43,4.86
1714,778,"1.6"" Segmented Jump Rope - Black - All In Motion: Polypropylene & TPR Material",,All In Motion,,OUTDOOR_SPORTS,NEW,,191802001774,1,11.00,BICYCLES-PHYSICAL FITNESS | HOME GYM | BICYCLES PHYSICAL FITNESS,2.43,4.86
1715,779,"Adjustable Hand Grip Trainer - All In Motion: TPR & ABS Material, Hand & Finger Exercise",,All In Motion,,OUTDOOR_SPORTS,NEW,,191802001828,1,11.00,BICYCLES-PHYSICAL FITNESS | STRENGTH TRAINING | BICYCLES PHYSICAL FITNESS,2.43,4.86
1716,780,"Men's Strength Training Gloves Black L - All In Motion: Neoprene, Weightlifting",,All In Motion,,OUTDOOR_SPORTS,NEW,,191907562743,1,10.00,BICYCLES-PHYSICAL FITNESS | STRENGTH TRAINING | BICYCLES PHYSICAL FITNESS,2.21,4.42
1717,781,64oz Tritan Beverage Plastic Water Bottle Soft Green - All In Motion‚Ñ¢,,All In Motion,,OUTDOOR_SPORTS,USED_GOOD,,198420024536,1,10.00,BICYCLES-PHYSICAL FITNESS | LARGE CAPACITY | BICYCLES PHYSICAL FITNESS,2.21,4.42
1718,782,"Men's Strength Training Gloves Black XL - All In Motion: Neoprene, Weightlifting",,All In Motion,,OUTDOOR_SPORTS,NEW,,191907562750,1,10.00,BICYCLES-PHYSICAL FITNESS | STRENGTH TRAINING | BICYCLES PHYSICAL FITNESS,2.21,4.42
1719,783,24oz Tritan Hydration Water Bottle - White - All in Motion: Portable Plastic Drinkware,,All In Motion,,OUTDOOR_SPORTS,USED_GOOD,,198420113537,1,10.00,BICYCLES-PHYSICAL FITNESS | MIXER | BICYCLES PHYSICAL FITNESS,2.21,4.42
1720,784,"20oz Stainless Steel Tumbler with Straw Purple - Embark: BPA-Free, Portable Drinkware",,Embark,,OUTDOOR_SPORTS,USED_GOOD,,198420113681,1,10.00,BICYCLES-PHYSICAL FITNESS | TUMBLER | BICYCLES PHYSICAL FITNESS,2.21,4.42
1721,785,"Premium Belt Bag Dusty Navy - All In Motion: Water-Resistant, Adjustable Strap",,All In Motion,,OUTDOOR_SPORTS,NEW,,198420122973,1,10.00,BICYCLES-PHYSICAL FITNESS | BAGS | BICYCLES PHYSICAL FITNESS,2.21,4.42
1722,786,"Brightz Streamer LED Bicycle Tassels - Pastel: Silicone & ABS Material, 24-Hour Battery",,Brightz,,OUTDOOR_SPORTS,LIKE_NEW,,811860032731,1,9.59,BICYCLES-PHYSICAL FITNESS | ACCESSORIES | BICYCLES PHYSICAL FITNESS,2.12,4.24
1723,787,"Tommie Copper Sport Compression Arm Support Sleeve - S/M: Joint Support, Polyester Material",,Tommie Copper,,OUTDOOR_SPORTS,USED_GOOD,,018713635822,1,7.29,BICYCLES-PHYSICAL FITNESS | MUSCLE THERAPY | BICYCLES PHYSICAL FITNESS,1.61,3.22
1724,788,Tommie Copper Sport Compression Wrist Sleeve - S/M: Supports & Braces for Adults,,Tommie Copper,,OUTDOOR_SPORTS,NEW,,018713631763,1,6.19,BICYCLES-PHYSICAL FITNESS | MUSCLE THERAPY | BICYCLES PHYSICAL FITNESS,1.37,2.74
1725,789,"Dumbbell 2lbs Violet - All In Motion: PVC Coated, Iron Filled, Single Weight",,All In Motion,,OUTDOOR_SPORTS,USED_GOOD,,018713638212,1,5.00,BICYCLES-PHYSICAL FITNESS | STRENGTH TRAINING | BICYCLES PHYSICAL FITNESS,1.10,2.20
1726,790,Blogilates 10 Pound Weighted Vest - Black,,Blogilates,,OUTDOOR_SPORTS,USED_GOOD,,850052976774,1,34.99,BICYCLES-PHYSICAL FITNESS | WEARABLES | BICYCLES PHYSICAL FITNESS,7.73,15.46
1727,791,"Roller Derby Sport Kids' Roller Skate - Dinosaur Blue/Black M: Adjustable, Padded Collar",,Roller Derby,,OUTDOOR_SPORTS,USED_GOOD,,049288364503,1,34.99,BICYCLES-PHYSICAL FITNESS | SKATES | BICYCLES PHYSICAL FITNESS,7.73,15.46
1728,792,Owala 30oz Stainless Steel FreeSip Sway - Eucalyptus,,Owala,,OUTDOOR_SPORTS,LIKE_NEW,,847280095049,1,34.99,BICYCLES-PHYSICAL FITNESS | STAINLESS STEEL | BICYCLES PHYSICAL FITNESS,7.73,15.46
1729,793,Melo Supernova Kick Scooter - Black,,Melo,,OUTDOOR_SPORTS,USED_GOOD,,5391544970641,1,33.99,BICYCLES-PHYSICAL FITNESS | 2-WHEEL SCOOTERS | BICYCLES PHYSICAL FITNESS,7.51,15.02
1730,794,"1.6"" Segmented Jump Rope - Black - All In Motion: Polypropylene & TPR Material",,All In Motion,,OUTDOOR_SPORTS,USED_GOOD,,191802001774,3,11.00,BICYCLES-PHYSICAL FITNESS | HOME GYM | BICYCLES PHYSICAL FITNESS,2.43,4.86
1731,795,Stability Exercise Ball Green 55cm - All In Motion,,All In Motion,,OUTDOOR_SPORTS,USED_GOOD,,191802002108,2,16.00,BICYCLES-PHYSICAL FITNESS | STRENGTH TRAINING | BICYCLES PHYSICAL FITNESS,3.54,7.08
1732,796,"Premium Fitness Yoga Mat 15mm Orange - All In Motion: Standard Size, Low Tack Grip, Solid Pattern",,All In Motion,,OUTDOOR_SPORTS,USED_GOOD,,018713658852,1,30.00,BICYCLES-PHYSICAL FITNESS | HOME GYM | BICYCLES PHYSICAL FITNESS,6.63,13.26
1733,797,"17.75"" Massage Stick Aqua Blue - All In Motion: Handheld Polyurethane Foam Massager",,All In Motion,,OUTDOOR_SPORTS,USED_GOOD,,191802000685,2,15.00,BICYCLES-PHYSICAL FITNESS | MUSCLE THERAPY | BICYCLES PHYSICAL FITNESS,3.31,6.62
1734,798,"Yoga Towel Blue - All In Motion: Sports Exercise Mat, Recycled Material",,All In Motion,,OUTDOOR_SPORTS,USED_GOOD,,191802001606,1,30.00,BICYCLES-PHYSICAL FITNESS | YOGA | BICYCLES PHYSICAL FITNESS,6.63,13.26
1735,799,Yoga Knit Socks - 4-10 - All In Motion,,All In Motion,,OUTDOOR_SPORTS,USED_GOOD,,198850949911,3,10.00,BICYCLES-PHYSICAL FITNESS | YOGA | BICYCLES PHYSICAL FITNESS,2.21,4.42
1736,800,McDavid Sport Knee Brace with Hinges - Black - L/XL,,McDavid,,OUTDOOR_SPORTS,USED_GOOD,,029369148369,1,29.99,BICYCLES-PHYSICAL FITNESS | MUSCLE THERAPY | BICYCLES PHYSICAL FITNESS,6.63,13.26
1737,801,Owala 24oz Stainless Steel Straw Tumbler - Lime Light,,Owala,,OUTDOOR_SPORTS,SALVAGE,,847280085125,1,29.99,BICYCLES-PHYSICAL FITNESS | TUMBLER | BICYCLES PHYSICAL FITNESS,6.63,13.26
1738,802,Owala 24oz Stainless Steel Straw Tumbler - Tangy Tango,,Owala,,OUTDOOR_SPORTS,USED_GOOD,,847280085149,1,29.99,BICYCLES-PHYSICAL FITNESS | TUMBLER | BICYCLES PHYSICAL FITNESS,6.63,13.26
1739,803,Owala 24oz Stainless Steel Straw Tumbler - Electric Orchid,,Owala,,OUTDOOR_SPORTS,NEW,,847280085132,1,29.99,BICYCLES-PHYSICAL FITNESS | TUMBLER | BICYCLES PHYSICAL FITNESS,6.63,13.26
1740,804,Owala 24oz FreeSip Twist Stainless Steel Water Bottle - Sleek,,Owala,,OUTDOOR_SPORTS,SALVAGE,,847280095896,1,29.99,BICYCLES-PHYSICAL FITNESS | STAINLESS STEEL | BICYCLES PHYSICAL FITNESS,6.63,13.26
1741,805,Owala 24oz Stainless Steel FreeSip Water Bottle - Summer Paradise,,Owala,,OUTDOOR_SPORTS,USED_GOOD,,840467302329,1,29.99,BICYCLES-PHYSICAL FITNESS | STAINLESS STEEL | BICYCLES PHYSICAL FITNESS,6.63,13.26
1742,806,Owala 24oz FreeSip Stainless Steel Water Bottle - Tangy Tango,,Owala,,OUTDOOR_SPORTS,USED_GOOD,,847280085361,1,29.99,BICYCLES-PHYSICAL FITNESS | STAINLESS STEEL | BICYCLES PHYSICAL FITNESS,6.63,13.26
1743,807,Owala 24oz FreeSip Twist Stainless Steel Water Bottle - Sleek,,Owala,,OUTDOOR_SPORTS,USED_GOOD,,847280095896,1,29.99,BICYCLES-PHYSICAL FITNESS | STAINLESS STEEL | BICYCLES PHYSICAL FITNESS,6.63,13.26
1744,808,Owala 24oz Stainless Steel FreeSip Twist Water Bottle - Summer Soiree,,Owala,,OUTDOOR_SPORTS,NEW,,840467303227,1,29.99,BICYCLES-PHYSICAL FITNESS | STAINLESS STEEL | BICYCLES PHYSICAL FITNESS,6.63,13.26
1745,809,Owala 20oz FreeSip Hearth & Hand with Magnolia - Autumn Apple,,Hearth & Hand with Magnolia; Owala,,OUTDOOR_SPORTS,SALVAGE,,840467304996,1,29.99,BICYCLES-PHYSICAL FITNESS | WARM BEV | BICYCLES PHYSICAL FITNESS,6.63,13.26
1746,810,"Blogilates 12 Week Fit Journal: Hard Cover, Elastic Closure, Preprinted Pages",,Blogilates,,OUTDOOR_SPORTS,NEW,,810054660187,1,29.49,BICYCLES-PHYSICAL FITNESS | ACCESSORIES | BICYCLES PHYSICAL FITNESS,6.52,13.04
1747,811,"Tommie Copper Sport Compression Arm Support Sleeve - L/XL: Joint Support, Polyester",,Tommie Copper,,OUTDOOR_SPORTS,USED_GOOD,,018713635839,4,7.29,BICYCLES-PHYSICAL FITNESS | MUSCLE THERAPY | BICYCLES PHYSICAL FITNESS,1.61,3.22
1748,812,"Dumbbell 8lbs Green - All In Motion: PVC Coated, Iron Filled, Single Piece",,All In Motion,,OUTDOOR_SPORTS,NEW,,018713638250,2,14.00,BICYCLES-PHYSICAL FITNESS | STRENGTH TRAINING | BICYCLES PHYSICAL FITNESS,3.09,6.18
1749,813,Bell Frenzy Youth Bike Helmet - Pink/Mint,,Bell,,OUTDOOR_SPORTS,USED_GOOD,,199270070216,1,27.99,BICYCLES-PHYSICAL FITNESS | YOUTH HELMETS | BICYCLES PHYSICAL FITNESS,6.19,12.38
1750,814,"Eight Ball Kids' 8+ Helmet - Gun Metal: Medium, Padded, Vented, Adjustable Strap",,Eight Ball,,OUTDOOR_SPORTS,USED_GOOD,,604352032063,1,26.99,BICYCLES-PHYSICAL FITNESS | YOUTH HELMETS | BICYCLES PHYSICAL FITNESS,5.96,11.92
1751,815,Up and Grow Bake Shop Pedal and Push Car,,Best Ride on Cars; Up and Grow,,OUTDOOR_SPORTS,NEW,,850045100759,1,26.31,BICYCLES-PHYSICAL FITNESS | FOOT TO FLOOR | BICYCLES PHYSICAL FITNESS,5.81,11.62
1752,816,Women's Varsity Stripe Yoga Crew Socks - All in Motion Black 4-10,,All In Motion,,OUTDOOR_SPORTS,USED_GOOD,,198850949874,2,13.00,BICYCLES-PHYSICAL FITNESS | YOGA | BICYCLES PHYSICAL FITNESS,2.87,5.74
1753,817,Bubba Celestial Dew 18+24oz Dual Sip Lid - Blue/Green,,Bubba,,OUTDOOR_SPORTS,NEW,,607869326113,2,12.99,BICYCLES-PHYSICAL FITNESS | ACCESSORIES | BICYCLES PHYSICAL FITNESS,2.87,5.74
1754,818,Bubba Celestial Dew 18+24oz Dual Sip Lid - Blue/Green,,Bubba,,OUTDOOR_SPORTS,USED_GOOD,,607869326113,2,12.99,BICYCLES-PHYSICAL FITNESS | ACCESSORIES | BICYCLES PHYSICAL FITNESS,2.87,5.74
1755,819,Wipeout Dry Erase Kids' Pad Set 3pk - Groovy: Cycling Protective Gear for Ages 5+ (Please be advised that sets may be missing pieces or otherwise incomplete.),,Wipeout,,OUTDOOR_SPORTS,NEW,,604352041058,2,12.79,BICYCLES-PHYSICAL FITNESS | ACCESSORIES | BICYCLES PHYSICAL FITNESS,2.83,5.66
1756,820,"Medicine Ball 10lbs - Blue - All In Motion: PVC Shell, Sand Fill",,All In Motion,,OUTDOOR_SPORTS,USED_GOOD,,191802001866,1,25.00,BICYCLES-PHYSICAL FITNESS | STRENGTH TRAINING | BICYCLES PHYSICAL FITNESS,5.52,11.04
1757,821,Ankle Weights Anti-microbial 4lbs 2pc - All In Motion: Adjustable Neoprene Pair (Please be advised that sets may be missing pieces or otherwise incomplete.),,All In Motion,,OUTDOOR_SPORTS,USED_GOOD,,191802000791,1,25.00,BICYCLES-PHYSICAL FITNESS | WEARABLES | BICYCLES PHYSICAL FITNESS,5.52,11.04
1758,822,"Medicine Ball 10lbs - Blue - All In Motion: PVC Shell, Sand Fill",,All In Motion,,OUTDOOR_SPORTS,USED_GOOD,,191802001866,1,25.00,BICYCLES-PHYSICAL FITNESS | STRENGTH TRAINING | BICYCLES PHYSICAL FITNESS,5.52,11.04
1759,823,Schwinn Classic Waves Toddler Helmet – Blue/Green,,Schwinn,,OUTDOOR_SPORTS,USED_GOOD,,038675290730,1,24.99,BICYCLES-PHYSICAL FITNESS | TODDLER HELMETS | BICYCLES PHYSICAL FITNESS,5.52,11.04
1760,824,Owala 16oz Kids' FreeSip Stainless Steel Water Bottle - Misty Meadow,,Owala,,OUTDOOR_SPORTS,NEW,,847280095728,1,24.99,BICYCLES-PHYSICAL FITNESS | STAINLESS STEEL | BICYCLES PHYSICAL FITNESS,5.52,11.04
1761,825,Mickey Mouse Cycling Infant Bike Helmet,,Mickey Mouse,,OUTDOOR_SPORTS,USED_GOOD,,035011994284,1,24.99,BICYCLES-PHYSICAL FITNESS | TODDLER HELMETS | BICYCLES PHYSICAL FITNESS,5.52,11.04
1762,826,Owala 16oz Kids' FreeSip Stainless Steel Water Bottle - Rocky Shore,,Owala,,OUTDOOR_SPORTS,USED_GOOD,,847280091072,1,24.99,BICYCLES-PHYSICAL FITNESS | STAINLESS STEEL | BICYCLES PHYSICAL FITNESS,5.52,11.04
1763,827,Owala 16oz Kids' FreeSip Stainless Steel Water Bottle - Periwinkle Twinkle,,Owala,,OUTDOOR_SPORTS,NEW,,847280095711,1,24.99,BICYCLES-PHYSICAL FITNESS | STAINLESS STEEL | BICYCLES PHYSICAL FITNESS,5.52,11.04
1764,828,Blackburn Hybrid Bike Tire 700c - Black,,Blackburn,,OUTDOOR_SPORTS,NEW,,035011995342,1,24.99,BICYCLES-PHYSICAL FITNESS | TIRES | BICYCLES PHYSICAL FITNESS,5.52,11.04
1765,829,Blogilates Jelly Hand Weight Dumbbell - 10lbs,,Blogilates,,OUTDOOR_SPORTS,USED_GOOD,,850052976156,1,23.99,BICYCLES-PHYSICAL FITNESS | STRENGTH TRAINING | BICYCLES PHYSICAL FITNESS,5.30,10.60
1766,830,"Blackburn 20"" Self Sealing Bike Tube - Black",,Blackburn,,OUTDOOR_SPORTS,USED_GOOD,,035011995243,2,11.99,BICYCLES-PHYSICAL FITNESS | TUBES | BICYCLES PHYSICAL FITNESS,2.65,5.30
1767,831,"Blackburn 26"" Cruiser Bike Tire - Black",,Blackburn,,OUTDOOR_SPORTS,NEW,,035011995373,1,22.49,BICYCLES-PHYSICAL FITNESS | TIRES | BICYCLES PHYSICAL FITNESS,4.97,9.94
1768,832,"Hydro Flask 32oz Wide Mouth Flex Straw Bottle - Oat: Double-Wall, BPA-Free, Leakproof",,Hydro Flask,,OUTDOOR_SPORTS,NEW,,810096851208,1,21.99,BICYCLES-PHYSICAL FITNESS | STAINLESS STEEL | BICYCLES PHYSICAL FITNESS,4.86,9.72
1769,833,"Tommie Copper Sport Compression Ankle Support Sleeve - S/M: Joint Support, Polyester",,Tommie Copper,,OUTDOOR_SPORTS,USED_GOOD,,018713631794,2,10.89,BICYCLES-PHYSICAL FITNESS | MUSCLE THERAPY | BICYCLES PHYSICAL FITNESS,2.41,4.82
1770,834,"Tommie Copper Sport Compression Ankle Support Sleeve - L/XL: Joint Support, Polyester",,Tommie Copper,,OUTDOOR_SPORTS,USED_GOOD,,018713631800,2,10.89,BICYCLES-PHYSICAL FITNESS | MUSCLE THERAPY | BICYCLES PHYSICAL FITNESS,2.41,4.82
1771,835,Muscle Hook Acupressure Massager - Black - All In Motion,,All In Motion,,OUTDOOR_SPORTS,USED_GOOD,,191802002047,1,21.00,BICYCLES-PHYSICAL FITNESS | MUSCLE THERAPY | BICYCLES PHYSICAL FITNESS,4.64,9.28
1772,836,Raskullz Super Rainbowcorn Child Bike Helmet,,Raskullz,,OUTDOOR_SPORTS,USED_GOOD,,847268000423,1,20.99,BICYCLES-PHYSICAL FITNESS | CHILD HELMETS | BICYCLES PHYSICAL FITNESS,4.64,9.28
1773,837,"Men's Strength Training Gloves Black M - All In Motion: Neoprene, Weightlifting",,All In Motion,,OUTDOOR_SPORTS,USED_GOOD,,191907562804,2,10.00,BICYCLES-PHYSICAL FITNESS | STRENGTH TRAINING | BICYCLES PHYSICAL FITNESS,2.21,4.42
1774,838,64oz Stainless Steel Vacuum Insulated Water Bottle Chalk - All In Motion: Portable Drinkware,,All In Motion,,OUTDOOR_SPORTS,USED_GOOD,,707849153200,1,20.00,BICYCLES-PHYSICAL FITNESS | LARGE CAPACITY | BICYCLES PHYSICAL FITNESS,4.42,8.84
1775,839,"Belt Fanny Pack Cream - All In Motion: Adjustable Strap, Solid Pattern",,All In Motion,,OUTDOOR_SPORTS,NEW,,198420122867,1,20.00,BICYCLES-PHYSICAL FITNESS | BAGS | BICYCLES PHYSICAL FITNESS,4.42,8.84
1776,840,"Belt Fanny Pack Blush - All In Motion: Adjustable Strap, Solid Pattern",,All In Motion,,OUTDOOR_SPORTS,NEW,,198420122980,1,20.00,BICYCLES-PHYSICAL FITNESS | BAGS | BICYCLES PHYSICAL FITNESS,4.42,8.84
1777,841,Yoga Mat Towel Gray- All In Motion: Polyester Sports Accessory,,All In Motion,,OUTDOOR_SPORTS,USED_GOOD,,191907491616,1,20.00,BICYCLES-PHYSICAL FITNESS | YOGA | BICYCLES PHYSICAL FITNESS,4.42,8.84
1778,842,64oz Stainless Steel Vacuum Insulated Water Bottle Black - All In Motion: Portable Drinkware,,All In Motion,,OUTDOOR_SPORTS,USED_GOOD,,707849153194,1,20.00,BICYCLES-PHYSICAL FITNESS | LARGE CAPACITY | BICYCLES PHYSICAL FITNESS,4.42,8.84
1779,843,Gaiam Studio Select 3-in-1 Resistance Tube,,Gaiam,,OUTDOOR_SPORTS,USED_GOOD,,018713665294,1,19.99,BICYCLES-PHYSICAL FITNESS | STRENGTH TRAINING | BICYCLES PHYSICAL FITNESS,4.42,8.84
1780,844,Frozen Kids' Roller Skate with Pad Set (Please be advised that sets may be missing pieces or otherwise incomplete.),,Frozen,,OUTDOOR_SPORTS,NEW,,192995514355,1,19.99,BICYCLES-PHYSICAL FITNESS | SKATES | BICYCLES PHYSICAL FITNESS,4.42,8.84
1781,845,Raskullz Kids' Bike Basket with Charms - Lavendar,,Raskullz,,OUTDOOR_SPORTS,USED_GOOD,,847268024603,1,19.99,BICYCLES-PHYSICAL FITNESS | KIDS ACCESSORIES | BICYCLES PHYSICAL FITNESS,4.42,8.84
1782,846,Tommie Copper Sport Compression Wrist Sleeve - S/M: Supports & Braces for Adults,,Tommie Copper,,OUTDOOR_SPORTS,USED_GOOD,,018713631763,3,6.19,BICYCLES-PHYSICAL FITNESS | MUSCLE THERAPY | BICYCLES PHYSICAL FITNESS,1.37,2.74
1783,847,Blogilates Water Bottle Sling - Black,,Blogilates,,OUTDOOR_SPORTS,NEW,,850052976699,1,17.99,BICYCLES-PHYSICAL FITNESS | ACCESSORIES | BICYCLES PHYSICAL FITNESS,3.98,7.96
1784,848,Blogilates Water Bottle Sling - Pink Gingham,,Blogilates,,OUTDOOR_SPORTS,USED_GOOD,,850052976712,1,17.99,BICYCLES-PHYSICAL FITNESS | ACCESSORIES | BICYCLES PHYSICAL FITNESS,3.98,7.96
1785,849,Blogilates Water Bottle Sling - Peach: Polyethylene & Polyester Drinkware Accessory,,Blogilates,,OUTDOOR_SPORTS,NEW,,850028476888,1,17.99,BICYCLES-PHYSICAL FITNESS | ACCESSORIES | BICYCLES PHYSICAL FITNESS,3.98,7.96
1786,850,Blogilates Water Bottle Sling - Cream Floral,,Blogilates,,OUTDOOR_SPORTS,NEW,,850052976705,1,17.99,BICYCLES-PHYSICAL FITNESS | ACCESSORIES | BICYCLES PHYSICAL FITNESS,3.98,7.96
1787,851,"Master Lock 7.25"" U Lock with Looped End Cable: Bike Security",,Master Lock,,OUTDOOR_SPORTS,USED_GOOD,,071649283321,1,17.49,BICYCLES-PHYSICAL FITNESS | ACCESSORIES | BICYCLES PHYSICAL FITNESS,3.87,7.74
1788,852,Masterlock ULock Key - Black,,Master Lock,,OUTDOOR_SPORTS,USED_GOOD,,716492052556,1,16.99,BICYCLES-PHYSICAL FITNESS | LOCKS | BICYCLES PHYSICAL FITNESS,3.75,7.50
1789,853,BlenderBottle 24oz Strada Tritan Shaker Bottle - Green: Leakproof Shaker,,BlenderBottle,,OUTDOOR_SPORTS,USED_GOOD,,847280092604,1,15.99,BICYCLES-PHYSICAL FITNESS | MIXER | BICYCLES PHYSICAL FITNESS,3.53,7.06
1790,854,BlenderBottle 24oz Strada Tritan Shaker Cup - White,,BlenderBottle,,OUTDOOR_SPORTS,NEW,,840467308192,1,15.99,BICYCLES-PHYSICAL FITNESS | MIXER | BICYCLES PHYSICAL FITNESS,3.53,7.06
1791,855,BlenderBottle 24oz Strada Tritan Shaker Cup - Confetti,,BlenderBottle,,OUTDOOR_SPORTS,USED_GOOD,,840467308215,1,15.99,BICYCLES-PHYSICAL FITNESS | MIXER | BICYCLES PHYSICAL FITNESS,3.53,7.06
1792,856,40oz Stainless Steel Tumbler with Straw Light Blue - Embark,,Embark,,OUTDOOR_SPORTS,USED_GOOD,,197543649961,2,15.00,BICYCLES-PHYSICAL FITNESS | TUMBLER | BICYCLES PHYSICAL FITNESS,3.31,6.62
1793,857,"Posture Corrector Back Brace Stretcher - All In Motion: Nylon, 300lb Capacity",,All In Motion,,OUTDOOR_SPORTS,USED_GOOD,,018713658876,2,15.00,BICYCLES-PHYSICAL FITNESS | MUSCLE THERAPY | BICYCLES PHYSICAL FITNESS,3.31,6.62
1794,858,Owala 20oz Stainless Steel SmoothSip Travel Mug - Golden Quest,,Owala,,OUTDOOR_SPORTS,USED_GOOD,,847280094011,1,29.99,BICYCLES-PHYSICAL FITNESS | WARM BEV | BICYCLES PHYSICAL FITNESS,6.63,13.26
1795,859,Owala 24oz FreeSip Stainless Steel Water Bottle  - Periwinkle Twinkle,,Owala,,OUTDOOR_SPORTS,SALVAGE,,847280095735,1,29.99,BICYCLES-PHYSICAL FITNESS | STAINLESS STEEL | BICYCLES PHYSICAL FITNESS,6.63,13.26
1796,860,Owala 24oz Stainless Steel FreeSip Water Bottle - In Good Company,,Owala,,OUTDOOR_SPORTS,NEW,,840467308345,1,29.99,BICYCLES-PHYSICAL FITNESS | STAINLESS STEEL | BICYCLES PHYSICAL FITNESS,6.63,13.26
1797,861,Owala 24oz FreeSip Stainless Steel Water Bottle - Very Very Dark,,Owala,,OUTDOOR_SPORTS,USED_GOOD,,847280071920,1,29.99,BICYCLES-PHYSICAL FITNESS | STAINLESS STEEL | BICYCLES PHYSICAL FITNESS,6.63,13.26
1798,862,Owala 24oz FreeSip Stainless Steel Water Bottle - Sandy Shores,,Owala,,OUTDOOR_SPORTS,NEW,,847280085347,1,29.99,BICYCLES-PHYSICAL FITNESS | STAINLESS STEEL | BICYCLES PHYSICAL FITNESS,6.63,13.26
1799,863,Owala 24oz FreeSip Stainless Steel Water Bottle - Tangy Tango,,Owala,,OUTDOOR_SPORTS,SALVAGE,,847280085361,1,29.99,BICYCLES-PHYSICAL FITNESS | STAINLESS STEEL | BICYCLES PHYSICAL FITNESS,6.63,13.26
1800,864,Owala 20oz Stainless Steel SmoothSip Travel Mug - Golden Quest,,Owala,,OUTDOOR_SPORTS,LIKE_NEW,,847280094011,1,29.99,BICYCLES-PHYSICAL FITNESS | WARM BEV | BICYCLES PHYSICAL FITNESS,6.63,13.26
1801,865,Owala 24oz FreeSip TWIST Stainless Steel Water Bottle - Kickflip,,Owala,,OUTDOOR_SPORTS,USED_GOOD,,847280095940,1,29.99,BICYCLES-PHYSICAL FITNESS | STAINLESS STEEL | BICYCLES PHYSICAL FITNESS,6.63,13.26
1802,866,Owala 24oz FreeSip Stainless Steel Water Bottle  - Misty Meadow,,Owala,,OUTDOOR_SPORTS,SALVAGE,,847280095742,1,29.99,BICYCLES-PHYSICAL FITNESS | STAINLESS STEEL | BICYCLES PHYSICAL FITNESS,6.63,13.26
1803,867,Owala 24oz FreeSip Stainless Steel Water Bottle - Hearth & Hand with Magnolia - Fruit Tart,,Owala; Hearth & Hand with Magnolia,,OUTDOOR_SPORTS,NEW,,847280097302,1,29.99,BICYCLES-PHYSICAL FITNESS | STAINLESS STEEL | BICYCLES PHYSICAL FITNESS,6.63,13.26
1804,868,Owala 24oz Stainless Steel FreeSip Twist Water Bottle - Shocking Grape,,Owala,,OUTDOOR_SPORTS,USED_GOOD,,840467303234,1,29.99,BICYCLES-PHYSICAL FITNESS | STAINLESS STEEL | BICYCLES PHYSICAL FITNESS,6.63,13.26
1805,869,Owala 24oz Stainless Steel FreeSip Twist Water Bottle - Bubblegum Burst,,Owala,,OUTDOOR_SPORTS,USED_GOOD,,840467303746,1,29.99,BICYCLES-PHYSICAL FITNESS | STAINLESS STEEL | BICYCLES PHYSICAL FITNESS,6.63,13.26
1806,870,Owala 24oz FreeSip Hearth & Hand with Magnolia - Sunflower Bouquet,,Hearth & Hand with Magnolia; Owala,,OUTDOOR_SPORTS,USED_GOOD,,840467305016,1,29.99,BICYCLES-PHYSICAL FITNESS | STAINLESS STEEL | BICYCLES PHYSICAL FITNESS,6.63,13.26
1807,871,Owala 24oz Stainless Steel FreeSip Water Bottle - Out of the Blue,,Owala,,OUTDOOR_SPORTS,SALVAGE,,840467308369,1,29.99,BICYCLES-PHYSICAL FITNESS | STAINLESS STEEL | BICYCLES PHYSICAL FITNESS,6.63,13.26
1808,872,"McDavid Sport Compression Knit Ankle Sleeve with Gel Buttress - (S /M): Joint Support, Nylon & Spandex, Age 16+",,McDavid,,OUTDOOR_SPORTS,NEW,,029369148260,2,14.99,BICYCLES-PHYSICAL FITNESS | MUSCLE THERAPY | BICYCLES PHYSICAL FITNESS,3.31,6.62
1809,873,Bell Frenzy Youth Bike Helmet - Pink/Mint,,Bell,,OUTDOOR_SPORTS,USED_GOOD,,199270070216,1,27.99,BICYCLES-PHYSICAL FITNESS | YOUTH HELMETS | BICYCLES PHYSICAL FITNESS,6.19,12.38
1810,874,"TriggerPoint NANO Foot Roller - Orange: EVA Foam, Whole Body Therapy",,TriggerPoint,,OUTDOOR_SPORTS,USED_GOOD,,858787002973,1,26.99,BICYCLES-PHYSICAL FITNESS | MUSCLE THERAPY | BICYCLES PHYSICAL FITNESS,5.96,11.92
1811,875,"24oz Stainless Steel Hydration Water Bottle - Purple - Embark: Portable Drinkware, Polypropylene Lid",,Embark,,OUTDOOR_SPORTS,USED_GOOD,,198420113490,2,13.00,BICYCLES-PHYSICAL FITNESS | STAINLESS STEEL | BICYCLES PHYSICAL FITNESS,2.87,5.74
1812,876,Schwinn Cyclone Plus Bike Pump - White,,Schwinn,,OUTDOOR_SPORTS,USED_GOOD,,038675121447,1,25.99,BICYCLES-PHYSICAL FITNESS | ACCESSORIES | BICYCLES PHYSICAL FITNESS,5.74,11.48
1813,877,"McDavid 9-10"" Sport Ankle Sleeve with Wrap Support - L/XL: Muscle Pain Relief, Joint Brace",,McDavid,,OUTDOOR_SPORTS,USED_GOOD,,029369153783,2,12.99,BICYCLES-PHYSICAL FITNESS | MUSCLE THERAPY | BICYCLES PHYSICAL FITNESS,2.87,5.74
1814,878,"Brightz Ride LED - Star: ABS Bike Lights, Handlebar & Seat Post Mount, 11-Hour Battery",,Brightz,,OUTDOOR_SPORTS,USED_GOOD,,811860032892,1,25.49,BICYCLES-PHYSICAL FITNESS | ACCESSORIES | BICYCLES PHYSICAL FITNESS,5.63,11.26
1815,879,Spider-Man Classic Toddler Helmet,,Bell,,OUTDOOR_SPORTS,NEW,,035011978659,1,24.99,BICYCLES-PHYSICAL FITNESS | TODDLER HELMETS | BICYCLES PHYSICAL FITNESS,5.52,11.04
1816,880,Owala 16oz Kids' FreeSip Stainless Steel Water Bottle - Very Very Dark,,Owala,,OUTDOOR_SPORTS,NEW,,847280080533,1,24.99,BICYCLES-PHYSICAL FITNESS | STAINLESS STEEL | BICYCLES PHYSICAL FITNESS,5.52,11.04
1817,881,Owala 16oz Kids' FreeSip Stainless Steel Water Bottle - Periwinkle Twinkle,,Owala,,OUTDOOR_SPORTS,USED_GOOD,,847280095711,1,24.99,BICYCLES-PHYSICAL FITNESS | STAINLESS STEEL | BICYCLES PHYSICAL FITNESS,5.52,11.04
1818,882,Mickey Mouse Cycling Infant Bike Helmet,,Mickey Mouse,,OUTDOOR_SPORTS,NEW,,035011994284,1,24.99,BICYCLES-PHYSICAL FITNESS | TODDLER HELMETS | BICYCLES PHYSICAL FITNESS,5.52,11.04
1819,883,Schwinn Classic Waves Toddler Helmet – Blue/Green,,Schwinn,,OUTDOOR_SPORTS,USED_GOOD,,038675290730,1,24.99,BICYCLES-PHYSICAL FITNESS | TODDLER HELMETS | BICYCLES PHYSICAL FITNESS,5.52,11.04
1820,884,"Tommie Copper Sport Compression Knee High Socks 2pk - S/M: Leg Support, Microfiber, Adult (Please be advised that sets may be missing pieces or otherwise incomplete.)",,Tommie Copper,,OUTDOOR_SPORTS,USED_GOOD,,018713631817,2,12.29,BICYCLES-PHYSICAL FITNESS | MUSCLE THERAPY | BICYCLES PHYSICAL FITNESS,2.72,5.44
1821,885,"Dumbbell 15lbs Blue - All In Motion: PVC Coated, Iron Core, Total Body Workout",,All In Motion,,OUTDOOR_SPORTS,USED_GOOD,,018713638281,1,24.00,BICYCLES-PHYSICAL FITNESS | STRENGTH TRAINING | BICYCLES PHYSICAL FITNESS,5.30,10.60
1822,886,"Dumbbell 5lbs Aqua - All In Motion: PVC Coated, Iron Filled, Arm Workout",,All In Motion,,OUTDOOR_SPORTS,USED_GOOD,,018713638236,2,12.00,BICYCLES-PHYSICAL FITNESS | STRENGTH TRAINING | BICYCLES PHYSICAL FITNESS,2.65,5.30
1823,887,"Hydro Flask 32oz All Around Travel Straw Tumbler - Black: Double-Wall, BPA-Free, Spillproof",,Hydro Flask,,OUTDOOR_SPORTS,NEW,,840394216973,1,23.99,BICYCLES-PHYSICAL FITNESS | TUMBLER | BICYCLES PHYSICAL FITNESS,5.30,10.60
1824,888,"Tommie 10-14"" Copper Sport Compression Calf Sleeve - S/M: Leg Support, Polyester Material",,Tommie Copper,,OUTDOOR_SPORTS,USED_GOOD,,018713635877,2,11.89,BICYCLES-PHYSICAL FITNESS | MUSCLE THERAPY | BICYCLES PHYSICAL FITNESS,2.63,5.26
1825,889,Bell Richter Cycling Kids' Bike Helmet - Black/Blue,,Bell,,OUTDOOR_SPORTS,NEW,,035011978130,1,22.99,BICYCLES-PHYSICAL FITNESS | YOUTH HELMETS | BICYCLES PHYSICAL FITNESS,5.08,10.16
1826,890,"Hydro Flask 32oz Wide Mouth Flex Straw Travel Bottle - Trillium: BPA-Free, Vacuum-Insulated",,Hydro Flask,,OUTDOOR_SPORTS,USED_GOOD,,840394202952,1,21.99,BICYCLES-PHYSICAL FITNESS | STAINLESS STEEL | BICYCLES PHYSICAL FITNESS,4.86,9.72
1827,891,Helimix 28oz Shaker Water Bottle - White,,Helimix,,OUTDOOR_SPORTS,NEW,,852519008127,1,21.99,BICYCLES-PHYSICAL FITNESS | MIXER | BICYCLES PHYSICAL FITNESS,4.86,9.72
1828,892,Soft Kettlebell 5lb Cream - All In Motion,,All In Motion,,OUTDOOR_SPORTS,USED_GOOD,,191802002030,1,21.00,BICYCLES-PHYSICAL FITNESS | STRENGTH TRAINING | BICYCLES PHYSICAL FITNESS,4.64,9.28
1829,893,"Blackburn 26"" Comfort Bike Tire - Black",,Blackburn,,OUTDOOR_SPORTS,NEW,,035011995397,1,20.99,BICYCLES-PHYSICAL FITNESS | TIRES | BICYCLES PHYSICAL FITNESS,4.64,9.28
1830,894,"Blogilates Sweat Resistant Hat - Black: Moisture Wicking, Quick Drying, Ponytail Opening",,Blogilates,,OUTDOOR_SPORTS,USED_GOOD,,850028476710,1,20.99,BICYCLES-PHYSICAL FITNESS | ACCESSORIES | BICYCLES PHYSICAL FITNESS,4.64,9.28
1831,895,20oz Stainless Steel Straw Tumbler - Black - Embark‚Ñ¢,,Embark,,OUTDOOR_SPORTS,USED_GOOD,,198420113612,2,10.00,BICYCLES-PHYSICAL FITNESS | TUMBLER | BICYCLES PHYSICAL FITNESS,2.21,4.42
1832,896,Yoga Hand Towel Blue - All In Motion: Polyester Sports Accessory,,All In Motion,,OUTDOOR_SPORTS,NEW,,191907491623,1,20.00,BICYCLES-PHYSICAL FITNESS | YOGA | BICYCLES PHYSICAL FITNESS,4.42,8.84
1833,897,"Weighted Stability Exercise Ball - Red 65cm - All In Motion: PVC, 300lb Capacity",,All In Motion,,OUTDOOR_SPORTS,USED_GOOD,,191802001842,1,20.00,BICYCLES-PHYSICAL FITNESS | STRENGTH TRAINING | BICYCLES PHYSICAL FITNESS,4.42,8.84
1834,898,"Belt Fanny Pack Blush - All In Motion: Adjustable Strap, Solid Pattern",,All In Motion,,OUTDOOR_SPORTS,NEW,,198420122980,1,20.00,BICYCLES-PHYSICAL FITNESS | BAGS | BICYCLES PHYSICAL FITNESS,4.42,8.84
1835,899,"Kryptonite Combination U-Lock - Black: Secure Bike Lock, U-Locks Type",,Kryptonite,,OUTDOOR_SPORTS,NEW,,720018005292,1,19.99,BICYCLES-PHYSICAL FITNESS | ACCESSORIES | BICYCLES PHYSICAL FITNESS,4.42,8.84
1836,900,"Blackburn 27.5"" Mountain Bike Tire - Black",,Blackburn,,OUTDOOR_SPORTS,NEW,,035011995380,1,19.99,BICYCLES-PHYSICAL FITNESS | TIRES | BICYCLES PHYSICAL FITNESS,4.42,8.84
1837,901,"Blogilates 64oz Half Gallon Plastic Water Bottle - Blue Ombre: BPA-Free PETG, Portable Drinkware",,Blogilates,,OUTDOOR_SPORTS,USED_GOOD,,850028476734,1,19.99,BICYCLES-PHYSICAL FITNESS | ACCESSORIES | BICYCLES PHYSICAL FITNESS,4.42,8.84
1838,902,"Blackburn 27.5"" Mountain Bike Tire - Black",,Blackburn,,OUTDOOR_SPORTS,USED_GOOD,,035011995380,1,19.99,BICYCLES-PHYSICAL FITNESS | TIRES | BICYCLES PHYSICAL FITNESS,4.42,8.84
1839,903,Fabric Round Hip Band Set - All In Motion: Polyester Rubber Resistance Bands (Please be advised that sets may be missing pieces or otherwise incomplete.),,All In Motion,,OUTDOOR_SPORTS,USED_GOOD,,191802001811,1,18.00,BICYCLES-PHYSICAL FITNESS | STRENGTH TRAINING | BICYCLES PHYSICAL FITNESS,3.98,7.96
1840,904,Blogilates Water Bottle Sling - Cream Floral,,Blogilates,,OUTDOOR_SPORTS,USED_GOOD,,850052976705,1,17.99,BICYCLES-PHYSICAL FITNESS | ACCESSORIES | BICYCLES PHYSICAL FITNESS,3.98,7.96
1841,905,Brightz Bike Noisemaker - Beige: Universal ABS Accessory,,Brightz,,OUTDOOR_SPORTS,NEW,,811860035404,3,5.84,BICYCLES-PHYSICAL FITNESS | BIKE ACCESSORIES | BICYCLES PHYSICAL FITNESS,1.29,2.58
1842,906,"Master Lock 7.25"" U Lock with Looped End Cable: Bike Security",,Master Lock,,OUTDOOR_SPORTS,NEW,,071649283321,1,17.49,BICYCLES-PHYSICAL FITNESS | ACCESSORIES | BICYCLES PHYSICAL FITNESS,3.87,7.74
1843,907,Blogilates 19oz Glass Protein Shaker Bottle with Silicone Sleeve - Blue,,Blogilates,,OUTDOOR_SPORTS,NEW,,850052976606,1,16.99,BICYCLES-PHYSICAL FITNESS | ACCESSORIES | BICYCLES PHYSICAL FITNESS,3.75,7.50
1844,908,Stability Exercise Ball Gray 75cm - All In Motion,,All In Motion,,OUTDOOR_SPORTS,USED_GOOD,,191802002085,1,16.00,BICYCLES-PHYSICAL FITNESS | STRENGTH TRAINING | BICYCLES PHYSICAL FITNESS,3.54,7.08
1845,909,BlenderBottle 24oz Strada Tritan Shaker Bottle - Green: Leakproof Shaker,,BlenderBottle,,OUTDOOR_SPORTS,NEW,,847280092604,1,15.99,BICYCLES-PHYSICAL FITNESS | MIXER | BICYCLES PHYSICAL FITNESS,3.53,7.06
1846,910,"Gatorade 12oz Stainless Steel Water Bottle - Yellow: Portable Drinkware, Plastic Lid",,Gatorade,,OUTDOOR_SPORTS,NEW,,052000056082,1,15.99,BICYCLES-PHYSICAL FITNESS | STAINLESS STEEL | BICYCLES PHYSICAL FITNESS,3.53,7.06
1847,911,BlenderBottle 24oz Strada Tritan Shaker Bottle - Clear/Plum: Leakproof Shaker,,BlenderBottle,,OUTDOOR_SPORTS,USED_GOOD,,847280092598,1,15.99,BICYCLES-PHYSICAL FITNESS | MIXER | BICYCLES PHYSICAL FITNESS,3.53,7.06
1848,912,BlenderBottle 24oz Strada Tritan Shaker Bottle - Green: Leakproof Shaker,,BlenderBottle,,OUTDOOR_SPORTS,NEW,,847280092604,1,15.99,BICYCLES-PHYSICAL FITNESS | MIXER | BICYCLES PHYSICAL FITNESS,3.53,7.06
1849,913,Gaiam Studio Select Circle Weight 5lb Dumbbell,,Gaiam,,OUTDOOR_SPORTS,USED_GOOD,,018713665317,1,15.99,BICYCLES-PHYSICAL FITNESS | STRENGTH TRAINING | BICYCLES PHYSICAL FITNESS,3.53,7.06
1850,914,BlenderBottle 24oz Strada Tritan Shaker Cup - White,,BlenderBottle,,OUTDOOR_SPORTS,USED_GOOD,,840467308192,1,15.99,BICYCLES-PHYSICAL FITNESS | MIXER | BICYCLES PHYSICAL FITNESS,3.53,7.06
1851,915,"Honey Stinger Organic Gluten Free Cookies and Cream Waffle - 6pk: Ready to Eat Snack Bars, 6.36oz, 1g Protein (Please be advised that sets may be missing pieces or otherwise incomplete.)",,Honey Stinger,,OUTDOOR_SPORTS,NEW,,810815025545,2,7.89,BICYCLES-PHYSICAL FITNESS | NUTRITION | BICYCLES PHYSICAL FITNESS,1.74,3.48
1852,916,Schwinn Sport MF Dual Strap Seat Cover,,Schwinn,,OUTDOOR_SPORTS,USED_GOOD,,038675198708,1,15.29,BICYCLES-PHYSICAL FITNESS | SEATS | BICYCLES PHYSICAL FITNESS,3.38,6.76
1853,917,Yoga Mat Blue (3mm) - All In Motion,,All In Motion,,OUTDOOR_SPORTS,USED_GOOD,,191802001972,1,15.00,BICYCLES-PHYSICAL FITNESS | YOGA | BICYCLES PHYSICAL FITNESS,3.31,6.62
1854,918,Yoga Mat Pink (3mm) - All In Motion,,All In Motion,,OUTDOOR_SPORTS,USED_GOOD,,191802001965,1,15.00,BICYCLES-PHYSICAL FITNESS | YOGA | BICYCLES PHYSICAL FITNESS,3.31,6.62
1855,919,Pilates Ring Yoga Wheels - All In Motion Black,,All In Motion,,OUTDOOR_SPORTS,USED_GOOD,,198850949898,1,15.00,BICYCLES-PHYSICAL FITNESS | PILATES | BICYCLES PHYSICAL FITNESS,3.31,6.62
1856,920,Yoga Mat Gray (3mm) - All In Motion,,All In Motion,,OUTDOOR_SPORTS,USED_GOOD,,191802001934,1,15.00,BICYCLES-PHYSICAL FITNESS | YOGA | BICYCLES PHYSICAL FITNESS,3.31,6.62
1857,921,"Stretch Strap - All In Motion: Yoga Accessory, 100% Recycled PET",,All In Motion,,OUTDOOR_SPORTS,USED_GOOD,,196365807160,1,15.00,BICYCLES-PHYSICAL FITNESS | MUSCLE THERAPY | BICYCLES PHYSICAL FITNESS,3.31,6.62
1858,922,Adjustable Handheld Roller - All In Motion: TPR Manual Body Massager,,All In Motion,,OUTDOOR_SPORTS,USED_GOOD,,018713658906,1,15.00,BICYCLES-PHYSICAL FITNESS | MUSCLE THERAPY | BICYCLES PHYSICAL FITNESS,3.31,6.62
1859,923,"32oz Stainless Steel Hydration Water Bottle - Green - Embark: Portable Drinkware, Polypropylene Lid",,Embark,,OUTDOOR_SPORTS,NEW,,198420113711,1,15.00,BICYCLES-PHYSICAL FITNESS | STAINLESS STEEL | BICYCLES PHYSICAL FITNESS,3.31,6.62
1860,924,"13"" Deep Tissue Foam Roller - Aqua Blue - All In Motion: EVA Material, Whole Body Use",,All In Motion,,OUTDOOR_SPORTS,USED_GOOD,,198420041496,1,15.00,BICYCLES-PHYSICAL FITNESS | MUSCLE THERAPY | BICYCLES PHYSICAL FITNESS,3.31,6.62
1861,925,"32oz Stainless Steel Hydration Water Bottle - Cream - Embark: Portable Drinkware, Polypropylene Lid",,Embark,,OUTDOOR_SPORTS,USED_GOOD,,198420113674,1,15.00,BICYCLES-PHYSICAL FITNESS | STAINLESS STEEL | BICYCLES PHYSICAL FITNESS,3.31,6.62
1862,926,Ignite by SPRI Resistance Cord - Heavy: Rubber Bands for Legs & Arms,,Ignite by SPRI,,OUTDOOR_SPORTS,USED_GOOD,,759026717255,1,14.99,BICYCLES-PHYSICAL FITNESS | STRENGTH TRAINING | BICYCLES PHYSICAL FITNESS,3.31,6.62
1863,927,Brightz Shape Patterned Bike Wheel LED Light: Silicone Reflector Accessory,,Brightz,,OUTDOOR_SPORTS,LIKE_NEW,,811860032205,1,14.99,BICYCLES-PHYSICAL FITNESS | ACCESSORIES | BICYCLES PHYSICAL FITNESS,3.31,6.62
1864,928,Champion Game-Ready Chug Bottle 40oz - Dark Forest/Gray Blue,,Champion,,OUTDOOR_SPORTS,USED_GOOD,,018713666673,1,14.99,BICYCLES-PHYSICAL FITNESS | SIDELINE | BICYCLES PHYSICAL FITNESS,3.31,6.62
1865,929,Champion Game-Ready Chug Bottle 40oz - Red,,Champion,,OUTDOOR_SPORTS,USED_GOOD,,018713666109,1,14.99,BICYCLES-PHYSICAL FITNESS | SIDELINE | BICYCLES PHYSICAL FITNESS,3.31,6.62
1866,930,Wrist/Ankle Weight 2pc 1lb Set - All In Motion (Please be advised that sets may be missing pieces or otherwise incomplete.),,All In Motion,,OUTDOOR_SPORTS,NEW,,191802002078,1,13.00,BICYCLES-PHYSICAL FITNESS | WEARABLES | BICYCLES PHYSICAL FITNESS,2.87,5.74
1867,931,"Hand Recovery Handheld Massager Kit - All In Motion: TPR Material, Manual Power",,All In Motion,,OUTDOOR_SPORTS,USED_GOOD,,018713658890,1,13.00,BICYCLES-PHYSICAL FITNESS | MUSCLE THERAPY | BICYCLES PHYSICAL FITNESS,2.87,5.74
1868,932,"24oz Stainless Steel Hydration Water Bottle - Black - Embark: Portable Drinkware, Polypropylene Lid",,Embark,,OUTDOOR_SPORTS,USED_GOOD,,198420113506,1,13.00,BICYCLES-PHYSICAL FITNESS | STAINLESS STEEL | BICYCLES PHYSICAL FITNESS,2.87,5.74
1869,933,"BlenderBottle 20oz Classic V2 Plastic Water Bottle - White: BPA-Free, Screw-On Lid, Portable Drinkware",,BlenderBottle,,OUTDOOR_SPORTS,USED_GOOD,,847280086924,1,12.99,BICYCLES-PHYSICAL FITNESS | MIXER | BICYCLES PHYSICAL FITNESS,2.87,5.74
1870,934,"McDavid 8-9"" Sport Ankle Sleeve with Wrap Support - S/M: Joint & Muscle Pain Relief, Nylon",,McDavid,,OUTDOOR_SPORTS,NEW,,029369153776,1,12.99,BICYCLES-PHYSICAL FITNESS | MUSCLE THERAPY | BICYCLES PHYSICAL FITNESS,2.87,5.74
1871,935,"BlenderBottle 20oz Classic V2 Plastic Water Bottle - White: BPA-Free, Screw-On Lid, Portable Drinkware",,BlenderBottle,,OUTDOOR_SPORTS,USED_GOOD,,847280086924,1,12.99,BICYCLES-PHYSICAL FITNESS | MIXER | BICYCLES PHYSICAL FITNESS,2.87,5.74
1872,936,"Wipeout Dry Erase Kids' Pad Set 3pk - Black: Cycling, Skateboarding Protection (Please be advised that sets may be missing pieces or otherwise incomplete.)",,Wipeout,,OUTDOOR_SPORTS,USED_GOOD,,604352041010,1,12.79,BICYCLES-PHYSICAL FITNESS | ACCESSORIES | BICYCLES PHYSICAL FITNESS,2.83,5.66
1873,937,Schwinn Tri-Layer Grips - Black/Gray,,Schwinn,,OUTDOOR_SPORTS,NEW,,038675582309,1,11.99,BICYCLES-PHYSICAL FITNESS | ACCESSORIES | BICYCLES PHYSICAL FITNESS,2.65,5.30
1874,938,"Blackburn 26"" Self Sealing Bike Tube - Black",,Blackburn,,OUTDOOR_SPORTS,USED_GOOD,,035011995250,1,11.99,BICYCLES-PHYSICAL FITNESS | TUBES | BICYCLES PHYSICAL FITNESS,2.65,5.30
1875,939,CAP 8lbs Coated Hex Dumbbell with Contoured Handle,,CAP,,OUTDOOR_SPORTS,USED_GOOD,,702556021859,1,11.99,BICYCLES-PHYSICAL FITNESS | STRENGTH TRAINING | BICYCLES PHYSICAL FITNESS,2.65,5.30
1876,940,Schwinn Bike Seat Pack - Black,,Schwinn,,OUTDOOR_SPORTS,USED_GOOD,,038675238442,1,11.19,BICYCLES-PHYSICAL FITNESS | STORAGE | BICYCLES PHYSICAL FITNESS,2.47,4.94
1877,941,"Tommie Copper Sport Compression Ankle Support Sleeve - L/XL: Joint Support, Polyester",,Tommie Copper,,OUTDOOR_SPORTS,USED_GOOD,,018713631800,1,10.89,BICYCLES-PHYSICAL FITNESS | MUSCLE THERAPY | BICYCLES PHYSICAL FITNESS,2.41,4.82
1878,942,"Tommie Copper Sport Compression Ankle Support Sleeve - S/M: Joint Support, Polyester",,Tommie Copper,,OUTDOOR_SPORTS,NEW,,018713631794,1,10.89,BICYCLES-PHYSICAL FITNESS | MUSCLE THERAPY | BICYCLES PHYSICAL FITNESS,2.41,4.82
1879,943,"Tommie Copper Sport Compression Ankle Support Sleeve - S/M: Joint Support, Polyester",,Tommie Copper,,OUTDOOR_SPORTS,USED_GOOD,,018713631794,1,10.89,BICYCLES-PHYSICAL FITNESS | MUSCLE THERAPY | BICYCLES PHYSICAL FITNESS,2.41,4.82
1880,944,24oz Tritan Hydration Water Bottle - Soft Green - All in Motion: Portable Plastic Drinkware,,All In Motion,,OUTDOOR_SPORTS,USED_GOOD,,198420113520,1,10.00,BICYCLES-PHYSICAL FITNESS | TRITAN | BICYCLES PHYSICAL FITNESS,2.21,4.42
1881,945,"Men's Strength Training Gloves Black L - All In Motion: Neoprene, Weightlifting",,All In Motion,,OUTDOOR_SPORTS,NEW,,191907562743,1,10.00,BICYCLES-PHYSICAL FITNESS | STRENGTH TRAINING | BICYCLES PHYSICAL FITNESS,2.21,4.42
1882,946,"Dumbbell 3lbs Lilac - All In Motion: PVC Coated, Iron Filled, Arm Workout",,All In Motion,,OUTDOOR_SPORTS,USED_GOOD,,018713638229,1,7.00,BICYCLES-PHYSICAL FITNESS | STRENGTH TRAINING | BICYCLES PHYSICAL FITNESS,1.55,3.10
1883,947,"Tommie Copper Sport Compression Wrist Sleeve - L/XL: Carpal Tunnel Support, Polyester",,Tommie Copper,,OUTDOOR_SPORTS,NEW,,018713631770,1,6.19,BICYCLES-PHYSICAL FITNESS | MUSCLE THERAPY | BICYCLES PHYSICAL FITNESS,1.37,2.74
1884,948,"Blackburn 26"" Bike Tube - Black",,Blackburn,,OUTDOOR_SPORTS,NEW,,035011995304,1,5.99,BICYCLES-PHYSICAL FITNESS | ACCESSORIES | BICYCLES PHYSICAL FITNESS,1.32,2.64
1885,949,Pilates Ring Yoga Wheels - All In Motion Black,,All In Motion,,OUTDOOR_SPORTS,USED_GOOD,,198850949898,1,15.00,BICYCLES-PHYSICAL FITNESS | PILATES | BICYCLES PHYSICAL FITNESS,3.31,6.62
1886,950,Yoga Mat Blue (3mm) - All In Motion,,All In Motion,,OUTDOOR_SPORTS,USED_GOOD,,191802001972,1,15.00,BICYCLES-PHYSICAL FITNESS | YOGA | BICYCLES PHYSICAL FITNESS,3.31,6.62
1887,951,Foot Massager Aqua Blue - All In Motion: Manual Plastic Body Massager,,All In Motion,,OUTDOOR_SPORTS,USED_GOOD,,191802000692,1,15.00,BICYCLES-PHYSICAL FITNESS | MUSCLE THERAPY | BICYCLES PHYSICAL FITNESS,3.31,6.62
1888,952,24oz Vacuum Insulated Stainless Steel Water Bottle Black - All In Motion: Portable Drinkware,,All In Motion,,OUTDOOR_SPORTS,USED_GOOD,,707849131437,1,15.00,BICYCLES-PHYSICAL FITNESS | STAINLESS STEEL | BICYCLES PHYSICAL FITNESS,3.31,6.62
1889,953,"Posture Corrector Back Brace Stretcher - All In Motion: Nylon, 300lb Capacity",,All In Motion,,OUTDOOR_SPORTS,NEW,,018713658876,1,15.00,BICYCLES-PHYSICAL FITNESS | MUSCLE THERAPY | BICYCLES PHYSICAL FITNESS,3.31,6.62
1890,954,24oz Stainless Steel Vacuum Insulated Water Bottle Cobalt - All In Motion: Portable Drinkware,,All In Motion,,OUTDOOR_SPORTS,USED_GOOD,,707849153149,1,15.00,BICYCLES-PHYSICAL FITNESS | STAINLESS STEEL | BICYCLES PHYSICAL FITNESS,3.31,6.62
1891,955,"32oz Stainless Steel Hydration Water Bottle - Black - Embark: Portable Drinkware, Polypropylene Lid",,Embark,,OUTDOOR_SPORTS,USED_GOOD,,198420113629,1,15.00,BICYCLES-PHYSICAL FITNESS | STAINLESS STEEL | BICYCLES PHYSICAL FITNESS,3.31,6.62
1892,956,"32oz Stainless Steel Hydration Water Bottle - Cream - Embark: Portable Drinkware, Polypropylene Lid",,Embark,,OUTDOOR_SPORTS,NEW,,198420113674,1,15.00,BICYCLES-PHYSICAL FITNESS | STAINLESS STEEL | BICYCLES PHYSICAL FITNESS,3.31,6.62
1893,957,Cork Yoga Block - Brown - All In Motion: Tan Cork Accessory,,All In Motion,,OUTDOOR_SPORTS,USED_GOOD,,197543196090,1,15.00,BICYCLES-PHYSICAL FITNESS | YOGA | BICYCLES PHYSICAL FITNESS,3.31,6.62
1894,958,"Yoga Mat Carrier - All In Motion: Buckle Closure, Recycled Nylon",,All In Motion,,OUTDOOR_SPORTS,USED_GOOD,,198420024499,1,15.00,BICYCLES-PHYSICAL FITNESS | YOGA | BICYCLES PHYSICAL FITNESS,3.31,6.62
1895,959,Sharper Image Hot and Cold Weighted Eye Mask: Fabric Polyester Relaxation Therapy,,Sharper Image,,OUTDOOR_SPORTS,NEW,,840397503223,1,14.99,BICYCLES-PHYSICAL FITNESS | BATTERY | BICYCLES PHYSICAL FITNESS,3.31,6.62
1896,960,Champion Game-Ready Chug Bottle 40oz - White,,Champion,,OUTDOOR_SPORTS,USED_GOOD,,018713666123,1,14.99,BICYCLES-PHYSICAL FITNESS | SIDELINE | BICYCLES PHYSICAL FITNESS,3.31,6.62
1897,961,"McDavid Sport Tennis and Golf Elbow Strap: Tendonitis & Muscle Pain Relief, Nylon",,McDavid,,OUTDOOR_SPORTS,USED_GOOD,,029369160194,1,14.99,BICYCLES-PHYSICAL FITNESS | MUSCLE THERAPY | BICYCLES PHYSICAL FITNESS,3.31,6.62
1898,962,"Blackburn 20"" BMX Bike Tire - Black",,Blackburn,,OUTDOOR_SPORTS,NEW,,035011995359,1,13.59,BICYCLES-PHYSICAL FITNESS | ACCESSORIES | BICYCLES PHYSICAL FITNESS,3.00,6.00
1899,963,Loop Band Kit Blue - All In Motion: Latex Resistance Bands for Legs & Arms,,All In Motion,,OUTDOOR_SPORTS,NEW,,018713639899,1,13.00,BICYCLES-PHYSICAL FITNESS | STRENGTH TRAINING | BICYCLES PHYSICAL FITNESS,2.87,5.74
1900,964,"Premium Loop Band Kit - All In Motion: Latex Resistance Bands, Medium to Heavy",,All In Motion,,OUTDOOR_SPORTS,NEW,,198420041533,1,13.00,BICYCLES-PHYSICAL FITNESS | STRENGTH TRAINING | BICYCLES PHYSICAL FITNESS,2.87,5.74
1901,965,"24oz Stainless Steel Hydration Water Bottle - Green - Embark: Portable Drinkware, Polypropylene Lid",,Embark,,OUTDOOR_SPORTS,USED_GOOD,,198420113728,1,13.00,BICYCLES-PHYSICAL FITNESS | STAINLESS STEEL | BICYCLES PHYSICAL FITNESS,2.87,5.74
1902,966,CamelBak Copolyester Lid - Clear L,,CamelBak,,OUTDOOR_SPORTS,USED_GOOD,,886798044019,1,12.99,BICYCLES-PHYSICAL FITNESS | ACCESSORIES | BICYCLES PHYSICAL FITNESS,2.87,5.74
1903,967,"McDavid 9-10"" Sport Ankle Sleeve with Wrap Support - L/XL: Muscle Pain Relief, Joint Brace",,McDavid,,OUTDOOR_SPORTS,NEW,,029369153783,1,12.99,BICYCLES-PHYSICAL FITNESS | MUSCLE THERAPY | BICYCLES PHYSICAL FITNESS,2.87,5.74
1904,968,Gaiam Studio Select Resistance Tube - Light Blue,,Gaiam,,OUTDOOR_SPORTS,USED_GOOD,,018713665256,1,12.99,BICYCLES-PHYSICAL FITNESS | STRENGTH TRAINING | BICYCLES PHYSICAL FITNESS,2.87,5.74
1905,969,Bubba Dual Sip Lid 18+24oz - Moonblush,,Bubba,,OUTDOOR_SPORTS,USED_GOOD,,607869326250,1,12.99,BICYCLES-PHYSICAL FITNESS | ACCESSORIES | BICYCLES PHYSICAL FITNESS,2.87,5.74
1906,970,"Tommie Copper Sport Compression Elbow Support Sleeve - S/M: Joint Support, Polyester",,Tommie Copper,,OUTDOOR_SPORTS,USED_GOOD,,018713631619,2,6.19,BICYCLES-PHYSICAL FITNESS | MUSCLE THERAPY | BICYCLES PHYSICAL FITNESS,1.37,2.74
1907,971,Mini Ab Ball Blue - All In Motion: PVC Exercise Trainer for Abdominal Workouts,,All In Motion,,OUTDOOR_SPORTS,NEW,,018713638090,1,12.00,BICYCLES-PHYSICAL FITNESS | HOME GYM | BICYCLES PHYSICAL FITNESS,2.65,5.30
1908,972,CAP 8lbs Coated Hex Dumbbell with Contoured Handle,,CAP,,OUTDOOR_SPORTS,USED_GOOD,,702556021859,1,11.99,BICYCLES-PHYSICAL FITNESS | STRENGTH TRAINING | BICYCLES PHYSICAL FITNESS,2.65,5.30
1909,973,"30oz Stainless Steel Tumbler with Straw Cream - Embark: Portable Drinkware, Off-White",,Embark,,OUTDOOR_SPORTS,NEW,,197543640289,1,11.00,BICYCLES-PHYSICAL FITNESS | TUMBLER | BICYCLES PHYSICAL FITNESS,2.43,4.86
1910,974,"11.9"" Ropeless Jump Rope - Black - All In Motion: Polypropylene, TPR Handles",,All In Motion,,OUTDOOR_SPORTS,USED_GOOD,,191802001781,1,11.00,BICYCLES-PHYSICAL FITNESS | HOME GYM | BICYCLES PHYSICAL FITNESS,2.43,4.86
1911,975,Ignite by SPRI Resistance Cord - Light: Rubber Bands for Legs & Arms,,Ignite by SPRI,,OUTDOOR_SPORTS,NEW,,759026719471,1,10.99,BICYCLES-PHYSICAL FITNESS | STRENGTH TRAINING | BICYCLES PHYSICAL FITNESS,2.43,4.86
1912,976,Ignite by SPRI Resistance Cord - Light: Rubber Bands for Legs & Arms,,Ignite by SPRI,,OUTDOOR_SPORTS,USED_GOOD,,759026719471,1,10.99,BICYCLES-PHYSICAL FITNESS | STRENGTH TRAINING | BICYCLES PHYSICAL FITNESS,2.43,4.86
1913,977,"Brightz LED Bicycle Bell - Silver: Iron & Plastic, Hardware Mounted",,Brightz,,OUTDOOR_SPORTS,NEW,,811860032243,1,10.99,BICYCLES-PHYSICAL FITNESS | ACCESSORIES | BICYCLES PHYSICAL FITNESS,2.43,4.86
1914,978,Ignite by SPRI Resistance Cord - Light: Rubber Bands for Legs & Arms,,Ignite by SPRI,,OUTDOOR_SPORTS,NEW,,759026719471,1,10.99,BICYCLES-PHYSICAL FITNESS | STRENGTH TRAINING | BICYCLES PHYSICAL FITNESS,2.43,4.86
1915,979,"Women's Strength Training Gloves Purple XS - All In Motion: Neoprene, Weightlifting",,All In Motion,,OUTDOOR_SPORTS,NEW,,191907562811,1,10.00,BICYCLES-PHYSICAL FITNESS | STRENGTH TRAINING | BICYCLES PHYSICAL FITNESS,2.21,4.42
1916,980,"Women's Strength Training Gloves Purple S - All In Motion: Neoprene, Weightlifting",,All In Motion,,OUTDOOR_SPORTS,USED_GOOD,,191907562781,1,10.00,BICYCLES-PHYSICAL FITNESS | STRENGTH TRAINING | BICYCLES PHYSICAL FITNESS,2.21,4.42
1917,981,24oz Tritan Hydration Water Bottle - Dark Blue - All in Motion: Portable Plastic Drinkware,,All In Motion,,OUTDOOR_SPORTS,USED_GOOD,,198420113735,1,10.00,BICYCLES-PHYSICAL FITNESS | TRITAN | BICYCLES PHYSICAL FITNESS,2.21,4.42
1918,982,"20oz Stainless Steel Tumbler with Straw Cream - Embark: BPA-Free, Portable Drinkware",,Embark,,OUTDOOR_SPORTS,USED_GOOD,,198420113551,1,10.00,BICYCLES-PHYSICAL FITNESS | TUMBLER | BICYCLES PHYSICAL FITNESS,2.21,4.42
1919,983,"64oz Tritan Beverage Plastic Water Bottle Blush - All In Motion: BPA-Free, Silicone Lid",,All In Motion,,OUTDOOR_SPORTS,NEW,,198420024543,1,10.00,BICYCLES-PHYSICAL FITNESS | LARGE CAPACITY | BICYCLES PHYSICAL FITNESS,2.21,4.42
1920,984,24oz Tritan Hydration Water Bottle - Purple - All in Motion: Portable Plastic Drinkware,,All In Motion,,OUTDOOR_SPORTS,USED_GOOD,,198420113650,1,10.00,BICYCLES-PHYSICAL FITNESS | TRITAN | BICYCLES PHYSICAL FITNESS,2.21,4.42
1921,985,Yoga Knit Socks - 4-10 - All In Motion,,All In Motion,,OUTDOOR_SPORTS,USED_GOOD,,198850949911,1,10.00,BICYCLES-PHYSICAL FITNESS | YOGA | BICYCLES PHYSICAL FITNESS,2.21,4.42
1922,986,"Brightz Streamer LED Bicycle Tassels - Pastel: Silicone & ABS Material, 24-Hour Battery",,Brightz,,OUTDOOR_SPORTS,USED_GOOD,,811860032731,1,9.59,BICYCLES-PHYSICAL FITNESS | ACCESSORIES | BICYCLES PHYSICAL FITNESS,2.12,4.24
1923,987,"Honey Stinger Organic Gluten Free Cookies and Cream Waffle - 6pk: Ready to Eat Snack Bars, 6.36oz, 1g Protein (Please be advised that sets may be missing pieces or otherwise incomplete.)",,Honey Stinger,,OUTDOOR_SPORTS,USED_GOOD,,810815025545,1,7.89,BICYCLES-PHYSICAL FITNESS | NUTRITION | BICYCLES PHYSICAL FITNESS,1.74,3.48
1924,988,"Tommie Copper Sport Compression Knee Support Sleeve - S/M: Joint Support, Polyester Material",,Tommie Copper,,OUTDOOR_SPORTS,NEW,,018713631534,1,7.69,BICYCLES-PHYSICAL FITNESS | MUSCLE THERAPY | BICYCLES PHYSICAL FITNESS,1.70,3.40
