Category,Subcategory,ASIN,Item Description,Qty,Unit Retail,Ext. Retail,Product Class,GL Description,Seller Category,EAN,LPN,UPC,Brand,Condition,Pallet ID,Lot ID
BUILDING_AND_HARDWARE,Home Improvement,B0F1N6B37R,cenozo Modern Chandeliers LED Dimmable Light Acrylic Balls Ceiling Pendant Lighting for Living Room Dining Room Bedroom Adjustable Hanging Lights 90 Watts Black Lamp,1,700.70,700.70,Home Improvement,Home Improvement,Home Improvement,,LPNNA6DYPQFZQ,,cenozo,USED_GOOD,LIQ:3PL:PALLET:LNRM:PAL-69669,AMZ_3PL_20260409_025
MIXED_BUILDING_AND_INDUSTRIAL,BISS,B0C5WQ8916,500ml Teflon Lined Hydrothermal Synthesis Autoclave Reactor 220℃ 3Mpa 304 Steel High Pressure Hydrothermal PTFE Hydrothermal Reactor Digestion Tank PTFE Vessel,1,622.70,622.70,Home Improvement,BISS,BISS,0747165688949,LPNNA6H4HSC7R,747165688949,Rebrisbol,USED_GOOD,LIQ:3PL:PALLET:LNRM:PAL-69685,AMZ_3PL_20260409_025
BUILDING_AND_HARDWARE,Ceiling Fans & Ventilation,B0FD3TFRKD,"MOOONICHE Large Crystal Caged Ceiling Fan with Light 10 Lights Vintage Bronze Crystal Chandelier Fan 34"" Flush Mounted Ceiling Fan Light Fixture for Living Room Dining Room Hotel Foyer",1,584.99,584.99,Home Improvement,Home Improvement,Lighting & Fans,0733241241603,LPNNA6JXLP9P2,733241241603,MOOONICHE,USED_GOOD,LIQ:3PL:PALLET:LNRM:PAL-69648,AMZ_3PL_20260409_025
BUILDING_AND_HARDWARE,Interior Lights,B0D221GDVN,"TOCHIC French Empire Crystal Chandelier, 9-Light Farmhouse Antique Bronze Chandelier Vintage Rustic Ceiling Light Fixture for Dining Living Room, Bedroom, Kitchen Island, Bathroom, Foyer, 24"" W",1,350.99,350.99,Home Improvement,Home Improvement,Lighting & Fans,,LPNNA6PTRQ8QC,,TOCHIC,USED_GOOD,LIQ:3PL:PALLET:LNRM:PAL-69729,AMZ_3PL_20260409_025
BUILDING_AND_HARDWARE,Pumps,B0D22L7F73,"WASSERMANN 3/4 HP Sewage Pump 2 inch Discharge with Auto Float Switch, 115V 7200 GPH Cast Iron Submersible Sewage Pump, Sump Pump for Basement Sump Basin Sewer Well 2"" NPT Discharge with 10 FT Cable",1,341.89,341.89,Home Improvement,Home Improvement,Rough Plumbing,,LPNNA63HHZ96Q,,wassermann,USED_GOOD,LIQ:3PL:PALLET:LNRM:PAL-69648,AMZ_3PL_20260409_025
BUILDING_AND_HARDWARE,Home Improvement,B0FNRC5YH1,"Boho Ceiling Fans with Lights and Remote, Wood Beaded 52 inch Ceiling Fan with Light,6 Speed Reversible Motor LED Flush Mount Ceiling Fans, Ceiling Fan Light for Bedroom Living Room(Wood Blades)",1,337.99,337.99,Home Improvement,Home Improvement,Home Improvement,,LPNNA6N4HCCTV,,HITOO,USED_GOOD,LIQ:3PL:PALLET:LNRM:PAL-69856,AMZ_3PL_20260409_025
BUILDING_AND_HARDWARE,Rough Electrical,B0FGK3XW8F,"B2855 2HP Pool Pump Motor Replaces Century/AO Smith Regal Beloit B855 Swimming Pool Pump Motors, 230V, 10A, 3450RPM 1.5KW 56Y Frame 1.1 SF Include Replace Parts, Single Phase Square Flange Leungoo",1,337.84,337.84,Home Improvement,Home Improvement,Electrical & Heating,,LPNNA6654MJV8,,LEUNGOO,USED_GOOD,LIQ:3PL:PALLET:LNRM:PAL-69532,AMZ_3PL_20260409_025
BUILDING_AND_HARDWARE,Home Improvement,B0D3LMMZRL,SANYCASA 33 Inch Undermount Kitchen Sink with Quiet Drain - 11 Gauge Stainless Steel Sink Single Bowl - Multifunctional Handmade Modern Integrated Ledge Workstation,1,306.14,306.14,Home Improvement,Home Improvement,Home Improvement,,LPNNA6N67TTPJ,,SANYCASA,USED_GOOD,LIQ:3PL:PALLET:LNRM:PAL-69745,AMZ_3PL_20260409_025
BUILDING_AND_HARDWARE,Chandeliers,B07ZJ9KLT5,KCO Lighting 12-Light Glass Globe Sputnik Chandelier Light Fixture Mid Century Modern Chandeliers Brushed Brass Chandelier Milk White Glass Ceiling Light Fixture (Gold+White),1,297.69,297.69,Home Improvement,Home Improvement,Lighting & Fans,8414818985077,LPNNA632WNRHX,,KCO,USED_GOOD,LIQ:3PL:PALLET:LNRM:PAL-69532,AMZ_3PL_20260409_025
BUILDING_AND_HARDWARE,Home Improvement,B0DMP447JK,"Gutter Guards 6 inch, Aluminum Leaf Filter Rain Gutter Covers with Screws Included, 64 PCS 216FT DIY Gutter Guards Protection for 5-inch and 6-inch Gutters, Fits Any Roof or Gutter Type (Mill Finish)",1,292.49,292.49,Home Improvement,Home Improvement,Home Improvement,,LPNNK5KZYVCG6,,PPOLB,USED_GOOD,LIQ:3PL:PALLET:LNRM:PAL-69519,AMZ_3PL_20260409_025
BUILDING_AND_HARDWARE,Interior Lights,B0FVXQBM5V,"22"" Boho Wood Beaded Chandelier Farmhouse Rattan Pendant Light Fixtures Bohemia Large Rattan Chandeliers for Dining Room Living Room Kitchen Island Entryway Foyer, White, 5-Lights",1,289.24,289.24,Home Improvement,Home Improvement,Lighting & Fans,,LPNNA6SCGKZWS,,Pavloatu,USED_GOOD,LIQ:3PL:PALLET:LNRM:PAL-68868,AMZ_3PL_20260409_025
BUILDING_AND_HARDWARE,Interior Lights,B0CNRNP1WR,"COCOSTAR 24"" Crystal Chandeliers, Flush Mount Chandelier LED Ceiling Light, Modern Crystal Raindrop Chandeliers for Dining Room, Living Room, Bedroom",1,285.87,285.87,Home Improvement,Home Improvement,Lighting & Fans,,LPNNK5XHBKLX7,,COCOSTAR,USED_GOOD,LIQ:3PL:PALLET:LNRM:PAL-69856,AMZ_3PL_20260409_025
BUILDING_AND_HARDWARE,Home Improvement,B0DWSPJ9WX,"Black utility sink, 25x18 Inch Stainless Steel Freestanding Laundry Sink Practicality With Accessories-Black Faucet,Soap Dispenser, SS Sink Grid, Colander For Laundry,Garage,Outdoor Kitchen,Garden...",1,279.37,279.37,Home Improvement,Home Improvement,Home Improvement,,LPNNA6DCDC5M1,,FAUENPEEY,USED_GOOD,LIQ:3PL:PALLET:LNRM:PAL-69856,AMZ_3PL_20260409_025
BUILDING_AND_HARDWARE,Pumps,B09SZFHQ3N,"Acquaer Shallow/Deep Well Jet Pump, Cast Iron Convertible Pump with Ejector Kit, Well Depth Up to 25ft or 90ft, 115V/230V Dual Voltage, Automatic Pressure Switch,1HP",1,271.69,271.69,Home Improvement,Home Improvement,Rough Plumbing,0744985596416,LPNNA62Q8FYWG,744985596416,Acquaer,USED_GOOD,LIQ:3PL:PALLET:LNRM:PAL-69172,AMZ_3PL_20260409_025
BUILDING_AND_HARDWARE,Pumps,B0G2LNKF1D,"602208 Cast Iron Shallow Well Jet Pump, 1 HP 23 GPM 115/230V Dual Voltage, RJS-100-PREM Shallow Well Jet Pump for Home, Irrigation & Agriculture",1,493.99,493.99,Home Improvement,Home Improvement,Rough Plumbing,,LPNNA6WFX9NW6,,czobloik,USED_GOOD,LIQ:3PL:PALLET:LNRM:PAL-69648,AMZ_3PL_20260409_025
BUILDING_AND_HARDWARE,Home Improvement,B0CHYLGQ3Q,"JGWSMQ Tiffany Chandelier 11 Lights Cream Brown Stained Glass Pendant Light Chain Adjustable Victorian Hang Lighting Fixtures for Living Room Dining Room Bedroom Hotel,35 inch",1,479.62,479.62,Home Improvement,Home Improvement,Home Improvement,,LPNNA6BNM5KD2,,JGWSMQ,USED_GOOD,LIQ:3PL:PALLET:LNRM:PAL-69172,AMZ_3PL_20260409_025
BUILDING_AND_HARDWARE,Home Improvement,B0DN4PWP82,"Wedding Electric Butterfly Floor Lamp: Giant Moving LED Butterflies Decoration with Movement & Lights Up - Big Movable Butterfly Props with Flapping Wings - for Birthday Party (White Light, 31.4 IN)",1,452.61,452.61,Home Improvement,Home Improvement,Home Improvement,,LPNNA6X17SZY8,,YM sky,USED_GOOD,LIQ:3PL:PALLET:LNRM:PAL-69742,AMZ_3PL_20260409_025
BUILDING_AND_HARDWARE,Outdoor & Landscape Lighting,B0FVM1G5TR,"TODOLUZ 2-Packs Large 3-Lights LED Outdoor Wall Light Fixture, Dimmable 5CCT Waterproof Exterior Porch Wall Sconce Lighting for Garage Front Door (3000K/3500K/4500K/5000K/6000K)",1,441.99,441.99,Home Improvement,Home Improvement,Lighting & Fans,,LPNNA6Z17TF5Z,,TODOLUZ,USED_GOOD,LIQ:3PL:PALLET:LNRM:PAL-69648,AMZ_3PL_20260409_025
BUILDING_AND_HARDWARE,Home Improvement,B0FGXZ3MJH,Drydiet 323 Sqft Uncoupling Membrane for Tile 1/8''(3mm) Thick Waterproofing Membrane Crack Prevention Anti Fracture Flooring Underlayment for Bathroom Shower Kitchen Basement(Blue),1,415.99,415.99,Home Improvement,Home Improvement,Home Improvement,,LPNNA67Q58C49,,Drydiet,USED_GOOD,LIQ:3PL:PALLET:LNRM:PAL-69519,AMZ_3PL_20260409_025
MIXED_BUILDING_AND_INDUSTRIAL,"Heating, Cooling, Drying and Distillation",B0GF2V8WDQ,"HKDQ Egg Incubator - 2026 New Egg Incubator with Automatic Egg Turning and Humidity Control,Large Poultry Hatcher for Chickens Birds Ducks (288 Eggs)",1,389.97,389.97,Home Improvement,BISS,"Labware, Consumables & Furniture",,LPNNA6JM14Q6K,,HKDQ,USED_GOOD,LIQ:3PL:PALLET:LNRM:PAL-69172,AMZ_3PL_20260409_025
BUILDING_AND_HARDWARE,Home Improvement,B0CQ832NDC,"Emliviar 32 Inch Outdoor Front Door Hanging Light, Farmhouse Exterior Pendant Lantern Waterproof Ceiling Mount with Seeded Glass, Black Finish, XE283H BK",1,376.99,376.99,Home Improvement,Home Improvement,Home Improvement,,LPNNA651134MZ,,Emliviar,USED_GOOD,LIQ:3PL:PALLET:LNRM:PAL-69399,AMZ_3PL_20260409_025
BUILDING_AND_HARDWARE,Home Improvement,B0DR1ZMJB2,"Wellmet Firework Cryatsl Chandelier 30 inch, Gold Fiore Chandeliers Mid Century Modern Contemporary Brass Chandelier Light Fixture for Dining Room Living Room Bedroom Hallway Entryway Foyer",1,369.27,369.27,Home Improvement,Home Improvement,Home Improvement,,LPNNA6DV7HL7H,,Wellmet,USED_GOOD,LIQ:3PL:PALLET:LNRM:PAL-69729,AMZ_3PL_20260409_025
BUILDING_AND_HARDWARE,Home Improvement,B0F1FWHP8M,"Gefolly SL-9800W Solar Street Lights Outdoor, 860000LM Commercial Parking Lot Light, 6500K Dusk to Dawn IP67 Security Flood Lights Motion Sensor Led Lamp for Basketball Court, Road, Yard",1,358.14,358.14,Home Improvement,Home Improvement,Home Improvement,,LPNNA6JSHS7MH,,Gefolly,USED_GOOD,LIQ:3PL:PALLET:LNRM:PAL-69302,AMZ_3PL_20260409_025
BUILDING_AND_HARDWARE,Home Improvement,B0C9LMNL4C,"Electric Tankless Water Heater SIVUATEK 24kW, 240V - On-Demand Hot Water for Whole House - ETL Certified, Self Modulating - Compact Design for Easy Installation - for 4 Point of Use Hot Water",1,350.34,350.34,Home Improvement,Home Improvement,Home Improvement,,LPNNA6BXGSM8X,,SIVUATEK,USED_GOOD,LIQ:3PL:PALLET:LNRM:PAL-69699,AMZ_3PL_20260409_025
BUILDING_AND_HARDWARE,Rough Electrical,B0FGK3XW8F,"B2855 2HP Pool Pump Motor Replaces Century/AO Smith Regal Beloit B855 Swimming Pool Pump Motors, 230V, 10A, 3450RPM 1.5KW 56Y Frame 1.1 SF Include Replace Parts, Single Phase Square Flange Leungoo",1,337.84,337.84,Home Improvement,Home Improvement,Electrical & Heating,,LPNNA6XKYXCHP,,LEUNGOO,USED_GOOD,LIQ:3PL:PALLET:LNRM:PAL-68868,AMZ_3PL_20260409_025
BUILDING_AND_HARDWARE,Other Material Handling,B0BQW1YBD4,"VNN Portable Wheelchair Ramp 6FT, Seamless Non-Slip Aluminum Ramps for Wheelchairs for Home, Handicap Wheelchair Ramps for Home Steps, Aluminum Loading Dock Plates, Doorways",1,324.99,324.99,Home Improvement,Home Improvement,Building Materials & Ladders,,LPNNA6ZXGLC81,,VNN,USED_GOOD,LIQ:3PL:PALLET:LNRM:PAL-69644,AMZ_3PL_20260409_025
BUILDING_AND_HARDWARE,Home Improvement,B0DKHGWLGB,"ThermoMate Electric Tank Water Heater, 8.0 Gallon Point of Use Instant Small Hot Water Heater 120V 1440W, Wall or Floor Mounted, Plug-in to Use, UL Listed ES800",1,321.09,321.09,Home Improvement,Home Improvement,Home Improvement,0850066581056,LPNNA63NJ4YZS,850066581056,thermomate,USED_GOOD,LIQ:3PL:PALLET:LNRM:PAL-69648,AMZ_3PL_20260409_025
BUILDING_AND_HARDWARE,"Door, Gate & Window Hardware",B0CZDXMRDK,Dual Door Magnetic Lock 1200lbs Holding Force Electromagnetic Lock 12V Fail Safe for Double Door Access Control System,1,311.99,311.99,Home Improvement,Home Improvement,Hardware,0769894490037,LPNNA6RXFPDGF,769894490037,YUANWIN,USED_GOOD,LIQ:3PL:PALLET:LNRM:PAL-69661,AMZ_3PL_20260409_025
BUILDING_AND_HARDWARE,Tubs and Showers,B09XM3QVLL,"Portable Bathtub for Adult- Extra Large 56"" Foldable Collapsible tub. Ergonomically Designed for the Ultimate Relaxing Soaking Bath, Ice Bath. Ideal for Small Spaces, Quick, Effortless Folding Bathtub",1,311.99,311.99,Home Improvement,Home Improvement,Plumbing Fixtures,0195893088607,LPNNA6KZWZHXW,195893088607,ELDERFLOWER & BERRIES,USED_GOOD,LIQ:3PL:PALLET:LNRM:PAL-69849,AMZ_3PL_20260409_025
BUILDING_AND_HARDWARE,Home Improvement,B0C7G5QBF6,"HermnJakk Black Wagon Wheel Chandelier 53-Inch 24-Light,Extra Large Round Rustic Farmhouse Chandelier Metal Circle Chandeliers for Dining Room Living Room High Ceilings",1,297.70,297.70,Home Improvement,Home Improvement,Home Improvement,,LPNNA6QJNKZVL,,HermnJakk,USED_GOOD,LIQ:3PL:PALLET:LNRM:PAL-69644,AMZ_3PL_20260409_025
BUILDING_AND_HARDWARE,Medicine Cabinets and Mirrors,B0FBL9W7TM,"IDYLLOR Black Bathroom Mirror Medicine Cabinet with Round Corner Framed Door 30 x 25.6 inch, Recessed or Surface Mount, with Adjustable Glass Shelves",1,285.86,285.86,Home Improvement,Home Improvement,Plumbing Fixtures,0762283936352,LPNNK5DXMLSNT,762283936352,IDYLLOR,USED_GOOD,LIQ:3PL:PALLET:LNRM:PAL-69172,AMZ_3PL_20260409_025
BUILDING_AND_HARDWARE,Home Improvement,B09R3V24J9,"GOALPLUS Dusk to Dawn Outdoor Post Light Fixture, 24in High Bronze Post Lantern with Pier Mount, Exterior Pole Lighting with Seeded Glass for Yard, Garden, Patio and Pathway, 2 Pack, LMMS0519-M-2P",1,271.69,271.69,Home Improvement,Home Improvement,Home Improvement,0792933856167,LPNNA6713FK7J,792933856167,GOALPLUS,USED_GOOD,LIQ:3PL:PALLET:LNRM:PAL-69742,AMZ_3PL_20260409_025
BUILDING_AND_HARDWARE,Bath Ventilation Fans,B08MQSPQCL,"Panasonic WhisperWarm Ceiling Mount Bathroom Exhaust Fan with LED Light & Heater, 50-80-110 CFM, FV-0511VHL1",1,506.99,506.99,Home Improvement,Home Improvement,Rough Plumbing,0885170374188,LPNNA66DNTF6V,885170374188,Panasonic,USED_GOOD,LIQ:3PL:PALLET:LNRM:PAL-69172,AMZ_3PL_20260409_025
BUILDING_AND_HARDWARE,Medicine Cabinets and Mirrors,B0FGWX4CWB,"TETOTE 24 x 30 White Led Lighted Medicine Cabinet Mirror with 3-Color Lights, Wall Mount or Recessed Cabinet Mirror for Bathroom with Storage, Tempered Glass, 2 Outlets, Anti-Fog, Adjustable Shelf",1,376.99,376.99,Home Improvement,Home Improvement,Plumbing Fixtures,,LPNNA6CRD98CH,,TETOTE,USED_GOOD,LIQ:3PL:PALLET:LNRM:PAL-69685,AMZ_3PL_20260409_025
BUILDING_AND_HARDWARE,Home Improvement,B0DT6XHC12,Puvaue Modern Luxury K9 Crystal Chandelier 8-Lights Gold Round Pendant Light Easy Install Ceiling Hanging Light Fixture for Dining Living Room Kitchen Island Entryway Foyer D23.6,1,368.94,368.94,Home Improvement,Home Improvement,Home Improvement,,LPNNA6C8KVQS8,,Puvaue,USED_GOOD,LIQ:3PL:PALLET:LNRM:PAL-69856,AMZ_3PL_20260409_025
BUILDING_AND_HARDWARE,Home Improvement,B0DXKV6YCK,"CROSSIO Modern Crystal Chandelier for Dining Room, 12-Light Luxury Black 2 Tiers Crystal Raindrop Chandelier, Contemporary Hanging Light Fixture for Living Room Entryway Foyer D19.7''",1,345.79,345.79,Home Improvement,Home Improvement,Home Improvement,0733241251787,LPNNA6LPS62B5,733241251787,CROSSIO,USED_GOOD,LIQ:3PL:PALLET:LNRM:PAL-69685,AMZ_3PL_20260409_025
BUILDING_AND_HARDWARE,Home Improvement,B0FMRGSHZ4,"Dcolora Black Bar Sink with Faucet, 15""x20"" Drop In Small Kitchen Sink, Heavy Duty 16 Gauge 304 Stainless Steel Gunmetal Black Nano-PVD, Workstation with Valued Accessories #DC-SFDOE00131",1,337.99,337.99,Home Improvement,Home Improvement,Home Improvement,,LPNNA66NMPMB7,,Dcolora,USED_GOOD,LIQ:3PL:PALLET:LNRM:PAL-69532,AMZ_3PL_20260409_025
BUILDING_AND_HARDWARE,Other Material Handling,B0BQW1YBD4,"VNN Portable Wheelchair Ramp 6FT, Seamless Non-Slip Aluminum Ramps for Wheelchairs for Home, Handicap Wheelchair Ramps for Home Steps, Aluminum Loading Dock Plates, Doorways",1,324.99,324.99,Home Improvement,Home Improvement,Building Materials & Ladders,,LPNNA6RSGW4D4,,VNN,USED_GOOD,LIQ:3PL:PALLET:LNRM:PAL-69644,AMZ_3PL_20260409_025
BUILDING_AND_HARDWARE,Home Improvement,B0C8TWDK2K,"JAYNLT Y-9800W Solar Street Lights Outdoor, 750000LM 6500K High Powered Commercial Parking Lot Lights Dusk to Dawn, Waterproof Solar Security Flood Lamps with Remote for Driveways, Basketball Courts",1,317.68,317.68,Home Improvement,Home Improvement,Home Improvement,0769293569297,LPNNA63Q9R6WL,769293569297,JAYNLT,USED_GOOD,LIQ:3PL:PALLET:LNRM:PAL-69532,AMZ_3PL_20260409_025
BUILDING_AND_HARDWARE,Home Improvement,B0DNQCTG3J,"5 HP Air Compressor Electric Motor, 230V Air Compressor Motor 3450 RPM, Single Phase Motor, 56HZ Frame 7/8"" Keyed Shaft for Air Compressor",1,311.99,311.99,Home Improvement,Home Improvement,Home Improvement,,LPNNK5NDLWL5P,,GCCSJ,USED_GOOD,LIQ:3PL:PALLET:LNRM:PAL-69519,AMZ_3PL_20260409_025
MIXED_BUILDING_AND_INDUSTRIAL,Other,B0FVXB5XVK,"AIDPATH 1 HP Sewage Pump Submersible, Stainless Pump Casing, E-Coated Semi-Open Cast Iron Impeller, Auto Float Switch, 115V, 2"" NPT Discharge for Sump Basin, Sewage Well, Basement, Septic Tank, Trash",1,311.84,311.84,Home Improvement,BISS,Fluid Transfer,,LPNNK5P8LHMGF,,AIDPATH,USED_GOOD,LIQ:3PL:PALLET:LNRM:PAL-69685,AMZ_3PL_20260409_025
BUILDING_AND_HARDWARE,Home Improvement,B0DMP447JK,"Gutter Guards 6 inch, Aluminum Leaf Filter Rain Gutter Covers with Screws Included, 64 PCS 216FT DIY Gutter Guards Protection for 5-inch and 6-inch Gutters, Fits Any Roof or Gutter Type (Mill Finish)",1,292.49,292.49,Home Improvement,Home Improvement,Home Improvement,,LPNNA6BRBHS2M,,PPOLB,USED_GOOD,LIQ:3PL:PALLET:LNRM:PAL-69519,AMZ_3PL_20260409_025
BUILDING_AND_HARDWARE,Chandeliers,B09JS4J3QF,"WABON Modern K9 Crystal Pendant Lighting, Round Chrome Crystal Chandelier Contemporary Luxury Pendant Ceiling Lighting Fixture for Dining Living Room Kitchen Island Bedroom Foyer Hallway",1,285.99,285.99,Home Improvement,Home Improvement,Lighting & Fans,0604787210999,LPNNA6SDN2WBM,604787210999,WABON,USED_GOOD,LIQ:3PL:PALLET:LNRM:PAL-69661,AMZ_3PL_20260409_025
BUILDING_AND_HARDWARE,Sinks and Vessels,B0FR13BPVC,"Stainless Steel Kitchen Sink with Faucet: 30-Inch Drop In Single Bowl Farmhouse Workstation Sink - Noise Reducing Design & Accessories Included (Black, 3018)",1,283.40,283.40,Home Improvement,Home Improvement,Plumbing Fixtures,,LPNNA6FV9SNKV,,HEJEBU,USED_GOOD,LIQ:3PL:PALLET:LNRM:PAL-69532,AMZ_3PL_20260409_025
MIXED_BUILDING_AND_INDUSTRIAL,Commercial Kitchen Equipment & Fixtures,B0FLQ3YY8J,"Commercial Floor Mop Sink，Stainless Steel Mop Service Basin，Floor Mount Mop Sink,Vertical industrial Sinks for balconies laundry rooms industries Restaurants (31.49”×16.1”×21.6” inch)",1,280.54,280.54,Home Improvement,BISS,Food Service,0751654371052,LPNNA6V3QSY3Q,751654371052,XCWHDG,USED_GOOD,LIQ:3PL:PALLET:LNRM:PAL-69172,AMZ_3PL_20260409_025
BUILDING_AND_HARDWARE,Home Improvement,B0FSQBMZ13,"MELUCEE 2 Pack 40 Inch Outside Wall Lights for House 5 Color Dimmable Outside Wall Led Linear Lights Black Long Exterior Sconce Wall Mount Lighting for Balcony Porch Garage Stair, 3000K-6000K",1,272.99,272.99,Home Improvement,Home Improvement,Home Improvement,,LPNNA6JRCSCNY,,MELUCEE,USED_GOOD,LIQ:3PL:PALLET:LNRM:PAL-69669,AMZ_3PL_20260409_025
BUILDING_AND_HARDWARE,Home Improvement,B0FSKWMXFX,"SUSLUM 50 Pack T8 LED Bulbs 4 Foot, Type A+B Hybrid Replacement for T8 Fluorescent Tube, 14W (32W Equivalent), 5000K Daylight, 2400 Lumens, Shatter Resistant Frosted Cover, G13 Base",1,272.99,272.99,Home Improvement,Home Improvement,Home Improvement,0607606210927,LPNNA6YNKL7QR,607606210927,SUSLUM,USED_GOOD,LIQ:3PL:PALLET:LNRM:PAL-69699,AMZ_3PL_20260409_025
BUILDING_AND_HARDWARE,Home Improvement,B0CJ4MRH3L,"ykolupty Gold Sputnik Chandelier, 12-Light Mid-Century Modern Chandelier Light Fixture for Foyer, Dining Room, Firework Chandelier for Bedroom, Hallway, Entryway 32 inch Dimmable 2700K-6000K",1,648.70,648.70,Home Improvement,Home Improvement,Home Improvement,,LPNNA6Y6Z66KH,,ykolupty,USED_GOOD,LIQ:3PL:PALLET:LNRM:PAL-69742,AMZ_3PL_20260409_025
MIXED_BUILDING_AND_INDUSTRIAL,3D Printers,B0CSDB9QTF,"QIDI Q1 Pro 3D Printer, 600mm/s High-Speed Fully Auto Leveling 3D Printers with Camera, 60℃ Chamber Heat, 350°C Print Support Carbon Fiber Filament, Tangle Detection, Printing Size 9.65""x9.65""x9.45""",1,583.70,583.70,Home Improvement,BISS,Additive Manufacturing,,LPNNA6QWBDGZJ,,R QIDI TECHNOLOGY,USED_GOOD,LIQ:3PL:PALLET:LNRM:PAL-69661,AMZ_3PL_20260409_025
BUILDING_AND_HARDWARE,Interior Lights,B0FB3RKPX1,"IDEQUY LED Crystal Ring Chandelier, 47.2'' Gold Crystal Ring Pendant Light for Kitchen Island Modern Linear Oval Chandeliers for Dining Room Dimmable 3000K-6000K",1,570.70,570.70,Home Improvement,Home Improvement,Lighting & Fans,,LPNNA6X8JZJYQ,,IDEQUY,USED_GOOD,LIQ:3PL:PALLET:LNRM:PAL-69372,AMZ_3PL_20260409_025
BUILDING_AND_HARDWARE,Home Improvement,B0DLKYHHZR,Shial Lighting 10-Light Modern Chandelier for Entrance Crystal Chandeliers for Living Room Gold Pendant Light Fixture Staircase Chandeliers for High Ceilings Dimmable LED Hanging Light with Remote,1,546.00,546.00,Home Improvement,Home Improvement,Home Improvement,,LPNNA6KCCK5R1,,Shial Lighting,USED_GOOD,LIQ:3PL:PALLET:LNRM:PAL-69724,AMZ_3PL_20260409_025
BUILDING_AND_HARDWARE,Water Purification,B0FT2TSTQY,"VonWater C5 Countertop Reverse Osmosis Water Filter, Hot and Cold RO System-3s Instant Hot, 6 Temp Settings 7-Stage RO Filtration Dispenser, NSF/ANSI372/42/58, Portable Pitcher, 3:1 Pure to Drain",1,493.99,493.99,Home Improvement,Home Improvement,Rough Plumbing,,LPNNA6TTXWZN8,,VonWater,USED_GOOD,LIQ:3PL:PALLET:LNRM:PAL-69172,AMZ_3PL_20260409_025
BUILDING_AND_HARDWARE,Chandeliers,B0FCS6QHSZ,HermnJakk Modern Staircase Chandelier LED 6-Rings Foyer Chandeliers for High Ceilings Black Large Chandeliers Remote Control 3000K-6000K Dimmable Pendant Light for Living Room Staircase Entryway,1,453.70,453.70,Home Improvement,Home Improvement,Lighting & Fans,,LPNNA63Z6KFTF,,HermnJakk,USED_GOOD,LIQ:3PL:PALLET:LNRM:PAL-69519,AMZ_3PL_20260409_025
BUILDING_AND_HARDWARE,Home Improvement,B0BPGJGJGR,36 Inch Stainless Steel Farmhouse Sink Drop In-Hovheir 36x22 Drop In Top Mount Farm Sink Workstation 16 Gauge Stainless Steel Single Bowl Deep Kitchen Sinks Apron Sinks with Cutting Board,1,450.06,450.06,Home Improvement,Home Improvement,Home Improvement,,LPNNA6369PQ19,,Hovheir,USED_GOOD,LIQ:3PL:PALLET:LNRM:PAL-69532,AMZ_3PL_20260409_025
BUILDING_AND_HARDWARE,Plumbing Replacement Parts,B0D3T53H57,"M MINGLE Pressure Washer Hose Reel 300ft, Heavy Duty Hose Reel, Manual Crank Power Washer Hose Reel with Swivel Arm, Wall/Floor/Truck Mounted, 4000 PSI",1,384.07,384.07,Home Improvement,Home Improvement,Plumbing Fixtures,,LPNNA6XQ5PJCZ,,M MINGLE,USED_GOOD,LIQ:3PL:PALLET:LNRM:PAL-68861,AMZ_3PL_20260409_025
BUILDING_AND_HARDWARE,Home Improvement,B0G4263S7B,"3/4 HP PB4-60 Booster Pump, Replace for polaris PB4-60 Pool Booster Pump, Fit for polaris 180 280 380 480 3900 Pressure Side Pool Cleaners, 115V/230V 60Hz Pure Copper Motor with Hose & Fittings",1,363.99,363.99,Home Improvement,Home Improvement,Home Improvement,0797465855572,LPNNA64W1TQ3M,797465855572,AQOVOR,USED_GOOD,LIQ:3PL:PALLET:LNRM:PAL-69856,AMZ_3PL_20260409_025
BUILDING_AND_HARDWARE,Home Improvement,B0FS7HV59F,"BoomHoze 25x22 Drop In Kitchen Sink, Matte Black Granite Composite Quartz Drop In Sink Single Bowl Outdoor Kitchen Sink 25-inch Utility Drop-In/Topmount with Small Rubber Squeegee",1,347.09,347.09,Home Improvement,Home Improvement,Home Improvement,,LPNNA6RFVXM63,,BoomHoze,USED_GOOD,LIQ:3PL:PALLET:LNRM:PAL-69399,AMZ_3PL_20260409_025
BUILDING_AND_HARDWARE,Home Improvement,B0DPW3X9ZT,High-end 300W High Bay LED Shop Lights with 120° Reflector 45000lm 5000K UFO LED High Bay Light AC100-277V LED High Bay Lights with Plug and Play-4Pack,1,338.39,338.39,Home Improvement,Home Improvement,Home Improvement,,LPNNA6QV8SPSM,,Lightdot,USED_GOOD,LIQ:3PL:PALLET:LNRM:PAL-69648,AMZ_3PL_20260409_025
MIXED_BUILDING_AND_INDUSTRIAL,BISS,B0C7BTRYBL,"CREWORKS 30L Digital Ultrasonic Cleaning Machine with Heater and Timer, 600W Stainless Steel Ultrasonic Cleaner Machine, 7.9 gal Ultrasonic Parts Cleaner for Retainer Glasses Auto Tool Machine Part",1,331.49,331.49,Home Improvement,BISS,BISS,,LPNNA6SJM1R9B,,CREWORKS,USED_GOOD,LIQ:3PL:PALLET:LNRM:PAL-69648,AMZ_3PL_20260409_025
BUILDING_AND_HARDWARE,Home Improvement,B0DR1ZXY8L,"Phylluz 96"" Industrial Ceiling Fans with Lights, Large Ceiling Fan with Remote/APP Control, Outdoor Ceiling Fans with 8 Blades, 3CCT, DC motor for Commercial Shop Garage Warehouse Black",1,311.99,311.99,Home Improvement,Home Improvement,Home Improvement,,LPNNA6R7NR58H,,Phylluz,USED_GOOD,LIQ:3PL:PALLET:LNRM:PAL-69724,AMZ_3PL_20260409_025
BUILDING_AND_HARDWARE,Home Improvement,B0D9XMKHCH,"STERREN 76'' Motion Sensor Floor Lamp, 105W Modern LED Floor Lamp, Smart Full-Spectrum Office Standing Lamp, 8400LM Bright Reading Lamp for Study Room,Living Room,Bedroom, 2700K-5000K Dimmable",1,308.74,308.74,Home Improvement,Home Improvement,Home Improvement,,LPNNA6VTXX2RX,,STERREN,USED_GOOD,LIQ:3PL:PALLET:LNRM:PAL-68868,AMZ_3PL_20260409_025
BUILDING_AND_HARDWARE,Home Improvement,B0D97VXPN4,"Salaiwei 8-Light Lantern Tiered Pendant Light Fixtures, Black Metal Farmhouse Chandelier Hall Foyer Hanging Chandelier for Kitchen Island Dining Room Living Room Foyer Entryway, Black+Gold",1,292.49,292.49,Home Improvement,Home Improvement,Home Improvement,,LPNNA6T8GZ2YW,,Salaiwei,USED_GOOD,LIQ:3PL:PALLET:LNRM:PAL-69724,AMZ_3PL_20260409_025
BUILDING_AND_HARDWARE,Home Improvement,B0DYF1XJ2Y,Pangda 6 Set Peel and Stick Wall Molding Kit Inner and Outer Layer Style Premade Wainscoting Panel for Interior Wall Moulding Decor Accent Wall Molding (31x54inch),1,272.99,272.99,Home Improvement,Home Improvement,Home Improvement,,LPNNA6Z15VXM5,,Pangda,USED_GOOD,LIQ:3PL:PALLET:LNRM:PAL-69745,AMZ_3PL_20260409_025
BUILDING_AND_HARDWARE,"Door, Gate & Window Hardware",B0G4MG2Y6J,"Automatic Roller Door Opener, Roll Up Garage Door Opener with 4 Remotes 800N & Secure Encryption for Garage Warehouse Store & Barn Farm, Wall Mounted",1,267.97,267.97,Home Improvement,Home Improvement,Hardware,,LPNNA627RDDVC,,ZSUCC,USED_GOOD,LIQ:3PL:PALLET:LNRM:PAL-69532,AMZ_3PL_20260409_025
BUILDING_AND_HARDWARE,Tub and Shower Faucets and Accessories,B07WNH9S85,"ROVOGO Shower Panel Tower System with Rainfall Waterfall Shower, 5 Body Jets and 3-Setting Handheld, 304 Stainless Steel Shower Column Wall-Mount, Black",1,259.99,259.99,Home Improvement,Home Improvement,Plumbing Fixtures,0665268100796,LPNNA67ZYT7FZ,665268100796,ROVOGO,USED_GOOD,LIQ:3PL:PALLET:LNRM:PAL-69131,AMZ_3PL_20260409_025
BUILDING_AND_HARDWARE,Outdoor & Landscape Lighting,B0CXXJFWS2,"LightingLabs Led Bollard Landscape Lighting 20 Watts 40 Inch 3CCT 3000/4000/5000K 120-277V Outdoor Pathway Light Wired Ideal for Garden, Commercial and Driveway Rated IP65 ETL Listed",1,253.50,253.50,Home Improvement,Home Improvement,Lighting & Fans,0738941002288,LPNNA6NV6YV3L,738941002288,Lighting Labs,USED_GOOD,LIQ:3PL:PALLET:LNRM:PAL-69685,AMZ_3PL_20260409_025
BUILDING_AND_HARDWARE,Toilet Seats and Bidet Seats,B0GCHJSW7C,"Kohree RV Toilet, 18.5” Residential Height, Soft Close Seat & Cover, Deeper Bowl & Longer Seat, Efficient Gravity Flush System, Foot Pedal Operation, Universal Fit for RV Motorhomes Campers, White",1,240.49,240.49,Home Improvement,Home Improvement,Plumbing Fixtures,,LPNNA6FG6BXQ3,,Kohree,USED_GOOD,LIQ:3PL:PALLET:LNRM:PAL-69532,AMZ_3PL_20260409_025
BUILDING_AND_HARDWARE,Ceiling Fans & Ventilation,B0FB2XJ7MX,"Merexcint Farmhouse Rustic Ceiling Fan with Light and Remote, 21 Inch Flush Mount Vintage Bladeless Rustic Chandeliers Fan, Rustic Ceiling Fan for Living Room, Bedroom, Hallway, Entryway Lighting",1,233.99,233.99,Home Improvement,Home Improvement,Lighting & Fans,0645707959505,LPNNA6RPWS6TL,645707959505,Merexcint,USED_GOOD,LIQ:3PL:PALLET:LNRM:PAL-69172,AMZ_3PL_20260409_025
MIXED_BUILDING_AND_INDUSTRIAL,Industrial Lighting,B0F48KXS5L,"LoryLAB LED Ceiling Light Fixture 19.68, Handcrafted Walnut Wood Modern Wabi-Sabi Style, 42W LED 3000K-4000K-6000K, Low Profile Lamp for Bedroom Kitchen Hallway Dining",1,233.99,233.99,Home Improvement,BISS,Industrial Electrical Supplies,,LPNNA65Q8NGDF,,LoryLAB,USED_GOOD,LIQ:3PL:PALLET:LNRM:PAL-69742,AMZ_3PL_20260409_025
BUILDING_AND_HARDWARE,Home Improvement,B0FX3WQCSY,"TIRUSUN 72"" Ceilling Fans with Lights, Chandelier Fan Modern DC Motor Dimmable Led Fandelier Ceiling Fan with Light for Bedroom, Living Room, Indoor/Outdoor, Silver",1,232.70,232.70,Home Improvement,Home Improvement,Home Improvement,,LPNNA6XYTRWRK,,TIRUSUN,USED_GOOD,LIQ:3PL:PALLET:LNRM:PAL-69172,AMZ_3PL_20260409_025
BUILDING_AND_HARDWARE,Outdoor & Landscape Lighting,B0FFSV7QHX,"24"" Dusk to Dawn Outdoor Wall Light Fixture 2 Pack-Black Extra Large Modern Porch Lantern 3-Light, Waterproof Exterior Lighting Sconce Wall Mount, Outside Lamp for Entryway Garage Coach E12 Base",1,222.29,222.29,Home Improvement,Home Improvement,Lighting & Fans,,LPNNA6W3LWLLF,,SIAFAVOI,USED_GOOD,LIQ:3PL:PALLET:LNRM:PAL-69648,AMZ_3PL_20260409_025
BUILDING_AND_HARDWARE,Home Improvement,B095JQ49J6,"Fanwin Star Blue OceanMystery Series Tempered Deco Glass Vessel Bathroom Sink in Starry Blue | Top Mount Sinks Above Countertop | Vanity Countertop Sink Bowl with Pop Up Drain |FW-LA604",1,221.13,221.13,Home Improvement,Home Improvement,Home Improvement,,LPNNA6KKT7TJN,,Fanwin Star,USED_GOOD,LIQ:3PL:PALLET:LNRM:PAL-69699,AMZ_3PL_20260409_025
BUILDING_AND_HARDWARE,Home Improvement,B0FKGZLG4P,"RAINLIGHTING 5 Lights 22 Inch Semi Flush Mount Close to Ceiling Light Fixture,Linen Fabric Shade Brushed Nickel Finish for Bedroom,Living Room,Dining Room Hallway",1,220.99,220.99,Home Improvement,Home Improvement,Home Improvement,,LPNNA6M7SB5Z6,,RAINLIGHTING,USED_GOOD,LIQ:3PL:PALLET:LNRM:PAL-68861,AMZ_3PL_20260409_025
BUILDING_AND_HARDWARE,Home Improvement,B0FY4RWHKL,"Heircido Rattan Large Drum Chandeliers, 23.6 Inch Chandelier for Dining Room 5-Lights Lamp Shape 3-Tier Light Fixtures with White Fabric Hanging Lighting for Entryway Kitchen Island Foyer Bedroom",1,218.39,218.39,Home Improvement,Home Improvement,Home Improvement,,LPNNA6GZ85GHZ,,Heircido,USED_GOOD,LIQ:3PL:PALLET:LNRM:PAL-69742,AMZ_3PL_20260409_025
BUILDING_AND_HARDWARE,Home Improvement,B0CDPBYBNB,Flexible EPDM Rubber Strip (100 ft Long and 3/4 inch Wide) for Concrete Crack Repair and Replacement - Weather and Aging Resistant Expansion Joint Filler for Driveways and Sidewalks,1,217.09,217.09,Home Improvement,Home Improvement,Home Improvement,,LPNNA6YCHWHG6,,RTHIEAI,USED_GOOD,LIQ:3PL:PALLET:LNRM:PAL-69856,AMZ_3PL_20260409_025
BUILDING_AND_HARDWARE,Home Improvement,B0B55STPR2,"1.5HP Electric Motor 3450RPM Reversible Single Phase 56C Frame General Purpose Motor for Agricultural Machinery General Equipment 5/8"" Shaft Diameter TEFC 115/230V",1,259.99,259.99,Home Improvement,Home Improvement,Home Improvement,,LPNNA6SDN2V6X,,Cuilvu,USED_GOOD,LIQ:3PL:PALLET:LNRM:PAL-69399,AMZ_3PL_20260409_025
BUILDING_AND_HARDWARE,Chandeliers,B0DTKDGCYX,72 Inch Gold Ceiling Fans with Lights Reversible Quiet DC Motor 6 Speeds Large Modern Ceiling Fans with Remote Chandelier Fans for Bedroom Living Room,1,259.99,259.99,Home Improvement,Home Improvement,Lighting & Fans,,LPNNA6GG8X243,,Dawn Whisper,USED_GOOD,LIQ:3PL:PALLET:LNRM:PAL-69729,AMZ_3PL_20260409_025
BUILDING_AND_HARDWARE,Home Improvement,B0DJVLHSY9,"Yiludingsheng Antler Chandelier 8-Light, 38.4in Deer Antlers Chandelier Rustic Style Faux Deer Resin Antlers Lamp Vintage Antler Horn Retro Lighting for Dining Room Bedroom Cabin(6Lamp Arms+3 Arms)",1,259.99,259.99,Home Improvement,Home Improvement,Home Improvement,,LPNNA6BMCTC1S,,Yiludingsheng,USED_GOOD,LIQ:3PL:PALLET:LNRM:PAL-69661,AMZ_3PL_20260409_025
BUILDING_AND_HARDWARE,Paint Sprayers & Guns,B0G7KN2DQ2,"prismite Paint Sprayer Extension Pole, 4-1/2 to 10 Feet",1,259.94,259.94,Home Improvement,Home Improvement,Painting Supplies,,LPNNA6FFSYCTM,,prismite,USED_GOOD,LIQ:3PL:PALLET:LNRM:PAL-69372,AMZ_3PL_20260409_025
BUILDING_AND_HARDWARE,Home Improvement,B0DXV4XQ23,"Outdoor Electrical Box 24 x 24 x 12''D NEMA 4X Enclosure Steel Box, Waterproof & Dustproof Outdoor/Indoor Lockable Electrical Junction Box, with Mounting Plate",1,256.09,256.09,Home Improvement,Home Improvement,Home Improvement,0085353666967,LPNNA686WGDQL,085353666967,CXCESNS,USED_GOOD,LIQ:3PL:PALLET:LNRM:PAL-69661,AMZ_3PL_20260409_025
BUILDING_AND_HARDWARE,Interior Lights,B0G3BHTV9V,szcflaghip Dimmable Kitchen Island Lighting Modern LED Linear Chandelier Lighting Fixture 39in Crystal Modern Led Pendant Light Fixtures Over Table for Dining Room Kitchen Living Room,1,245.56,245.56,Home Improvement,Home Improvement,Lighting & Fans,,LPNNA64NN98W9,,szcflaghip,USED_GOOD,LIQ:3PL:PALLET:LNRM:PAL-69644,AMZ_3PL_20260409_025
BUILDING_AND_HARDWARE,Outdoor & Landscape Lighting,B0CQCSV5SY,"Lexier 2Pack 47.2inch Long Outdoor Modern LED Wall Light,38W Waterproof IP65 Warm White 110V led Wall Mount Lighting Fixture Rectangular Black Wall Lights Elegant Frosted White Acrylic Anti Rust.",1,233.99,233.99,Home Improvement,Home Improvement,Lighting & Fans,0601868345694,LPNNA6BFV772G,601868345694,Lexier,USED_GOOD,LIQ:3PL:PALLET:LNRM:PAL-69519,AMZ_3PL_20260409_025
BUILDING_AND_HARDWARE,Home Improvement,B0CPTS96Z6,"SCNYCUL Outdoor Lamp Post Lights with Outlet, Dusk to Dawn Pole Lamp with Patterned Glass, Aluminum Waterproof Outside Street Light with Plug, Hardwired Black Light Pole for Backyard, Garden, Driveway",1,233.99,233.99,Home Improvement,Home Improvement,Home Improvement,,LPNNA6SKVMQ7P,,SCNYCUL,USED_GOOD,LIQ:3PL:PALLET:LNRM:PAL-69661,AMZ_3PL_20260409_025
BUILDING_AND_HARDWARE,Home Improvement,B0BPGTH5T1,"BAIDICE Soft Close Bottom Mount Drawer Slides 24 Inch Rails with Rear mounting Bracket Locking Devices Screws for Face Frame Or Frameless Application（24 inch,6 Pair）",1,228.03,228.03,Home Improvement,Home Improvement,Home Improvement,,LPNNA62R1K6W3,,baidice,USED_GOOD,LIQ:3PL:PALLET:LNRM:PAL-69739,AMZ_3PL_20260409_025
BUILDING_AND_HARDWARE,Home Improvement,B0F23NLJTH,"120W LED Floor Lamp, 76.8"" Tall Reading Light, 10000LM Knob Dimming Standing Lamp, Full Spectrum Eye Care Reading Lamp, 4000K Natural Daylight for Study Room, Office, Living Room, Bedroom (White)",1,222.29,222.29,Home Improvement,Home Improvement,Home Improvement,,LPNNA69Q92C7L,,STERREN,USED_GOOD,LIQ:3PL:PALLET:LNRM:PAL-69644,AMZ_3PL_20260409_025
BUILDING_AND_HARDWARE,Home Improvement,B0G1CCV6V4,"AIKVSXER 4 Pack 1x4 LED Flat Panel Light – 5500LM Ultra-Bright, Dimmable 30-50W, 3000K-6500K Adjustable, 0-10V Dimming, Slim Surface Mount Ceiling Light for Office, Home, Garage – White",1,222.29,222.29,Home Improvement,Home Improvement,Home Improvement,,LPNNA6RJQKKVK,,AIKVSXER,USED_GOOD,LIQ:3PL:PALLET:LNRM:PAL-69742,AMZ_3PL_20260409_025
MIXED_BUILDING_AND_INDUSTRIAL,Janitorial Fixtures,B0DSFSTRQ1,"Aliseniors Heavy Duty Bedside Commode, 500lbs Extra-Wide Bariatric Commode Chair for Adults & Seniors, Portable Toilet Seat with Arms, Adjustable Potty Chair Bucket with Lid, Tool-Free Assembly",1,220.94,220.94,Home Improvement,BISS,Janitorial & Sanitation,0741754998570,LPNNA6W2X58CK,741754998570,Aliseniors,USED_GOOD,LIQ:3PL:PALLET:LNRM:PAL-69729,AMZ_3PL_20260409_025
BUILDING_AND_HARDWARE,Home Improvement,B0FJ254GGD,"B2853 Pool Pump Motor 1 HP Fits for A.O. Smith Century Pool Pump B853, Pentair SuperFlo, Sta-Rite WhisperFlo, Challenger, Pinnacle, Anthony Pumps, 3450 RPM, 1 Speed, 230/115 V, Square Pool Motor",1,213.19,213.19,Home Improvement,Home Improvement,Home Improvement,,LPNNA6JRCG6QJ,,BENXUTO,USED_GOOD,LIQ:3PL:PALLET:LNRM:PAL-69648,AMZ_3PL_20260409_025
BUILDING_AND_HARDWARE,Home Improvement,B0BPH8VFP9,"BAIDICE Soft Close Bottom Mount Drawer Slides21 Inch Rails with Rear mounting Bracket Locking Devices Screws for Face Frame Or Frameless Application（21 inch,6 Pair）",1,210.48,210.48,Home Improvement,Home Improvement,Home Improvement,,LPNNA6TFWZ3ZN,,baidice,USED_GOOD,LIQ:3PL:PALLET:LNRM:PAL-69669,AMZ_3PL_20260409_025
BUILDING_AND_HARDWARE,Home Improvement,B0CB3R6FJD,"Neodrain12X36 Inch Shower Niche, Brushed 3-Tier Stainless Niches No Tile Needed Bathroom wall Niche for Shower Storage Waterprooof, Recessed in wall",1,210.48,210.48,Home Improvement,Home Improvement,Home Improvement,,LPNNA6KZ8QP6B,,Neodrain,USED_GOOD,LIQ:3PL:PALLET:LNRM:PAL-69669,AMZ_3PL_20260409_025
BUILDING_AND_HARDWARE,Tub and Shower Faucets and Accessories,B0FVFXRL4F,"AWBYBO Sliding Shower Chair Tub Transfer Bench with Swivel Seat for Elderly & Disabled 400lb Heavy Duty Bath & Shower Safety Seating with Armrests & Backrest, Adjustable Height Tub Bench for Bathroom",1,207.99,207.99,Home Improvement,Home Improvement,Plumbing Fixtures,,LPNNA6ZRDPLQ6,,AWBYBO,USED_GOOD,LIQ:3PL:PALLET:LNRM:PAL-69739,AMZ_3PL_20260409_025
MIXED_BUILDING_AND_INDUSTRIAL,BISS,B0DX211G8T,"Pelopy 16 Pcs Stanchion Posts Queue Crowd Control Stanchion Velvet Ropes Carpet Set, 38 in Post Sand Injection Hollow Base with Rope for Party Museum (32 ft Carpet,Gold,Red)",1,207.99,207.99,Home Improvement,BISS,BISS,,LPNNA6ZZY4GTV,,Pelopy,USED_GOOD,LIQ:3PL:PALLET:LNRM:PAL-69648,AMZ_3PL_20260409_025
BUILDING_AND_HARDWARE,Home Improvement,B0CJ2SFFD7,"PUMPMAN 1.5 HP Deep Well Submersible Pump, 110V, 26.4 GPM Flow, 315 Ft Head, 4'' Stainless Steel Water Pump, Deep Well Water Pump for Industrial, Irrigation&Home Use, IP68 Waterproof Grade",1,207.99,207.99,Home Improvement,Home Improvement,Home Improvement,,LPNNK5DTSMCVT,,PUMPMAN,USED_GOOD,LIQ:3PL:PALLET:LNRM:PAL-69685,AMZ_3PL_20260409_025
BUILDING_AND_HARDWARE,Extension Ladders,B0G1YG8FLY,"SINMEIRUN 16.5 FT Telescoping A Frame Ladder, 8 Step, ANSI Certified, Type IA Heavy Duty, 330lbs Max Capacity, Aluminum Extension Ladder for Home, Roof, RV; Orange",1,259.99,259.99,Home Improvement,Home Improvement,Building Materials & Ladders,0717639176036,LPNNA6817HVVD,717639176036,SINMEIRUN,USED_GOOD,LIQ:3PL:PALLET:LNRM:PAL-69644,AMZ_3PL_20260409_025
BUILDING_AND_HARDWARE,Interior Lights,B0CT7VL2NJ,"DDLLDESHI 16 Light Chandelier Sputnik Ceiling Light Fixture with Glass Globe Bubble Black Chandeliers for Dining Room Bedroom Kitchen Office Living Room Light Fixture（41"" Art Deco Modern Chandelier）",1,259.99,259.99,Home Improvement,Home Improvement,Lighting & Fans,,LPNNA6MDMFGXV,,DDLLDESHI,USED_GOOD,LIQ:3PL:PALLET:LNRM:PAL-69648,AMZ_3PL_20260409_025
BUILDING_AND_HARDWARE,Home Improvement,B0DR5L58BM,AKMNBDH Modern Black and Gold Rectangular Chandelier Luxury K9 Crystal Chandelier Crystal Flush Mount Ceiling Light Ideal for Dining Room Living Room W80cm 8 E12 Base,1,259.97,259.97,Home Improvement,Home Improvement,Home Improvement,,LPNNA6WPSRZCJ,,AKMNBDH,USED_GOOD,LIQ:3PL:PALLET:LNRM:PAL-68867,AMZ_3PL_20260409_025
BUILDING_AND_HARDWARE,Home Improvement,B0DSFVT57D,"XYDikssn Modern Gold Crystal Chandelier, Luxury Gold 24” Round Chandelier Round Pendant Lighting Adjustable Ceiling Light Fixture for Living Room Dining Room Bedroom Foyer Entryway",1,256.09,256.09,Home Improvement,Home Improvement,Home Improvement,,LPNNA6YMBWF9G,,XYDikssn,USED_GOOD,LIQ:3PL:PALLET:LNRM:PAL-69519,AMZ_3PL_20260409_025
BUILDING_AND_HARDWARE,Chandeliers,B0FBGGNRXG,"Kwpcvz Water Textured Glass Drum Chandelier,22"" Round Modern Chandeliers for Dining Room Light Fixture Luxury Hanging Farmhouse Black Glass Pendant Light for Entryway Foyer Living Room Kitchen",1,248.16,248.16,Home Improvement,Home Improvement,Lighting & Fans,,LPNNA6QYPGKBY,,Kwpcvz,USED_GOOD,LIQ:3PL:PALLET:LNRM:PAL-69532,AMZ_3PL_20260409_025
BUILDING_AND_HARDWARE,Home Improvement,B0BXSPGV83,"43.3"" Tall Fireproof Wall Safes Between the Studs 16"" Centers, Electronic Hidden Safe with Removable Shelf, Fireproof in Wall Safe for Money Jewelry Passport",1,246.99,246.99,Home Improvement,Home Improvement,Home Improvement,,LPNNA6R8FC3DK,,GUVELI,USED_GOOD,LIQ:3PL:PALLET:LNRM:PAL-69644,AMZ_3PL_20260409_025
MIXED_BUILDING_AND_INDUSTRIAL,Janitorial Equipment,B0GFDHFJ8R,"1700W Canister Vacuum Cleaner, 45Kpa Bagless Vacuum Cleaner, Multi-Cyclonic Filtration, 2 Anti-Allergen HEPA Filters, 3.5QT Dust Cup, 4 Tools, Corded Vacuum for Hard Floor, Pet Hair, Turquoise",1,233.99,233.99,Home Improvement,BISS,Janitorial & Sanitation,0779657329603,LPNNA6KHBNRJM,779657329603,Aspiron,USED_GOOD,LIQ:3PL:PALLET:LNRM:PAL-69532,AMZ_3PL_20260409_025
BUILDING_AND_HARDWARE,Lamps,B0CX952J44,"Farmhouse Table Lamps Black 18.8"" Tall Ceramic Table Lamp Rustic Southwestern Clay Pot Ceramic Lampshade with Fabric Shade Bedside Nightstand for Living Room Bedroom House Office Entryway (White)",1,233.99,233.99,Home Improvement,Home Improvement,Lighting & Fans,0765150475633,LPNNA6XM2D8XV,765150475633,DJAMEL,USED_GOOD,LIQ:3PL:PALLET:LNRM:PAL-69856,AMZ_3PL_20260409_025
BUILDING_AND_HARDWARE,Home Improvement,B0DLWG5ZDF,"8 Light Bathroom Light Fixtures Gold for Big Mirror, Brushed Gold Vanity Lights for Bathroom with Milky White Frosted Glass Shades, 51 inch Wall Sconce for Mirrors Living Room Bedroom",1,233.94,233.94,Home Improvement,Home Improvement,Home Improvement,,LPNNA6MQ58BR3,,FAISHILAN,USED_GOOD,LIQ:3PL:PALLET:LNRM:PAL-69729,AMZ_3PL_20260409_025
BUILDING_AND_HARDWARE,Home Improvement,B0BRKW2GFL,"Yoenecea Outdoor Lighting Fixtures Wall Mount, Outdoor Wall Lights Modern with Frosted Glass, Aluminum Exterior Light for House Outdoor Wall Lantern for Garage Porch Carriage Patio (17''H, 1 pc)",1,233.84,233.84,Home Improvement,Home Improvement,Home Improvement,0747165676786,LPNNA62ZY8V6R,747165676786,Yoenecea,USED_GOOD,LIQ:3PL:PALLET:LNRM:PAL-69699,AMZ_3PL_20260409_025
BUILDING_AND_HARDWARE,Home Improvement,B0D49PQZT9,"RIKADE Telescopic Ladder, 20.34FT Aluminum Telescoping Ladder with Stable Hook and Non-Slip Feet, Portable Extension Ladder for Household and Outdoor Working, Max Load 330lbs, Aluminum",1,220.99,220.99,Home Improvement,Home Improvement,Home Improvement,,LPNNA6NXKPXY9,,RIKADE,USED_GOOD,LIQ:3PL:PALLET:LNRM:PAL-69699,AMZ_3PL_20260409_025
BUILDING_AND_HARDWARE,Bath Faucets and Accessories,B0CNVT8HZ3,"Focitland 23 Inch Gold Bathroom Vessel Sink with Waterfall Faucet and Drain Combo,Oval Ceramic Vessel Sink Above Counter Modern Bathroom Sink Bowl,Golden YuanBao Design",1,220.99,220.99,Home Improvement,Home Improvement,Plumbing Fixtures,0732262004136,LPNNA64L636N2,732262004136,Focitland,USED_GOOD,LIQ:3PL:PALLET:LNRM:PAL-69745,AMZ_3PL_20260409_025
BUILDING_AND_HARDWARE,Home Improvement,B0DTN82TVZ,"14.17in Alabaster Wall Sconces, Natural Marble Wall Light Set of Two, Modern LED Alabaster Sconces for Living Room Indoor Wall Lamps for Dining Room Stairs Bedroom,Brushed Gold",1,219.82,219.82,Home Improvement,Home Improvement,Home Improvement,,LPNNA65Z8L6GR,,DLUCE,USED_GOOD,LIQ:3PL:PALLET:LNRM:PAL-69302,AMZ_3PL_20260409_025
BUILDING_AND_HARDWARE,Interior Lights,B0DDQ1LP14,"Modern linear chandeliers for dining room,7 Lights Glass Globe sputnik ceiling light fixture 41"" Mid Century black and gold chandelier (Large Long Pendant Hanging Lighting for Kitchen Island)",1,219.70,219.70,Home Improvement,Home Improvement,Lighting & Fans,,LPNNA6C67R7DY,,DDLLDESHI,USED_GOOD,LIQ:3PL:PALLET:LNRM:PAL-69685,AMZ_3PL_20260409_025
BUILDING_AND_HARDWARE,Windows,B0CSXY2VXN,Juexica 96 x 118 Inch Plastic Strip Door Curtain Kit 0.08'' Walk in Cooler Curtains PVC Freezer Door Curtain Smooth Waterproof Insulation Hurricane Shutters Gate for Warehouse Garage Industry (Clear),1,215.79,215.79,Home Improvement,Home Improvement,Building Materials & Ladders,,LPNNA6XW4NG2B,,Juexica,USED_GOOD,LIQ:3PL:PALLET:LNRM:PAL-69532,AMZ_3PL_20260409_025
MIXED_BUILDING_AND_INDUSTRIAL,Dining Room Supplies,B0FVLM4387,"Wisfor Sintered Stone Dining Coffee Table - 30"" Round Stone Dining Table for Kitchen Dining Room, Rust-Proof Iron Base and Travertine Tabletop",1,259.99,259.99,Home Improvement,BISS,Food Service,,LPNNA6NJMHT51,,Wisfor,USED_GOOD,LIQ:3PL:PALLET:LNRM:PAL-69699,AMZ_3PL_20260409_025
BUILDING_AND_HARDWARE,Other Material Handling,B09PY8P9TM,"FACHNUO 5 Feet Portable Wheelchair Ramp, Non-Skid Aluminum Handicap Ramps with Handle, Folding Threshold Wheel Chair Ramp for Home Steps, Stairs, Entry, Threshold, Doorways, Scooter, 800LBS Capacity",1,259.97,259.97,Home Improvement,Home Improvement,Building Materials & Ladders,8710973942536,LPNNA6DYTCRFZ,,FACHNUO TOOL,USED_GOOD,LIQ:3PL:PALLET:LNRM:PAL-69532,AMZ_3PL_20260409_025
BUILDING_AND_HARDWARE,Home Improvement,B0D4YYGL85,"Acquaer Shallow Well Jet Pump,Cast Iron, Well Depth Up to 25ft, 115V/230V Dual Voltage, Automatic Pressure Switch,1HP",1,256.09,256.09,Home Improvement,Home Improvement,Home Improvement,,LPNNA6XHHMCGG,,Acquaer,USED_GOOD,LIQ:3PL:PALLET:LNRM:PAL-69648,AMZ_3PL_20260409_025
BUILDING_AND_HARDWARE,Outdoor & Landscape Lighting,B0CXXJFWS2,"LightingLabs Led Bollard Landscape Lighting 20 Watts 40 Inch 3CCT 3000/4000/5000K 120-277V Outdoor Pathway Light Wired Ideal for Garden, Commercial and Driveway Rated IP65 ETL Listed",1,253.50,253.50,Home Improvement,Home Improvement,Lighting & Fans,0738941002288,LPNNA6G8FYQNY,738941002288,Lighting Labs,USED_GOOD,LIQ:3PL:PALLET:LNRM:PAL-68861,AMZ_3PL_20260409_025
BUILDING_AND_HARDWARE,Chandeliers,B0G294XP57,"ZXFDWB Gold Modern Sputnik Chandelier for Dining Room Light Fixture, 6-Light Mid Century Pendant with Frosted Glass Shades Globe, Adjustable Hanging Celling Light for Kitchen Island, Living Room",1,246.99,246.99,Home Improvement,Home Improvement,Lighting & Fans,,LPNNA6B67MZ9C,,ZXFDWB,USED_GOOD,LIQ:3PL:PALLET:LNRM:PAL-68868,AMZ_3PL_20260409_025
BUILDING_AND_HARDWARE,Home Improvement,B0BLSFPHYF,"CLAIRDAI 42'' Dimmable Ceiling Fan with Light and Remote Crystal Modern Chandelier Fan Retractable Fandelier with Memory, Silent Motor, 6 Speed, 3 Color Change, Timer Function(Gold)",1,246.99,246.99,Home Improvement,Home Improvement,Home Improvement,,LPNNA6T7TS472,,CLAIRDAI,USED_GOOD,LIQ:3PL:PALLET:LNRM:PAL-69856,AMZ_3PL_20260409_025
BUILDING_AND_HARDWARE,Lamps,B0F4MYCGM4,SANDYHA Blue Ceramic Table Lamp Nordic Bedside Lamp Gold Metal Bracket Base with White Fabric Lampshadetable Lamps for Living Room Bedroom Study Hotel Navy Blue Lamp,1,245.58,245.58,Home Improvement,Home Improvement,Lighting & Fans,0717097365737,LPNNA6F8GN5PS,717097365737,SANDYHA,USED_GOOD,LIQ:3PL:PALLET:LNRM:PAL-69399,AMZ_3PL_20260409_025
MIXED_BUILDING_AND_INDUSTRIAL,BISS,B0DB887MCD,"ANYCUBIC Photon Mono 4, Resin 3D Printer with 7'' 10K Mono LCD Screen, Stable LighTurbo Light Source and 70mm/h Fast Printing, Print Volume 6.04'' x 3.42'' x 6.49''",1,235.76,235.76,Home Improvement,BISS,BISS,0840432410172,LPNNA62JRJGZG,840432410172,ANYCUBIC,USED_GOOD,LIQ:3PL:PALLET:LNRM:PAL-68868,AMZ_3PL_20260409_025
BUILDING_AND_HARDWARE,Bath Faucets and Accessories,B0DFGSTMD4,"Portable Shampoo Bowl with Electric Pump (Pack of 1) | Adjustable Basin Height, Dual-Bucket Design with Drain Hoses | Home & Barber Use |",1,233.99,233.99,Home Improvement,Home Improvement,Plumbing Fixtures,0753562586535,LPNNA6K5555XV,764126889351,Nazalus,USED_GOOD,LIQ:3PL:PALLET:LNRM:PAL-69661,AMZ_3PL_20260409_025
BUILDING_AND_HARDWARE,Home Improvement,B0D5M7D9SV,"WLJBIDET Bidet Toilet Seat with Remote Control, Electronic Heated Bidet Seat with Adjustable Warm Water and Pressure, Warm Air Drying, Display Screen, Night Light, Slow Closed Toilet Lid, Elongated",1,233.99,233.99,Home Improvement,Home Improvement,Home Improvement,,LPNNA6Q6Y3RZ6,,WLJBIDET,USED_GOOD,LIQ:3PL:PALLET:LNRM:PAL-69849,AMZ_3PL_20260409_025
BUILDING_AND_HARDWARE,Heating & Accessories,B0FJLX3HBH,"9815wh High Capacity Wall Heater,Wall-Mounted Electric Heater with Built-In Adjustable Thermostat and Silent Motor Suitable for Kitchen, Bedroom, Study, Living room 1500W,120/240V Voltage,White",1,232.70,232.70,Home Improvement,Home Improvement,Electrical & Heating,,LPNNA69MC7D92,,Atdsetr,USED_GOOD,LIQ:3PL:PALLET:LNRM:PAL-68867,AMZ_3PL_20260409_025
BUILDING_AND_HARDWARE,Home Improvement,B0BPGTH5T1,"BAIDICE Soft Close Bottom Mount Drawer Slides 24 Inch Rails with Rear mounting Bracket Locking Devices Screws for Face Frame Or Frameless Application（24 inch,6 Pair）",1,228.03,228.03,Home Improvement,Home Improvement,Home Improvement,,LPNNA6DSL98CX,,baidice,USED_GOOD,LIQ:3PL:PALLET:LNRM:PAL-69739,AMZ_3PL_20260409_025
BUILDING_AND_HARDWARE,Cabinets,B0FF9FBCL1,"TETOTE 30 x 26 Bathroom Mirror with Storage with Tempered Beveled Mirror Silver Medicine Cabinet Aluminum Cabinet DTC Hinges, Stepless Adjustable Shelves, Recessed/Surface-Mounted",1,220.99,220.99,Home Improvement,Home Improvement,Building Materials & Ladders,,LPNNA67WBTWSH,,TETOTE,USED_GOOD,LIQ:3PL:PALLET:LNRM:PAL-69638,AMZ_3PL_20260409_025
BUILDING_AND_HARDWARE,Home Improvement,B0D49PQZT9,"RIKADE Telescopic Ladder, 20.34FT Aluminum Telescoping Ladder with Stable Hook and Non-Slip Feet, Portable Extension Ladder for Household and Outdoor Working, Max Load 330lbs, Aluminum",1,220.99,220.99,Home Improvement,Home Improvement,Home Improvement,,LPNNA6KJP3Z6N,,RIKADE,USED_GOOD,LIQ:3PL:PALLET:LNRM:PAL-69724,AMZ_3PL_20260409_025
BUILDING_AND_HARDWARE,Tub and Shower Faucets and Accessories,B0G4WQ4Q5G,"OURBAOFU Tandem Shower, Dual Shower Heads for Couples & Handheld head, Triple Shower Head System for Two People, High Pressure and Adjustable Double Shower Heads and Handheld Shower Head（Black)",1,220.99,220.99,Home Improvement,Home Improvement,Plumbing Fixtures,0738191928581,LPNNA6QW3B4NK,738191928581,OURBAOFU,USED_GOOD,LIQ:3PL:PALLET:LNRM:PAL-68867,AMZ_3PL_20260409_025
BUILDING_AND_HARDWARE,Ceiling Fans & Ventilation,B0FGX35XW4,"Deliyfans 48"" Fandelier Ceiling Fan with Light, Chandelier Ceiling Fans with Lights,Retractable Crystal Ceiling Fan for Bedroom Living Room,6 Wind Speed,3 Color Tempeature-Chrome",1,220.99,220.99,Home Improvement,Home Improvement,Lighting & Fans,,LPNNA6VSNW72D,,Deliyfans,USED_GOOD,LIQ:3PL:PALLET:LNRM:PAL-69856,AMZ_3PL_20260409_025
MIXED_BUILDING_AND_INDUSTRIAL,BISS,B0DRFW5QXR,"Neoaider Slatwall Panel 8 FT x 4 FT, Interlocking Slat Wall Paneling, Wall Mounted PVC Wallpanel, Suitable for Garage Storage and Organizer, Slatwall Board, Shelves - White",1,210.50,210.50,Home Improvement,BISS,BISS,,LPNNA6QYT5FGR,,Neoaider,USED_GOOD,LIQ:3PL:PALLET:LNRM:PAL-69638,AMZ_3PL_20260409_025
BUILDING_AND_HARDWARE,Home Improvement,B0F488FX3N,"Qcazegy 31.5"" Black Flush Mount Ceiling Light Fixture, 5-Light Vintage Industrial Cage Chandelier for Dining Room, Kitchen Island, Living Room, Dimmable Large Semi Flush Mount Close to Ceiling Light",1,207.99,207.99,Home Improvement,Home Improvement,Home Improvement,,LPNNA69Z85P3L,,Qcazegy,USED_GOOD,LIQ:3PL:PALLET:LNRM:PAL-69532,AMZ_3PL_20260409_025
BUILDING_AND_HARDWARE,Home Improvement,B0DHVBCVJL,"TXCSLY 42"" Fandelier Ceiling Fan with Light, Crystal Chandelier Fan with Retractable Blades Dimmable Crystal Ceiling Fan Chandelier for Bedroom Living Room Dining Room-Gold",1,207.99,207.99,Home Improvement,Home Improvement,Home Improvement,,LPNNA673TGYR2,,TXCSLY,USED_GOOD,LIQ:3PL:PALLET:LNRM:PAL-69661,AMZ_3PL_20260409_025
BUILDING_AND_HARDWARE,Home Improvement,B0F59KDVN9,"Artbrix 5-Pack 3D Faux Stone Wall Panels, PU Cement-Texture Wainscoting Panels for Interior Walls – Waterproof & Lightweight, Covers 38.7 Sq.Ft, 47.2"" x 23.6"", for TV Wall, Office, Living Room,White",1,207.99,207.99,Home Improvement,Home Improvement,Home Improvement,,LPNNA6G92B695,,Artbrix,USED_GOOD,LIQ:3PL:PALLET:LNRM:PAL-69638,AMZ_3PL_20260409_025
BUILDING_AND_HARDWARE,Home Improvement,B0B93FPLQG,"400W LED Parking Lot Light with Slip Fitter, 5000K Daylight 56000Lm, 1500W HPSHID Equivalent, Commercial Outdoor Security Flood Lighting",1,194.99,194.99,Home Improvement,Home Improvement,Home Improvement,0638457082661,LPNNA6768WBS7,638457082661,WHLED,USED_GOOD,LIQ:3PL:PALLET:LNRM:PAL-69372,AMZ_3PL_20260409_025
MIXED_BUILDING_AND_INDUSTRIAL,3D Printing Materials,B0CQQGL6FH,FUNGDO UV Light Box for DIY Icing Box Make Yellow/Oxidized Soles White Again or Making 3D Printer Curing Enclosure Big Curing Station with 395nm and 405nm UV Light,1,194.99,194.99,Home Improvement,BISS,Additive Manufacturing,0724164996541,LPNNA6RFS91JB,724164996541,FUNGDO,USED_GOOD,LIQ:3PL:PALLET:LNRM:PAL-69849,AMZ_3PL_20260409_025
BUILDING_AND_HARDWARE,Home Improvement,B0BPH1P1SW,"BAIDICE Soft Close Bottom Mount Drawer Slides 18 Inch Rails with Rear mounting Bracket Locking Devices Screws for Face Frame Or Frameless Application（18 inch,6 Pair）",1,192.93,192.93,Home Improvement,Home Improvement,Home Improvement,,LPNNA6NG4KGPK,,baidice,USED_GOOD,LIQ:3PL:PALLET:LNRM:PAL-69131,AMZ_3PL_20260409_025
BUILDING_AND_HARDWARE,Tub and Shower Faucets and Accessories,B0BKKPV2N9,"Neodrain Shower Niche, Insert Bathroom Storage Shower Shelf, Stainless Steel Recessed Wall Niche No Tiled Recessed Cabinet Waterproof for Shower Storage(Matte Black,36""x12"")",1,190.46,190.46,Home Improvement,Home Improvement,Plumbing Fixtures,0768459605817,LPNNA6SFZ1PTS,768459605817,Neodrain,USED_GOOD,LIQ:3PL:PALLET:LNRM:PAL-69644,AMZ_3PL_20260409_025
BUILDING_AND_HARDWARE,Lamps,B0D8VH28KL,"Modern Gold Floor Lamp with Easel,Adjustable Height Tall Metal Standing Lamp,marble base E27 Floor Lamp,for Individual Art Easel Design Floor Uplight Lamp,for Living Room,reading lamp 100V-240V",1,189.79,189.79,Home Improvement,Home Improvement,Lighting & Fans,,LPNNA6FMDQM6Z,,SUZEPER,USED_GOOD,LIQ:3PL:PALLET:LNRM:PAL-69745,AMZ_3PL_20260409_025
BUILDING_AND_HARDWARE,Chandeliers,B0GFHRZJ6Y,"HUOKU Modern Wood Chandelier, 24"" Dimmable Round LED Chandelier Farmhouse Walnut Color Dining Room Light Fixtures for Entryway Kitchen Foyer",1,187.71,187.71,Home Improvement,Home Improvement,Lighting & Fans,,LPNNA6RNK6576,,HUOKU,USED_GOOD,LIQ:3PL:PALLET:LNRM:PAL-69399,AMZ_3PL_20260409_025
MIXED_BUILDING_AND_INDUSTRIAL,Misc,B0DQQ6LY5H,"Food Heat Lamp: [Rapid-Heating Bulbs Included] [Steady Heating] Commercial Food Warmer Lamp, Electric Heat Lamp for Food Catering Food Warming Lamp for Buffet Parties (Painted Copper, 32"" (2-Head))",1,185.24,185.24,Home Improvement,BISS,Tabletop,,LPNNA6ZSK7QC2,,SVKLHY,USED_GOOD,LIQ:3PL:PALLET:LNRM:PAL-69399,AMZ_3PL_20260409_025
BUILDING_AND_HARDWARE,Ladder Accessories,B0FS1NWFHP,"Wolec 16.5 ft Aluminum Telescoping Ladder, 330 lb Load, Hooks, Portable Collapsible Ladder for Home & Work,Silver",1,181.99,181.99,Home Improvement,Home Improvement,Building Materials & Ladders,0717661544087,LPNNA63W3RYD4,717661544087,Wolec,USED_GOOD,LIQ:3PL:PALLET:LNRM:PAL-69372,AMZ_3PL_20260409_025
MIXED_BUILDING_AND_INDUSTRIAL,Mobility Aids & Equipment,B0FX21LKZP,"BlessReach Deluxe Medical Scooter Double Handbrake, All Terrain Steerable Knee Scooter Crutch Alternative, for Adults Injured Ankle & Foot Recovery in Blacks",1,181.99,181.99,Home Improvement,BISS,Professional Medical,,LPNNA6FKSD468,,BlessReach,USED_GOOD,LIQ:3PL:PALLET:LNRM:PAL-69739,AMZ_3PL_20260409_025
BUILDING_AND_HARDWARE,Outdoor & Landscape Lighting,B0FH1MVYPR,LannlKer 2 Pcs Modern Outdoor Wall Lights 47.2inch Dimmable 3000K-6000K with Remote Control Waterproof IP65 Exterior Long Wall Sconce for House Garage Patio,1,181.99,181.99,Home Improvement,Home Improvement,Lighting & Fans,,LPNNA67572T7M,,LannlKer,USED_GOOD,LIQ:3PL:PALLET:LNRM:PAL-69669,AMZ_3PL_20260409_025
MIXED_BUILDING_AND_INDUSTRIAL,Mobility Aids & Equipment,B0G4WQDGV9,"VitaSophy Knee Scooter with Disc Brakes, Steerable Knee Walker for Adults for Foot Surgery, Broken Ankle- 12"" All Terrain Rover Scooter for Broken Foot Injured Leg Crutch",1,181.99,181.99,Home Improvement,BISS,Professional Medical,,LPNNA6DCG9392,,VitaSophy,USED_GOOD,LIQ:3PL:PALLET:LNRM:PAL-69661,AMZ_3PL_20260409_025
BUILDING_AND_HARDWARE,Decor & Coverings,B0DYV3CLKF,"KASARO 3D Faux Stone Wall Panels, 4 PCS PU Wainscoting Panel for Interior Wall Decor, Cement Texture Thicker Accent for Home, Office, 43.3 × 23.6 inch, Black",1,181.99,181.99,Home Improvement,Home Improvement,Painting Supplies,,LPNNA6M7N2FD6,,KASARO,USED_GOOD,LIQ:3PL:PALLET:LNRM:PAL-69724,AMZ_3PL_20260409_025
BUILDING_AND_HARDWARE,Home Improvement,B0DP87VBLT,"Maasechs 2 Pcs 22"" x 36"" Entry Door Frame Only Replacement Kit, 1 Lite for 1"" Glass (Not Included), Exterior Front Door Glass Insert Kit White Window Grille Inserts Replacement",1,181.99,181.99,Home Improvement,Home Improvement,Home Improvement,,LPNNA6X8JSN1R,,Maasechs,USED_GOOD,LIQ:3PL:PALLET:LNRM:PAL-69742,AMZ_3PL_20260409_025
BUILDING_AND_HARDWARE,Fasteners & Hooks,B0F8BNCMHR,"DIY DECK Post Anchor Connector Stainless Steel Beam Anchor Connector Post Base Bracket (4, P6x6-B(4x4/4x6))",1,180.70,180.70,Home Improvement,Home Improvement,Hardware,,LPNNA6QHCGQ8V,,DIY DECK,USED_GOOD,LIQ:3PL:PALLET:LNRM:PAL-68867,AMZ_3PL_20260409_025
BUILDING_AND_HARDWARE,Lamps,B0FFH9TRFW,"Liliful 8 Pcs Cordless Table Lamp Rechargeable Touch LED Small Gold Portable Battery Operated USB-c Desk Lamp 3 Color Dimmable for Bedroom Living Room Dining (Gold,Rose Style)",1,179.39,179.39,Home Improvement,Home Improvement,Lighting & Fans,,LPNNA6MWDW3JY,,Liliful,USED_GOOD,LIQ:3PL:PALLET:LNRM:PAL-69648,AMZ_3PL_20260409_025
BUILDING_AND_HARDWARE,Home Improvement,B0F1YC2D2Y,"EIDEARAY Modern LED Wall Sconce Set of Two, Dimmable Battery Powered Wall Sconces, 3000K-6500K LED Wireless Wall Light with Remote, Wall Lamp Indoor not Hardwired for Room Bedroom Corridor（Nickel）",1,176.79,176.79,Home Improvement,Home Improvement,Home Improvement,,LPNNA683QFC7F,,EIDEARAY,USED_GOOD,LIQ:3PL:PALLET:LNRM:PAL-69638,AMZ_3PL_20260409_025
BUILDING_AND_HARDWARE,Home Improvement,B0CMQRGYKQ,"Arturesthome 1 Light Rustic Woven Pendant Light, Coastal Rattan Lampshade Hanging Lighting Fixture,Adjustable Vintage Farmhouse Chandelier Lamp Shade for Kitchen Island Dining Table Room",1,207.99,207.99,Home Improvement,Home Improvement,Home Improvement,,LPNNA648L586F,,Arturesthome,USED_GOOD,LIQ:3PL:PALLET:LNRM:PAL-69745,AMZ_3PL_20260409_025
BUILDING_AND_HARDWARE,Home Improvement,B0DKXC1V63,"HOLOHATAL Bronze Pendant Lights Kitchen Island, 16 Inch Large Dome Pendant Light, Modern Farmhouse Pendant Light for Kitchen Island, Dining Room, Cafe, Bar, 2 Pack",1,198.89,198.89,Home Improvement,Home Improvement,Home Improvement,,LPNNA6HNNLVLQ,,HOLOHATAL,USED_GOOD,LIQ:3PL:PALLET:LNRM:PAL-69724,AMZ_3PL_20260409_025
MIXED_BUILDING_AND_INDUSTRIAL,Material Handling Other,B0FVWPWK4C,"Chalixion Incubators for Hatching Eggs 120, Chicken Egg Incubator with Automatic Egg Turning and Humidity Display, Temperature Control with 5 Automatic Incubation Modes, Incubation Day Counter",1,197.60,197.60,Home Improvement,BISS,Material Handling,,LPNNA6HMFMFXJ,,Chalixion,USED_GOOD,LIQ:3PL:PALLET:LNRM:PAL-69856,AMZ_3PL_20260409_025
BUILDING_AND_HARDWARE,Decor & Coverings,B0CNGGZ3KS,"Art3d 12-Pack Slat Design 3D Wall Panels for Interior Wall Decor, 2x4 FT PVC Decorative Drop Ceiling Tiles - Oak",1,194.99,194.99,Home Improvement,Home Improvement,Painting Supplies,6941197838257,LPNNK5HV6VN4M,,Art3d,USED_GOOD,LIQ:3PL:PALLET:LNRM:PAL-69519,AMZ_3PL_20260409_025
BUILDING_AND_HARDWARE,Home Improvement,B0FHF4BQX4,"sunkryster Gold Bathroom Vanity Light, 4-Light Brushed Gold Finish Vanity Light with Floral Clear Glass Shades, Vintage Wall Mount Lighting for Bathroom, Dressing Table",1,194.99,194.99,Home Improvement,Home Improvement,Home Improvement,,LPNNK5K7N142L,,sunkryster,USED_GOOD,LIQ:3PL:PALLET:LNRM:PAL-69699,AMZ_3PL_20260409_025
BUILDING_AND_HARDWARE,Home Improvement,B0DB834Z4N,"SQUSMAY Rattan Woven Pendant Hanging Lighting,Vintage Ceiling Light Bamboo Chandelier for Living Room Bedroom Restaurant Cafe Teahouse Bar Dining Room",1,189.79,189.79,Home Improvement,Home Improvement,Home Improvement,7593478787960,LPNNA6VKVCS63,,SQUSMAY,USED_GOOD,LIQ:3PL:PALLET:LNRM:PAL-69856,AMZ_3PL_20260409_025
MIXED_BUILDING_AND_INDUSTRIAL,BISS,B0F18DWV98,"DaisyInner Heavy Duty Stacking and Banquet Chair Dolly, Holds 12 Chairs, with Oversized Rubber Wheels and Fixed Rope for Transport Easily Storage Solution, Black",1,183.29,183.29,Home Improvement,BISS,BISS,,LPNNA677PP7YS,,DaisyInner,USED_GOOD,LIQ:3PL:PALLET:LNRM:PAL-69849,AMZ_3PL_20260409_025
BUILDING_AND_HARDWARE,Home Improvement,B0D9HM6LRG,"Black Modern Chandelier,Modern Led Pendant Light for Kitchen Island Lighting Dimmable 39.73"" Creative Snake-Shaped Twist Design Modern Led Chandelier for Dining Room Over Table",1,182.57,182.57,Home Improvement,Home Improvement,Home Improvement,,LPNNA6J6YPJDN,,Likflyer,USED_GOOD,LIQ:3PL:PALLET:LNRM:PAL-69532,AMZ_3PL_20260409_025
BUILDING_AND_HARDWARE,Bath Mirrors,B0DYY1DHY9,"WISSMIELS LED Bathroom Mirror 36 Inch Round Bathroom Mirror with Lights,Circle LED Mirror, Wall Mounted Lighted Bathroom with 3 Colors Brightness, Anti-Fog, Dimmable, Shatter-Proof",1,181.99,181.99,Home Improvement,Home Improvement,Bath & Laundry,,LPNNA66H1ZMPH,,WISSMIELS,USED_GOOD,LIQ:3PL:PALLET:LNRM:PAL-69131,AMZ_3PL_20260409_025
BUILDING_AND_HARDWARE,Home Improvement,B0F43857Q2,"Electric Water Heater 2.5 Gallon Mini Tank Hot Water Under Sink Instant for Kitchen Bathroom 110V 1500W, Wall or Floor Mounted, Easy to Install",1,181.99,181.99,Home Improvement,Home Improvement,Home Improvement,0797457757082,LPNNA6FRB5GV8,797457757082,NUANBO,USED_GOOD,LIQ:3PL:PALLET:LNRM:PAL-69856,AMZ_3PL_20260409_025
MIXED_BUILDING_AND_INDUSTRIAL,Dining Room Supplies,B0G48SZX9S,"Champagne Bucket with Stand, Wine Bucket Stand with 5L Bucket, Stainless Steel Standing Ice Buckets for Bar, KTV, Hotel, Party, Gathering (Matte Black, 2 Packs)",1,180.36,180.36,Home Improvement,BISS,Food Service,8736952865344,LPNNA6W91QFLB,,DMPWNEBL,USED_GOOD,LIQ:3PL:PALLET:LNRM:PAL-69661,AMZ_3PL_20260409_025
BUILDING_AND_HARDWARE,Home Improvement,B0F89X8MKF,"7PMBEANE Rectangle K9 Crystal Chandelier,Rectangular Contemporary Pendant Light Fixture,Black Modern Crystal Chandeliers for Dining Room Kitchen Island L31.5''xW10''xH10''",1,207.97,207.97,Home Improvement,Home Improvement,Home Improvement,,LPNNA649CD1VW,,7PMBEANE,USED_GOOD,LIQ:3PL:PALLET:LNRM:PAL-69729,AMZ_3PL_20260409_025
BUILDING_AND_HARDWARE,Interior Lights,B0D1R1Z1KV,IDEQUY Modern LED Gold Ring Chandelier Dimmable Gold Crystal Ring Pendant Light Adjustable Round Crystal Chandelier Light for Dining Room Living Room 15.7in,1,195.00,195.00,Home Improvement,Home Improvement,Lighting & Fans,,LPNNA6BDSTBS7,,IDEQUY,USED_GOOD,LIQ:3PL:PALLET:LNRM:PAL-68868,AMZ_3PL_20260409_025
BUILDING_AND_HARDWARE,Toilet Seats and Bidet Seats,B08YYNJMF1,"ZMJH ZMA102 Bidet Toilet Seat, Unlimited Warm Water, Vortex Wash, Electronic Heated, Warm Air Dryer, Rear and Front Wash, LED Light, Need Electricity, White, (Elongated)",1,194.99,194.99,Home Improvement,Home Improvement,Plumbing Fixtures,0791767928026,LPNNA63CFB576,791767928026,ZMJH,USED_GOOD,LIQ:3PL:PALLET:LNRM:PAL-69729,AMZ_3PL_20260409_025
BUILDING_AND_HARDWARE,Kitchen Faucets and Accessories,B0CVGRB9DT,"Black Kitchen Sink, Stainless Steel 27 x 22 Inch Drop In Sink Single Bowl Top Mount Sink Set - Sink Grid, Silicone Mat And Drain Assembly For Modern Kitchen And Bar Stylish and Functional",1,190.97,190.97,Home Improvement,Home Improvement,Plumbing Fixtures,,LPNNA69528DRD,,FAUENPEEY,USED_GOOD,LIQ:3PL:PALLET:LNRM:PAL-69399,AMZ_3PL_20260409_025
BUILDING_AND_HARDWARE,Weatherstripping,B0CWKVTL68,"Garage Door Seals, Heavy-Duty Garage Door Seals Bottom Rubber with Rodent Proof Steel Wool, Aluminum Track Retainer Base with Brush Seal Kit, Universal Garage Weather Stripping Kit (16.5ft)",1,189.79,189.79,Home Improvement,Home Improvement,Hardware,,LPNNA6PG2X2HK,,Ginchain,USED_GOOD,LIQ:3PL:PALLET:LNRM:PAL-68867,AMZ_3PL_20260409_025
MIXED_BUILDING_AND_INDUSTRIAL,Mobility Aids & Equipment,B0FZ2MTTTT,BlessReach 350 Lbs Capacity Foldable All Terrain Knee Scooter Walker - Economical Foot Injury Crutch Alternative - Black,1,187.19,187.19,Home Improvement,BISS,Professional Medical,,LPNNA66XLP7VW,,BlessReach,USED_GOOD,LIQ:3PL:PALLET:LNRM:PAL-69856,AMZ_3PL_20260409_025
MIXED_BUILDING_AND_INDUSTRIAL,BISS,B0CYPGD75D,"Eastrexon Folding Table Cart, Heavy Duty Table Dolly w/ 5"" PU Swivel Wheels, Drywall Dolly Cart w/ 1800 LBS & 10 Table Capacity for Party Events, Hotel, Factory, Warehouse, (45.6"" L x 29"" W x 39"" H)",1,186.41,186.41,Home Improvement,BISS,BISS,,LPNNA6S3S17MJ,,Eastrexon,USED_GOOD,LIQ:3PL:PALLET:LNRM:PAL-69849,AMZ_3PL_20260409_025
BUILDING_AND_HARDWARE,Outdoor & Landscape Lighting,B0FVLM18YR,"Slypadan 19"" Gold Outdoor Light Fixture, 2 Pack Large Size Outdoor Sconce Lights with Clear Glass Shade, Waterproof Porch Lighting Exterior Light Fixture for Front Door, Garage",1,185.24,185.24,Home Improvement,Home Improvement,Lighting & Fans,,LPNNA62CD2C1Y,,Slypadan,USED_GOOD,LIQ:3PL:PALLET:LNRM:PAL-69399,AMZ_3PL_20260409_025
BUILDING_AND_HARDWARE,Home Improvement,B0DZGJW5P2,"Wooden Linear Pendant Light 47"" LED Pendant Light Dimmable Pool Table Island Lights Modern Linear Chandeliers for Dining Room Kitchen Ceiling Pendant Lamp for Dining Room Billiard Room Natural",1,183.68,183.68,Home Improvement,Home Improvement,Home Improvement,,LPNNA68F9PH1L,,QJCMUUYI,USED_GOOD,LIQ:3PL:PALLET:LNRM:PAL-69302,AMZ_3PL_20260409_025
BUILDING_AND_HARDWARE,Home Improvement,B0DNDW29F4,"ANDY STAR 3 Light Bathroom Vanity Light, Brushed Nickel Bathroom Sconces with Clear Tulip Glass Shade, Vintage Vanity Lights for Bedroom, Living Room, E12 Base(Bulbs Not Included)",1,181.99,181.99,Home Improvement,Home Improvement,Home Improvement,,LPNNA6T91P4LP,,ANDY STAR,USED_GOOD,LIQ:3PL:PALLET:LNRM:PAL-69729,AMZ_3PL_20260409_025
BUILDING_AND_HARDWARE,Other Material Handling,B0FR4FS43Y,"29"" x 48"" Shed Ramp for Riding Mower, Heavy-Duty 1500 lb Anti-Slip Metal Ramp for Lawn Mower ATV Golf Cart Tractor Snow Blower Garage Barn Storage Access(2Pack)",1,181.99,181.99,Home Improvement,Home Improvement,Building Materials & Ladders,,LPNNA6TSKM6FW,,Fanmoss,USED_GOOD,LIQ:3PL:PALLET:LNRM:PAL-69729,AMZ_3PL_20260409_025
BUILDING_AND_HARDWARE,Outdoor & Landscape Lighting,B0DDNQB923,"ZSDHXi Rattan Pendant Light Fixture Ceiling, 19.68”Hand Woven Wicker Chandelier, Rustic 3-Light Large Hanging Lamp, Adjustable Boho Flush Mount Hanging Light for Dining Room Kitchen Living Room",1,181.99,181.99,Home Improvement,Home Improvement,Lighting & Fans,,LPNNA6CFV6461,,ZSDHXi,USED_GOOD,LIQ:3PL:PALLET:LNRM:PAL-69661,AMZ_3PL_20260409_025
BUILDING_AND_HARDWARE,Home Improvement,B0DPH4YFS7,"GoYeel Semi Flush Chandelier Gold, Modern Light Fixtures Ceiling Mount Lighting Pendant 3 Light Dining Chandeliers Over Table Glass 18.5"" 13 Clear Swirled Globe for Foyer Bedroom Kitchen",1,181.99,181.99,Home Improvement,Home Improvement,Home Improvement,,LPNNA6B15NS3T,,GoYeel,USED_GOOD,LIQ:3PL:PALLET:LNRM:PAL-69724,AMZ_3PL_20260409_025
BUILDING_AND_HARDWARE,Home Improvement,B0GFD2YJZZ,"Vinyl Basement Hopper Window, 32"" x 22"" Bathroom Window with Double Pane Insulated Glass and Fiberglass Screen, White PVC Frame, Energy Efficient Replacement Window for Basement, Bathroom (White)",1,181.99,181.99,Home Improvement,Home Improvement,Home Improvement,,LPNNA6FNPLRVH,,NOTASA,USED_GOOD,LIQ:3PL:PALLET:LNRM:PAL-69724,AMZ_3PL_20260409_025
BUILDING_AND_HARDWARE,Home Improvement,B0D9Q7BGYW,"3 Steps Hot Tub RV Steps with Dual Handrail, ퟐퟎퟐퟔ 퐔퐩퐠퐫퐚퐝퐞퐝 Portable Mobile Home Stairs Steps with Reinforced Crossbeams on Both Sides, 660lbs, Outdoor RV Camper Entry Steps w/Non-Slip Mats",1,181.99,181.99,Home Improvement,Home Improvement,Home Improvement,,LPNNA6WPVCHXX,,KAXUSDT,USED_GOOD,LIQ:3PL:PALLET:LNRM:PAL-69849,AMZ_3PL_20260409_025
BUILDING_AND_HARDWARE,Home Improvement,B0DFYV9FXB,"HLMRCHEN Shell Chandelier, White and Gold Chandelier Light Fixture with 4 Lights Capiz Seashell Pendant for Foyer,Kitchen Island,Entryway,Dining Room (18"" Coastal Chandeliers)",1,181.87,181.87,Home Improvement,Home Improvement,Home Improvement,,LPNNA6ZDK7P51,,HLMRCHEN,USED_GOOD,LIQ:3PL:PALLET:LNRM:PAL-69638,AMZ_3PL_20260409_025
BUILDING_AND_HARDWARE,Home Improvement,B0DS63FT8K,"Electric Bidet Toilet Seat Elongated with Heated Seat, Warm Air Dryer, Endless Warm Water, Oscillating and Pulsating Spray Wash, Stainless Steel Self-Clean Nozzle (Bidet Toilet Seat Elongated 2)",1,180.70,180.70,Home Improvement,Home Improvement,Home Improvement,,LPNNA638LHVR3,,Cioreznt,USED_GOOD,LIQ:3PL:PALLET:LNRM:PAL-68861,AMZ_3PL_20260409_025
BUILDING_AND_HARDWARE,Interior Lights,B07QQRYNQ2,"Fabric Drum Shade semi Flush Mount Ceiling Light PS Diffuser,Off White Fabric Chandeliers Shade for Bar, Dining Room, Corridor,Living Room (Gold, 20"")",1,180.05,180.05,Home Improvement,Home Improvement,Lighting & Fans,0717057913695,LPNNA6W917F4R,717057913695,Doraimi Lighting,USED_GOOD,LIQ:3PL:PALLET:LNRM:PAL-69849,AMZ_3PL_20260409_025
MIXED_BUILDING_AND_INDUSTRIAL,Industrial Lighting,B0F5M94H78,"CATINER 16"" Extra Large Farmhouse Pendant Light – Hand-Blown Hammered Glass Shade, Gold Finish, Adjustable Chain Ceiling Light for Kitchen Island, Dining Room, Hallway",1,179.91,179.91,Home Improvement,BISS,Industrial Electrical Supplies,,LPNNA6TMCF3KB,,CATINER,USED_GOOD,LIQ:3PL:PALLET:LNRM:PAL-69399,AMZ_3PL_20260409_025
BUILDING_AND_HARDWARE,Ceiling Fans & Ventilation,B0FFMQCGLH,"FRIXCHUR 42"" Fandelier Ceiling Fan with Light Dimmable Fandelier Crystal Chandelier Retractable LED Chandelier Ceiling Fan with Remote Control Quiet Operation 6 Speed 3 Light for Living Room Bedroom",1,178.74,178.74,Home Improvement,Home Improvement,Lighting & Fans,,LPNNA6656S9FQ,,FRIXCHUR,USED_GOOD,LIQ:3PL:PALLET:LNRM:PAL-69399,AMZ_3PL_20260409_025
BUILDING_AND_HARDWARE,Home Improvement,B0DQ3KY1NC,"Shial Lighting 3-Lights Pendant Lights Kitchen Island Mini Chandelier,Modern Silver Pendant Light with Remote Control,Hanging Light Fixture for Dining Room Hallway",1,205.40,205.40,Home Improvement,Home Improvement,Home Improvement,,LPNNA669B5KT1,,Shial Lighting,USED_GOOD,LIQ:3PL:PALLET:LNRM:PAL-69742,AMZ_3PL_20260409_025
MIXED_BUILDING_AND_INDUSTRIAL,Rolling,B0D2KD3Y3R,"Humagineer 8 Inch Heavy Duty Industrial Grade Caster Set of 4, Industrial Swivel Casters with Brake, Maintenance-Free Aluminum Core PU Wheels 6000 LBS, Durable Casters Wheels for Industrial, Equipment",1,197.59,197.59,Home Improvement,BISS,Material Handling,,LPNNA6LQ5GFT6,,Humagineer,USED_GOOD,LIQ:3PL:PALLET:LNRM:PAL-68868,AMZ_3PL_20260409_025
BUILDING_AND_HARDWARE,Home Improvement,B0FN7V8M5L,"LARWORKS Natural Flexible Soft Stone Wall Panel, 20-Pack, 37.75 Sq Ft Coverage, Flexible & Bendable Exterior Wall Panels - Textured Stone Siding for Interior & Outdoor Use - Gray",1,194.99,194.99,Home Improvement,Home Improvement,Home Improvement,,LPNNA6ZL95R2C,,LarWorks,USED_GOOD,LIQ:3PL:PALLET:LNRM:PAL-69172,AMZ_3PL_20260409_025
BUILDING_AND_HARDWARE,Ceiling Fans & Ventilation,B0F64XD97S,"liangeight 42 Inch Fandelier Ceiling Fan with Light, Chandelier Ceiling Fans with Lights, Crystal Ceiling Fans for Bedroom Living Room, LED Dimmable, 6 Wind Speed,3 Color Temperatures-Black",1,194.99,194.99,Home Improvement,Home Improvement,Lighting & Fans,,LPNNA68698BXP,,liangeight,USED_GOOD,LIQ:3PL:PALLET:LNRM:PAL-69399,AMZ_3PL_20260409_025
BUILDING_AND_HARDWARE,Home Improvement,B0DGPS8M3Z,"Rviezza 24-Light Black Wagon Wheel Chandelier Farmhouse, 48"" Extra Large Chandeliers for High Ceilings, Round Matte Black Chandeliers for Dining Room, Kitchen Island, Foyer, Living Room, Entrance",1,194.99,194.99,Home Improvement,Home Improvement,Home Improvement,,LPNNA6MW1DZGP,,Rviezza,USED_GOOD,LIQ:3PL:PALLET:LNRM:PAL-69742,AMZ_3PL_20260409_025
BUILDING_AND_HARDWARE,Home Improvement,B0BGRYBFRX,Hoimpro Tub Filler Freestanding Bathtub Faucet Matte Black Floor Mount Tub Faucet Waterfall Free Standing Bathtub Filler High Flow Brass Bath Shower Faucets with Handheld Sprayer,1,191.09,191.09,Home Improvement,Home Improvement,Home Improvement,0742939478399,LPNNA6KTP3JG1,742939478399,Hoimpro,USED_GOOD,LIQ:3PL:PALLET:LNRM:PAL-69685,AMZ_3PL_20260409_025
MIXED_BUILDING_AND_INDUSTRIAL,Non-disposable Place Settings,B0FSXN4BLY,"HXOAOXH 120-Pack Gold Charger Plates 13"" – Durable PP Round Disposable/Reusable Dinner Chargers, Bulk Wedding Banquet Catering Table Setting, Holiday Party Placemats",1,190.48,190.48,Home Improvement,BISS,Food Service,,LPNNK5XL5GNKF,,HXOAOXH,USED_GOOD,LIQ:3PL:PALLET:LNRM:PAL-69399,AMZ_3PL_20260409_025
BUILDING_AND_HARDWARE,Safes,B0FLDK2DV5,"7.0 Cuft Safes for Home Use Fire and Water proof, Extra Large Security fireproof safe Box With LCD Digital Keypad, Smart Alert, Hidden Code, Combination Jewelry Fire Document Safes For Money Valuables",1,188.49,188.49,Home Improvement,Home Improvement,Hardware,,LPNNA6LH1H6M5,,Uzticams,USED_GOOD,LIQ:3PL:PALLET:LNRM:PAL-69724,AMZ_3PL_20260409_025
BUILDING_AND_HARDWARE,Home Improvement,B0CJR8LJW5,"Push Cart Dolly, Flat Cart, Flatbed Platform Trucks with Wheels and Handle, Rolling Trolly, Folding Handcart for Moving, Heavy Duty 2000 lb Capacity, Carritos de Carga, Foldable 36 x 35 x 24 Inches",1,186.89,186.89,Home Improvement,Home Improvement,Home Improvement,0810055501489,LPNNA66PWHSMZ,810055501489,Houseables,USED_GOOD,LIQ:3PL:PALLET:LNRM:PAL-69685,AMZ_3PL_20260409_025
MIXED_BUILDING_AND_INDUSTRIAL,BISS,B0C7CNZ5ZS,"Pelopy 12 Pcs Stanchion Posts with Velvet Ropes and Red Carpet 26 ft, Crowd Control Barrier Set, 38"" Gold Queue Poles for Wedding, Graduation, Party, Event Entrance Decor",1,185.89,185.89,Home Improvement,BISS,BISS,,LPNNA6YR13FT1,,Pelopy,USED_GOOD,LIQ:3PL:PALLET:LNRM:PAL-69172,AMZ_3PL_20260409_025
BUILDING_AND_HARDWARE,Home Improvement,B0DQ8FWQV4,"5"" Gutter Guard,50 Pcs 200 Ft Heavy-Duty Aluminum Mesh Leaf Guards with Screws for 5"" Gutters Leaf and Debris Protection.",1,183.29,183.29,Home Improvement,Home Improvement,Home Improvement,0757523570410,LPNNA6DL3CBV2,757523570410,Sevenjungle,USED_GOOD,LIQ:3PL:PALLET:LNRM:PAL-69669,AMZ_3PL_20260409_025
BUILDING_AND_HARDWARE,Home Improvement,B0DGT4RBHM,"Finktonglan 31.4 inch Modern Crystal Chandelier, 3 Rectangular LED Rings Chandeliers Pendant Ceiling Light for Dining Room Kitchen Island Stair Well (6000K Cool White)",1,182.47,182.47,Home Improvement,Home Improvement,Home Improvement,,LPNNA66W528GQ,,Finktonglan,USED_GOOD,LIQ:3PL:PALLET:LNRM:PAL-69729,AMZ_3PL_20260409_025
BUILDING_AND_HARDWARE,Ceiling Fans & Ventilation,B0FPLVG6GQ,"60 Inch Farmhouse Ceiling Fans with Rustic Lights, Caged Ceiling Fans with Remote, Industrial Ceiling Fan with Reversible DC Motor, Antique Flush Mount Fan with Chandelier for Living Room Bedroom",1,181.99,181.99,Home Improvement,Home Improvement,Lighting & Fans,,LPNNA6LSPJG3H,,Breezary,USED_GOOD,LIQ:3PL:PALLET:LNRM:PAL-69856,AMZ_3PL_20260409_025
MIXED_BUILDING_AND_INDUSTRIAL,Bedroom Aids & Accessories,B0FJ1M9Z8R,"LUNOA High-End Body Pillow - Made in Japan - 63""x20"" (160x50cm) - Ultra Resilient & Smooth Touch - Washable Insert - LU9900LS-T Genuine Product Fabric Feel Level up",1,181.97,181.97,Home Improvement,BISS,Professional Medical,4580648253007,LPNNA6Z6ZZK44,,LUNOA,USED_GOOD,LIQ:3PL:PALLET:LNRM:PAL-69739,AMZ_3PL_20260409_025
BUILDING_AND_HARDWARE,Kitchen Faucets and Accessories,B0D483Z23W,"Moen Doherty Spot Resist Stainless Single Handle Pull-Down Kitchen Faucet with Power Clean and Reflex Docking System, 87260SRS",1,180.96,180.96,Home Improvement,Home Improvement,Plumbing Fixtures,0026508368374,LPNNA6DRB6M6H,026508368374,Moen,USED_GOOD,LIQ:3PL:PALLET:LNRM:PAL-69699,AMZ_3PL_20260409_025
BUILDING_AND_HARDWARE,Home Improvement,B0CD7FPXPR,"youngrender 20 Inch Gold Caged Ceiling Fan with Light, Flower Chandelier Ceiling Fan with Lights Remote Control, Frower Crystal Fandelier 6 Speeds for Girl's Bedroom, Living Room",1,180.70,180.70,Home Improvement,Home Improvement,Home Improvement,,LPNNA64PWZW6K,,youngrender,USED_GOOD,LIQ:3PL:PALLET:LNRM:PAL-69532,AMZ_3PL_20260409_025
BUILDING_AND_HARDWARE,Home Improvement,B0DFTMQX4F,"OMYU 42 Inch Solid Wood Ceiling Fan with Remote,White Ceiling Fan no Light,6 Speeds,Noiseless,Reversible DC Motor,Modern Ceiling Fans without Lights for Outdoor Indoor Bedroom Farmhouse,Patios",1,180.70,180.70,Home Improvement,Home Improvement,Home Improvement,,LPNNA65KV53KS,,OMYU,USED_GOOD,LIQ:3PL:PALLET:LNRM:PAL-68868,AMZ_3PL_20260409_025
BUILDING_AND_HARDWARE,Home Improvement,B0FF24VP1S,"kackae Farmhouse Wagon Wheel Chandelier 23.6"" Wooden Chandelier Light Fixture 8-Light Rustic Chandeliers for Dining Room Living Room Entryway Foyer",1,175.68,175.68,Home Improvement,Home Improvement,Home Improvement,,LPNNA6B54299D,,kackae,USED_GOOD,LIQ:3PL:PALLET:LNRM:PAL-69648,AMZ_3PL_20260409_025
MIXED_BUILDING_AND_INDUSTRIAL,Plastics,B0CNG5Y9R9,"Art3d 12-Pack Slat Design 3D Wall Panels for Interior Wall Decor, 2x4 FT PVC Decorative Drop Ceiling Tiles - Walnut",1,173.47,173.47,Home Improvement,BISS,Raw Materials,6941197838264,LPNNA6ZV8XDBX,,Art3d,USED_GOOD,LIQ:3PL:PALLET:LNRM:PAL-69638,AMZ_3PL_20260409_025
BUILDING_AND_HARDWARE,Interior Lights,B09LY272JX,BYOLIIMA Modern Gold Globe Pendant Light Mid Century Chandelier 1-Light Brushed Brass Ceiling Hanging Lighting Fixture with White Globe Glass Lampshade for Kitchen Island Dining Room Bedroom (2 Pack),1,169.18,169.18,Home Improvement,Home Improvement,Lighting & Fans,,LPNNA6M7N4LC7,,BYOLIIMA,USED_GOOD,LIQ:3PL:PALLET:LNRM:PAL-69519,AMZ_3PL_20260409_025
BUILDING_AND_HARDWARE,Decor & Coverings,B0CSFN73TP,"Toolhom Hand-Painted Watercolor Rose Peony Leaves Flower Mural, Assorted Colors Flower Wallpaper, can be affixed to the Living Room Bedroom Walls（Non-self-Adhesive）",1,168.99,168.99,Home Improvement,Home Improvement,Painting Supplies,,LPNNA6YV62KRD,,Toolhom,USED_GOOD,LIQ:3PL:PALLET:LNRM:PAL-69302,AMZ_3PL_20260409_025
MIXED_BUILDING_AND_INDUSTRIAL,Mobility Aids & Equipment,B0F4N5GR5C,"BlessReach Foldable Rollator Walkers with Seat for Seniors, 450 lb Capacity, 8'' Wheels, 18"" Big Seat, 6-Position Height, Heavy-Duty Aluminum Rolling Walker (Black)",1,168.99,168.99,Home Improvement,BISS,Professional Medical,,LPNNA68FWJPWL,,BlessReach,USED_GOOD,LIQ:3PL:PALLET:LNRM:PAL-69661,AMZ_3PL_20260409_025
BUILDING_AND_HARDWARE,Home Improvement,B0D3CCJM6K,"AECXM 8""x8"" (Actually 7.5""x7.5"") Heavy Duty U-Shaped Fence Post Holder Bracket, Wet Concrete Post Bracket, for Deck railings, Fences, gazebos Wet Concrete Foundation Support (Dark Gray-2Pack)",1,168.99,168.99,Home Improvement,Home Improvement,Home Improvement,0747165511520,LPNNA6Q6Z3HYP,747165511520,Aecxm,USED_GOOD,LIQ:3PL:PALLET:LNRM:PAL-68868,AMZ_3PL_20260409_025
BUILDING_AND_HARDWARE,Vanities,B00TEH4CIQ,"OUBONI Blue Vessel Sink Oval Glass Vessel Sink with Waterfall Faucet and Pop-Up Drain Boat Shape Bathroom Sink Above Counter,Artistic Tempered Glass Vessels Sinks Bowl",1,168.99,168.99,Home Improvement,Home Improvement,Plumbing Fixtures,,LPNNA6TXNPXWJ,,Ouboni,USED_GOOD,LIQ:3PL:PALLET:LNRM:PAL-69699,AMZ_3PL_20260409_025
BUILDING_AND_HARDWARE,Tub and Shower Faucets and Accessories,B0G1YKQY39,"HSYLYPA Shower Panel Tower System 5-in-1 Shower Panel Tower with Powerful Body Massage, Rainfall, Waterfall,Handheld and Tub Spout, Stainless Steel Shower Column - Brushed Black",1,167.95,167.95,Home Improvement,Home Improvement,Plumbing Fixtures,,LPNNA6SXMCFJL,,HSYLYPA,USED_GOOD,LIQ:3PL:PALLET:LNRM:PAL-69729,AMZ_3PL_20260409_025
BUILDING_AND_HARDWARE,Home Improvement,B0C24SBWSW,"Smooth Black Drop Ceiling Tile 2ft x 4ft, PVC Ceiling Panel 24x48in – Waterproof, Washable and Fire-Rated - High-Grade PVC to Prevent Breakage-Cover 80 Sq. Ft-Package of 10 Tiles",1,166.37,166.37,Home Improvement,Home Improvement,Home Improvement,0605128917652,LPNNA6CCBVY6K,605128917652,Gigrwiin,USED_GOOD,LIQ:3PL:PALLET:LNRM:PAL-69699,AMZ_3PL_20260409_025
MIXED_BUILDING_AND_INDUSTRIAL,Other,B0DS5R3T5H,"DGLILUAN Plaster in Recessed LED Aluminum Channel T Shape, 3.3 FT/1 Meter LED Strip Light Shadow Channel with Milky Diffuser, Suspended Ceiling Baseboard Edge Trim Light Profile (White, 10 Pack)",1,161.19,161.19,Home Improvement,BISS,Raw Materials,,LPNNA698K5FFS,,DGLILUAN,USED_GOOD,LIQ:3PL:PALLET:LNRM:PAL-69638,AMZ_3PL_20260409_025
BUILDING_AND_HARDWARE,Home Improvement,B0FFGKCJTF,"Lumifly Gold Sputnik Chandelier Modern Large Chandelier with Milk Glass Globe Shades, 38” Mid Century Pendant Light Fixture High Ceiling Hanging Light for Dining Room Living Room Foyer",1,160.54,160.54,Home Improvement,Home Improvement,Home Improvement,,LPNNA6WPXQJYQ,,Lumifly,USED_GOOD,LIQ:3PL:PALLET:LNRM:PAL-69745,AMZ_3PL_20260409_025
BUILDING_AND_HARDWARE,Home Improvement,B0DG5TJHQG,"Emliviar Black Exterior Lighting Fixture, 22 Inch Farmhouse Outside Lights for House with Water Ripple Glass, DE281B-M BK-WP",1,158.31,158.31,Home Improvement,Home Improvement,Home Improvement,,LPNNA65DK6XTM,,Emliviar,USED_GOOD,LIQ:3PL:PALLET:LNRM:PAL-69131,AMZ_3PL_20260409_025
MIXED_BUILDING_AND_INDUSTRIAL,Packaging and Shipping Supplies,B0FWR2PD88,"10 Pack 36 x 48 Inches Corrugated Plastic Sign Waterproof Blank Board Sheets White Double Sided Poster Board for, Indoor Outdoor Use, DIY Projects Guidepost Decorations",1,155.99,155.99,Home Improvement,BISS,Material Handling,,LPNNA6YR1C75G,,ONEXIZ,USED_GOOD,LIQ:3PL:PALLET:LNRM:PAL-69372,AMZ_3PL_20260409_025
BUILDING_AND_HARDWARE,Home Improvement,B0FVWT527K,"Zinclock Black Hardware Cloth 1 inch 48 x 100 ft Mesh 17 Gauge Vinyl PVC Coated Welded for Gopher Wire, Rodent Mesh Preventing Hare, Raccoons, Foxes, Groundhog Poultry Netting",1,155.99,155.99,Home Improvement,Home Improvement,Home Improvement,0724443447801,LPNNA6KDPMFJ3,724443447801,ZincLock,USED_GOOD,LIQ:3PL:PALLET:LNRM:PAL-69669,AMZ_3PL_20260409_025
BUILDING_AND_HARDWARE,Home Improvement,B0FHQFVS8Y,"HolyHeal Drop Arm Bedside Commode, Commode Toilet with Padded Seat and Backrest, 300lbs Capacity, 6.3QT Removable Bucket and Splash Guard, Adjustable Height Portable Toilet for Adults, Blue",1,155.99,155.99,Home Improvement,Home Improvement,Home Improvement,0199284287914,LPNNA6P68N8F4,199284287914,HOLYHEAL,USED_GOOD,LIQ:3PL:PALLET:LNRM:PAL-69648,AMZ_3PL_20260409_025
BUILDING_AND_HARDWARE,Medicine Cabinets and Mirrors,B0FSRN27KV,"Venlus 16x27.5 Medicine Cabinet with Mirror, Fully Assembled Recessed or Wall-Mounted Bathroom Mirrored Cabinet with Adjustable Storage Shelves for Vanity, Metal, Black",1,175.49,175.49,Home Improvement,Home Improvement,Plumbing Fixtures,,LPNNA6HQ5FL91,,Venlus,USED_GOOD,LIQ:3PL:PALLET:LNRM:PAL-69372,AMZ_3PL_20260409_025
BUILDING_AND_HARDWARE,Ceiling Fans & Ventilation,B0F82S3LSZ,"64 inch Ceiling Fans with Lights and Remote&APP,Industrial Ceiling Fan Reversible Quiet DC Motor, 6 Speed 3 CCT Dimiable, Modern Large Ceiling Fan for Living Room Farmhouse Patios Outdoor Gazebo Black",1,169.18,169.18,Home Improvement,Home Improvement,Lighting & Fans,,LPNNA6M7TCB89,,BrilMaison,USED_GOOD,LIQ:3PL:PALLET:LNRM:PAL-68867,AMZ_3PL_20260409_025
BUILDING_AND_HARDWARE,Parts and Repair,B0FRNHYT1C,"Aokawa 4.0-Gallon Electric Mini Tank Water Heater, 1500W Instant Under Sink Hot Water Heater, Compact Point-of-Use Design for Kitchen, Bathroom, RV, Wall or Floor Mount, Adjustable Temperature",1,168.99,168.99,Home Improvement,Home Improvement,Rough Plumbing,,LPNNA6LPV8CN2,,Aokawa,USED_GOOD,LIQ:3PL:PALLET:LNRM:PAL-69172,AMZ_3PL_20260409_025
BUILDING_AND_HARDWARE,Home Improvement,B0DRP6CLKH,"DGLILUAN Plaster in LED Aluminum Channel Z Shape 3.3 FT/1 Meter Trim Edge Drywall Shadow Light Channel with Milky Diffuser, Recessed Baseboard LED Profile for Plaster Gypsum Drywall (Black, 10 Pack)",1,168.99,168.99,Home Improvement,Home Improvement,Home Improvement,,LPNNA6TVZFNMH,,DGLILUAN,USED_GOOD,LIQ:3PL:PALLET:LNRM:PAL-69302,AMZ_3PL_20260409_025
BUILDING_AND_HARDWARE,Home Improvement,B0BXCNH8Q4,KCO Lighting Modern Black Sputnik Chandelier Mid Century Vintage 12-Lights Semi Flush Mount Chandelier Ceiling Light Industrial Satellite Starburst Chandelier Pendant Light (12-Light),1,168.99,168.99,Home Improvement,Home Improvement,Home Improvement,,LPNNA65PTRRQ5,,KCO,USED_GOOD,LIQ:3PL:PALLET:LNRM:PAL-69131,AMZ_3PL_20260409_025
BUILDING_AND_HARDWARE,Home Improvement,B0G2XJHK76,"Dawn Whisper 52"" Ceiling Fan with Light Gold Chandelier Fan DC Motor Dimmable LED Modern Ceiling Fan with Light for Bedroom Living Room",1,168.99,168.99,Home Improvement,Home Improvement,Home Improvement,,LPNNA68YQCVYV,,Dawn Whisper,USED_GOOD,LIQ:3PL:PALLET:LNRM:PAL-69661,AMZ_3PL_20260409_025
MIXED_BUILDING_AND_INDUSTRIAL,Motors & Accessories,B0G5267HHH,"1/2"" Steel Cable Kit, PIUM 75Ft 7x19 Strand Aircraft Cable with Loops, Heavy Duty Wire Rope 23000lbs Breaking Strength with Clamps and Thimbles for Zipline, Boat Lift, Outdoor Use",1,168.99,168.99,Home Improvement,BISS,Power Transmission,,LPNNK5D93MPKY,,PIUM,USED_GOOD,LIQ:3PL:PALLET:LNRM:PAL-69685,AMZ_3PL_20260409_025
BUILDING_AND_HARDWARE,Home Improvement,B0CKQ9VMZX,FDPBY Modern Gold Pendant Light Hanging Fixture Light for Kitchen Island Mid Century with Globe Pendant Light Milk White Glass Pendant Lighting for Living Room Bedroom Entryway (3-Light),1,168.99,168.99,Home Improvement,Home Improvement,Home Improvement,,LPNNA6VVZ9CXH,,FDPBY,USED_GOOD,LIQ:3PL:PALLET:LNRM:PAL-69856,AMZ_3PL_20260409_025
BUILDING_AND_HARDWARE,Home Improvement,B0DSVGZLGL,"ELYCCUPA 20”Hand Woven Rattan Chandelier Boho Pendant Light Adjustable Coastal Pendant Light for Kitchen Island Dining Living Room, White, UL Listed",1,167.43,167.43,Home Improvement,Home Improvement,Home Improvement,,LPNNA62ZYTGDH,,ELYCCUPA,USED_GOOD,LIQ:3PL:PALLET:LNRM:PAL-69739,AMZ_3PL_20260409_025
BUILDING_AND_HARDWARE,Parts and Repair,B0CZ3NBB7G,"Urinal Partition,Bathroom Partition,Toilet Protection Divider,Wall-Mounted Urinal Screen Toilet Partition for Hotel,Schools,Shopping Malls Public Places,3 PCS,Black",1,167.32,167.32,Home Improvement,Home Improvement,Rough Plumbing,,LPNNA6L181XM4,,YAGEANNL,USED_GOOD,LIQ:3PL:PALLET:LNRM:PAL-69739,AMZ_3PL_20260409_025
BUILDING_AND_HARDWARE,Solar Lighting,B0CR69PWYV,"Kalium Outdoor Post Lights, 3 Light Lamp Post Light Fixture Hardwired with Clear Beveled Glass, 23"" Large Waterproof Lamp Pillar Fixtures for Yard Pathway Porch Patio 60W Matte Black",1,163.79,163.79,Home Improvement,Home Improvement,Lighting & Fans,,LPNNA6TSKR2KH,,Kalium,USED_GOOD,LIQ:3PL:PALLET:LNRM:PAL-69669,AMZ_3PL_20260409_025
BUILDING_AND_HARDWARE,Medicine Cabinets and Mirrors,B0FQ5R49FG,"Snughome Bathroom Medicine Cabinet with Mirror & LED Lights, Wall Mount Bathroom Mirror with Storage, Built-in Power Outlets, Dimmable 3 Color Temp, Anti Rust Easy to Install, 31.5"" x 23.6""",1,163.79,163.79,Home Improvement,Home Improvement,Plumbing Fixtures,0718653549691,LPNNA66SJFB5V,718653549691,Snughome,USED_GOOD,LIQ:3PL:PALLET:LNRM:PAL-69724,AMZ_3PL_20260409_025
BUILDING_AND_HARDWARE,Home Improvement,B0CTK8W7NG,"Doppy 4"" Deep Well Submersible Pump, 1HP/220V/60Hz,207 Ft Head/33gpm,with 49 ft Electric Cord Stainless Steel Water Pump,With 1.25"" NPT Connector, for Irrigation,Farms,Industrial,Home",1,159.89,159.89,Home Improvement,Home Improvement,Home Improvement,,LPNNA65MFM5KW,,Doppy,USED_GOOD,LIQ:3PL:PALLET:LNRM:PAL-69519,AMZ_3PL_20260409_025
BUILDING_AND_HARDWARE,Home Improvement,B0DDKK11HZ,"Wrlmfy Brass Gold Semi Flush Mount Ceiling Fixture Large Hammered Glass Shade Modern Close to Ceiling Light 14"" Art Lampshade for Hallway Foyer Bedroom (Amber Glass Shade, 14 Inches)",1,159.25,159.25,Home Improvement,Home Improvement,Home Improvement,0757597217181,LPNNA6QXJVQDY,757597217181,Wrlmfy,USED_GOOD,LIQ:3PL:PALLET:LNRM:PAL-69648,AMZ_3PL_20260409_025
BUILDING_AND_HARDWARE,Chandeliers,B0BQTTGYKQ,diisunbihuo Modern LED Chandeliers Crystal Chandeliers Ceiling Light Three Rings Pendant Light with Acrylic for Bedroom Dinning Room Hallway(Cool White 30/40/50),1,157.94,157.94,Home Improvement,Home Improvement,Lighting & Fans,,LPNNA6F68RHBZ,,diisunbihuo,USED_GOOD,LIQ:3PL:PALLET:LNRM:PAL-69856,AMZ_3PL_20260409_025
BUILDING_AND_HARDWARE,Home Improvement,B0G4QYVMPP,"18 inch Baseboard Register Vent,10PK Baseboard Vent Cover 18 Inch Duct Opening White Baseboard Diffusers Heater Vent for Floor Wall with Adjustable Airflow Control-18""Wide x 4.5""Tall x 2.75""Deep",1,155.99,155.99,Home Improvement,Home Improvement,Home Improvement,,LPNNA64MB9S6T,,EXCELFU,USED_GOOD,LIQ:3PL:PALLET:LNRM:PAL-69372,AMZ_3PL_20260409_025
BUILDING_AND_HARDWARE,Home Improvement,B0BP7R15G6,Aiwen LED Vanity Light Fixture 9W 22.04 inch Bath Vanity Lights with PC Lamp Shade Retro Artwork Picture Lighs Wall Sconces for Dressing Bathroom Lighting 3 Color Temperature,1,155.99,155.99,Home Improvement,Home Improvement,Home Improvement,9489458695760,LPNNA6CTQH8QQ,,Aiwen,USED_GOOD,LIQ:3PL:PALLET:LNRM:PAL-69661,AMZ_3PL_20260409_025
BUILDING_AND_HARDWARE,Home Improvement,B0DMF61PQM,"JAYMP Dining Room Modern Pendant Lighting Dimmable LED Disk Light Adjustable Height Kitchen Island Hanging Light Fixture (White, Dia 19.7 inch)",1,176.79,176.79,Home Improvement,Home Improvement,Home Improvement,,LPNNA6GJM2Y14,,JAYMP,USED_GOOD,LIQ:3PL:PALLET:LNRM:PAL-69742,AMZ_3PL_20260409_025
BUILDING_AND_HARDWARE,Resilient Flooring,B0D1KJ67DV,"Gigrwiin 2ft x 4ft Printed Pro Ceiling Tiles - PVC Ceiling Panel 24 x 48in – Waterproof, Washable and Fire-Rated - High-Grade PVC to Prevent Breakage-Cover 80 Sq. Ft-Package of 10 Tiles",1,174.25,174.25,Home Improvement,Home Improvement,Flooring,0764938941063,LPNNA6JWBSPP7,764938941063,Gigrwiin,USED_GOOD,LIQ:3PL:PALLET:LNRM:PAL-69131,AMZ_3PL_20260409_025
BUILDING_AND_HARDWARE,Water Purification,B0787ML9YC,Geekpure 5-Stage Reverse Osmosis Drinking RO Water Filter System-75GPD,1,172.89,172.89,Home Improvement,Home Improvement,Rough Plumbing,0680577668911,LPNNA6MKT23PB,680577668911,Geekpure,USED_GOOD,LIQ:3PL:PALLET:LNRM:PAL-69856,AMZ_3PL_20260409_025
BUILDING_AND_HARDWARE,Bar & Beverage Supplies,B0GGH49QP1,"AYURA Retractable Garden Hose Reel 100 ft x 1/2 inch with Pro Metal Shaft, Heavy Duty Automatic Garden Hose Reels with Kink-Free Rewind and Lock at Any Length, Wall Mount Water Hose Reel for Outside",1,172.87,172.87,Home Improvement,Home Improvement,Food Service,,LPNNA6KPS76TT,,AYURA,USED_GOOD,LIQ:3PL:PALLET:LNRM:PAL-69532,AMZ_3PL_20260409_025
BUILDING_AND_HARDWARE,Home Improvement,B0CFVHDMND,"EaseLife 100"" Bifold Sliding Barn Door Hardware Track Kit for 4 Closet Door,Top Mount Roller,Slide Smoothly Quietly,Easy Install,Black,Fit for Four 24"" Wide Bi-Folding Door (Hardware Only)",1,168.99,168.99,Home Improvement,Home Improvement,Home Improvement,,LPNNA6FHH82ZN,,EaseLife,USED_GOOD,LIQ:3PL:PALLET:LNRM:PAL-69302,AMZ_3PL_20260409_025
BUILDING_AND_HARDWARE,Home Improvement,B0DBH1QFR4,"Matven Modern Ceiling Chandelier Light, Acrylic Anti Flicker Pendant Lamp with Remote Control Dimmable 3 Color Mode & Brightness for Kitchen Bar",1,168.99,168.99,Home Improvement,Home Improvement,Home Improvement,,LPNNE4HKTWJ52,,Matven,USED_GOOD,LIQ:3PL:PALLET:LNRM:PAL-69745,AMZ_3PL_20260409_025
BUILDING_AND_HARDWARE,Tub and Shower Faucets and Accessories,B0FJL3C7CC,"ALGRTS Waterfall Freestanding Bathtub Faucet, Floor Mount Bathroom Tub Filler Shower Faucets with Handheld Sprayer, Matte Black",1,168.99,168.99,Home Improvement,Home Improvement,Plumbing Fixtures,,LPNNA6FL7T5Z9,,ALGRTS,USED_GOOD,LIQ:3PL:PALLET:LNRM:PAL-68867,AMZ_3PL_20260409_025
BUILDING_AND_HARDWARE,Home Improvement,B0DQV32DHB,"Arturesthome 1 Light Boho Woven Rattan Pendant Lighting for Kitchen,Coastal Beach Pendant Lampshade Rattan Chandelier for Living Room Bedroom Stairway W19.65″* H9.82″",1,167.95,167.95,Home Improvement,Home Improvement,Home Improvement,,LPNNA6LM13CDX,,Arturesthome,USED_GOOD,LIQ:3PL:PALLET:LNRM:PAL-69648,AMZ_3PL_20260409_025
BUILDING_AND_HARDWARE,Interior Lights,B0FG8ZSCHY,Pandaluna Bubble Chandelier Bubble Ceiling Light 17in Semi Flush Mount Chandelier Blown Glass Mid Century Close to Ceiling Light Fixture for Bedroom Hallway Entryway Kitchen Foryer Dining Room 1 Pack,1,166.13,166.13,Home Improvement,Home Improvement,Lighting & Fans,,LPNNA663M699F,,Pandaluna,USED_GOOD,LIQ:3PL:PALLET:LNRM:PAL-69644,AMZ_3PL_20260409_025
MIXED_BUILDING_AND_INDUSTRIAL,BISS,B0DSSY4KZB,"NeatiEase 4 Pcs Garage Door Windows, Replacement Vinyl Windows Inserts Kit with UV Resistant Resin Glass for Exterior Garage Doors (Cross Design)",1,162.47,162.47,Home Improvement,BISS,BISS,,LPNNA6YNMY3GF,,NeatiEase,USED_GOOD,LIQ:3PL:PALLET:LNRM:PAL-69644,AMZ_3PL_20260409_025
BUILDING_AND_HARDWARE,Miscellaneous,B0CRGTRT5V,"DSMJFU Black Farmhouse Rectangular Chandelier for Dining Room, 5-Light Linear Pendant Lighting, Rectangular Kitchen Island Light Fixture Over Table, Adjustable Height Chandelier Hanging Light",1,160.54,160.54,Home Improvement,Home Improvement,Electrical & Heating,,LPNNA6NNJTPP1,,DSMJFU DSMJFU,USED_GOOD,LIQ:3PL:PALLET:LNRM:PAL-69519,AMZ_3PL_20260409_025
BUILDING_AND_HARDWARE,Doors,B0CYT5PGJ9,"EaseLife 8FT/96in Bypass Double Sliding Pocket Door Hardware Kit,Commercial Grade,Aluminum,Bypassing Closet Door Track for 2 Door System,Slide Smoothly Quietly,Easy Install,No Doors",1,157.27,157.27,Home Improvement,Home Improvement,Building Materials & Ladders,,LPNNA6NYQCN7K,,EaseLife,USED_GOOD,LIQ:3PL:PALLET:LNRM:PAL-68867,AMZ_3PL_20260409_025
BUILDING_AND_HARDWARE,"Door, Gate & Window Hardware",B07D8VNS58,"EaseLife 8 FT Brushed Nickel Double Sliding Barn Door Hardware Track Kit,Basic J Pulley,Heavy Duty,Slide Smoothly Quietly,Easy Install (8FT Track Kit for Double 24"" Wide Door)",1,155.99,155.99,Home Improvement,Home Improvement,Hardware,0711176258224,LPNNA6V8HJGY4,711176258224,EaseLife,USED_GOOD,LIQ:3PL:PALLET:LNRM:PAL-69302,AMZ_3PL_20260409_025
MIXED_BUILDING_AND_INDUSTRIAL,Mobility Aids & Equipment,B0FBL1SMH3,"Cosydora Rollator Walkers for Seniors with Seat, 13.6 Lbs Ultra Lightweight Foldable Rolling Walker, 350Lbs Heavy Duty Aluminum, 8"" All Terrain Wheels, Dual Adjustable Height, Shimmer Green",1,176.79,176.79,Home Improvement,BISS,Professional Medical,0792105045177,LPNNK53943PW2,792105045177,cosydora,USED_GOOD,LIQ:3PL:PALLET:LNRM:PAL-69856,AMZ_3PL_20260409_025
BUILDING_AND_HARDWARE,Ceiling Fans & Ventilation,B0FQJWKS48,"Kaunisva 20'' Flush Mount Caged Ceiling Fans with Lights, Boho Low Profile Ceiling Fan with Light and Remote, 6 Speeds, Bladeless Ceiling Fans with Lights for Bedroom, Kitchen, Dining Room (Silver)",1,173.55,173.55,Home Improvement,Home Improvement,Lighting & Fans,,LPNNA6MZ8WQ8S,,Kaunisva,USED_GOOD,LIQ:3PL:PALLET:LNRM:PAL-69399,AMZ_3PL_20260409_025
BUILDING_AND_HARDWARE,Home Improvement,B0F6KNXCRL,"Yanokooe Tiffany Ceiling Fans with Lights - 48"" Ceiling Fan Chandelier with 5 Dual-Blades and Glass Shade, 6 Speeds and Reversible, Indoor and Outdoor, Retro Style",1,171.59,171.59,Home Improvement,Home Improvement,Home Improvement,,LPNNA62SGK46Z,,Yanokooe,USED_GOOD,LIQ:3PL:PALLET:LNRM:PAL-68867,AMZ_3PL_20260409_025
BUILDING_AND_HARDWARE,Home Improvement,B0F6YP65Z7,"Orion Motor Tech Adjustable Trailer Hitch, Heavy Duty 2.5 inch Receiver Hitch, 6"" Drop Hitch with 2"" & 2-5/16"" Balls, 360° Dual-Ball Mount with 18500lb Towing Capacity for Class IV & V, Blue",1,170.33,170.33,Home Improvement,Home Improvement,Home Improvement,,LPNNA6Z52NFGH,,Orion Motor Tech,USED_GOOD,LIQ:3PL:PALLET:LNRM:PAL-68867,AMZ_3PL_20260409_025
BUILDING_AND_HARDWARE,Home Improvement,B0F31VGDNR,3-Lights Globe Glass Pendant Light Modern White Globe Glass Chandelier Mid Century Chandelier Black Hanging Fixture for Kitchen Island Foyer Hallway Dining Room,1,169.00,169.00,Home Improvement,Home Improvement,Home Improvement,,LPNNA6RG7LN4R,,Shial Lighting,USED_GOOD,LIQ:3PL:PALLET:LNRM:PAL-69745,AMZ_3PL_20260409_025
MIXED_BUILDING_AND_INDUSTRIAL,Dining Room Supplies,B0FRMRWZZ5,"Canlierr 12 Sets 196 Pcs Baby Shower Table Centerpieces Decoration Baby Shower Table Decor with Bear Stuffed Vase Dried Pampas for Boho Wedding Gender Reveal Party Decoration (Glass,Boho)",1,168.99,168.99,Home Improvement,BISS,Food Service,,LPNNA65NHQ6CN,,Canlierr,USED_GOOD,LIQ:3PL:PALLET:LNRM:PAL-69724,AMZ_3PL_20260409_025
MIXED_BUILDING_AND_INDUSTRIAL,Commercial Kitchen Equipment & Fixtures,B0DWX2YTNX,"DKFNCL 4- Tier Mini Fridge Stand Shelf with Power Outlet, Double-Purpose Rack, Mini Fridge & Microwave Oven Stand Table, Bar Cabinet, Free Standing Shelf for Office, Kitchen, Home.",1,168.99,168.99,Home Improvement,BISS,Food Service,,LPNNA6SYT3MDX,,DKFNCL,USED_GOOD,LIQ:3PL:PALLET:LNRM:PAL-69685,AMZ_3PL_20260409_025
BUILDING_AND_HARDWARE,Home Improvement,B0BLJGZ8CQ,"ROVOGO LED Shower Panel Tower System 46.5"", 5-Function Shower Column with Rainfall Waterfall Shower Head, 4 Body Jets, Handheld and Tub Spout, Stainless Steel Brushed",1,168.99,168.99,Home Improvement,Home Improvement,Home Improvement,,LPNNA6ZG3G6P9,,ROVOGO,USED_GOOD,LIQ:3PL:PALLET:LNRM:PAL-68867,AMZ_3PL_20260409_025
MIXED_BUILDING_AND_INDUSTRIAL,Thermometers,B0DB1SK4W8,"4FT Portable Wheelchair Ramp, Non-Slip Aluminum Folding Handicap Ramp, 800 LBS Capacity Door Threshold Ramps for Home Steps, Scooter Ramps for Car, Doorways, Curbs, Stairs, Cart, Wheel Chair Ramp Step",1,168.99,168.99,Home Improvement,BISS,Professional Medical,,LPNNA6G51YQ42,,THDUGG,USED_GOOD,LIQ:3PL:PALLET:LNRM:PAL-69849,AMZ_3PL_20260409_025
MIXED_BUILDING_AND_INDUSTRIAL,Motors & Accessories,B0G5267HHH,"1/2"" Steel Cable Kit, PIUM 75Ft 7x19 Strand Aircraft Cable with Loops, Heavy Duty Wire Rope 23000lbs Breaking Strength with Clamps and Thimbles for Zipline, Boat Lift, Outdoor Use",1,168.99,168.99,Home Improvement,BISS,Power Transmission,,LPNNA6CFTW2R6,,PIUM,USED_GOOD,LIQ:3PL:PALLET:LNRM:PAL-69849,AMZ_3PL_20260409_025
MIXED_BUILDING_AND_INDUSTRIAL,BISS,B0D3DGRR7K,"Purewell 3-Stage 0.01μm Ultra-Filtration Gravity Water Filter System, NSF/ANSI 42&372 Certification, 304 Stainless Steel Countertop System with 2 Filters and Stand, Reduce 99% Chlorine, 2.25G, PW-OB",1,167.70,167.70,Home Improvement,BISS,BISS,,LPNNA66MF374G,,Purewell,USED_GOOD,LIQ:3PL:PALLET:LNRM:PAL-69131,AMZ_3PL_20260409_025
BUILDING_AND_HARDWARE,Lamps,B0G8179SM2,"QXYBVD 3 Color LED Butterfly Lights, 2 Pack Wedding Butterfly led Lights, 23.6"" Wedding Butterfly LED Floor Lamp, Mariposas Grandes para Decoracion for Wedding, Birthdays, Party Decoration",1,165.09,165.09,Home Improvement,Home Improvement,Lighting & Fans,1091500796059,LPNNA6CKYZ8WB,,QXYBVD,USED_GOOD,LIQ:3PL:PALLET:LNRM:PAL-68868,AMZ_3PL_20260409_025
BUILDING_AND_HARDWARE,Cabinet Hardware,B08LFYMDBS,LONTAN 10 Pairs Soft Close Drawer Slides 24 Inch Side Mount Heavy Duty Cabinet Drawer Glides - Ball Bearing Full Extension Kitchen Cabinet Rails 100 LB Capacity,1,163.79,163.79,Home Improvement,Home Improvement,Hardware,,LPNNA62KV68TC,,LONTAN,USED_GOOD,LIQ:3PL:PALLET:LNRM:PAL-69638,AMZ_3PL_20260409_025
BUILDING_AND_HARDWARE,Home Improvement,B0FJLH21XF,Carbon Fiber Extension Pole 4.7-30FT Telescoping Paint Roller Extendable Pole Lightweight Sturdy Extension Poles with Universal Threaded Head Multi-Use Pole,1,159.89,159.89,Home Improvement,Home Improvement,Home Improvement,,LPNNA6DG5KD4G,,DOBEN,USED_GOOD,LIQ:3PL:PALLET:LNRM:PAL-69685,AMZ_3PL_20260409_025
MIXED_BUILDING_AND_INDUSTRIAL,Industrial Hose,B0DKXCK2DD,"3"" x 100ft PVC Lay Flat Water Pump Discharge Hose With Aluminum Pin Lug Fittings, Heavy Duty Reinforced Pool Backwash Hose Assembly",1,158.02,158.02,Home Improvement,BISS,Fluid Transfer,0768795974158,LPNNA6PSL2WQY,768795974158,Geowaky,USED_GOOD,LIQ:3PL:PALLET:LNRM:PAL-69849,AMZ_3PL_20260409_025
BUILDING_AND_HARDWARE,Tub and Shower Faucets and Accessories,B0CP1Q52HD,"Neodrain Shower Niche, 18""X12"" Matte Black Wall Niche Waterproof, Stainless Steel Wall Cabinet with 3000K LED Light, NO Tile Needed Recessed Niches for Bathroom Over Mount Installation in wall",1,157.37,157.37,Home Improvement,Home Improvement,Plumbing Fixtures,,LPNNA6VNLW3M6,,Neodrain,USED_GOOD,LIQ:3PL:PALLET:LNRM:PAL-68868,AMZ_3PL_20260409_025
BUILDING_AND_HARDWARE,Home Improvement,B0FHQFVS8Y,"HolyHeal Drop Arm Bedside Commode, Commode Toilet with Padded Seat and Backrest, 300lbs Capacity, 6.3QT Removable Bucket and Splash Guard, Adjustable Height Portable Toilet for Adults, Blue",1,155.99,155.99,Home Improvement,Home Improvement,Home Improvement,0199284287914,LPNNA65TT6Z84,199284287914,HOLYHEAL,USED_GOOD,LIQ:3PL:PALLET:LNRM:PAL-69172,AMZ_3PL_20260409_025
BUILDING_AND_HARDWARE,Bath Ventilation Fans,B0FG2W84PD,"Fantspati 4 in 1 Bathroom Exhaust Fan with Heater and Light, 2800W Heater, 211CFM, 5-Color Mood Lighting, Low Noise, with Wall Control for Bathroom and Toilet",1,155.99,155.99,Home Improvement,Home Improvement,Rough Plumbing,,LPNNA6WPX84NB,,Fantspati,USED_GOOD,LIQ:3PL:PALLET:LNRM:PAL-69172,AMZ_3PL_20260409_025
BUILDING_AND_HARDWARE,Ceiling Fans & Ventilation,B0FKGM7XYP,"Boho Fandelier Ceiling Fan with Light Gold Caged Ceiling Fans with Lights and Remote Rattan Chandelier Fan for Bedroom,Nursery,Foyer,Kitchen,Living Room (6 Speeds Timing Adjustment Height Enclosed)",1,155.99,155.99,Home Improvement,Home Improvement,Lighting & Fans,,LPNNA6653XN67,,WONGU,USED_GOOD,LIQ:3PL:PALLET:LNRM:PAL-69729,AMZ_3PL_20260409_025
MIXED_BUILDING_AND_INDUSTRIAL,Bedroom Aids & Accessories,B0FVMQBV3Q,"AquaVogue 3-Pack King Size Bed Rails for Toddlers -Height Adjustable Baby Bed Rail Guard Specially Designed for King Size Bed (78.7""x78.7""x74.8""-Grey)",1,155.99,155.99,Home Improvement,BISS,Professional Medical,,LPNNA6QMDTGMX,,AquaVogue,USED_GOOD,LIQ:3PL:PALLET:LNRM:PAL-68868,AMZ_3PL_20260409_025
BUILDING_AND_HARDWARE,Bath Ventilation Fans,B0FQV655WN,"BSEED Bathroom Exhaust Fan with Bluetooth Speaker & Heater, 1800W Dual-Heat, 230 CFM, 3CCT+5-Color RGB Light, Negative Ion, Wall Control",1,155.99,155.99,Home Improvement,Home Improvement,Rough Plumbing,,LPNNA6HDQ1QH6,,BSEED,USED_GOOD,LIQ:3PL:PALLET:LNRM:PAL-68867,AMZ_3PL_20260409_025
BUILDING_AND_HARDWARE,Resilient Flooring,B0BG417GBT,"Art3d 10-Pack Smooth Drop Ceiling Tile 2ft x 4ft - Fire-Rated, Waterproof, Reusable - Premium PVC, No Sag and Breakage - Cover 80 Sq. Ft, White",1,155.97,155.97,Home Improvement,Home Improvement,Flooring,6941197816248,LPNNA62W47YJX,,Art3d,USED_GOOD,LIQ:3PL:PALLET:LNRM:PAL-69372,AMZ_3PL_20260409_025
BUILDING_AND_HARDWARE,Air Conditioners,B0CRVKV2NW,"Cestluck Mini-Split AC Line Set Cover: 5"" 26.5 Ft Minisplit Lineset Cover Kit, Line Hide for Mini Split Central AC HVAC Heating System, Waterproof PVC Outdoor Decorative for Mini Spilt Heat Pumps",1,155.97,155.97,Home Improvement,Home Improvement,Electrical & Heating,,LPNNA6BNJ5XM3,,Cestluck,USED_GOOD,LIQ:3PL:PALLET:LNRM:PAL-69739,AMZ_3PL_20260409_025
BUILDING_AND_HARDWARE,Resilient Flooring,B0BG417GBT,"Art3d 10-Pack Smooth Drop Ceiling Tile 2ft x 4ft - Fire-Rated, Waterproof, Reusable - Premium PVC, No Sag and Breakage - Cover 80 Sq. Ft, White",1,155.97,155.97,Home Improvement,Home Improvement,Flooring,6941197816248,LPNNA6595XZRZ,,Art3d,USED_GOOD,LIQ:3PL:PALLET:LNRM:PAL-69669,AMZ_3PL_20260409_025
BUILDING_AND_HARDWARE,Home Improvement,B0F8VJF7JT,"Neatfi (New Model) 3,000 Lumens LED Desk Lamp, Dimmable, 360 SMD LEDs, 30W, CRI 95, Adjustable Light Modes, Task Lamp for Home Office, Study, Workstation (CCT with Clamp, Black, 44 Inches)",1,155.94,155.94,Home Improvement,Home Improvement,Home Improvement,5060890337018,LPNNA6HFZ6CGT,,Neatfi,USED_GOOD,LIQ:3PL:PALLET:LNRM:PAL-69742,AMZ_3PL_20260409_025
BUILDING_AND_HARDWARE,Ceiling Fans & Ventilation,B0FR7NY3WZ,"Mosanfan Ceiling Fans with Lights and Remote, 52'' Outdoor Ceiling Fan with 6 Speed Noiseless Reversible DC Motor, Indoor 3 Blade Wood Ceiling Fan for Farmhouse Bedroom Living Room Gazebo Walnut",1,153.78,153.78,Home Improvement,Home Improvement,Lighting & Fans,,LPNNA63NJJMH3,,Mosanfan,USED_GOOD,LIQ:3PL:PALLET:LNRM:PAL-68861,AMZ_3PL_20260409_025
BUILDING_AND_HARDWARE,Windows,B0G4C5PD5N,"DoubleFill 4 Pcs Bamboo Shades Outdoor Reed Roll Up Blinds 48"" W x 72"" H Blackout Sunshade Cordless Bamboo Blinds for Home Porch, Patio & Windows Decor Shutters Sunlight Privacy Screen(Carbon Brown)",1,153.39,153.39,Home Improvement,Home Improvement,Building Materials & Ladders,,LPNNK5NR35J1G,,DoubleFill,USED_GOOD,LIQ:3PL:PALLET:LNRM:PAL-69302,AMZ_3PL_20260409_025
MIXED_BUILDING_AND_INDUSTRIAL,Bedroom Aids & Accessories,B0CJ8Z82NH,"ComfyBumpy 2-Pack Bed Rail for Toddlers 55.5"" L x 19.5"" H | Toddler Bed Rails for Twin, Full, Queen & King Mattress Size | Swing Down Rail Guard | Mattress Side Rail for Kids | Gray",1,150.79,150.79,Home Improvement,BISS,Professional Medical,0850031979253,LPNNA6ZNQH2Q3,850031979253,ComfyBumpy,USED_GOOD,LIQ:3PL:PALLET:LNRM:PAL-69519,AMZ_3PL_20260409_025
MIXED_BUILDING_AND_INDUSTRIAL,BISS,B09CTQ2F7L,"HXCFYP NSF Certified Stainless Steel Prep Table 24x18 with Undershelf for Restaurant, Home, & Hotel - Heavy Duty Commercial Grade Worktable for Food Preparation & Christmas Cooking",1,149.49,149.49,Home Improvement,BISS,BISS,0783647333495,LPNNA6R3NDLK7,783647333495,HXCFYP,USED_GOOD,LIQ:3PL:PALLET:LNRM:PAL-69745,AMZ_3PL_20260409_025
BUILDING_AND_HARDWARE,Interior Lights,B0G2S3GZXX,YongMing CL Gold Sputnik Chandelier 3 Light Milk Glass Globe Hanging Light Modern Pendant Light Fixture for High Ceiling Kitchen Bedroom Dining Living Room,1,143.09,143.09,Home Improvement,Home Improvement,Lighting & Fans,,LPNNA6XYPVRG8,,YongMing CL,USED_GOOD,LIQ:3PL:PALLET:LNRM:PAL-69532,AMZ_3PL_20260409_025
BUILDING_AND_HARDWARE,Home Improvement,B09GZ8SDXR,"Homebelife 5-Light Farmhouse Chandelier Lighting Fixture, Linear Pendant Light for Kitchen Island, Dining & Living Room, Matte Black Finished",1,142.99,142.99,Home Improvement,Home Improvement,Home Improvement,0738192597854,LPNNA6KNQDWXM,738192597854,Homebelife,USED_GOOD,LIQ:3PL:PALLET:LNRM:PAL-69644,AMZ_3PL_20260409_025
BUILDING_AND_HARDWARE,Flooring Supplies,B09QPBTFMC,"Art3d Drop Ceiling Tiles, 24x48in. White (12-Pack), Polyvinyl Chloride (PVC), Glue Down",1,142.99,142.99,Home Improvement,Home Improvement,Flooring,,LPNNA674F1CB7,,Art3d,USED_GOOD,LIQ:3PL:PALLET:LNRM:PAL-69742,AMZ_3PL_20260409_025
MIXED_BUILDING_AND_INDUSTRIAL,BISS,B0CZ768ZKM,"8-Stage Gravity Water Filtration System 3.0 Gallon-304 Stainless Steel Countertop System with 4 Filters and StandReduce 99.9% Chlorine, NSF/ANS 42 Certifcation",1,142.99,142.99,Home Improvement,BISS,BISS,0701845469235,LPNNA6F7MX84L,701845469235,IceJoy,USED_GOOD,LIQ:3PL:PALLET:LNRM:PAL-69856,AMZ_3PL_20260409_025
BUILDING_AND_HARDWARE,Lamps,B08HGP59P6,"Neatfi Elite HD XL Desk Lamp – 1,600 Lumens, 22” Wide Head, 6500K Daylight | Non-Polar Dimming, Adjustable | Office, Study & Home Workspace (Non-CCT with Clamp, Black, 22 Inches)",1,142.40,142.40,Home Improvement,Home Improvement,Lighting & Fans,,LPNNA68SKJ3R8,,Neatfi,USED_GOOD,LIQ:3PL:PALLET:LNRM:PAL-69739,AMZ_3PL_20260409_025
BUILDING_AND_HARDWARE,Home Improvement,B0CJR5TWZB,"Untrammelife Glass Gold Pendant Light 1-Light 9"" Globe Ceiling Lighting Modern Hanging Light Fixture with Hammered Glass Gold Chandelier Adjustable Chain Brushed Brass Finished",1,137.79,137.79,Home Improvement,Home Improvement,Home Improvement,,LPNNA6JZY76HN,,Untrammelife,USED_GOOD,LIQ:3PL:PALLET:LNRM:PAL-69669,AMZ_3PL_20260409_025
MIXED_BUILDING_AND_INDUSTRIAL,BISS,B0GBRN5HPH,"Sidasu 60 Pack 32 Inch Black Metal Deck Balusters for Deck Baluster Replacement, Rectangular Spindles for Porch Railing and Stair Railing, Side Mount Kit with Hardware",1,135.84,135.84,Home Improvement,BISS,BISS,,LPNNA6KG3WRYT,,Sidasu,USED_GOOD,LIQ:3PL:PALLET:LNRM:PAL-68861,AMZ_3PL_20260409_025
BUILDING_AND_HARDWARE,Chandeliers,B0F9Y8GQ29,MERINEA L51” Black Sputnik Chandelier Modern 4 Lights Dining Room Light Fixture Mid Century Smoke Glass Globe Ceiling Pendant Lighting Contemporary for Kitchen Island Bar Bedroom Home Office,1,133.60,133.60,Home Improvement,Home Improvement,Lighting & Fans,,LPNNA6H7M33NJ,,MERINEA,USED_GOOD,LIQ:3PL:PALLET:LNRM:PAL-69742,AMZ_3PL_20260409_025
BUILDING_AND_HARDWARE,Home Improvement,B0CJFRJWLV,"LEDIARY 22in Enclosed Ceiling Fans with Lighst and Remote, Black Modern Bladeless Ceiling Fan with Bright Light, Led Flush Mount Ceiling Fan for Bedroom, Living Room, Kid Room(6 Speeds, 3000-6000K)",1,132.59,132.59,Home Improvement,Home Improvement,Home Improvement,,LPNNA6HSJ9GGL,,LEDIARY,USED_GOOD,LIQ:3PL:PALLET:LNRM:PAL-68861,AMZ_3PL_20260409_025
BUILDING_AND_HARDWARE,Home Improvement,B0BQ6SLQRL,"AIJIASI Gold Bathroom Wall Sconces Set of 2: 18 Inch Modern Sconces Wall Lighting 18W LED Dimmable Wall Light with Acrylic Lampshade, Brushed Gold Sconces for Bedroom Living Room Hallway (Hardwired)",1,132.56,132.56,Home Improvement,Home Improvement,Home Improvement,,LPNNA62RDBN1T,,AIJIASI,USED_GOOD,LIQ:3PL:PALLET:LNRM:PAL-69729,AMZ_3PL_20260409_025
MIXED_BUILDING_AND_INDUSTRIAL,Plastics,B0CJT4VHQY,"Art3d WPC Wainscoting Panels, 16-Pack 48 x 6 Inch 3D Wall Accents for Interior Wall Decor, Living Room, Bedroom, Teak",1,129.99,129.99,Home Improvement,BISS,Raw Materials,6941197835232,LPNNA6NJMMY2S,,Art3d,USED_GOOD,LIQ:3PL:PALLET:LNRM:PAL-69519,AMZ_3PL_20260409_025
BUILDING_AND_HARDWARE,Home Improvement,B0DHTMN4GF,"HillhutApex 4 Step Foldable Aluminum Step Ladder with Handgrip, Anti-Slip Pedal, 330 lbs Capacity, Lightweight & Portable for Home, Kitchen, Office, Garage (White)",1,129.99,129.99,Home Improvement,Home Improvement,Home Improvement,0759242127401,LPNNA6PL6772F,759242127401,HillhutApex,USED_GOOD,LIQ:3PL:PALLET:LNRM:PAL-69519,AMZ_3PL_20260409_025
BUILDING_AND_HARDWARE,Home Improvement,B0C85LV1TN,"KECTIAKL 16 Inch Bathroom Vessel Sink with Waterfall Faucet and Pop-up Drain Combo,Black Ceramic Sink Bowl Above Counter Rectangular Bathroom Sink Basin",1,129.99,129.99,Home Improvement,Home Improvement,Home Improvement,0788362109387,LPNNA6TDSPNSX,788362109387,KECTIAKL,USED_GOOD,LIQ:3PL:PALLET:LNRM:PAL-69399,AMZ_3PL_20260409_025
BUILDING_AND_HARDWARE,Tub and Shower Faucets and Accessories,B0G6W9NGTK,Sliding Shower Chair with Arms and Back 2,1,129.99,129.99,Home Improvement,Home Improvement,Plumbing Fixtures,,LPNNA66PTBJJC,,Lamorland,USED_GOOD,LIQ:3PL:PALLET:LNRM:PAL-69648,AMZ_3PL_20260409_025
BUILDING_AND_HARDWARE,Interior Lights,B0CX1BQLRD,"KARTOOSH Battery Operated Wall Sconces with Remote Control, Dimmable Wall Sconces Set of Two, 350°Rotate, 3000K LED Black Wireless Wall Light for Living Room, Hallway, Bedroom, 24.4 Inch (2 Pack)",1,129.99,129.99,Home Improvement,Home Improvement,Lighting & Fans,,LPNNA6KXGZ3TM,,KARTOOSH,USED_GOOD,LIQ:3PL:PALLET:LNRM:PAL-69685,AMZ_3PL_20260409_025
MIXED_BUILDING_AND_INDUSTRIAL,BISS,B0DBLH4BRR,WQSING Steering Gear Box Rack & Pinion 1824165 Compatible with Polaris 2016-2017 Ranger EV ETX Crew 570,1,129.42,129.42,Home Improvement,BISS,BISS,,LPNNA6RSPL5WT,,WQSING,USED_GOOD,LIQ:3PL:PALLET:LNRM:PAL-69685,AMZ_3PL_20260409_025
BUILDING_AND_HARDWARE,Home Improvement,B0F9L3SB8C,"Kiguak 47"" LED Gold Rectangle Chandeliers for Dining Room, Modern Oval Rectangular Kitchen Chandelier, Dimmable LED Light Fixture with Remote, for Kitchen Island, Dining Room, Bar",1,128.70,128.70,Home Improvement,Home Improvement,Home Improvement,,LPNNA6QYP8QTG,,Kiguak,USED_GOOD,LIQ:3PL:PALLET:LNRM:PAL-69644,AMZ_3PL_20260409_025
BUILDING_AND_HARDWARE,Home Improvement,B0FWK47C47,"Fanbulous 62 Inch Ceiling Fans with Lights, Black Modern Ceiling Fan with Remote,Large Farmhouse Indoor & Outdoor Ceiling Fan with 8 Dual Finish Blades, Quiet DC Motor, Bright LED Light",1,128.69,128.69,Home Improvement,Home Improvement,Home Improvement,,LPNNA6T7Q7BY6,,Fanbulous,USED_GOOD,LIQ:3PL:PALLET:LNRM:PAL-69372,AMZ_3PL_20260409_025
BUILDING_AND_HARDWARE,Home Improvement,B0CYKVPZXC,"Tongmo 48"" x 100' Green Chicken Wire Fencing, 19 Gauge Green Wire Fence, 1""x1"" Mesh Size Metal Welded Wire Garden Fence Roll, Poultry Netting for Rabbit/Duck/Chicken",1,128.69,128.69,Home Improvement,Home Improvement,Home Improvement,,LPNNA668FXZ2J,,TONGMO,USED_GOOD,LIQ:3PL:PALLET:LNRM:PAL-69669,AMZ_3PL_20260409_025
BUILDING_AND_HARDWARE,Home Improvement,B0BKQ1G2B6,FDPBY Modern Bathroom Vanity Light 3-Lights Gold Crystal Bathroom Wall Light Vanity Light Fixtures，20.47-inch Modern Minimalist Design,1,124.89,124.89,Home Improvement,Home Improvement,Home Improvement,,LPNNA6R1785ZL,,FDPBY,USED_GOOD,LIQ:3PL:PALLET:LNRM:PAL-69685,AMZ_3PL_20260409_025
BUILDING_AND_HARDWARE,Home Improvement,B0BNDGBBKH,"Sharp-tec Linear Shower Drain, 36 inch Shower Drain with Removable Pattern Cover, Brushed Gold 304 Stainless Steel Rectangle Floor Drain, Adjustable Feet and Hair Strainer Included (Model 101)",1,124.79,124.79,Home Improvement,Home Improvement,Home Improvement,,LPNNA67FW5CBN,,Sharp-tec,USED_GOOD,LIQ:3PL:PALLET:LNRM:PAL-69519,AMZ_3PL_20260409_025
BUILDING_AND_HARDWARE,Home Improvement,B0D4HKYLRN,6 Pair of 18 Inch Undermount Soft Close Drawer Slides 100LB Load Capacity Full Extension Concealed Drawer Rails with 3D Locking Device,1,124.79,124.79,Home Improvement,Home Improvement,Home Improvement,,LPNNA6RJJZ6X4,,Betesy Hardware,USED_GOOD,LIQ:3PL:PALLET:LNRM:PAL-68861,AMZ_3PL_20260409_025
BUILDING_AND_HARDWARE,Home Improvement,B0D94BGK45,SOPEAS 6-Light Bathroom Vanity Light Black Vanity Lights for Bathroom Light Fixtures Matte Black 6 Light Fixtures with Clear Glass Shades for Bath Over Mirror,1,121.04,121.04,Home Improvement,Home Improvement,Home Improvement,,LPNNA6GL9177Q,,SOPEAS,USED_GOOD,LIQ:3PL:PALLET:LNRM:PAL-69131,AMZ_3PL_20260409_025
BUILDING_AND_HARDWARE,Home Improvement,B0D7B6W63C,"Solar Post Cap Lights Outdoor 16pack, Waterproof Solar Powered Deck Fence Post Lights for 4x4 Wood/Vinyl Posts, Solar Outdoor LED Light with Cool/Warm Lighting Decorate Garden Patio Porch…",1,118.55,118.55,Home Improvement,Home Improvement,Home Improvement,,LPNNA67529KQL,,JOFIOS,USED_GOOD,LIQ:3PL:PALLET:LNRM:PAL-68868,AMZ_3PL_20260409_025
BUILDING_AND_HARDWARE,Home Improvement,B0DD7KV8QV,BvenuBigLite Outdoor Ceiling Fan with Light: 52 Inch 3 Blade Outdoor Fans for Patios - Modern Walnut Ceiling Fan with Dimmable Light Remote Control Ultra Quiet Reversible DC Motor Timer,1,116.99,116.99,Home Improvement,Home Improvement,Home Improvement,,LPNNA69SL557W,,BvenuBigLite,USED_GOOD,LIQ:3PL:PALLET:LNRM:PAL-69739,AMZ_3PL_20260409_025
BUILDING_AND_HARDWARE,Bath & Vanity Lighting,B0F62W2N85,ZGLAOJT 3 Light Vintage Vanity Light Gold Bathroom Light Fixtures Over Mirror.,1,116.99,116.99,Home Improvement,Home Improvement,Lighting & Fans,,LPNNA69RDCL1M,,ZGLAOJT,USED_GOOD,LIQ:3PL:PALLET:LNRM:PAL-69131,AMZ_3PL_20260409_025
MIXED_BUILDING_AND_INDUSTRIAL,Plastics,B0FH6MZ42M,"Art3d Wainscoting Wall Panel Kit, 37.8"" Tall Beadboard Panels for Walls, Polystyrene Board and Batten Wall Panel Kit, Easy DIY Decorative Trim for Living Room, Kitchen, Bedroom – Covers 31 Sq.Ft",1,116.99,116.99,Home Improvement,BISS,Raw Materials,6941197859719,LPNNA6CCH96H8,,Art3d,USED_GOOD,LIQ:3PL:PALLET:LNRM:PAL-69131,AMZ_3PL_20260409_025
BUILDING_AND_HARDWARE,Home Improvement,B0D6YR8HXT,"Slypadan Outdoor Motion Sensor Flush Mount Ceiling Light, LED Outdoor Ceiling Light Fixture 2 Pack, 12"" Dusk to Dawn Porch Ceiling Light, Black Modern Exterior Light for Farmhouse Garage Hallway Entry",1,116.99,116.99,Home Improvement,Home Improvement,Home Improvement,,LPNNA6ZCJYDQR,,Slypadan,USED_GOOD,LIQ:3PL:PALLET:LNRM:PAL-69661,AMZ_3PL_20260409_025
BUILDING_AND_HARDWARE,Chandeliers,B0FWR8YTTD,"ZSDHXi 6-Light Antique White Pendant Light, Modern Farmhouse Chandeliers for Dining Room, Adjustable Hexagonal Metal Hanging Light, Vintage Geometric Pendant Lighting for Kitchen Island Entryway Foyer",1,116.99,116.99,Home Improvement,Home Improvement,Lighting & Fans,,LPNNA6KZ99LSN,,ZSDHXi,USED_GOOD,LIQ:3PL:PALLET:LNRM:PAL-68867,AMZ_3PL_20260409_025
BUILDING_AND_HARDWARE,Outdoor & Landscape Lighting,B081171X9H,"hykolity Large Size Dusk to Dawn Outdoor Wall Lanterns, 18 Inch Outdoor Wall Light Fixtures, Matte Black Porch Lights, Exterior Wall Lighting, Architectural Outdoor Sconces, ETL Listed, 2 Pack",1,116.08,116.08,Home Improvement,Home Improvement,Lighting & Fans,0730967922991,LPNNA6CXLLNLQ,717522165727,hykolity,USED_GOOD,LIQ:3PL:PALLET:LNRM:PAL-69856,AMZ_3PL_20260409_025
BUILDING_AND_HARDWARE,Walls & Ceilings,B0FDVJYJRK,"Pushglossy 9 Pcs 47.24″(Total 35.4 Ft) Ceiling Crown Molding with LED Duct Kit for Seamless Ambient Accent Lighting Waterproof Channel for Easy LED Trim Moulding Strip Installation(9pcs,Rear Groove)",1,115.69,115.69,Home Improvement,Home Improvement,Building Materials & Ladders,,LPNNA6MM2H3Y8,,Pushglossy,USED_GOOD,LIQ:3PL:PALLET:LNRM:PAL-69729,AMZ_3PL_20260409_025
BUILDING_AND_HARDWARE,Home Improvement,B0CFTCHGBC,"Neodrain 32 in Matte Black Linear Shower Drain- with 2-in-1 Flat & Tile Insert Cover, 304 Stainless Steel Rectangle Shower Floor Drain,Floor Shower Drain",1,114.40,114.40,Home Improvement,Home Improvement,Home Improvement,,LPNNA6CG3SRKD,,Neodrain,USED_GOOD,LIQ:3PL:PALLET:LNRM:PAL-69699,AMZ_3PL_20260409_025
BUILDING_AND_HARDWARE,Blinds,B0DP9CVH2V,"MANSNIX Smart Motorized Blinds with Remote, Cordless No-Drill Automatic Roller Shades, Blackout Electric Blind for Windows, Grey, 24.5 x 72",1,111.79,111.79,Home Improvement,Home Improvement,Window Treatments,,LPNNA648DKCCC,,MANSNIX,USED_GOOD,LIQ:3PL:PALLET:LNRM:PAL-68867,AMZ_3PL_20260409_025
BUILDING_AND_HARDWARE,Flooring,B0GFYDL9WG,"2 Pack Hand Rails for Outdoor Steps,2-3 Step Railing for Stairs,Adjustable Porch Railing,Hand Rails for Seniors,Outdoor Deck Handrails for Exterior Steps,White",1,111.14,111.14,Home Improvement,Home Improvement,Building Materials & Ladders,0738253229175,LPNNA6Q4J7FNZ,738253229175,Sannwsg,USED_GOOD,LIQ:3PL:PALLET:LNRM:PAL-68861,AMZ_3PL_20260409_025
MIXED_BUILDING_AND_INDUSTRIAL,BISS,B0D6VHB5TF,"TOKIT Reverse Osmosis Water Filter, U1 Alkaline Mineral Under Sink Water Filter System, 400GPD Tankless RO Filtration with Faucet, NSF/ANSI 58, 2:1 Pure to Drain, Reduce TDS",1,110.71,110.71,Home Improvement,BISS,BISS,,LPNNA6DYWRRGN,,TOKIT,USED_GOOD,LIQ:3PL:PALLET:LNRM:PAL-69648,AMZ_3PL_20260409_025
BUILDING_AND_HARDWARE,Raw Building Materials,B0DQBYYHFK,"Sidasu 10-Pack Iron Balusters – 1/2"" Square Metal Stair Spindles, Hollow Double & Single Knuckle Design with 20 Swivel Shoes, Wrought Iron Staircase Balusters for Indoor & Outdoor Railing",1,110.49,110.49,Home Improvement,Home Improvement,Building Materials & Ladders,8758464781011,LPNNA6KMFX8GR,,Sidasu,USED_GOOD,LIQ:3PL:PALLET:LNRM:PAL-69638,AMZ_3PL_20260409_025
BUILDING_AND_HARDWARE,Home Improvement,B0FBMCD2HT,"Mid-Century Modern Wall Sconces Set of 2, Gold Wall Sconce with Milky White Glass Globe Shade, Brushed Brass Globe Wall Light for Bathroom Bedroom Hallway",1,110.49,110.49,Home Improvement,Home Improvement,Home Improvement,,LPNNA6QG5ZLWL,,bywdbywt,USED_GOOD,LIQ:3PL:PALLET:LNRM:PAL-69648,AMZ_3PL_20260409_025
BUILDING_AND_HARDWARE,Bath Hardware,B0FPX96NGJ,"ChooChoo Bathroom Medicine Cabinet with Mirror, Modern Mirror Cabinet with LED Lights, Bathroom Wall Cabinet with Adjustable Shleves, Towel Bar, White",1,110.49,110.49,Home Improvement,Home Improvement,Plumbing Fixtures,,LPNNA6WDKXKCD,,ChooChoo,USED_GOOD,LIQ:3PL:PALLET:LNRM:PAL-68868,AMZ_3PL_20260409_025
BUILDING_AND_HARDWARE,Home Improvement,B0D33K6LJB,"YJINGRUI Hydraulic Buffer Cabinet Door Hinge, Lift and Up Hinges, Vertical Lift Cabinet Door Hinge, 19.69-31.49in, Sturdy Silent and Adjustable",1,107.43,107.43,Home Improvement,Home Improvement,Home Improvement,,LPNNA6CTXK2LJ,,YJINGRUI,USED_GOOD,LIQ:3PL:PALLET:LNRM:PAL-69724,AMZ_3PL_20260409_025
MIXED_BUILDING_AND_INDUSTRIAL,Sheaves & Pulleys,B09NBR19F3,"Deck Blade Spindle Belt Rebuild Kit for MTD Troy Bilt 42 inch M115-42 LT4200 T1000 T1400 T1800 Bronco Pony, Replaces Spindle 618-06991 918-06991, Blade 742-04308 942-04308, Belt 954-04060",1,107.11,107.11,Home Improvement,BISS,Power Transmission,0761026777849,LPNNA694HYNZ4,761026777849,PetMigo,USED_GOOD,LIQ:3PL:PALLET:LNRM:PAL-68868,AMZ_3PL_20260409_025
BUILDING_AND_HARDWARE,Home Improvement,B0FN7CCB2F,22818466 Front Left Driver Side Armrest Repair Kit Fit for Chevy Silverado 1500 2500HD 3500HD 2010-2014 For GMC Sierra 1500 2500 HD 3500 HD 2010-2014 Door Panel with Release Handle Below Armrest -Gray,1,106.78,106.78,Home Improvement,Home Improvement,Home Improvement,,LPNNA6QCJ8TGV,,RHAOCZIYAUTO,USED_GOOD,LIQ:3PL:PALLET:LNRM:PAL-69372,AMZ_3PL_20260409_025
BUILDING_AND_HARDWARE,Other Material Handling,B0F4X2WBYS,"Singhoow 8 Pcs Plastic Pallets for Basement Storage Nestable Moisture Waterproof Lightweight Floor Pallets with Breathable Grid for Indoor Outdoor Supermarket Warehouse (19.6 x 11.8 x 3.9 Inch,Black)",1,106.59,106.59,Home Improvement,Home Improvement,Building Materials & Ladders,,LPNNA6NH1GBCD,,Singhoow,USED_GOOD,LIQ:3PL:PALLET:LNRM:PAL-69739,AMZ_3PL_20260409_025
BUILDING_AND_HARDWARE,Home Improvement,B0B393GVNM,HAHZT Gold Bathroom Vanity Light 3-Lights Bathroom Light Fixtures Over Mirror with Clear Glass Shade 22.4 inch Wall Sconce Lighting Bath(Exclude E26 Bulb),1,105.29,105.29,Home Improvement,Home Improvement,Home Improvement,,LPNNA6S95XCR5,,HAHZT,USED_GOOD,LIQ:3PL:PALLET:LNRM:PAL-68867,AMZ_3PL_20260409_025
MIXED_BUILDING_AND_INDUSTRIAL,Mobility Aids & Equipment,B0FS5YHF2Q,"VitaSophy Knee Scooter with Disc Brake, Steerable Knee Walker for Adults,Foldable Rover Scooter for Broken Foot Injured Leg Crutch,Pink",1,103.99,103.99,Home Improvement,BISS,Professional Medical,,LPNNK5P2VTYDV,,VitaSophy,USED_GOOD,LIQ:3PL:PALLET:LNRM:PAL-69172,AMZ_3PL_20260409_025
BUILDING_AND_HARDWARE,Safes,B0FK9FB5Q7,"1.8 Cub Small Fireproof Safes for Home, Digital Security Home Safe Fireproof Waterproof with Programmable Keypad Keys and Alarm System, Anti-Theft Document Safe Box for Money Medicines Valuables",1,103.99,103.99,Home Improvement,Home Improvement,Hardware,,LPNNA6LRB329B,,Homirxan,USED_GOOD,LIQ:3PL:PALLET:LNRM:PAL-69532,AMZ_3PL_20260409_025
BUILDING_AND_HARDWARE,"Door, Gate & Window Hardware",B0FM3S15D6,"Toriexon Pair of Garage Door Spring 0.250 x 2”x 30” (Pair), 18000 Cycles Garage Spring Door Replacement, Heavy-Duty & Long-Lasting Garage Door Torsion Spring, Upgraded",1,103.99,103.99,Home Improvement,Home Improvement,Hardware,,LPNNA664JL7HP,,Toriexon,USED_GOOD,LIQ:3PL:PALLET:LNRM:PAL-69519,AMZ_3PL_20260409_025
MIXED_BUILDING_AND_INDUSTRIAL,Foot Massagers & Foot Spas,B0CX4RZG99,"ALLJOY Leg Massager for Circulation and Pain Relief FSA, Gifts for Men Women Dad Mom, Leg Massager with Heat and Compression, 2 Heat 5 Modes 4 Intensities 4 Extenders",1,103.99,103.99,Home Improvement,BISS,Health & Wellness,0717325178986,LPNNA6HNH74HN,717325178986,ALLJOY,USED_GOOD,LIQ:3PL:PALLET:LNRM:PAL-69302,AMZ_3PL_20260409_025
MIXED_BUILDING_AND_INDUSTRIAL,BISS,B0FDKXBW7P,"Pneumatic Casters 10 Inch 4-Pack, 2 Swivel & 2 Rigid, Heavy Duty Casters 1200 LBS Capacity, Rubber Wheel for Workbench, Cart, Trolley,Wagon and Shelves",1,103.99,103.99,Home Improvement,BISS,BISS,0762744428976,LPNNA6NYV4QHT,762744428976,Wbuosz,USED_GOOD,LIQ:3PL:PALLET:LNRM:PAL-69399,AMZ_3PL_20260409_025
BUILDING_AND_HARDWARE,Windows,B0DHMNRX8P,"Rockrose Window Tint for Home, One Way Privacy Window Film Heat Blocking, Reflective Mirror Glass Window Privacy Film See Out Not in, 99% UV Block – Silver 24in x 100FT",1,103.99,103.99,Home Improvement,Home Improvement,Building Materials & Ladders,0810088075278,LPNNA6L3MHD9H,810088075278,RockRose,USED_GOOD,LIQ:3PL:PALLET:LNRM:PAL-69372,AMZ_3PL_20260409_025
BUILDING_AND_HARDWARE,Home Improvement,B0DP6VN56W,Depuley 52-Inch Ceiling Fan with Light: Black 3 Blade Outdoor Fans for Patios - Dimmable Indoor Fan with Remote Control Living Room Fandelier Ceiling Fans Ultra Quiet DC Motor Reversible 6 Speed Timer,1,103.99,103.99,Home Improvement,Home Improvement,Home Improvement,,LPNNA6CPYW6RT,,Depuley,USED_GOOD,LIQ:3PL:PALLET:LNRM:PAL-69729,AMZ_3PL_20260409_025
BUILDING_AND_HARDWARE,Home Improvement,B0CL4LTNDD,"Ultrawall Pegboard Wall Organizer, Blue Metal Peg board Panels, Garage Storage System with Hooks and Storage Bins, 59pcs",1,103.99,103.99,Home Improvement,Home Improvement,Home Improvement,,LPNNA6NMD8PZZ,,Ultrawall,USED_GOOD,LIQ:3PL:PALLET:LNRM:PAL-69131,AMZ_3PL_20260409_025
BUILDING_AND_HARDWARE,Interior Lights,B0CQK24VZ2,"KoKo&Yukina 10"" Globe Pendant Light Gold Mid Century Pendant Light Glass Globe Mid Century Modern Light Fixture Brushed Brass Finished with Milk Glass Lampshade for Dining Room Bedroom",1,103.99,103.99,Home Improvement,Home Improvement,Lighting & Fans,,LPNNA62TTCCZJ,,KoKo&Yukina,USED_GOOD,LIQ:3PL:PALLET:LNRM:PAL-69661,AMZ_3PL_20260409_025
BUILDING_AND_HARDWARE,Home Improvement,B0DP6VN56W,Depuley 52-Inch Ceiling Fan with Light: Black 3 Blade Outdoor Fans for Patios - Dimmable Indoor Fan with Remote Control Living Room Fandelier Ceiling Fans Ultra Quiet DC Motor Reversible 6 Speed Timer,1,103.99,103.99,Home Improvement,Home Improvement,Home Improvement,,LPNNA6CNKSWMG,,Depuley,USED_GOOD,LIQ:3PL:PALLET:LNRM:PAL-68868,AMZ_3PL_20260409_025
BUILDING_AND_HARDWARE,Lamps,B0CNVGN29S,"EDISHINE LED Corner Lamp, Set of 2 Minimalist Dimmable Tall Light with Remote, 57.5"" Floor Lamps for Living Room, Bedroom, Home Office, 7 Color Temperature 2700-6000K (Black)",1,103.99,103.99,Home Improvement,Home Improvement,Lighting & Fans,,LPNNA6T4FZ5WZ,,EDISHINE,USED_GOOD,LIQ:3PL:PALLET:LNRM:PAL-69745,AMZ_3PL_20260409_025
BUILDING_AND_HARDWARE,Home Improvement,B0D5CRKN2J,"MIAOMEIO 16 inch Flush Mount Ceiling Light, 3-Light Close to Ceiling Light Fixtures with Brushed Nickel Finish for Livingroom Bedroom Kitchen Diningroom",1,103.99,103.99,Home Improvement,Home Improvement,Home Improvement,,LPNNA69JJ5RR7,,MIAOMEIO,USED_GOOD,LIQ:3PL:PALLET:LNRM:PAL-69742,AMZ_3PL_20260409_025
BUILDING_AND_HARDWARE,Home Improvement,B09NBFFHPS,"WILPREP Commercial Hand Sink, NSF Stainless Steel Sink Commercial Utility Sink with Gooseneck Faucet and Strainer, 17x15 Inch Wall Mount Kitchen Sink for Restaurant Bar RV Bathroom Laundry Room",1,155.99,155.99,Home Improvement,Home Improvement,Home Improvement,,LPNNA6JR3K126,,Wilprep,USED_GOOD,LIQ:3PL:PALLET:LNRM:PAL-68868,AMZ_3PL_20260409_025
BUILDING_AND_HARDWARE,Home Improvement,B0DBHQPN9V,"AIJIASI Bathroom Light Fixtures, 4-Light Brushed Gold Bathroom Vanity Lights Over Mirror, 30.7 Inch Modern Vanity Lighting with Milky White Glass Globe Shade Wall Sconce Lighting Bath",1,155.99,155.99,Home Improvement,Home Improvement,Home Improvement,,LPNNA6XJQCF11,,AIJIASI,USED_GOOD,LIQ:3PL:PALLET:LNRM:PAL-68861,AMZ_3PL_20260409_025
BUILDING_AND_HARDWARE,Ceiling Fans & Ventilation,B0DNF44Q8G,putroad Ceiling Fans with Lights and Remote - 62 Inch Black Modern Ceiling Fan with Light for Bedroom Living Room Kitchen Indoor - 6 Speed Reversible DC Motor Timer 3 CCT Dimmable,1,154.04,154.04,Home Improvement,Home Improvement,Lighting & Fans,,LPNNA6HKV3TWG,,putroad,USED_GOOD,LIQ:3PL:PALLET:LNRM:PAL-68867,AMZ_3PL_20260409_025
MIXED_BUILDING_AND_INDUSTRIAL,Janitorial Equipment,B0GK9K2KTY,"PKUYIE Canister Vacuum Cleaner, 40Kpa 1600W Cyclon Power Bagless Canister Vacuum Cleaners for Home, 3.7QT Large Dust Cup, Lightweight Vac for Hard Floors, Carpets, Pet Hair,Pink",1,153.48,153.48,Home Improvement,BISS,Janitorial & Sanitation,,LPNNA6J8F2Z7H,,PKUYIE,USED_GOOD,LIQ:3PL:PALLET:LNRM:PAL-69532,AMZ_3PL_20260409_025
BUILDING_AND_HARDWARE,Home Improvement,B0CLRRRGD7,"Daunton Hardwired Modern Wall Sconce set of Two with Remote Control, Dimmable LED Wall Sconces Lighting set of 2, Big Size Black Wall Light, LED Wall Lamp for Bedroom Living Room Bathroom 40.5"" Length",1,151.81,151.81,Home Improvement,Home Improvement,Home Improvement,,LPNNA6BKVZZRY,,Daunton,USED_GOOD,LIQ:3PL:PALLET:LNRM:PAL-68867,AMZ_3PL_20260409_025
BUILDING_AND_HARDWARE,Ceiling Fans & Ventilation,B0FWRHJJ5C,"Orsong Bathroom Exhaust Fan with Heater and Light 1800W, 160 CFM, 1.0 Sone Quiet Operation, Bathroom Vent with Heater Quickly Reaches A Comfortable Temperature in Just 1 Minute",1,151.16,151.16,Home Improvement,Home Improvement,Lighting & Fans,0683770957738,LPNNA6Q8GNVPL,683770957738,Orsong,USED_GOOD,LIQ:3PL:PALLET:LNRM:PAL-69532,AMZ_3PL_20260409_025
BUILDING_AND_HARDWARE,Bath Ventilation Fans,B0FVSWRXLZ,"Orabriz 4-in-1 Bathroom Exhaust Fan with Heater, 1100W/2200W Dual Heating, 220 CFM Ventilation, 6000K 1800LM LED Light, Quiet Bath Fan with Light and Heat, Ceiling Mount, Plug-In or Hardwired",1,149.28,149.28,Home Improvement,Home Improvement,Rough Plumbing,,LPNNA68DR7V6C,,Orabriz,USED_GOOD,LIQ:3PL:PALLET:LNRM:PAL-68868,AMZ_3PL_20260409_025
BUILDING_AND_HARDWARE,Home Improvement,B0DTKG2C9R,"Luminzone Outdoor Porch Lights Wall Mount, Outdoor Sconce Lighting Waterproof Exterior Porch Light Anti-Rust Aluminum Outside Latern with Water Ripple Glass for House Yard Hallway Doorway Patio",1,148.19,148.19,Home Improvement,Home Improvement,Home Improvement,,LPNNA6NHF1SC9,,Luminzone,USED_GOOD,LIQ:3PL:PALLET:LNRM:PAL-69172,AMZ_3PL_20260409_025
BUILDING_AND_HARDWARE,Home Improvement,B0C13XXVD8,"NLIEOPDA Large Dusk to Dawn Sensor Outdoor Wall Sconce,19.68"" H Vintage Exterior Light Fixture with IP65 Waterproof,Classical European Style Porch Light with Water Glass for Front Door Balcony Porch",1,147.60,147.60,Home Improvement,Home Improvement,Home Improvement,,LPNNA6FJJV5T2,,NLIEOPDA,USED_GOOD,LIQ:3PL:PALLET:LNRM:PAL-69399,AMZ_3PL_20260409_025
BUILDING_AND_HARDWARE,Home Improvement,B0DG2GFXRS,"VARIPOWDER Toilet Safety Rails with Non-Slip Handles (520lbs), Upgraded Toilet Safety Frame for Senior, Heavy-Duty Bathroom Support for Standing Aid, Aging in Place Toilet Handles for Elderly",1,146.95,146.95,Home Improvement,Home Improvement,Home Improvement,,LPNNA65PRD7B2,,VARIPOWDER,USED_GOOD,LIQ:3PL:PALLET:LNRM:PAL-69729,AMZ_3PL_20260409_025
BUILDING_AND_HARDWARE,Home Improvement,B0CKKNR97R,"OUBONI 17""×14"" Marbling Vessel Sink with Faucet and Drain Combo Black and Gold Ceramic Bathroom Vessel Sink, Oval Above Counter Bathroom Sinks",1,146.87,146.87,Home Improvement,Home Improvement,Home Improvement,0732262002859,LPNNA6W29SLX2,732262002859,Ouboni,USED_GOOD,LIQ:3PL:PALLET:LNRM:PAL-69661,AMZ_3PL_20260409_025
BUILDING_AND_HARDWARE,Home Improvement,B0FM88LPQT,"WOWSTAR 12-Pack 2x4ft Drop Ceiling Tiles, Waterproof Glue up Ceiling Panels, Modern Style 3D Wall Panels, Black",1,145.59,145.59,Home Improvement,Home Improvement,Home Improvement,,LPNNA6FFX1FMN,,WOWSTAR,USED_GOOD,LIQ:3PL:PALLET:LNRM:PAL-69638,AMZ_3PL_20260409_025
MIXED_BUILDING_AND_INDUSTRIAL,Industrial Lighting,B0F31YWKP4,O'NEELDY Flush Mount Modern Ceiling Light Black Led Modern Light Fixtures Ceiling Mount Lights 4 Rings Led Chandelier Lamp Fixture with Remote for Living Room Kitchen Dining Room Bedroom,1,144.48,144.48,Home Improvement,BISS,Industrial Electrical Supplies,,LPNNA6H2WM5ZZ,,O'NEELDY,USED_GOOD,LIQ:3PL:PALLET:LNRM:PAL-69372,AMZ_3PL_20260409_025
BUILDING_AND_HARDWARE,Home Improvement,B0DCJKZMYQ,"Battery Operated Modern Wall Sconces, Dimmable Wireless Wall Light Set of Two with Remote Control, 3 Color Temperatures, Rechargeable LED Wall Sconce for Bedroom, Living Room, Hallway, 39.3 Inch Black",1,142.99,142.99,Home Improvement,Home Improvement,Home Improvement,,LPNNA62MGGBXY,,KARTOOSH,USED_GOOD,LIQ:3PL:PALLET:LNRM:PAL-69372,AMZ_3PL_20260409_025
BUILDING_AND_HARDWARE,Home Improvement,B0DD7VLWQ5,"Small Kitchen Sink,18x18 In Bar Sink Stainless Steel Undermount Small Kitchen Sink Ideal Choice For Small Space Nice As Undermount Prep Sink,RV Kitchen Sink With Bottom Grid,Silicon Mat And Drain Set",1,142.87,142.87,Home Improvement,Home Improvement,Home Improvement,,LPNNA62JLQTFW,,FAUENPEEY,USED_GOOD,LIQ:3PL:PALLET:LNRM:PAL-69399,AMZ_3PL_20260409_025
BUILDING_AND_HARDWARE,Ceiling Fans & Ventilation,B0FG283PFQ,"DIKAIDA Rustic Flush Mount Ceiling Light Fixtures for Hallway, 8-Light Kitchen Light Fixtures,31"" Industrial Metal Cage Ceiling Light for Farmhouse,Kitchen,Hallway E26 Base(1 Pack)",1,142.09,142.09,Home Improvement,Home Improvement,Lighting & Fans,,LPNNA6MZ7QSX1,,DIKAIDA,USED_GOOD,LIQ:3PL:PALLET:LNRM:PAL-69131,AMZ_3PL_20260409_025
BUILDING_AND_HARDWARE,Windows,B0F5HRF1V3,"DoubleFill 1 Pcs 22 x 36 Inch Entry Door Frame Only Replacement Kit for 1"" Glass (Glass Not Included), 1 Lite Exterior Front Door Window Frame Replacement (Rectangle)",1,141.69,141.69,Home Improvement,Home Improvement,Building Materials & Ladders,,LPNNK5DNNKFC6,,DoubleFill,USED_GOOD,LIQ:3PL:PALLET:LNRM:PAL-69699,AMZ_3PL_20260409_025
BUILDING_AND_HARDWARE,Home Improvement,B0DGLHMTG2,"Ahaloye Gold Plug in Wall Sconces, 3 Lights Wall Mount Lamp with Rotatable Shade 3000K Warm White Wall Light for Bedroom Living Room Picture Light (Bulb Included)",1,139.22,139.22,Home Improvement,Home Improvement,Home Improvement,,LPNNA623STY31,,Ahaloye,USED_GOOD,LIQ:3PL:PALLET:LNRM:PAL-69131,AMZ_3PL_20260409_025
BUILDING_AND_HARDWARE,Tarps,B0DPKPNGLF,GUARD SHIELD Heavy Duty Tarp 30x30 Feet Silver/Black Multi Purpose Thick Waterproof Poly Tarp Cover 10mil,1,139.09,139.09,Home Improvement,Home Improvement,Hardware,0768273316821,LPNNA6Z8HFX21,768273316821,GUARD SHIELD,USED_GOOD,LIQ:3PL:PALLET:LNRM:PAL-69172,AMZ_3PL_20260409_025
BUILDING_AND_HARDWARE,Home Improvement,B0CH8WVY5M,LVZECHEN 76CM Smart Ceiling Light with Fan DC Motor 6 Gear Reversible Bedroom Ceiling Fan with Lighting LED Dimmable Quiet Modern Living Room Lamp with Fan (Color : Black),1,137.80,137.80,Home Improvement,Home Improvement,Home Improvement,8272399002176,LPNNA6F8H9NMF,,LVZECHEN,USED_GOOD,LIQ:3PL:PALLET:LNRM:PAL-69172,AMZ_3PL_20260409_025
BUILDING_AND_HARDWARE,Home Improvement,B0CJR5TWZB,"Untrammelife Glass Gold Pendant Light 1-Light 9"" Globe Ceiling Lighting Modern Hanging Light Fixture with Hammered Glass Gold Chandelier Adjustable Chain Brushed Brass Finished",1,137.79,137.79,Home Improvement,Home Improvement,Home Improvement,,LPNNA6DFZFB2J,,Untrammelife,USED_GOOD,LIQ:3PL:PALLET:LNRM:PAL-69661,AMZ_3PL_20260409_025
BUILDING_AND_HARDWARE,Outdoor & Landscape Lighting,B0FVLPZ3X2,"OYKYOHEI Large Outdoor Wall Sconce 2 Pack, 19"" White Outdoor Light Fixture, Exterior Lighting Fixtures Anti-Rust Porch Lights with Clear Glass for Front Door, Garage",1,135.84,135.84,Home Improvement,Home Improvement,Lighting & Fans,,LPNNA6DYSSG6B,,OYKYOHEI,USED_GOOD,LIQ:3PL:PALLET:LNRM:PAL-69742,AMZ_3PL_20260409_025
BUILDING_AND_HARDWARE,Home Improvement,B0DQL1HKNT,"Ovlaim 52 Inch Wood Ceiling Fan with Light Remote Control, Quiet DC Motor, 3 Blades Indoor Ceiling Fan for Bedroom Living Room, ETL Listed",1,135.19,135.19,Home Improvement,Home Improvement,Home Improvement,,LPNNA6W93SBSN,,Ovlaim,USED_GOOD,LIQ:3PL:PALLET:LNRM:PAL-69644,AMZ_3PL_20260409_025
BUILDING_AND_HARDWARE,"Rope, Chain, Cable & Tie Downs",B0BP1LBJT6,"Natural Jute Rope 1-1/2 in x 100 Ft - Heavy Duty Thick Hemp Rope, Twisted Hemp Ropes for Crafts, Porch Swings, Tug of War, Nautical Decor, Landscaping & Home DIY Projects",1,132.48,132.48,Home Improvement,Home Improvement,Hardware,,LPNNA6DG22FWG,,LZ.MZXU,USED_GOOD,LIQ:3PL:PALLET:LNRM:PAL-69399,AMZ_3PL_20260409_025
BUILDING_AND_HARDWARE,Home Improvement,B0GC65BZR5,"Ganggend Electric Mini-Tank Water Heater 2.5 Gallon 110V 1500W Under Sink Hot Water Heater for Kitchen,RV,Laundry,Food Truck, Wall or Floor Mounted",1,129.99,129.99,Home Improvement,Home Improvement,Home Improvement,,LPNNA68Z8M7BT,,Ganggend,USED_GOOD,LIQ:3PL:PALLET:LNRM:PAL-69172,AMZ_3PL_20260409_025
BUILDING_AND_HARDWARE,Chandeliers,B0F912TRRR,Milk Glass Chandelier Farmhouse Rustic Semi Flush Mount Ceiling Lamp Frosted White Globe Pendant Light Mid Century Modern Wood Grain Chandelier Sputnik Ceiling Light (3- Light- Chrome),1,129.99,129.99,Home Improvement,Home Improvement,Lighting & Fans,,LPNNA6FMD7NSH,,UienVee,USED_GOOD,LIQ:3PL:PALLET:LNRM:PAL-69302,AMZ_3PL_20260409_025
BUILDING_AND_HARDWARE,Home Improvement,B0FDKY7HB4,"VOOJOY 5000W Solar Street Lights Outdoor, 7000K Solar Light Outdoor LED Street Light Dusk to Dawn, LED Wide Angle Lamp with Motion Sensor and Remote Control for Parking Lot, Yard, 3 Pack",1,129.99,129.99,Home Improvement,Home Improvement,Home Improvement,,LPNNA6YVYPS4D,,VOOJOY,USED_GOOD,LIQ:3PL:PALLET:LNRM:PAL-69399,AMZ_3PL_20260409_025
BUILDING_AND_HARDWARE,Outdoor & Landscape Lighting,B00C9R6ZSI,GreenLighting 12 Pack Classic #1 Solar Power Outdoor Garden Pathway Deck Dock Patio Fence Post Light for 5x5 PVC Posts (White),1,129.99,129.99,Home Improvement,Home Improvement,Lighting & Fans,0819151018648,LPNNA6SXFLJ3Q,819151018648,GreenLighting,USED_GOOD,LIQ:3PL:PALLET:LNRM:PAL-69131,AMZ_3PL_20260409_025
MIXED_BUILDING_AND_INDUSTRIAL,Mobility Aids & Equipment,B0FWZK5T64,"Aojin Knee Scooter for Adults for FootInjuries, 300lbs Capacity, All Terrain Foldable Knee Scooter Walker with Bag, 13"" Wide Pu Seat, Compact Crutches Alternative (Blue)",1,129.99,129.99,Home Improvement,BISS,Professional Medical,,LPNNA6RV8VB17,,Aojin,USED_GOOD,LIQ:3PL:PALLET:LNRM:PAL-69648,AMZ_3PL_20260409_025
BUILDING_AND_HARDWARE,Home Improvement,B0G3WD7WK7,"SHUNLEE 6 Pcs RGB Smart Recessed Lighting for Acoustic Panels, WiFi LED Lights for Acoustic Wall Panels Compatible with Alexa, Self-Adhesive Black Aluminum for Wood Slat Wall (2*40+2*24+2*16 in)",1,129.99,129.99,Home Improvement,Home Improvement,Home Improvement,,LPNNA66HGQ5ZJ,,SHUNLEE,USED_GOOD,LIQ:3PL:PALLET:LNRM:PAL-69699,AMZ_3PL_20260409_025
BUILDING_AND_HARDWARE,Chandeliers,B0FLPL3GMP,"VONLUCE Sputnik Ceiling Light Fixture, 6-Light Modern Sputnik Chandelier with Frosted Glass Shades, ETL Listed Globe Chandelier for Living Room Bedroom Dining Room, Bubble Glass Pendant Light, Gold",1,129.99,129.99,Home Improvement,Home Improvement,Lighting & Fans,,LPNNA6SG2W58Q,,VONLUCE,USED_GOOD,LIQ:3PL:PALLET:LNRM:PAL-69685,AMZ_3PL_20260409_025
BUILDING_AND_HARDWARE,Home Improvement,B0BVWNTTKF,"JINXNOBI Wall Safe,Hidden Wall Safe,Hidden Eletronic in Wall Safes between the Studs,Wall Mount Safe,H22.8”,W15.4”,Black",1,129.47,129.47,Home Improvement,Home Improvement,Home Improvement,0718519029183,LPNNA6ZL6LF5M,718519029183,JINXNOBI,USED_GOOD,LIQ:3PL:PALLET:LNRM:PAL-69172,AMZ_3PL_20260409_025
BUILDING_AND_HARDWARE,Tarps,B0F32HG36B,"Keten Tarps Heavy Duty Waterproof 20X30 Feet, Extra Thick 16 Mil, Tear & Fade Resistant, UV Blocking, Outdoor Tarp with Reinforced Grommets for Roof, Camping, Patio, Pool, Boat(Silver/Black)",1,128.69,128.69,Home Improvement,Home Improvement,Hardware,,LPNNK5B51MYWT,,Keten,USED_GOOD,LIQ:3PL:PALLET:LNRM:PAL-69532,AMZ_3PL_20260409_025
BUILDING_AND_HARDWARE,Interior Lights,B09NVHPNHK,"TULUCE Modern Bathroom Vanity Lights,3-Lights Wall Sconce Lighting E26 Base Brushed Nickel Industrial Wall Light with Clear Glass Shade Bathroom Light Fixtures for Mirror Bedroom Kitchen Hallway",1,128.69,128.69,Home Improvement,Home Improvement,Lighting & Fans,,LPNNA6PQ5ZDRF,,TULUCE,USED_GOOD,LIQ:3PL:PALLET:LNRM:PAL-69638,AMZ_3PL_20260409_025
BUILDING_AND_HARDWARE,Home Improvement,B0DZ2P7XFL,Pangda 23 Pcs 94.49 x 47.24 Inch MDF Board and Wall Batten Panel Kit Premade Wainscoting Panels Ready to Assemble Accent Decorative Wall Molding Kit for DIY Bedroom Living Room Home Decor,1,127.39,127.39,Home Improvement,Home Improvement,Home Improvement,,LPNNK5HJNHSKS,,Pangda,USED_GOOD,LIQ:3PL:PALLET:LNRM:PAL-69519,AMZ_3PL_20260409_025
BUILDING_AND_HARDWARE,Carpet & Rugs,B0BY2BGBBF,"KASZOO 24 Pack 20""x20"" Grass Wall Panels - Artificial Boxwood Panels for Greenery Wall Backdrop, Faux Greenery for Indoor Outdoor Decor, Garden Fence, Wedding, Privacy Screen, 66 Sq. Ft. Coverage",1,126.70,126.70,Home Improvement,Home Improvement,Flooring,,LPNNA63NJ76KL,,KASZOO,USED_GOOD,LIQ:3PL:PALLET:LNRM:PAL-68861,AMZ_3PL_20260409_025
BUILDING_AND_HARDWARE,Home Improvement,B0BKQ1G2B6,FDPBY Modern Bathroom Vanity Light 3-Lights Gold Crystal Bathroom Wall Light Vanity Light Fixtures，20.47-inch Modern Minimalist Design,1,124.89,124.89,Home Improvement,Home Improvement,Home Improvement,,LPNNA63WCLWC9,,FDPBY,USED_GOOD,LIQ:3PL:PALLET:LNRM:PAL-69685,AMZ_3PL_20260409_025
BUILDING_AND_HARDWARE,Heating & Accessories,B0757YW6YV,"HVAC Premium 32 x 18 Duct Opening Steel Return Air Filter Grille, for 1-inch Filter, Removable Door, Flat Stamped HVAC Vent Cover Grille, Outer Dimensions 34.5 x 20.5",1,123.51,123.51,Home Improvement,Home Improvement,Electrical & Heating,0810116313693,LPNNA6568QGNZ,810116313693,HVAC Premium,USED_GOOD,LIQ:3PL:PALLET:LNRM:PAL-69372,AMZ_3PL_20260409_025
MIXED_BUILDING_AND_INDUSTRIAL,Dining Room Supplies,B0F2LPCMHB,"3D Textured Black and White Abstract Wall Art Decor with Vase, Modern Paintings Artwork for Walls-Minimalist Wall Decor for Living Room Hallway Dining Room Bedroom Office Decoration Aesthetic 24x24 In",1,123.49,123.49,Home Improvement,BISS,Food Service,,LPNNA6H121H6X,,Cuspin,USED_GOOD,LIQ:3PL:PALLET:LNRM:PAL-69131,AMZ_3PL_20260409_025
BUILDING_AND_HARDWARE,Bath & Vanity Lighting,B0F4K3GRFG,"Mecgirn Milk Glass Vanity Lights for Bathroom, 3 Light Brass Bathroom Light Fixtures Over Mirror, Ceramic E26 Sockets Wall Mounted",1,116.99,116.99,Home Improvement,Home Improvement,Lighting & Fans,,LPNNA683MT8L6,,Mecgirn,USED_GOOD,LIQ:3PL:PALLET:LNRM:PAL-69661,AMZ_3PL_20260409_025
MIXED_BUILDING_AND_INDUSTRIAL,Safety Equipment,B0FR7CQCK7,Zonon 10lb Fire Extinguisher Cabinet Wall & Surface Mount with Glow Fire Extinguisher Sign Sticker Steel Industrial Architectural Wall Box Case for Dry Chemical Extinguishers Indoor Outdoor(White),1,116.99,116.99,Home Improvement,BISS,Occupational Health & Safety,,LPNNA6LCDSK9V,,Zonon,USED_GOOD,LIQ:3PL:PALLET:LNRM:PAL-68868,AMZ_3PL_20260409_025
MIXED_BUILDING_AND_INDUSTRIAL,BISS,B0F1FNBY9C,"Art3d Pre-Cut Wall Molding Set of 6 pcs, Ready-to-Assemble Wainscoting Panels for Interior Wall Décor Living Room Bedroom Accent Wall - Installed with Glue, 3 Top 3 Bottom, Antique Gold",1,116.99,116.99,Home Improvement,BISS,BISS,6941197853793,LPNNA6PYRJQT1,,Art3d,USED_GOOD,LIQ:3PL:PALLET:LNRM:PAL-68861,AMZ_3PL_20260409_025
MIXED_BUILDING_AND_INDUSTRIAL,Industrial Mats,B0FQC8NN28,"Futurwit Front Door Mat, 60"" x 48"" Heavy Duty Indoor Outdoor Doormat, Non-Slip Welcome Mats for Entryway, Rubber Backing Low Profile Commercial Door Mats",1,115.70,115.70,Home Improvement,BISS,Janitorial & Sanitation,,LPNNK577NQJLV,,Futurwit,USED_GOOD,LIQ:3PL:PALLET:LNRM:PAL-68868,AMZ_3PL_20260409_025
MIXED_BUILDING_AND_INDUSTRIAL,Dining Room Supplies,B0G2BNGNL8,"Ninehaoou 100 Pcs Plastic Bud Vases in Bulk Clear Small Flowers Vases for Centerpieces Wedding Decorations Home Banquet Formal Dinners Party Table Decor Office Ornaments (1.2 * 5.5inch,Pattern)",1,115.69,115.69,Home Improvement,BISS,Food Service,,LPNNA6P2XY5XY,,Ninehaoou,USED_GOOD,LIQ:3PL:PALLET:LNRM:PAL-69648,AMZ_3PL_20260409_025
BUILDING_AND_HARDWARE,Walls & Ceilings,B0BYF1S6KF,"Art3d Drop Ceiling Tiles 24x24 in Bronze (12-Pack, 48 Sq.ft), 3D Wainscoting Panels Glue Up 2x2",1,114.10,114.10,Home Improvement,Home Improvement,Building Materials & Ladders,,LPNNA69DM8N23,,Art3d,USED_GOOD,LIQ:3PL:PALLET:LNRM:PAL-69745,AMZ_3PL_20260409_025
BUILDING_AND_HARDWARE,Medicine Cabinets and Mirrors,B0FVS4VMTS,"Keonjinn Small Medicine Cabinet Mirror 14"" x 18"", Assembly Needed, Brushed Nickel Medicine Cabinet with Mirror, Beveled Framed, Stepless Adjustable Shelf, One Shelf Only, Wall-Mounted or Recessed",1,111.79,111.79,Home Improvement,Home Improvement,Plumbing Fixtures,,LPNNA6GQY1NY1,,Keonjinn,USED_GOOD,LIQ:3PL:PALLET:LNRM:PAL-69699,AMZ_3PL_20260409_025
BUILDING_AND_HARDWARE,Home Improvement,B0BG6WTNW8,"Undermount Concealed Soft Close Drawer Slides 15inch,6 Pairs Full Extension Drawer Glides Runners with Locking Device and Rear Mounting Brackets",1,111.79,111.79,Home Improvement,Home Improvement,Home Improvement,,LPNNA6RKTV9M4,,Sinkgo Home,USED_GOOD,LIQ:3PL:PALLET:LNRM:PAL-69742,AMZ_3PL_20260409_025
BUILDING_AND_HARDWARE,Home Improvement,B0CJR4H3WK,Hchunqjor Coastal Large Woven Pendant Light Fixture 17.8 inch One-Light Adjustable Natural Hemp Rope Cage Pendant Lighting for Kitchen Island Dining Room Living Room Farmhouse,1,111.77,111.77,Home Improvement,Home Improvement,Home Improvement,,LPNNA6ZFWH7GG,,Hchunqjor,USED_GOOD,LIQ:3PL:PALLET:LNRM:PAL-69661,AMZ_3PL_20260409_025
BUILDING_AND_HARDWARE,Interior Lights,B0FS1RZW8J,"ELYCCUPA 9” Chrome Seeded Glass Pendant Light Modern 1 Light Single Dome Pendent Lighting Fixtures for Kitchen Island Dining Room Hallway, UL Listed",1,111.14,111.14,Home Improvement,Home Improvement,Lighting & Fans,,LPNNA6KPYVVKS,,ELYCCUPA,USED_GOOD,LIQ:3PL:PALLET:LNRM:PAL-69648,AMZ_3PL_20260409_025
BUILDING_AND_HARDWARE,Interior Lights,B0FS1RZW8J,"ELYCCUPA 9” Chrome Seeded Glass Pendant Light Modern 1 Light Single Dome Pendent Lighting Fixtures for Kitchen Island Dining Room Hallway, UL Listed",1,111.14,111.14,Home Improvement,Home Improvement,Lighting & Fans,,LPNNA6F69XX8Z,,ELYCCUPA,USED_GOOD,LIQ:3PL:PALLET:LNRM:PAL-69648,AMZ_3PL_20260409_025
BUILDING_AND_HARDWARE,Outdoor & Landscape Lighting,B0F4WY26TV,"Saker Portable Camping Light with Stand 73inch 20000mAh Rechargeable LED Work Lights 3200 Lumen 4000/6500K Emergency Lights for Camping, Garage, Outdoor Work, Power Outages, Fishing LD18",1,110.49,110.49,Home Improvement,Home Improvement,Lighting & Fans,,LPNNA6XSL9Q2M,,Saker,USED_GOOD,LIQ:3PL:PALLET:LNRM:PAL-69519,AMZ_3PL_20260409_025
MIXED_BUILDING_AND_INDUSTRIAL,BISS,B0CBT8KMWX,"Wesiti 4 Pcs Stainless Steel Stanchion Post 2 Pcs 5 ft Velvet Rope Carpet Ropes and Poles Stanchions and Velvet Ropes Crowd Control Barriers Rope Safety Barriers for Party Theater (Silver, Black)",1,110.49,110.49,Home Improvement,BISS,BISS,,LPNNA65WDYLGC,,Wesiti,USED_GOOD,LIQ:3PL:PALLET:LNRM:PAL-69739,AMZ_3PL_20260409_025
BUILDING_AND_HARDWARE,"Cabinet, Track & Accent Lighting",B0G489QVNV,"Lichaser RGB Black Smart Recessed Lighting for Acoustic Panel, 6 Pcs WiFi LED Strip Light for Wood Slat Wall Panel Compatible with Alexa, Self-Adhesive Smart LED for Slat Wall (2*24+2*16+2*13 in)",1,110.49,110.49,Home Improvement,Home Improvement,Lighting & Fans,,LPNNA65F9JS1F,,Lichaser,USED_GOOD,LIQ:3PL:PALLET:LNRM:PAL-69131,AMZ_3PL_20260409_025
BUILDING_AND_HARDWARE,Home Improvement,B0BTS2VT5M,6699 Tankless Water Heater Flushing Kit Includes 1/4HP Submersible Sump Pump with Two Adapters & 3 Gallons Pail with Bucket Lid Opener & Two 1/2” Dia X 6’ PVC Hoses with Washers,1,109.17,109.17,Home Improvement,Home Improvement,Home Improvement,,LPNNA6WH1MM16,,6699,USED_GOOD,LIQ:3PL:PALLET:LNRM:PAL-69856,AMZ_3PL_20260409_025
BUILDING_AND_HARDWARE,Home Improvement,B0G3PV73BX,Thyle 3ft Large Ramadan Decoration for Home Islamic Crescent Ramadan Moon Lamp Decor LED Light up Moon Eid Mubarak Decoration Light for Bedroom Living Room Lamp Battery Operated Eid Muslims Gift White,1,107.89,107.89,Home Improvement,Home Improvement,Home Improvement,,LPNNA6K4JL2FW,,Thyle,USED_GOOD,LIQ:3PL:PALLET:LNRM:PAL-69638,AMZ_3PL_20260409_025
BUILDING_AND_HARDWARE,Home Improvement,B0D33K6LJB,"YJINGRUI Hydraulic Buffer Cabinet Door Hinge, Lift and Up Hinges, Vertical Lift Cabinet Door Hinge, 19.69-31.49in, Sturdy Silent and Adjustable",1,107.43,107.43,Home Improvement,Home Improvement,Home Improvement,,LPNNA628K4ZQ3,,YJINGRUI,USED_GOOD,LIQ:3PL:PALLET:LNRM:PAL-69532,AMZ_3PL_20260409_025
MIXED_BUILDING_AND_INDUSTRIAL,Carts & Trucks,B0FP4W26Y5,Zolpoyia 3 in 1 Folding Hand Truck Dolly Cart with Wheels Foldable Utility Cart Aluminum Trolley Cart 600lbs Capacity Convertible Dolly for Moving Furniture Shopping for Garden Home Office Warehouse,1,103.99,103.99,Home Improvement,BISS,Material Handling,0762849740775,LPNNA6W6ZG4QY,762849740775,Zolpoyia,USED_GOOD,LIQ:3PL:PALLET:LNRM:PAL-69532,AMZ_3PL_20260409_025
BUILDING_AND_HARDWARE,Toilet Seats and Bidet Seats,B0FX4JDJXQ,"Clirass Bidet Toilet Seat, Soft Close Toilet Seat, Button control Feminine/Posterior Wash Switch, Knob Control Water Pressure,White Bidet Seat Attachment with Brass inlet (Elongated-D)",1,103.99,103.99,Home Improvement,Home Improvement,Plumbing Fixtures,,LPNNA676XR6WT,,Clirass,USED_GOOD,LIQ:3PL:PALLET:LNRM:PAL-69729,AMZ_3PL_20260409_025
BUILDING_AND_HARDWARE,Raw Building Materials,B0G34Q4HBC,"Vinyl Wall Base Baseboard Molding Trim, Peel-and-Stick Flexible Self-Adhesive Rubber Wall Base Trim, Vinyl Baseboards, Suitable for Garage Floors and Walls, Bathroom Cabinets, 4 Inch x 100 Feet, White",1,103.99,103.99,Home Improvement,Home Improvement,Building Materials & Ladders,,LPNNA6W4FNXRK,,OLenyer,USED_GOOD,LIQ:3PL:PALLET:LNRM:PAL-69699,AMZ_3PL_20260409_025
BUILDING_AND_HARDWARE,Bath & Vanity Lighting,B0CP7N2LCB,"MIAOMEIO 16 inch Flush Mount Ceiling Light, 3-Light Close to Ceiling Light Fixtures with Oil Rubbed Bronze Finish for Livingroom Bedroom Kitchen Diningroom(Oil Rubbed Bronze)",1,103.99,103.99,Home Improvement,Home Improvement,Lighting & Fans,,LPNNA6FQ9BHM9,,MIAOMEIO,USED_GOOD,LIQ:3PL:PALLET:LNRM:PAL-68867,AMZ_3PL_20260409_025
BUILDING_AND_HARDWARE,Interior Lights,B0CP9P3Q9B,"Becailyer Modern LED Linear Ceiling Lights, Dimmable LED Ceiling Lamp with Remote Control, 31.4"" Metal Flush Mount Ceiling Lighting Fixtures for Living Room Kitchen Dining Room Hallway, White",1,103.99,103.99,Home Improvement,Home Improvement,Lighting & Fans,,LPNNA655CCND4,,Becailyer,USED_GOOD,LIQ:3PL:PALLET:LNRM:PAL-68861,AMZ_3PL_20260409_025
BUILDING_AND_HARDWARE,Home Improvement,B0BG81P5M5,48'' x 50' 1inch Hardware Cloth 16 Gauge Black Vinyl Coated Welded Fence Mesh for Home and Garden Fence and Home Improvement Project,1,103.99,103.99,Home Improvement,Home Improvement,Home Improvement,0772467618899,LPNNA6CJKJTY3,772467618899,forimo,USED_GOOD,LIQ:3PL:PALLET:LNRM:PAL-69849,AMZ_3PL_20260409_025
MIXED_BUILDING_AND_INDUSTRIAL,Bedroom Aids & Accessories,B0FFZ9GHDZ,"Bed Rails for Elderly Adults Safety, Folding Assist Seniors Handle Bedside Railings, Side Cane Hospital Guard Rails, Medical Half Bed Hand Rail, Handicap Bars for King Queen Size Bed Fall Prevention",1,103.87,103.87,Home Improvement,BISS,Professional Medical,6922267331106,LPNNA6MFYHGWT,,NEAUDE,USED_GOOD,LIQ:3PL:PALLET:LNRM:PAL-69638,AMZ_3PL_20260409_025
BUILDING_AND_HARDWARE,Windows,B0F9YJ8CXX,"Tonature No Drill Cellular Shades for Indoor Windows, Thermal Insulating & Noise Reducing Honeycomb Blinds, Free Stop Cordless Blackout Shades, White,34"" W x 80"" H",1,102.69,102.69,Home Improvement,Home Improvement,Building Materials & Ladders,,LPNNK5DZ654L7,,Tonature,USED_GOOD,LIQ:3PL:PALLET:LNRM:PAL-69519,AMZ_3PL_20260409_025
BUILDING_AND_HARDWARE,Water Purification,B0CGTGNPHX,VIVOHOME Water Distiller Countertop 1.1 Gallon/4L 304 Stainless Steel Distilled Water Machine with Smart Switch Purifier Filter for Home Office,1,103.99,103.99,Home Improvement,Home Improvement,Rough Plumbing,,LPNNA65DK7RKN,,VIVOHOME,USED_GOOD,LIQ:3PL:PALLET:LNRM:PAL-68861,AMZ_3PL_20260409_025
BUILDING_AND_HARDWARE,Home Improvement,B0D3QNPL5K,Tobinice 6 Pair of 18 Inch Soft Close Undermount Bottom Mount Drawer Slides 100lb Load Capacity Full Extension Concealed Drawer Glides Rails,1,103.99,103.99,Home Improvement,Home Improvement,Home Improvement,,LPNNA6JZZWHPQ,,Tobinice,USED_GOOD,LIQ:3PL:PALLET:LNRM:PAL-69856,AMZ_3PL_20260409_025
BUILDING_AND_HARDWARE,Miscellaneous,B0D4QKZYKF,"HEONITURE 16 Inch Metal Bench Legs,Backrest Bracket Set of 2,Ideal for DIY Projects with Butcher Block Countertops and Wood Slab Benches Indoor/Outdoor (Black, 16"" x 17.7"")",1,103.60,103.60,Home Improvement,Home Improvement,Other,,LPNNA6TJPBC3Y,,HEONITURE,USED_GOOD,LIQ:3PL:PALLET:LNRM:PAL-69729,AMZ_3PL_20260409_025
BUILDING_AND_HARDWARE,Home Improvement,B0DK1KY3QM,AIJIASI Brushed Nickel Vanity Light for Bathroom - 24 Inch Bathroom Lighting Fixtures Over Mirror 18W 3000K LED Vanity Lights Bar Modern Vanity Light Wall Mount,1,101.39,101.39,Home Improvement,Home Improvement,Home Improvement,,LPNNA656XX93L,,AIJIASI,USED_GOOD,LIQ:3PL:PALLET:LNRM:PAL-68868,AMZ_3PL_20260409_025
BUILDING_AND_HARDWARE,Home Improvement,B0CG1NKCC6,"VIVOSUN Outdoor Handrail, 3 Step Stair Handrail, 40"" x 36"" Fits 1 to 3 Steps, Wrought Mattle Iron Stair Railing with Curved Ends and Balusters for Concrete Steps, Porch Steps, One-Step Assembly, Black",1,100.09,100.09,Home Improvement,Home Improvement,Home Improvement,,LPNNA6416RXMN,,VIVOSUN,USED_GOOD,LIQ:3PL:PALLET:LNRM:PAL-69644,AMZ_3PL_20260409_025
BUILDING_AND_HARDWARE,Ceiling Fans & Ventilation,B0F6SHRTD3,"AHAWILL Low Profile Ceiling Fan with Light,19.29in Bladeless Ceiling Fan with Remote Control,Enclosed Flush Mount Fandelier,6 Wind Speed,Dimmable LED Lights,White,for Bedroom Dining Room",1,155.99,155.99,Home Improvement,Home Improvement,Lighting & Fans,,LPNNA672VLHXQ,,AHAWILL,USED_GOOD,LIQ:3PL:PALLET:LNRM:PAL-69745,AMZ_3PL_20260409_025
BUILDING_AND_HARDWARE,Home Improvement,B0F23KHYYK,"4FT Solid Wood Stair Handrail for Indoor Stairs, Outdoors Stair Railings, Sturdy Wall Mounted Non-Slip Safety Design, Elderly-Friendly & Child-Safe, with Banister Hardware and Brackets",1,101.40,101.40,Home Improvement,Home Improvement,Home Improvement,,LPNNA6C53C3MZ,,ACQUAN,USED_GOOD,LIQ:3PL:PALLET:LNRM:PAL-69131,AMZ_3PL_20260409_025
MIXED_BUILDING_AND_INDUSTRIAL,Material Handling Other,B0DK2PMNQB,"Kinchoix 50 Pack 32"" Aluminum Deck Balusters Round Black Deck Railing Stair Porch Staircase Spindles 3/4"" Diameter Balusters Outdoor",1,101.39,101.39,Home Improvement,BISS,Material Handling,,LPNNA6GYVJFZW,,Kinchoix,USED_GOOD,LIQ:3PL:PALLET:LNRM:PAL-69302,AMZ_3PL_20260409_025
BUILDING_AND_HARDWARE,Home Improvement,B0CBG1M7MB,18x18 Inch (Duct Opening) Aluminum 4-Way Air Flow Vent – HVAC Vent Cover for Wall or Ceiling – Quiet HVAC Wall Register with Multi-Shutter Damper – Adjustable Curved Blade - Plastic Seal for Tight Fit,1,100.74,100.74,Home Improvement,Home Improvement,Home Improvement,7708881361502,LPNNA6SVY9DYD,,ACLAMINAIRE,USED_GOOD,LIQ:3PL:PALLET:LNRM:PAL-69644,AMZ_3PL_20260409_025
BUILDING_AND_HARDWARE,Home Improvement,B0F36X3715,"Emak Black and Gold Pendant Lights Kitchen Island, 8 Inch Pendant Light Fixtures with Clear Glass Shade, Modern Farmhouse Island Lights for Kitchen, Dining Room, Bathroom, PL125-BKBGD-CG",1,100.09,100.09,Home Improvement,Home Improvement,Home Improvement,,LPNNA6KHBTVT7,,Emak,USED_GOOD,LIQ:3PL:PALLET:LNRM:PAL-69532,AMZ_3PL_20260409_025
BUILDING_AND_HARDWARE,Home Improvement,B0DBHRB66H,"AIJIASI Bathroom Vanity Light, 4-Light Brushed Nickel Vanity Lights, 30.7 Inch Modern Bathroom Light Fixtures with Milky White Glass Globe Shade, Vanity Lighting Fixtures Over Mirror Wall Sconce",1,154.69,154.69,Home Improvement,Home Improvement,Home Improvement,,LPNNA6LFVH15X,,AIJIASI,USED_GOOD,LIQ:3PL:PALLET:LNRM:PAL-68861,AMZ_3PL_20260409_025
BUILDING_AND_HARDWARE,Home Improvement,B0DZGNWQ5C,"39"" Wooden Linear Pendant Light LED Pendant Lights Dimmable Pool Table Island Lights Modern Linear Chandeliers for Dining Room Kitchen Ceiling Pendant Lamp for Kitchen Island Billiard Room Natural",1,154.04,154.04,Home Improvement,Home Improvement,Home Improvement,,LPNNA6JDN3FNQ,,QJCMUUYI,USED_GOOD,LIQ:3PL:PALLET:LNRM:PAL-69685,AMZ_3PL_20260409_025
BUILDING_AND_HARDWARE,Home Improvement,B0FBVL6CCS,2pcs Floating Shelf Bracket Heavy Duty Floating Mantel Bracket Black Metal Decorative Floating Shelf Hardware Hidden Shelving Mounting Brackets (43″X6″X1″),1,153.39,153.39,Home Improvement,Home Improvement,Home Improvement,,LPNNA6WNP847T,,Crafterspirit,USED_GOOD,LIQ:3PL:PALLET:LNRM:PAL-69644,AMZ_3PL_20260409_025
BUILDING_AND_HARDWARE,Home Improvement,B0C9CWYG2T,"Tawson Alice 5-Light Chandelier Pendant Ceiling Light, Integrated Led and Bubble Glass, for Kitchen Island, Hallway, Entryway, Passway, Dining Room, Bedroom, Balcony Living Room",1,149.72,149.72,Home Improvement,Home Improvement,Home Improvement,4711061810786,LPNNA68FYZRZ3,,Tawson,USED_GOOD,LIQ:3PL:PALLET:LNRM:PAL-69399,AMZ_3PL_20260409_025
BUILDING_AND_HARDWARE,Windows,B0FJD4Y36L,"MANSNIX Smart Motorized Blinds with Remote, Cordless No-Drill Automatic Roller Shades, Blackout Electric Blind for Windows, Linen Stone, 46 x 72",1,149.49,149.49,Home Improvement,Home Improvement,Building Materials & Ladders,,LPNNA6QHJJ3CD,,MANSNIX,USED_GOOD,LIQ:3PL:PALLET:LNRM:PAL-69699,AMZ_3PL_20260409_025
BUILDING_AND_HARDWARE,Garage Door Openers & Accessories,B0C2VDXCZH,"Pair of 2"" Garage Door Torsion Springs Set with Non-Slip Winding Bars&Gloves, High Quality Precision Electrophoresis Oil-Free Black Coated for Replacement, MIN 16,000 Cycles (0.273x2''x36'')",1,149.16,149.16,Home Improvement,Home Improvement,Hardware,,LPNNA6QL998R2,,KaiMinDogz,USED_GOOD,LIQ:3PL:PALLET:LNRM:PAL-69131,AMZ_3PL_20260409_025
BUILDING_AND_HARDWARE,Home Improvement,B0D9F4H6H4,"DIYHD 34"" Concealed Sliding Barn Door Hardware with Soft Close Mechanism,No Floor Track,Fit MIN Openning Width 28""",1,145.60,145.60,Home Improvement,Home Improvement,Home Improvement,,LPNNA6F3L4SQQ,,DIYHD,USED_GOOD,LIQ:3PL:PALLET:LNRM:PAL-69302,AMZ_3PL_20260409_025
BUILDING_AND_HARDWARE,Vanities,B0F7M3GJVD,"Wall Mount Rectangular Vessel Sink with Towel Rack, QISHKA 21.5""x12.5"" Modern Ceramic Bathroom Floating Sink, White Rectangle Vanity Sink with Overflow, Wall Hung Wash Hand Basin",1,142.99,142.99,Home Improvement,Home Improvement,Plumbing Fixtures,,LPNNA6C6V8L6P,,QISHKA,USED_GOOD,LIQ:3PL:PALLET:LNRM:PAL-69302,AMZ_3PL_20260409_025
BUILDING_AND_HARDWARE,Home Improvement,B0F28H53NV,"Art3d Premade Bilinear Frame Accent Molding Set, Pre-Cut Decorative Wainscoting Panel for Home Décor, Ready-to-Assemble Glue-On Wall Trim for Living Room Bedroom Corridor, 6 Separate Bilinear Frame",1,142.99,142.99,Home Improvement,Home Improvement,Home Improvement,6941197854141,LPNNA6V7MYYWC,,Art3d,USED_GOOD,LIQ:3PL:PALLET:LNRM:PAL-69302,AMZ_3PL_20260409_025
BUILDING_AND_HARDWARE,Chandeliers,B08H1XN5GS,SZXYKEJI 8 Light Chandelier Pendant Lighting Black with Glass Globes Classic Vintage Sputnik Ceiling Light Fixture for Kitchen Living Room Dining Room Bedroom Farmhouse..,1,142.99,142.99,Home Improvement,Home Improvement,Lighting & Fans,0791590173471,LPNNA65HJKYGP,791590173471,SZXYKEJI,USED_GOOD,LIQ:3PL:PALLET:LNRM:PAL-69661,AMZ_3PL_20260409_025
MIXED_BUILDING_AND_INDUSTRIAL,Janitorial Equipment,B0GQ3ZDBYJ,"TONYINGO 30 FT Reach Solar Panel Cleaning Brush Kit with 5-24 FT Telescopic Extension Pole, Water Fed Pole with Dual Action Flip-Lock & Screw Fixing Design, Ideal for Snow Removal, Windows, Boats, RVs",1,142.99,142.99,Home Improvement,BISS,Janitorial & Sanitation,0750872343025,LPNNK5X51R5PG,750872343025,TONYINGO,USED_GOOD,LIQ:3PL:PALLET:LNRM:PAL-69638,AMZ_3PL_20260409_025
BUILDING_AND_HARDWARE,Home Improvement,B0CPHRK46Y,"dearnow 42"" Ceiling Fans with Lights with Remote Control, Indoor Outdoor Wooden Ceiling Fan with 3 Wooden Blades for Patio, Living Room, Dining Room, Farmhouse and More. (White + Log Color)…",1,141.70,141.70,Home Improvement,Home Improvement,Home Improvement,,LPNNA6JG298KJ,,dearnow,USED_GOOD,LIQ:3PL:PALLET:LNRM:PAL-69302,AMZ_3PL_20260409_025
BUILDING_AND_HARDWARE,Home Improvement,B0BFPW79LS,"Gratury Junction Box, IP67 Waterproof Plastic Enclosure for Electrical Project, Hinged Grey Cover, Includes Mounting Plate and Wall Bracket 510×410×200mm (20""×16.1""×7.9"")",1,141.56,141.56,Home Improvement,Home Improvement,Home Improvement,0772467660287,LPNNA6WL9RFLH,772467660287,Gratury,USED_GOOD,LIQ:3PL:PALLET:LNRM:PAL-69131,AMZ_3PL_20260409_025
BUILDING_AND_HARDWARE,Home Improvement,B0GD25F291,"Littleglovo 15.7"" Modern Flush Mount LED Chandelier for Dining Room, Dimmable Natural Wood Petal Energy Chandeliers Ceiling Light for Entryway Bedroom Foyer Kitchen Living Room Bathroom",1,141.54,141.54,Home Improvement,Home Improvement,Home Improvement,,LPNNA66HGSS5S,,Littleglovo,USED_GOOD,LIQ:3PL:PALLET:LNRM:PAL-68867,AMZ_3PL_20260409_025
BUILDING_AND_HARDWARE,Home Improvement,B0CJ5JMDH2,"Focolux Farmhouse Bamboo Pendant Light Fixtures, Bird's Nest Shape Rattan Chandelier for Kitchen Island, Adjustable Ceiling Mount Hanging Lamp for Living Room, Dining Room, Bedroom, Entryway Decor",1,139.09,139.09,Home Improvement,Home Improvement,Home Improvement,0762715348562,LPNNA65CF4DMW,762715348562,Focolux,USED_GOOD,LIQ:3PL:PALLET:LNRM:PAL-69699,AMZ_3PL_20260409_025
BUILDING_AND_HARDWARE,Rough Electrical,B092QL1745,"QILIPSU Waterproof Junction Box IP67 Outdoor Plastic Electrical Project Enclosure Weatherproof with Mounting Plate, Wall Brackets, Hinged Grey Cover 20""x16.1""x7.9""",1,137.44,137.44,Home Improvement,Home Improvement,Electrical & Heating,0791778467996,LPNNA6B14YWCD,791778467996,QILIPSU,USED_GOOD,LIQ:3PL:PALLET:LNRM:PAL-69648,AMZ_3PL_20260409_025
BUILDING_AND_HARDWARE,Home Improvement,B0BQ6SLQRL,"AIJIASI Gold Bathroom Wall Sconces Set of 2: 18 Inch Modern Sconces Wall Lighting 18W LED Dimmable Wall Light with Acrylic Lampshade, Brushed Gold Sconces for Bedroom Living Room Hallway (Hardwired)",1,132.56,132.56,Home Improvement,Home Improvement,Home Improvement,,LPNNA623RVSPV,,AIJIASI,USED_GOOD,LIQ:3PL:PALLET:LNRM:PAL-69739,AMZ_3PL_20260409_025
BUILDING_AND_HARDWARE,Home Improvement,B0CM913F71,"Breezary 52 inch 5 Blade Ceiling Fans without Light Remote Control, Quiet Reversible DC Motor, 5 Black Blades, 6-Speed, Industrial Ceiling Fan for Home Kitchen (Black)",1,130.65,130.65,Home Improvement,Home Improvement,Home Improvement,,LPNNA6HRDJSQ5,,Breezary,USED_GOOD,LIQ:3PL:PALLET:LNRM:PAL-69399,AMZ_3PL_20260409_025
BUILDING_AND_HARDWARE,Step Ladders,B09PN7B9SJ,Telescopic Ladder 14.5FT/4.4M Aluminum Collapsible Retractable Portable Extension Ladder for Household or Outdoor Work 330lbs Capacity,1,130.48,130.48,Home Improvement,Home Improvement,Building Materials & Ladders,6903036232145,LPNNA627R1JPB,,TINVHY,USED_GOOD,LIQ:3PL:PALLET:LNRM:PAL-69699,AMZ_3PL_20260409_025
BUILDING_AND_HARDWARE,Home Improvement,B0BVYRVTRT,"EDISHINE Dimmable Mid Century Modern Floor Lamp with Remote, Tall Arc Standing Lamps with Adjustable Drum Shade, Standing Corner Light for Living Room, Bedroom, Dining Room, Bronze",1,129.99,129.99,Home Improvement,Home Improvement,Home Improvement,,LPNNA653TF1GC,,EDISHINE,USED_GOOD,LIQ:3PL:PALLET:LNRM:PAL-69131,AMZ_3PL_20260409_025
BUILDING_AND_HARDWARE,Home Improvement,B0C36VGHN3,"18” Low Profile Boho Nylon Cage Ceiling Fans with Lights and Remote, Black Flush Mount Ceiling Fan, Small Farmhouse Ceiling Fan Lamp Lighting Fixture for Bedroom, Reversible(Bulbs not included)",1,129.99,129.99,Home Improvement,Home Improvement,Home Improvement,,LPNNA64Z8W4BL,,SHIHOT,USED_GOOD,LIQ:3PL:PALLET:LNRM:PAL-69724,AMZ_3PL_20260409_025
BUILDING_AND_HARDWARE,Home Improvement,B0D89MKG9L,"zeyu 3-Light 15W LED Vanity Light with Crystal Bubble, 20.5 Inch Bathroom Vanity Light Fixtures with 5 Colors Modes, Oil Rubbed Bronze Finish with Clear Glass, ZSL72B-3W LED ORB-1",1,129.99,129.99,Home Improvement,Home Improvement,Home Improvement,,LPNNA62CG19F9,,zeyu,USED_GOOD,LIQ:3PL:PALLET:LNRM:PAL-68867,AMZ_3PL_20260409_025
BUILDING_AND_HARDWARE,Tub and Shower Faucets and Accessories,B0G6W9NGTK,Sliding Shower Chair with Arms and Back 2,1,129.99,129.99,Home Improvement,Home Improvement,Plumbing Fixtures,,LPNNA6B1558XQ,,Lamorland,USED_GOOD,LIQ:3PL:PALLET:LNRM:PAL-68861,AMZ_3PL_20260409_025
BUILDING_AND_HARDWARE,Home Improvement,B0CKR5PWYP,"XSDeTu Industrial Semi Flush Mount Ceiling Light, 6 Light Modern Metal Close to Ceiling Light Fixture, Farmhouse Light Fixtures Ceiling Mount, Black Chandelier for Kitchen, Dining Room, Hallway",1,129.78,129.78,Home Improvement,Home Improvement,Home Improvement,,LPNNA6XXFVJ2H,,XSDeTu,USED_GOOD,LIQ:3PL:PALLET:LNRM:PAL-69669,AMZ_3PL_20260409_025
BUILDING_AND_HARDWARE,Interior Lights,B0FX25XSSZ,Zobawlks Pendant Lights Kitchen Island: Mid-Century Modern Hanging Light Fixture Entryway - Glass Pendant Lamp Dining Room (Golden Rod),1,128.69,128.69,Home Improvement,Home Improvement,Lighting & Fans,,LPNNA6SRCG64C,,Zobawlks,USED_GOOD,LIQ:3PL:PALLET:LNRM:PAL-69648,AMZ_3PL_20260409_025
MIXED_BUILDING_AND_INDUSTRIAL,Compressed Air Dryers,B0F387DQC2,"welnek 1800W Bathroom Exhaust Fan with Light and Heater, 110 CFM 4-in-1 Ceiling Vent Fan, 1.0 Sone Quiet Operation, 11.2” x 11.2” Ceiling Cutout, 13.8” Grille, 6500K LED Light, Metal Housing",1,126.71,126.71,Home Improvement,BISS,Flow Control & Filtration,,LPNNA6W2WP6HC,,welnek,USED_GOOD,LIQ:3PL:PALLET:LNRM:PAL-68867,AMZ_3PL_20260409_025
BUILDING_AND_HARDWARE,Carpet & Rugs,B0BY2BGBBF,"KASZOO 24 Pack 20""x20"" Grass Wall Panels - Artificial Boxwood Panels for Greenery Wall Backdrop, Faux Greenery for Indoor Outdoor Decor, Garden Fence, Wedding, Privacy Screen, 66 Sq. Ft. Coverage",1,126.70,126.70,Home Improvement,Home Improvement,Flooring,,LPNNA6BZW2N78,,KASZOO,USED_GOOD,LIQ:3PL:PALLET:LNRM:PAL-68861,AMZ_3PL_20260409_025
BUILDING_AND_HARDWARE,Home Improvement,B0D4HKYLRN,6 Pair of 18 Inch Undermount Soft Close Drawer Slides 100LB Load Capacity Full Extension Concealed Drawer Rails with 3D Locking Device,1,124.79,124.79,Home Improvement,Home Improvement,Home Improvement,,LPNNA6YNLJ76J,,Betesy Hardware,USED_GOOD,LIQ:3PL:PALLET:LNRM:PAL-69302,AMZ_3PL_20260409_025
MIXED_BUILDING_AND_INDUSTRIAL,Thermometers,B0D48BPMDC,"Nuvium Threshold Ramp for Doorways, Adjustable Height 2.6""-6"" Aluminum Wheelchair Ramp with Heightening Screws and Swivel Angle Leg, 1100lbs Load Capacity, 22”x36 Curb Ramp for Trolley,Power Chairs",1,124.79,124.79,Home Improvement,BISS,Professional Medical,,LPNNA6WH1JQQW,,Nuvium,USED_GOOD,LIQ:3PL:PALLET:LNRM:PAL-69729,AMZ_3PL_20260409_025
BUILDING_AND_HARDWARE,Outdoor & Landscape Lighting,B0FXRB81RR,"tewei 23.6'' Dusk to Dawn Outdoor Wall Lights, Modern Black LED Outdoor Wall Sconce, Large Long Exterior Lighting Fixtures Outside Porch Lights for House, Garage, Warm White 3000K, 2 Pack",1,123.75,123.75,Home Improvement,Home Improvement,Lighting & Fans,,LPNNA63DQVDR3,,tewei,USED_GOOD,LIQ:3PL:PALLET:LNRM:PAL-69685,AMZ_3PL_20260409_025
BUILDING_AND_HARDWARE,Home Improvement,B0G2VPTP9G,"MASSLUNT Galvanized Steel Drain Grate 40x12 in, B-Class 28100 lbs Heavy-Duty Driveway Channel Cover, Outdoor Trench Drainage Grate, Silver Rectangular Metal Sewer Cover for Garage (39.4x11.8)",1,123.49,123.49,Home Improvement,Home Improvement,Home Improvement,,LPNNA6ZNMDW9N,,masslunt,USED_GOOD,LIQ:3PL:PALLET:LNRM:PAL-69644,AMZ_3PL_20260409_025
BUILDING_AND_HARDWARE,Windows,B0G3TYV734,"Tonature No Drill Cellular Shades for Indoor Windows, Thermal Insulating & Noise Reducing Honeycomb Blinds, Free Stop Cordless Blackout Shades, Grey,49 1/2"" W x 64"" H",1,120.89,120.89,Home Improvement,Home Improvement,Building Materials & Ladders,,LPNNA6BXHWD4M,,Tonature,USED_GOOD,LIQ:3PL:PALLET:LNRM:PAL-69302,AMZ_3PL_20260409_025
BUILDING_AND_HARDWARE,Home Improvement,B0DK4LNT1V,"3.3 Cuft Large Fireproof Safe for Home, Home Safety Box Fireproof Waterproof with Electronic Keypad and Spare Keys, Anti-theft Digital Security Safe for Money Firearm Medicine Valuables",1,120.89,120.89,Home Improvement,Home Improvement,Home Improvement,,LPNNA6Y56QSKT,,VIDXCVIT,USED_GOOD,LIQ:3PL:PALLET:LNRM:PAL-69399,AMZ_3PL_20260409_025
BUILDING_AND_HARDWARE,Water Purification,B07JNL4QFS,Geekpure 20 Inch Carbon Block Water Filter Reduce Chlorine Taste Odors for Whole House Filtration- 4.5 Inch x 20 Inch -5 Micron-Pack of 4,1,118.53,118.53,Home Improvement,Home Improvement,Rough Plumbing,0610895384811,LPNNA63YQBTZP,610895384811,Geekpure,USED_GOOD,LIQ:3PL:PALLET:LNRM:PAL-68867,AMZ_3PL_20260409_025
BUILDING_AND_HARDWARE,Chandeliers,B0G521QWKY,"ACNKTZ 12.6'' Brushed Nickel Drum Chandelier, 3-Lights Hanging Dining Room Light Fixtures Over Table, Simple Round Pendant Lighting for Kitchen Island Hallway Bedroom Foyer Bathroom Office",1,116.99,116.99,Home Improvement,Home Improvement,Lighting & Fans,,LPNNA6LDN1LJQ,,ACNKTZ,USED_GOOD,LIQ:3PL:PALLET:LNRM:PAL-69172,AMZ_3PL_20260409_025
BUILDING_AND_HARDWARE,Home Improvement,B08L9F6KZM,"HLBLFY 20 Inch Matte Black Vessel Sink Rectangular, 20x14 Inch Bathroom Sink Above Counter Porcelain Ceramic Countertop Hand Wash Vessel Vanity Sink Art Basin",1,116.99,116.99,Home Improvement,Home Improvement,Home Improvement,,LPNNA6F9C9ZFC,,HLBLFY,USED_GOOD,LIQ:3PL:PALLET:LNRM:PAL-69399,AMZ_3PL_20260409_025
MIXED_BUILDING_AND_INDUSTRIAL,Plastics,B0FH6MZ42M,"Art3d Wainscoting Wall Panel Kit, 37.8"" Tall Beadboard Panels for Walls, Polystyrene Board and Batten Wall Panel Kit, Easy DIY Decorative Trim for Living Room, Kitchen, Bedroom – Covers 31 Sq.Ft",1,116.99,116.99,Home Improvement,BISS,Raw Materials,6941197859719,LPNNA6VXGBZMV,,Art3d,USED_GOOD,LIQ:3PL:PALLET:LNRM:PAL-69372,AMZ_3PL_20260409_025
BUILDING_AND_HARDWARE,Home Improvement,B0DD7KV8QV,BvenuBigLite Outdoor Ceiling Fan with Light: 52 Inch 3 Blade Outdoor Fans for Patios - Modern Walnut Ceiling Fan with Dimmable Light Remote Control Ultra Quiet Reversible DC Motor Timer,1,116.99,116.99,Home Improvement,Home Improvement,Home Improvement,,LPNNA626ZK1FC,,BvenuBigLite,USED_GOOD,LIQ:3PL:PALLET:LNRM:PAL-69739,AMZ_3PL_20260409_025
BUILDING_AND_HARDWARE,Outdoor & Landscape Lighting,B0BM8Z7BBB,"1Pack Decorative Lantern 24.80"" H with Dancing Flame LED Timer Candle,ON/Off/Timer LED Candle with 6hours,Hanging Lantern for Outdoor Garden/Indoor Use.",1,116.99,116.99,Home Improvement,Home Improvement,Lighting & Fans,,LPNNA6HCFYTM5,,Kytystenes,USED_GOOD,LIQ:3PL:PALLET:LNRM:PAL-69661,AMZ_3PL_20260409_025
BUILDING_AND_HARDWARE,Ceiling Fans & Ventilation,B0DRS3DPBL,"LANMEL 52'' Ceiling Fan with Lights and Remote, Low Profile Modern Ceiling Fan Gold, 6 Speed, Reversible, 3000k-6000k LED, Quiet DC Motor Ceiling Fans for Indoor Outdoor Bedroom Living Room",1,116.99,116.99,Home Improvement,Home Improvement,Lighting & Fans,,LPNNA6DMF3413,,LANMEL,USED_GOOD,LIQ:3PL:PALLET:LNRM:PAL-69638,AMZ_3PL_20260409_025
BUILDING_AND_HARDWARE,Home Improvement,B0BYYQ6DK6,"Aityvert Solar Lights, 43"" Flickering Flames Torch Lights Outdoor Waterproof Landscape Decoration Lighting Dusk to Dawn Auto On/Off Security Flame Lights for Yard Garden Pathway Driveway (8 Pack)",1,116.99,116.99,Home Improvement,Home Improvement,Home Improvement,,LPNNA6HDR62JR,,Aityvert,USED_GOOD,LIQ:3PL:PALLET:LNRM:PAL-69724,AMZ_3PL_20260409_025
BUILDING_AND_HARDWARE,Home Improvement,B0F1332QZC,"Foldable Heavy Duty Push cart, 660 lbs Dolly with Swivel Wheels for Home、Warehouse or Garage - Black",1,115.56,115.56,Home Improvement,Home Improvement,Home Improvement,,LPNNA6ZPSTW7S,,LFGUD,USED_GOOD,LIQ:3PL:PALLET:LNRM:PAL-69849,AMZ_3PL_20260409_025
BUILDING_AND_HARDWARE,Raw Building Materials,B0DQBYYHFK,"Sidasu 10-Pack Iron Balusters – 1/2"" Square Metal Stair Spindles, Hollow Double & Single Knuckle Design with 20 Swivel Shoes, Wrought Iron Staircase Balusters for Indoor & Outdoor Railing",1,110.49,110.49,Home Improvement,Home Improvement,Building Materials & Ladders,8758464781011,LPNNA6SSJFDXP,,Sidasu,USED_GOOD,LIQ:3PL:PALLET:LNRM:PAL-69724,AMZ_3PL_20260409_025
BUILDING_AND_HARDWARE,Resilient Flooring,B0CJ2FJZTC,Drydiet 54 Sqft Uncoupling Membrane for Tile 1/8''(3mm) Thick Waterproofing Membrane Crack Prevention Anti Fracture Flooring Underlayment for Bathroom Shower Kitchen Basement (Orange),1,107.89,107.89,Home Improvement,Home Improvement,Flooring,,LPNNA6N12V9B5,,Drydiet,USED_GOOD,LIQ:3PL:PALLET:LNRM:PAL-68867,AMZ_3PL_20260409_025
MIXED_BUILDING_AND_INDUSTRIAL,Carts & Trucks,B0FP4W26Y5,Zolpoyia 3 in 1 Folding Hand Truck Dolly Cart with Wheels Foldable Utility Cart Aluminum Trolley Cart 600lbs Capacity Convertible Dolly for Moving Furniture Shopping for Garden Home Office Warehouse,1,103.99,103.99,Home Improvement,BISS,Material Handling,0762849740775,LPNNK5H9BJ473,762849740775,Zolpoyia,USED_GOOD,LIQ:3PL:PALLET:LNRM:PAL-69729,AMZ_3PL_20260409_025
MIXED_BUILDING_AND_INDUSTRIAL,Mobility Aids & Equipment,B0FQ59JVFC,"FVZZIN Walkers for Seniors, Foldable Rollator Walker with Seat, 8"" Big Wheels, Lightweight Rollator Walker with Ergonomic Backrest, Adjustable Handles and Seat Height, 310 Lbs Weight Capacity, Red",1,103.99,103.99,Home Improvement,BISS,Professional Medical,,LPNNA6K53FR87,,FVZZIN,USED_GOOD,LIQ:3PL:PALLET:LNRM:PAL-69669,AMZ_3PL_20260409_025
BUILDING_AND_HARDWARE,Home Improvement,B0FMNK41Z5,"Flashine Ceramic Table lamp Set of 2, Modern Bedside Lamps Green Mid Century Vintage Desk Lamp Retro Glass Mushroom Traditional Lamp for Nightstand Living Room Bedroom Home Decor (S03GN-2PACK)",1,103.99,103.99,Home Improvement,Home Improvement,Home Improvement,,LPNNA6JL3LSQ7,,Flashine,USED_GOOD,LIQ:3PL:PALLET:LNRM:PAL-69644,AMZ_3PL_20260409_025
BUILDING_AND_HARDWARE,Home Improvement,B0FF1SNCWJ,"BvenuBigLite Outdoor Ceiling Fan with Light: 52"" Black Hanging Fan for Gazebo Waterproof - Plug In Outdoor Fans for Patio Porch Pergola with APP Remote Control Reversible DC Motor",1,103.99,103.99,Home Improvement,Home Improvement,Home Improvement,,LPNNA6R1864FG,,BvenuBigLite,USED_GOOD,LIQ:3PL:PALLET:LNRM:PAL-68868,AMZ_3PL_20260409_025
BUILDING_AND_HARDWARE,Ceiling Fans & Ventilation,B0FC1YVKBR,"Kviflon Tropical Ceiling Fans with Lights and Remote/APP Control, 45 Inch Low Profile Flush Mount Ceiling Fans, Palm Leaf Ceiling Fan with Light for Bedroom Patios Porch Outdoor, Wood Grain",1,103.99,103.99,Home Improvement,Home Improvement,Lighting & Fans,,LPNNA667VT77B,,Kviflon,USED_GOOD,LIQ:3PL:PALLET:LNRM:PAL-69745,AMZ_3PL_20260409_025
BUILDING_AND_HARDWARE,Home Improvement,B0DBZGRRJS,Bagood 10 Inch Globe Pendant Light Contemporary Globe Pendant Lights Black Mid Century Pendant Light Adjustable Hanging Light Fixture Matte Black Finished with Milk Glass Lampshade for Kitchen Island,1,103.99,103.99,Home Improvement,Home Improvement,Home Improvement,,LPNNK5QQZ6NGF,,Bagood,USED_GOOD,LIQ:3PL:PALLET:LNRM:PAL-69745,AMZ_3PL_20260409_025
BUILDING_AND_HARDWARE,Home Improvement,B0BTNX6YWM,6699 Tankless Water Heater Flushing Kit Includes 1/6HP Submersible Sump Pump with Two Adapters & 3 Gallons Pail with Bucket Lid Opener & Two 1/2” Dia X 6’ PVC Hoses with Washers,1,103.99,103.99,Home Improvement,Home Improvement,Home Improvement,,LPNNA6BTR3TF2,,6699,USED_GOOD,LIQ:3PL:PALLET:LNRM:PAL-68861,AMZ_3PL_20260409_025
BUILDING_AND_HARDWARE,Miscellaneous,B0D4QKZYKF,"HEONITURE 16 Inch Metal Bench Legs,Backrest Bracket Set of 2,Ideal for DIY Projects with Butcher Block Countertops and Wood Slab Benches Indoor/Outdoor (Black, 16"" x 17.7"")",1,103.60,103.60,Home Improvement,Home Improvement,Other,,LPNNA6NPX5ZVY,,HEONITURE,USED_GOOD,LIQ:3PL:PALLET:LNRM:PAL-69729,AMZ_3PL_20260409_025
MIXED_BUILDING_AND_INDUSTRIAL,3D Printing Materials,B0CY1S7MMK,"Official Creality Space Pi Filament Dryer Plus, 2 Spool 3D Printer Filament Storage Box, 360° Fast Heating Dry Box with LCD Screen, One-Key Drying for PLA PETG ABS TPU PC PP ASA PET PETG-CF",1,102.70,102.70,Home Improvement,BISS,Additive Manufacturing,,LPNNA6B92M91N,,Creality,USED_GOOD,LIQ:3PL:PALLET:LNRM:PAL-68861,AMZ_3PL_20260409_025
BUILDING_AND_HARDWARE,Home Improvement,B0CSVPST6F,"BATHFINESSE Shower Niche 24 x 12, Matte Black Stainless Steel Shower Niche Shelf Recessed for Bathroom Storage No Tile Needed Over Mount Installation",1,102.69,102.69,Home Improvement,Home Improvement,Home Improvement,0735749437243,LPNNA6TVX2ZLM,735749437243,BATHFINESSE,USED_GOOD,LIQ:3PL:PALLET:LNRM:PAL-69856,AMZ_3PL_20260409_025
BUILDING_AND_HARDWARE,Home Improvement,B0CG1NKCC6,"VIVOSUN Outdoor Handrail, 3 Step Stair Handrail, 40"" x 36"" Fits 1 to 3 Steps, Wrought Mattle Iron Stair Railing with Curved Ends and Balusters for Concrete Steps, Porch Steps, One-Step Assembly, Black",1,100.09,100.09,Home Improvement,Home Improvement,Home Improvement,,LPNNK5356JGCB,,VIVOSUN,USED_GOOD,LIQ:3PL:PALLET:LNRM:PAL-69644,AMZ_3PL_20260409_025
MIXED_BUILDING_AND_INDUSTRIAL,Industrial Lighting,B0CBJLJ59X,"LVYUAN 5000W Voltage Transformer Power Converter Step Up 110V to 220V, Step Down 220V to 110V, 110/120 Volt - 220/240 Volt",1,155.99,155.99,Home Improvement,BISS,Industrial Electrical Supplies,,LPNNA652YTCMJ,,LVYUAN,USED_GOOD,LIQ:3PL:PALLET:LNRM:PAL-68868,AMZ_3PL_20260409_025
BUILDING_AND_HARDWARE,Vanities,B0D2BZLXPW,J-FAMILY 18.3'' x 13'' Bathroom Vessel Sink Leopard Texture Silver Ceramic Sink Bowl Above Counter Vanity Sink Bathroom Artistic Wash Basin,1,155.99,155.99,Home Improvement,Home Improvement,Plumbing Fixtures,,LPNNA6STQFGY6,,J-FAMILY,USED_GOOD,LIQ:3PL:PALLET:LNRM:PAL-68861,AMZ_3PL_20260409_025
BUILDING_AND_HARDWARE,Home Improvement,B0C7HMNXPX,"Gutenliter 20"" Woven Caged Low Profile Bladeless Ceiling Fan with Light and Remote, Farmhouse Flush Mount Boho Ceiling Fans Light, Enclosed Industrial Ceiling Fan 6 Speed Reversible w/ 4 E26 Bulb Base",1,155.60,155.60,Home Improvement,Home Improvement,Home Improvement,0739713719144,LPNNA6G12JVNZ,739713719144,Gutenliter,USED_GOOD,LIQ:3PL:PALLET:LNRM:PAL-69661,AMZ_3PL_20260409_025
BUILDING_AND_HARDWARE,Home Improvement,B0D41XQPKS,"SUCICNISD 2 Pack 23.6In Outdoor Wall Sconces Black Modern Exterior Wall Light Fixtures for House 3CCT Dimmable IP65 Waterproof Long Outside Wall Light for Garage, Doorway, Patio, Stairway",1,153.13,153.13,Home Improvement,Home Improvement,Home Improvement,,LPNNA626Z4DHT,,SUCICNISD,USED_GOOD,LIQ:3PL:PALLET:LNRM:PAL-69745,AMZ_3PL_20260409_025
MIXED_BUILDING_AND_INDUSTRIAL,BISS,B0G623T4LQ,Fiberglass Supply Depot 8 lb Expanding Polyurethane Pour Foam: 2 Gallon Kit (Part A and Part B),1,149.49,149.49,Home Improvement,BISS,BISS,,LPNNA6CCFB2Q2,,Fiberglass Supply Depot,USED_GOOD,LIQ:3PL:PALLET:LNRM:PAL-69648,AMZ_3PL_20260409_025
BUILDING_AND_HARDWARE,Windows,B0FJD4Y36L,"MANSNIX Smart Motorized Blinds with Remote, Cordless No-Drill Automatic Roller Shades, Blackout Electric Blind for Windows, Linen Stone, 46 x 72",1,149.49,149.49,Home Improvement,Home Improvement,Building Materials & Ladders,,LPNNA6RG7HHR9,,MANSNIX,USED_GOOD,LIQ:3PL:PALLET:LNRM:PAL-69699,AMZ_3PL_20260409_025
BUILDING_AND_HARDWARE,Weatherstripping,B0G2XWFDKL,"BEAMNOVA 16.5FT Garage Door Bottom Seal, Upgraded Multi-Layer Rubber Weather Stripping Door Seals with Brush, Wind & Water Block for Home Garage, Warehouse, DIY Homeowners",1,148.58,148.58,Home Improvement,Home Improvement,Hardware,,LPNNA64RB12K1,,BEAMNOVA,USED_GOOD,LIQ:3PL:PALLET:LNRM:PAL-69131,AMZ_3PL_20260409_025
BUILDING_AND_HARDWARE,Other Material Handling,B09PY97YG6,"FACHNUO 3 Feet Portable Wheelchair Ramp, Non-Skid Aluminum Handicap Ramps with Handle, Folding Threshold Wheel Chair Ramp for Home Steps, Stairs, Entry, Threshold, Curbs, Stairs, 800LBS Capacity",1,148.24,148.24,Home Improvement,Home Improvement,Building Materials & Ladders,8710973942512,LPNNA6QSG6FBH,,FACHNUO TOOL,USED_GOOD,LIQ:3PL:PALLET:LNRM:PAL-69519,AMZ_3PL_20260409_025
BUILDING_AND_HARDWARE,Home Improvement,B0BFVMNTXV,"FookChak Black Dining Room Light Fixture, 6-Light Farmhouse Black Chandelier for Bedroom Metal Candle Chandeliers Hanging Lighting for Kitchen Living Room Entryway Foyer, 28.54in",1,148.20,148.20,Home Improvement,Home Improvement,Home Improvement,0792671281696,LPNNA69L35CXT,792671281696,FookChak,USED_GOOD,LIQ:3PL:PALLET:LNRM:PAL-69399,AMZ_3PL_20260409_025
BUILDING_AND_HARDWARE,Home Improvement,B083Q9T9NG,"Vintage Blue Table Lamp, Victorian Fabric Shade with Beaded Fringe, 13” × 21.7”, E26 LED Bedside/Desk Lamp for Bedroom or Living Room",1,145.60,145.60,Home Improvement,Home Improvement,Home Improvement,6907452424436,LPNNA6J4JZFZZ,,LOVAPO,USED_GOOD,LIQ:3PL:PALLET:LNRM:PAL-68867,AMZ_3PL_20260409_025
BUILDING_AND_HARDWARE,Ceiling Fans & Ventilation,B0F6YG5JN2,"OMYU Black Ceiling Fans with Lights Flush Mount,52 inch Solid Wood,Remote Control,Wall Switch,Dimmable,Reversible,Noiseless,Power Off Memory Modern Ceiling Fan Low Profile for Bedroom Indoor/Outdoor",1,144.56,144.56,Home Improvement,Home Improvement,Lighting & Fans,,LPNNA6NR2PZFG,,OMYU,USED_GOOD,LIQ:3PL:PALLET:LNRM:PAL-69849,AMZ_3PL_20260409_025
BUILDING_AND_HARDWARE,Home Improvement,B0C5C6QZY8,"Davivy 23.2''X14.2'' Large Oval Vessel Sink with Pop Up Drain,Boat Shape Vessel Sink with Gold Trim,Bathroom Sinks Above Counter,Ceramic Vessel Sinks,Oval Sink Bowls for Bathroom (Large)",1,142.99,142.99,Home Improvement,Home Improvement,Home Improvement,0617256329368,LPNNA6JJLB6MW,617256329368,Davivy,USED_GOOD,LIQ:3PL:PALLET:LNRM:PAL-69739,AMZ_3PL_20260409_025
MIXED_BUILDING_AND_INDUSTRIAL,Bedroom Aids & Accessories,B0F5GMJDWX,"JWPEHOE Height Adjustable Bed Rail for Toddlers, Kids Safety Baby Bed Rail for Twin/Full/King/Queen Size Bed (3 Sides, 74 * 74 * 54 Inch)",1,142.99,142.99,Home Improvement,BISS,Professional Medical,0094759720678,LPNNA62SM26TT,094759720678,JWPEHOE,USED_GOOD,LIQ:3PL:PALLET:LNRM:PAL-69739,AMZ_3PL_20260409_025
MIXED_BUILDING_AND_INDUSTRIAL,Hot & Cold Therapies,B0F666DB9V,"Cold Therapy Machine with Programmable Timer, Ice-Machine-for-Knee-After-Surgery, Knee Replacement Recovery Equipment, Cryotherapy Pain Relief w/Compression Pad for Shoulder, Ankle (Dark Grey)",1,140.65,140.65,Home Improvement,BISS,Professional Medical,,LPNNA6K3R38CZ,,ICYTHRP,USED_GOOD,LIQ:3PL:PALLET:LNRM:PAL-69172,AMZ_3PL_20260409_025
BUILDING_AND_HARDWARE,Home Improvement,B0D4H77LT1,6 Pair of 24 Inch Undermount Soft Close Drawer Slides 100LB Load Capacity Full Extension Concealed Drawer Rails with 3D Locking Device,1,137.79,137.79,Home Improvement,Home Improvement,Home Improvement,,LPNNA6PHDJ6PF,,Betesy Hardware,USED_GOOD,LIQ:3PL:PALLET:LNRM:PAL-69372,AMZ_3PL_20260409_025
BUILDING_AND_HARDWARE,Fans,B0D929HXT6,"VallisCo Bathroom Fan with Light and Heater, 1700W,140 CFM Ventilation, Remote Control,Quiet Exhaust, 4-in-1 Design for Heating, Lighting, Ventilation & Air Circulation for Comfort in Any Season",1,132.59,132.59,Home Improvement,Home Improvement,Home Environment,,LPNNA6B4HJKFS,,VallisCo,USED_GOOD,LIQ:3PL:PALLET:LNRM:PAL-69856,AMZ_3PL_20260409_025
BUILDING_AND_HARDWARE,"Trucks, Carts, Dollies & Drywall Lifts",B0F7JZZ7TN,"10FT Dust Barrier Poles 4 Pack withCarry Bag, Stainless Steel Retractable Zipper Wall Poles Kit for Renovation, Remodeling and Isolation Work",1,129.99,129.99,Home Improvement,Home Improvement,Building Materials & Ladders,,LPNNA64TP2FBM,,Teodute,USED_GOOD,LIQ:3PL:PALLET:LNRM:PAL-69685,AMZ_3PL_20260409_025
MIXED_BUILDING_AND_INDUSTRIAL,Thermometers,B0DJ2PS88H,"3FT Portable Wheelchair Ramp, Non-Slip Aluminum Folding Handicap Ramp, 800 LBS Capacity Door Threshold Ramps for Home Steps, Scooter Ramp for Car, Doorways, Curbs, Stairs, Cart, Wheel Chair Steps",1,129.99,129.99,Home Improvement,BISS,Professional Medical,,LPNNA62V97XY5,,THDUGG,USED_GOOD,LIQ:3PL:PALLET:LNRM:PAL-69685,AMZ_3PL_20260409_025
MIXED_BUILDING_AND_INDUSTRIAL,"Bathroom Safety, Aids & Accessories",B0G7FFTLLD,"HolyHeal Toilet Safety Rails for Seniors, Height Adjustable Toilet Safety Frame Grab Bars, 500lb Toilet Support Rails Easy Installation & No Wobble, Toilet Assistance Handles for Elderly and Disabled",1,129.66,129.66,Home Improvement,BISS,Professional Medical,0199284214569,LPNNA6TFTHVKM,199284214569,HOLYHEAL,USED_GOOD,LIQ:3PL:PALLET:LNRM:PAL-69699,AMZ_3PL_20260409_025
BUILDING_AND_HARDWARE,Heating & Accessories,B07588783V,"HVAC Premium 32 x 16 Duct Opening Steel Return Air Filter Grille, for 1-inch Filter, Removable Door, Flat Stamped HVAC Vent Cover Grille, Outer Dimensions 34.5 x 18.5",1,127.43,127.43,Home Improvement,Home Improvement,Electrical & Heating,0810116313686,LPNNA6Q15NLFW,810116313686,HVAC Premium,USED_GOOD,LIQ:3PL:PALLET:LNRM:PAL-69644,AMZ_3PL_20260409_025
MIXED_BUILDING_AND_INDUSTRIAL,Power Cutting & Sawing,B0FHDHZ3TB,"2026 Upgrade Stained Glass Grinder Kit 4200r/min with 2-Level Grinding Table & 5-Piece Diamond Bits Set (5/8""+1""+3 Sizes), 65W 110V Portable DIY Tool for Glass/Ceramics/Crafts (Red",1,124.79,124.79,Home Improvement,BISS,Metalworking,0794300085767,LPNNA6GTV1CF6,794300085767,Zlshmoee,USED_GOOD,LIQ:3PL:PALLET:LNRM:PAL-69739,AMZ_3PL_20260409_025
MIXED_BUILDING_AND_INDUSTRIAL,Thermometers,B0D48BPMDC,"Nuvium Threshold Ramp for Doorways, Adjustable Height 2.6""-6"" Aluminum Wheelchair Ramp with Heightening Screws and Swivel Angle Leg, 1100lbs Load Capacity, 22”x36 Curb Ramp for Trolley,Power Chairs",1,124.79,124.79,Home Improvement,BISS,Professional Medical,,LPNNK5JPQ9X36,,Nuvium,USED_GOOD,LIQ:3PL:PALLET:LNRM:PAL-69849,AMZ_3PL_20260409_025
BUILDING_AND_HARDWARE,Home Improvement,B0DW3PYWLY,"tewei 22'' Large Outdoor Wall Light, Porch Light Outdoor Wall Sconce Lantern, 2-Light Black Exterior Lighting Fixture Wall Mount, Outside Light for House Garage, 1-Pack",1,124.36,124.36,Home Improvement,Home Improvement,Home Improvement,,LPNNA6XCKMTJ8,,tewei,USED_GOOD,LIQ:3PL:PALLET:LNRM:PAL-69399,AMZ_3PL_20260409_025
MIXED_BUILDING_AND_INDUSTRIAL,Dining Room Supplies,B0F2LPCMHB,"3D Textured Black and White Abstract Wall Art Decor with Vase, Modern Paintings Artwork for Walls-Minimalist Wall Decor for Living Room Hallway Dining Room Bedroom Office Decoration Aesthetic 24x24 In",1,123.49,123.49,Home Improvement,BISS,Food Service,,LPNNA6M17PCXG,,Cuspin,USED_GOOD,LIQ:3PL:PALLET:LNRM:PAL-69131,AMZ_3PL_20260409_025
BUILDING_AND_HARDWARE,Home Improvement,B0BQRV82F3,"3.3 Cubic Feet Home Safe Fireproof Waterproof, Digital Home Security Safe Box with Programmable Keypad and Spare Keys, Document Safe for Money Firearms Medicine Valuables",1,122.19,122.19,Home Improvement,Home Improvement,Home Improvement,0735530947784,LPNNA62WCT612,735530947784,VIDXCVIT,USED_GOOD,LIQ:3PL:PALLET:LNRM:PAL-69648,AMZ_3PL_20260409_025
BUILDING_AND_HARDWARE,Home Improvement,B0BSLYGRBN,"HVAC Premium 20"" x 20"" Cube Core Eggcrate Return Air Filter Grille for 1"" Filter - Aluminum - White [Outer Dimensions: 21.75 X 21.75]",1,121.13,121.13,Home Improvement,Home Improvement,Home Improvement,0810116318377,LPNNA62DRB4PC,810116318377,HVAC Premium,USED_GOOD,LIQ:3PL:PALLET:LNRM:PAL-69372,AMZ_3PL_20260409_025
BUILDING_AND_HARDWARE,Home Improvement,B0DGG7TW4N,KAISITE Modern Bathroom Light - 39 Inch Dimmable 5CCT LED Vanity Light Bar for Restroom,1,120.50,120.50,Home Improvement,Home Improvement,Home Improvement,,LPNNA6KPTL22L,,KAISITE,USED_GOOD,LIQ:3PL:PALLET:LNRM:PAL-69724,AMZ_3PL_20260409_025
BUILDING_AND_HARDWARE,Home Improvement,B0DSVTX6HN,"FA-STAR Clean Modern AC Vent Cover 30 x 6 (Duct Opening Cutout) - Decorative White Air Vent - Standard Linear Slot Diffuser - Register Grille for Ceiling, Walls & Floors - All Aluminium",1,116.99,116.99,Home Improvement,Home Improvement,Home Improvement,,LPNNA63HDL4FC,,FA-STAR,USED_GOOD,LIQ:3PL:PALLET:LNRM:PAL-69302,AMZ_3PL_20260409_025
MIXED_BUILDING_AND_INDUSTRIAL,Material Handling Other,B0FCM6G15G,"Incubators for Hatching Eggs, 56 Eggs Incubator with Egg Candler, Auto Egg Turner, Temp & Humidity Control, Hatch Day, 360° Viewing for Chicken, Duck, Quail Eggs, Ideal for Farm, School and Lab",1,116.99,116.99,Home Improvement,BISS,Material Handling,,LPNNA6GL37H3S,,innhom,USED_GOOD,LIQ:3PL:PALLET:LNRM:PAL-69399,AMZ_3PL_20260409_025
BUILDING_AND_HARDWARE,Home Improvement,B0FMDS6PWW,Depuley Ceiling Fan with Light and Remote: 52 Inch White 3 Blade Outdoor Fans for Patios - Dimmable Indoor Fan with Remote Control Fandelier Ceiling FansUltra Quiet DC Motor Reversible 6 Speed Timer,1,116.99,116.99,Home Improvement,Home Improvement,Home Improvement,,LPNNA66Q5SDW5,,Depuley,USED_GOOD,LIQ:3PL:PALLET:LNRM:PAL-69739,AMZ_3PL_20260409_025
MIXED_BUILDING_AND_INDUSTRIAL,BISS,B0D8BH32DQ,"ABS Plastic Sheet 1/8"" x 36"" x 24"", Black Rigid Thermoplastic Board, Dual-Surface (Textured & Smooth) for Signs, Crafts, DIY Projects, 4-Pack",1,116.99,116.99,Home Improvement,BISS,BISS,,LPNNA6WDNNKS1,,CREGEAR,USED_GOOD,LIQ:3PL:PALLET:LNRM:PAL-69729,AMZ_3PL_20260409_025
MIXED_BUILDING_AND_INDUSTRIAL,BISS,B0C4L3MMST,"Front Right Steering Knuckle & Wheel Bearing Hub Assembly for Volkswagen Beetle 1998-2010, for Golf 1999-2006 2010, for Jetta 1999-2005, Replace for 698374 LK008, with 280mm Rotor, Passenger Side",1,116.99,116.99,Home Improvement,BISS,BISS,,LPNNA6TL8B8RX,,SEHNSUCHT,USED_GOOD,LIQ:3PL:PALLET:LNRM:PAL-68868,AMZ_3PL_20260409_025
BUILDING_AND_HARDWARE,Home Improvement,B0CLLLT7R6,HAHZT Brushed Nickel Bathroom Vanity Light 3 Lights Bathroom Light Fixtures Over Mirror with Clear Glass Shade 22.4 inch Wall Sconces Lighting Bath(Exclude E26 Bulb),1,116.99,116.99,Home Improvement,Home Improvement,Home Improvement,,LPNNA6Z6XL85V,,HAHZT,USED_GOOD,LIQ:3PL:PALLET:LNRM:PAL-69742,AMZ_3PL_20260409_025
BUILDING_AND_HARDWARE,Ceiling Fans & Ventilation,B0GDFRH5ZF,"ocioc 52 inch Ceiling Fans with Lights and Remote, Dimmable Ceiling Fans with Reversible Quiet DC Motor, Flush Mount, 3CCT, White Ceiling Fan for Bedroom Living Room Indoor/Outdoor",1,116.99,116.99,Home Improvement,Home Improvement,Lighting & Fans,,LPNNA6XMDJCYD,,ocioc,USED_GOOD,LIQ:3PL:PALLET:LNRM:PAL-69856,AMZ_3PL_20260409_025
BUILDING_AND_HARDWARE,Home Improvement,B0DNT27MSK,"Ahaloye Modern Bamboo Woven Pendant Light, 2 Pack 7.8"" Dome Coastal Bamboo Wicker Dome Pendant Lighting Fixture for Kitchen Dining Room Living Room Foyer",1,116.83,116.83,Home Improvement,Home Improvement,Home Improvement,,LPNNA6FMBJ1HX,,Ahaloye,USED_GOOD,LIQ:3PL:PALLET:LNRM:PAL-69131,AMZ_3PL_20260409_025
BUILDING_AND_HARDWARE,Home Improvement,B0F1F4MPT4,"CRE8TIVE Large Size 36""x354"" Beige Gold Marble Contact Paper Peel and Stick Liquid Marble Wallpaper for Bathroom Living Room Cabinet Vinyl Wrap Waterproof Countertop Contact Paper for Walls Furniture",1,116.58,116.58,Home Improvement,Home Improvement,Home Improvement,,LPNNA6K6Y3PN4,,CRE8TIVE,USED_GOOD,LIQ:3PL:PALLET:LNRM:PAL-69849,AMZ_3PL_20260409_025
BUILDING_AND_HARDWARE,Decor & Coverings,B0CTCLFMQK,"CHDITB Forest Wildlife Animals Kids Room Wallpaper (161”x109”, No Peel&Stick), Squirrel Fox Bear Deer Rabbit Wall Mural Decor, Cute Woodland Nature Safari Wall Decal Art for Boys Room Playroom",1,116.47,116.47,Home Improvement,Home Improvement,Painting Supplies,,LPNNA6MH149P6,,CHDITB,USED_GOOD,LIQ:3PL:PALLET:LNRM:PAL-69849,AMZ_3PL_20260409_025
MIXED_BUILDING_AND_INDUSTRIAL,BISS,B0DP2S87W1,"Convex Traffic Mirror - 32"" Outdoor Driveway & Security Parabolic Safety Mirror, Acrylic Blind Spot Miror for Garage Retail Stores, Warehouses and High-Traffic Areas, Red",1,115.74,115.74,Home Improvement,BISS,BISS,,LPNNK5TR3XTRR,,Vathery,USED_GOOD,LIQ:3PL:PALLET:LNRM:PAL-69729,AMZ_3PL_20260409_025
BUILDING_AND_HARDWARE,Safes,B0FWCCBVGT,"3.0 Cubic Feet Fireproof Safe Box with Key Lock, Hidden Steel Security Box with Removable Shelf for Cash, Documents and Passports, Personal Safes for Home/Office, 12.2""D x 13.78""W x 19.68""H",1,114.84,114.84,Home Improvement,Home Improvement,Hardware,,LPNNA6YTT65HQ,,Psisuvry,USED_GOOD,LIQ:3PL:PALLET:LNRM:PAL-69172,AMZ_3PL_20260409_025
BUILDING_AND_HARDWARE,Home Improvement,B0CLLK49RT,"ocioc Ceiling Fans with Lights, 52 inch White Ceiling Fan with Light and Remote Control, 3CCT, Quiet DC Motor, 5 Blades Modern Ceiling Fan for Living Room Indoor/Covered Outdoor",1,111.12,111.12,Home Improvement,Home Improvement,Home Improvement,,LPNNA66G58KM2,,ocioc,USED_GOOD,LIQ:3PL:PALLET:LNRM:PAL-69669,AMZ_3PL_20260409_025
BUILDING_AND_HARDWARE,Home Improvement,B0DB4LLP2P,Finktonglan Modern Crystal Chandeliers 19.6 inch Round Ceiling Light Fixtures Stainless Steel Flush Mount Chandelier Ceiling Lights for Bedroom Foyer Hallway Dining Room GU 10 Bulb,1,110.51,110.51,Home Improvement,Home Improvement,Home Improvement,,LPNNA6CPS53PX,,Finktonglan,USED_GOOD,LIQ:3PL:PALLET:LNRM:PAL-69131,AMZ_3PL_20260409_025
BUILDING_AND_HARDWARE,Home Improvement,B0DNZ2Y9LN,"20'' Boho Rattan Ceiling Fan with Light, Coastal Caged Ceiling Fans with Lights and Remote Control, Enclosed Hidden Flush Mount with Reversible 6 Speeds for Living Room Bedroom Nursery",1,110.50,110.50,Home Improvement,Home Improvement,Home Improvement,,LPNNA6P3R6Q5R,,Boho Caged,USED_GOOD,LIQ:3PL:PALLET:LNRM:PAL-69856,AMZ_3PL_20260409_025
BUILDING_AND_HARDWARE,Interior Lights,B0FDQMGR12,"KOKAiZeeKi 11"" Blue Hammered Glass Pendant Light - Brushed Nickel Finish Industrial Ceiling Fixture with Blown Glass for Kitchen Island Dining Room Hallway Living Room",1,110.49,110.49,Home Improvement,Home Improvement,Lighting & Fans,,LPNNA6CJPRWFC,,KOKAiZeeKi,USED_GOOD,LIQ:3PL:PALLET:LNRM:PAL-69372,AMZ_3PL_20260409_025
BUILDING_AND_HARDWARE,Heating & Accessories,B0G4PV4X1D,"25"" Space Heaters For Indoor Use Large Room, Electric Heaters For Indoor Use with Thermostat, Oscillating Room Heaters with Timer, Remote Control, Overheat Protection Tower Heater for Bedroom (Beige)",1,110.47,110.47,Home Improvement,Home Improvement,Electrical & Heating,,LPNNA6JG5HJ5S,,AIRMATE,USED_GOOD,LIQ:3PL:PALLET:LNRM:PAL-69399,AMZ_3PL_20260409_025
BUILDING_AND_HARDWARE,Bath & Vanity Lighting,B0FB3NFPT6,"KELIDEN Black Vanity Light 31.5"" Long 24W LED Bathroom Light Bar with 5CCT Adjustable Modern Bathroom Vanity Light Fixture for Mirror, Powder Room, Bedroom, Apartment, Hotel",1,109.38,109.38,Home Improvement,Home Improvement,Lighting & Fans,0716841213263,LPNNA6GTXK1XL,716841213263,KELIDEN,USED_GOOD,LIQ:3PL:PALLET:LNRM:PAL-69849,AMZ_3PL_20260409_025
BUILDING_AND_HARDWARE,Home Improvement,B0DWMKRVNB,"4 Foot Lawn Vacuum Hose, 8'' Diameter Lawn Vac Hose Compatible with DR Agri Fab Trac Vac Cyclone, Leaf Vac Hose, Fits Most Brands Lawn Leaf Vac Grass Catcher Bagger, with 2 Clamps",1,109.19,109.19,Home Improvement,Home Improvement,Home Improvement,,LPNNA6Q5B62MG,,HQPASFY,USED_GOOD,LIQ:3PL:PALLET:LNRM:PAL-68861,AMZ_3PL_20260409_025
BUILDING_AND_HARDWARE,Home Improvement,B0C99RQFL6,"24 Pack L18 x H 12"" Black Heavy Duty Shelf Brackets with Screws Metal Shelf Brackets Shelf Support Angle Brackets for Shelves L Brackets Heavy Duty Floating Shelf",1,109.14,109.14,Home Improvement,Home Improvement,Home Improvement,,LPNNA6BQZ8QX1,,MHMYDZ,USED_GOOD,LIQ:3PL:PALLET:LNRM:PAL-69856,AMZ_3PL_20260409_025
BUILDING_AND_HARDWARE,Heating & Accessories,B07583F296,"HVAC Premium 26 x 18 Duct Opening Steel Return Air Filter Grille, for 1-inch Filter, Removable Door, Flat Stamped HVAC Vent Cover Grille, Outer Dimensions 28.5 x 20.5",1,107.34,107.34,Home Improvement,Home Improvement,Electrical & Heating,0635133964426,LPNNA6WDQMKL8,810116313341,HVAC Premium,USED_GOOD,LIQ:3PL:PALLET:LNRM:PAL-69644,AMZ_3PL_20260409_025
BUILDING_AND_HARDWARE,Home Improvement,B0FN7CCB2F,22818466 Front Left Driver Side Armrest Repair Kit Fit for Chevy Silverado 1500 2500HD 3500HD 2010-2014 For GMC Sierra 1500 2500 HD 3500 HD 2010-2014 Door Panel with Release Handle Below Armrest -Gray,1,106.78,106.78,Home Improvement,Home Improvement,Home Improvement,,LPNNA6BW1H8B2,,RHAOCZIYAUTO,USED_GOOD,LIQ:3PL:PALLET:LNRM:PAL-69131,AMZ_3PL_20260409_025
BUILDING_AND_HARDWARE,Home Improvement,B0DJ6PNLNM,XL Oval Ice Bath Tub for Athletes with Cover by Brisk Bear - Extra Large Cold Plunge Tub for Recovery - Ice Bath Plunge Pool with Digital Timer - Cold Plunge to Soothe Muscles - Black Ice Tub,1,103.99,103.99,Home Improvement,Home Improvement,Home Improvement,6400615681634,LPNNA6LNJMP2M,,Brisk Bear,USED_GOOD,LIQ:3PL:PALLET:LNRM:PAL-69172,AMZ_3PL_20260409_025
BUILDING_AND_HARDWARE,Home Improvement,B0BRN55PKL,"4PK Support Pole,Steel Telescopic Quick Adjustable 3rd Hand Support System, Support Rod, Supports up to 154 lbs Construction Rods for Cabinet Jacks Cargo Bars Drywalls Extends from 50 Inch to 118 Inch",1,103.99,103.99,Home Improvement,Home Improvement,Home Improvement,,LPNNA6WRBNYFB,,ACEBINTE,USED_GOOD,LIQ:3PL:PALLET:LNRM:PAL-69302,AMZ_3PL_20260409_025
MIXED_BUILDING_AND_INDUSTRIAL,Mobility Aids & Equipment,B0FQ59JVFC,"FVZZIN Walkers for Seniors, Foldable Rollator Walker with Seat, 8"" Big Wheels, Lightweight Rollator Walker with Ergonomic Backrest, Adjustable Handles and Seat Height, 310 Lbs Weight Capacity, Red",1,103.99,103.99,Home Improvement,BISS,Professional Medical,,LPNNA62HHT6WS,,FVZZIN,USED_GOOD,LIQ:3PL:PALLET:LNRM:PAL-69739,AMZ_3PL_20260409_025
BUILDING_AND_HARDWARE,Home Improvement,B0BRN55PKL,"4PK Support Pole,Steel Telescopic Quick Adjustable 3rd Hand Support System, Support Rod, Supports up to 154 lbs Construction Rods for Cabinet Jacks Cargo Bars Drywalls Extends from 50 Inch to 118 Inch",1,103.99,103.99,Home Improvement,Home Improvement,Home Improvement,,LPNNA66MC9SSY,,ACEBINTE,USED_GOOD,LIQ:3PL:PALLET:LNRM:PAL-69739,AMZ_3PL_20260409_025
MIXED_BUILDING_AND_INDUSTRIAL,BISS,B0FDKXBW7P,"Pneumatic Casters 10 Inch 4-Pack, 2 Swivel & 2 Rigid, Heavy Duty Casters 1200 LBS Capacity, Rubber Wheel for Workbench, Cart, Trolley,Wagon and Shelves",1,103.99,103.99,Home Improvement,BISS,BISS,0762744428976,LPNNA6SV9GL4J,762744428976,Wbuosz,USED_GOOD,LIQ:3PL:PALLET:LNRM:PAL-69661,AMZ_3PL_20260409_025
BUILDING_AND_HARDWARE,Painting Accessories,B0CJXW24DQ,"Wmjurel Vintage Peony Buds and Leaves Floral Seamless Pattern Wallpaper for Bedroom, Living Room, Bathroom Wall Backgrounds(Non-self-Adhesive)",1,103.99,103.99,Home Improvement,Home Improvement,Painting Supplies,,LPNNA6Z558D5D,,Wmjurel,USED_GOOD,LIQ:3PL:PALLET:LNRM:PAL-68868,AMZ_3PL_20260409_025
BUILDING_AND_HARDWARE,Home Improvement,B0DBZGRRJS,Bagood 10 Inch Globe Pendant Light Contemporary Globe Pendant Lights Black Mid Century Pendant Light Adjustable Hanging Light Fixture Matte Black Finished with Milk Glass Lampshade for Kitchen Island,1,103.99,103.99,Home Improvement,Home Improvement,Home Improvement,,LPNNK5FXMSC79,,Bagood,USED_GOOD,LIQ:3PL:PALLET:LNRM:PAL-69699,AMZ_3PL_20260409_025
BUILDING_AND_HARDWARE,Home Improvement,B0DP6VN56W,Depuley 52-Inch Ceiling Fan with Light: Black 3 Blade Outdoor Fans for Patios - Dimmable Indoor Fan with Remote Control Living Room Fandelier Ceiling Fans Ultra Quiet DC Motor Reversible 6 Speed Timer,1,103.99,103.99,Home Improvement,Home Improvement,Home Improvement,,LPNNA6Z5BC71M,,Depuley,USED_GOOD,LIQ:3PL:PALLET:LNRM:PAL-68867,AMZ_3PL_20260409_025
BUILDING_AND_HARDWARE,Fasteners & Hooks,B0D6RZMX3R,Kazai. Wall-Mounted Coat Rack 'Toke' - Modern Design Coat Rack with Hidden Wall Hooks - Solid Wood Veneer Panel Coat Hanger - Oak,1,103.94,103.94,Home Improvement,Home Improvement,Hardware,4260585162265,LPNNA6BW4QCWW,,Kazai.,USED_GOOD,LIQ:3PL:PALLET:LNRM:PAL-69302,AMZ_3PL_20260409_025
BUILDING_AND_HARDWARE,Home Improvement,B0C1GD8ZV4,"CATINER Glass Pendant Light Brushed Nickel 11-inch Hammered Pendant Lighting for Kitchen Island, Kitchen Sink, Hallway, Living Room",1,102.82,102.82,Home Improvement,Home Improvement,Home Improvement,,LPNNA6X4K1S84,,CATINER,USED_GOOD,LIQ:3PL:PALLET:LNRM:PAL-69856,AMZ_3PL_20260409_025
BUILDING_AND_HARDWARE,Windows,B0FNVM2VJ8,"LazBlinds No-Drill Cordless Roman Shade - Light Filtering Natural Wood, Easy Install Bamboo Blind for Windows 46.5"" W x 48"" H, Malay Oak",1,102.69,102.69,Home Improvement,Home Improvement,Building Materials & Ladders,,LPNNA6QPR183W,,LazBlinds,USED_GOOD,LIQ:3PL:PALLET:LNRM:PAL-69372,AMZ_3PL_20260409_025
BUILDING_AND_HARDWARE,Home Improvement,B0DQ79X191,Pangda DIY Peel and Stick Wall Moulding Kit Flat Wall Molding Kit Pre Made Accent Wainscoting Panel for Home TV Wall Interior Decor,1,102.69,102.69,Home Improvement,Home Improvement,Home Improvement,,LPNNK5SJKR67K,,Pangda,USED_GOOD,LIQ:3PL:PALLET:LNRM:PAL-68867,AMZ_3PL_20260409_025
BUILDING_AND_HARDWARE,Toilet Seats and Bidet Seats,B0F3HWRKPW,"Aünsffer Raised Toilet Seat Bidet 2.91in, Elongated Bidet Toilet Seat, 3 Wash Mode, Soft Close & Quick Release, no Electric, Adjustable Anti-Slip Pad, Home/Commercial Use for Senior, 18.5inch, White",1,102.49,102.49,Home Improvement,Home Improvement,Plumbing Fixtures,,LPNNA6TTQB29P,,Aünsffer,USED_GOOD,LIQ:3PL:PALLET:LNRM:PAL-69739,AMZ_3PL_20260409_025
BUILDING_AND_HARDWARE,Windows,B0F9KHW88J,"Joydeco No Drill Zebra Blinds for Windows, Cordless Day & Night Dual Sheer Roller Shades, Easy Installation, Free-Stop Lift System, Light Filtering Privacy Blinds for Home(White,47"" W x 75"" H)",1,99.44,99.44,Home Improvement,Home Improvement,Building Materials & Ladders,,LPNNA6XJP99PC,,Joydeco,USED_GOOD,LIQ:3PL:PALLET:LNRM:PAL-69519,AMZ_3PL_20260409_025
BUILDING_AND_HARDWARE,Home Improvement,B0C7CKLMXN,"SDNBHT Industrial Stair Railing Metal Hand Rails for Indoor Stairs Wall Mount Staircase Handrails 1.25"" Pipe Stair Handrail for Steps Black Aluminum Stairway Railing for Outdoor & Indoor Stairs 12ft",1,97.49,97.49,Home Improvement,Home Improvement,Home Improvement,,LPNNA6HHHJJ2T,,SDNBHT,USED_GOOD,LIQ:3PL:PALLET:LNRM:PAL-69131,AMZ_3PL_20260409_025
BUILDING_AND_HARDWARE,Ceiling Fans & Ventilation,B0FXFF5LWD,"AIKVSXER 20"" Flush Mount Ceiling Fan with Light, 6 Speeds, 3000-6500K Dimmable LED, App & Remote Control, Quiet DC Motor for Bedroom, Living Room, Modern Ceiling Fans with Lights-White",1,93.85,93.85,Home Improvement,Home Improvement,Lighting & Fans,,LPNNA6FMBM4PP,,AIKVSXER,USED_GOOD,LIQ:3PL:PALLET:LNRM:PAL-69742,AMZ_3PL_20260409_025
BUILDING_AND_HARDWARE,Home Improvement,B0CMQ65Z9B,"Toilet Grab Bar 30.3 Inch, YuanDe Flip Up Grab Bar with Paper Holder,Matte Black Anti-Slip Safety Bars for Toilet, Stainless Steel Knurled Toilet Handles for Seniors Disabled Elderly Pregnant",1,93.59,93.59,Home Improvement,Home Improvement,Home Improvement,0717024340882,LPNNA6R7NYWJQ,717024340882,YuanDe,USED_GOOD,LIQ:3PL:PALLET:LNRM:PAL-69644,AMZ_3PL_20260409_025
BUILDING_AND_HARDWARE,Home Improvement,B0BWY31Y4S,"Gewiny Outdoor Floor Lamp Solar Powered Outdoor Lamps for Patio Waterproof,Rechargeable Indoor Cordless Floor Lamp with Light Sensor,Dimmable Warm White+RGB LED Outdoor Lamp for Lawn,Pool,Garden.",1,93.33,93.33,Home Improvement,Home Improvement,Home Improvement,,LPNNA6MHDFPZ9,,Gewiny,USED_GOOD,LIQ:3PL:PALLET:LNRM:PAL-69724,AMZ_3PL_20260409_025
BUILDING_AND_HARDWARE,"Landscape Fabric, Edging & Fencing",B0CVVQHJG9,"Land Guard Galvanized Raised Garden Bed 2Pcs, Planter Raised Garden Beds Outdoor, Round Clearance Raised Garden Beds for Gardening Vegetables 4x4x1ft……",1,90.99,90.99,Home Improvement,Lawn And Garden,Gardening,,LPNNA65TQXVWQ,,Land Guard,USED_GOOD,LIQ:3PL:PALLET:LNRM:PAL-69669,AMZ_3PL_20260409_025
BUILDING_AND_HARDWARE,Home Improvement,B0BYJ6PWBS,"STERREN Ceiling Fans with Lights,20"" Low Profile Ceiling Fan with Remote Control, Modern Flush Mount Ceiling Fan,White Fan Light for Bedroom, Living Room,Kitchen,Small LED Ceiling Light Fixture",1,90.99,90.99,Home Improvement,Home Improvement,Home Improvement,,LPNNA6QCD56J7,,STERREN,USED_GOOD,LIQ:3PL:PALLET:LNRM:PAL-69131,AMZ_3PL_20260409_025
MIXED_BUILDING_AND_INDUSTRIAL,Loading & Unloading,B0FQ5KWC5V,"Incubators for Hatching Eggs, 24 Egg Incubator, Automatic Egg Turner with Humidity Control & Digital Temperature, Hatch Day, Auto Water Refill, 360°Viewing for Chicken, Duck, Quail, Duck, Goose",1,90.14,90.14,Home Improvement,BISS,Material Handling,,LPNNA63SMF26R,,Yofidra,USED_GOOD,LIQ:3PL:PALLET:LNRM:PAL-69399,AMZ_3PL_20260409_025
BUILDING_AND_HARDWARE,Windows,B0G6DBVF8Z,"Doing-X No Drill Blackout Roman Shades for Indoor Windows,Cordless Roman Blinds,Linen No Tools Window Shades,Easy to Install Window Blinds for Home Bedroom,Blackout-Linen Beige 35"" W x 72"" H",1,89.69,89.69,Home Improvement,Home Improvement,Building Materials & Ladders,,LPNNK5XFVR2DP,,Doing-X,USED_GOOD,LIQ:3PL:PALLET:LNRM:PAL-69729,AMZ_3PL_20260409_025
BUILDING_AND_HARDWARE,Flooring Supplies,B0DRPHP3D9,"4500 Pcs Tile Leveling System Clips 1/32"" (1.0mm) for Ceramic Tile and Stone Installation - DIY Tile Leveler Spacers Kit for Perfect Alignment(4500, 1/32)",1,89.57,89.57,Home Improvement,Home Improvement,Flooring,,LPNNA63PVG148,,HRGGN,USED_GOOD,LIQ:3PL:PALLET:LNRM:PAL-69745,AMZ_3PL_20260409_025
BUILDING_AND_HARDWARE,Home Improvement,B0DPZZ59D3,"Baocuz 4-Light Vanity Lights for Bathroom, Modern Black Bathroom Light Fixtures Over Mirror, 23.6 inch Bathroom Wall Sconces for Hallway, Bedroom, Living Room with Clear Glass Shade",1,88.39,88.39,Home Improvement,Home Improvement,Home Improvement,,LPNNA68CKK8LK,,Baocuz,USED_GOOD,LIQ:3PL:PALLET:LNRM:PAL-69131,AMZ_3PL_20260409_025
BUILDING_AND_HARDWARE,Roofing,B0FLKFJ5F8,"SMUVSMU Cardboard Attic Baffles 25""x24"" 50 Pcs Attic Baffles Corrugated Cardboard- Bundle Rafter Vents,Chute Baffles",1,88.39,88.39,Home Improvement,Home Improvement,Building Materials & Ladders,,LPNNA6ZHDCWF7,,SMUVSMU,USED_GOOD,LIQ:3PL:PALLET:LNRM:PAL-69638,AMZ_3PL_20260409_025
BUILDING_AND_HARDWARE,Windows,B0G6DNNV3G,"SEEUNANA No Drill No Tools Top Down Bottom Up Cellular Shades, 36"" W x 64"" H Blackout Easy Install Cordless Honeycomb Blinds, Noise Reduce & Thermal Insulation Blinds for Home Office White",1,99.02,99.02,Home Improvement,Home Improvement,Building Materials & Ladders,,LPNNA6TPVMLLK,,SEEUNANA,USED_GOOD,LIQ:3PL:PALLET:LNRM:PAL-69302,AMZ_3PL_20260409_025
BUILDING_AND_HARDWARE,Home Improvement,B0CKC3DWQB,"ThyFenno Dimmable Battery Operated Wall Sconce Set of 2, Rechargeable Wall Mount Light No Wiring, Easy Install Wireless Wall Lamp for Living Room Bedroom Hallway Farmhouse Indoor, Bulb Included",1,98.80,98.80,Home Improvement,Home Improvement,Home Improvement,,LPNNA6PWCX61D,,ThyFenno,USED_GOOD,LIQ:3PL:PALLET:LNRM:PAL-69648,AMZ_3PL_20260409_025
BUILDING_AND_HARDWARE,Home Improvement,B0DS22GG3Q,"Lightania 18 Inch Flush Mount Ceiling Light, Modern Black LED Ceiling Light Fixture, 35W 3500LM 2700-6500K Adjustable, Dimmable Ceiling Lights for Bedroom, Kitchen, Hallway, Bathroom, ETL Listed",1,98.79,98.79,Home Improvement,Home Improvement,Home Improvement,,LPNNA6HV7PGGP,,Lightania,USED_GOOD,LIQ:3PL:PALLET:LNRM:PAL-69172,AMZ_3PL_20260409_025
BUILDING_AND_HARDWARE,Home Improvement,B0D7VXVSBP,"SODSEA 42 Inch Ceiling Fans with Lights, Outdoor Ceiling Fan with Reversible Motor, Dimmable, 3-Colors Temperature, 3 ABS Blades, Smart Ceiling Fan with Light and Remote for Living Room/Bedroom, Black",1,98.79,98.79,Home Improvement,Home Improvement,Home Improvement,,LPNNA6R3NVRTF,,SODSEA,USED_GOOD,LIQ:3PL:PALLET:LNRM:PAL-69739,AMZ_3PL_20260409_025
BUILDING_AND_HARDWARE,Flooring,B0BBRD2WCJ,"Art3d 36-Pack 54 Sq.ft Peel and Stick Floor Tiles Vinyl Plank Flooring Wood Look, Adhesive and Waterproof Tile Sticker for Bedroom, Living Room, Kitchen, RV in Old Wood",1,97.49,97.49,Home Improvement,Home Improvement,Building Materials & Ladders,,LPNNA6GHCN4KM,,Art3d,USED_GOOD,LIQ:3PL:PALLET:LNRM:PAL-69699,AMZ_3PL_20260409_025
BUILDING_AND_HARDWARE,Cabinets,B0FF9L31FX,"TETOTE 14 x 18 Medicine Cabinet with Tempered Beveled Mirror White Bathroom Mirror with Storage Aluminum Cabinet DTC Hinges, Stepless Adjustable Shelves, Recessed/Surface-Mounted",1,97.49,97.49,Home Improvement,Home Improvement,Building Materials & Ladders,,LPNNA628J8DHQ,,TETOTE,USED_GOOD,LIQ:3PL:PALLET:LNRM:PAL-69745,AMZ_3PL_20260409_025
BUILDING_AND_HARDWARE,Other Faucets,B0FL7724XW,"KENES Matte Black Pull Out Bathroom Faucet, 8 Inch 2 Handle Widespread Bathroom Faucet 3 Hole with Pull Down Sprayer, Bathroom Sink Faucet with Pop Up Drain & Supply Lines LJ-9058A-2",1,95.02,95.02,Home Improvement,Home Improvement,Plumbing Fixtures,0734914732268,LPNNA6CM12BMJ,734914732268,KENES,USED_GOOD,LIQ:3PL:PALLET:LNRM:PAL-69172,AMZ_3PL_20260409_025
BUILDING_AND_HARDWARE,Interior Lights,B0DNSXPQZD,"Xisakaca Cloud Pendant Hanging Light Fixture, Modern Fluffy Ceiling Lighting Chandelier, White Lamp Shade Lampshade for Children Girls Kids Living Room (50cmx25cm)",1,93.59,93.59,Home Improvement,Home Improvement,Lighting & Fans,,LPNNA6QJKFMNS,,Xisakaca,USED_GOOD,LIQ:3PL:PALLET:LNRM:PAL-69661,AMZ_3PL_20260409_025
BUILDING_AND_HARDWARE,Windows,B0G6D9SGH7,"Doing-X No Drill Blackout Roman Shades for Indoor Windows,Cordless Roman Blinds,Linen No Tools Window Shades,Easy to Install Window Blinds for Home Bedroom,Blackout-Oatmeal Grey,30"" W x 64"" H",1,92.29,92.29,Home Improvement,Home Improvement,Building Materials & Ladders,,LPNNA6TG8V2Z9,,Doing-X,USED_GOOD,LIQ:3PL:PALLET:LNRM:PAL-69644,AMZ_3PL_20260409_025
BUILDING_AND_HARDWARE,Peel & Stick Flooring,B0B1MBGJRB,"SINGULARWOOD Vinyl Wall Planks,Self-Adhesive Vinyl Panels for Walls,Peel and Stick Easy Installation (12 pcs/18 Sq Ft/Box),Driftwood",1,90.99,90.99,Home Improvement,Home Improvement,Flooring,0743039637051,LPNNA6VCFX3L1,743039637051,SINGULARWOOD,USED_GOOD,LIQ:3PL:PALLET:LNRM:PAL-69372,AMZ_3PL_20260409_025
BUILDING_AND_HARDWARE,Lamps,B0FJB9HJ5R,KIPHEPI Tiffany Lamp Stained Glass Table Lamp 8X8X14 Inches Persimmon Style Living Room Bedroom Dorm Kitchen Home Decor Festival Birthday Gift,1,90.99,90.99,Home Improvement,Home Improvement,Lighting & Fans,,LPNNA6BDSD7NF,,KIPHEPI,USED_GOOD,LIQ:3PL:PALLET:LNRM:PAL-69131,AMZ_3PL_20260409_025
BUILDING_AND_HARDWARE,Home Improvement,B0FF2BPC9G,"Garage Door Seals Bottom Rubber, with Aluminum Track Retainer Kit, 3-Sided Weatherproof Seal, Three Layers of Protection Available, Garage Door Bottom Seal 16 Ft, Easy to Install (Black)",1,90.99,90.99,Home Improvement,Home Improvement,Home Improvement,,LPNNA6JKZHX8H,,Koupopeo,USED_GOOD,LIQ:3PL:PALLET:LNRM:PAL-69648,AMZ_3PL_20260409_025
BUILDING_AND_HARDWARE,Raw Building Materials,B0F3J4JJBW,"2 Pack Steel Stair Stringer, 5 Steps Stair Riser, Outdoor Metal Step Stringers for 32.5 Inch Height Deck.",1,90.99,90.99,Home Improvement,Home Improvement,Building Materials & Ladders,,LPNNA644F4DF1,,THOOUM,USED_GOOD,LIQ:3PL:PALLET:LNRM:PAL-68867,AMZ_3PL_20260409_025
BUILDING_AND_HARDWARE,Bath & Vanity Lighting,B09SV4VFPZ,"PRESDE 24 Inch LED Vanity Light Bar, Modern Black Bathroom Light Fixtures Over Mirror Dimmable",1,90.87,90.87,Home Improvement,Home Improvement,Lighting & Fans,,LPNNA6LSKFHW7,,PRESDE,USED_GOOD,LIQ:3PL:PALLET:LNRM:PAL-69302,AMZ_3PL_20260409_025
BUILDING_AND_HARDWARE,Home Improvement,B0FK94SJDJ,"10 Packs Lightweight Plastic Pallets for Basement Storage, 23.6"" x 11.8"" x 1.18"" Small Stage Platform for Garage, Attic Flooring-Blue",1,90.87,90.87,Home Improvement,Home Improvement,Home Improvement,,LPNNA6R4LKLZV,,XyVoltic,USED_GOOD,LIQ:3PL:PALLET:LNRM:PAL-69739,AMZ_3PL_20260409_025
BUILDING_AND_HARDWARE,Bath & Vanity Lighting,B0CRDGQN9Z,"Espird 4 Lights Bathroom Vanity Light Fixtures Chrome, Bathroom Lights Over Mirror, Industrial and Farmhouse 4 Lights Wall Sconce, Polished Chrome Globe Vanity Lighting Fixtures",1,89.69,89.69,Home Improvement,Home Improvement,Lighting & Fans,0728683134866,LPNNA6GPXSBDF,728683134866,Espird,USED_GOOD,LIQ:3PL:PALLET:LNRM:PAL-69372,AMZ_3PL_20260409_025
BUILDING_AND_HARDWARE,Interior Lights,B0F9YT6Q2K,"MERINEA Hammered Glass Pendant Light for Kitchen Island, 11-Inch Modern Brushed Nickel Hanging Light Fixture for Sink, Dining Room, Hallway, Living Room",1,89.15,89.15,Home Improvement,Home Improvement,Lighting & Fans,,LPNNA6XHDLJBS,,MERINEA,USED_GOOD,LIQ:3PL:PALLET:LNRM:PAL-69532,AMZ_3PL_20260409_025
BUILDING_AND_HARDWARE,Tub and Shower Faucets and Accessories,B0F66WXGP9,"Vlaeng 304 Stainless Steel Shower Niche Insert-24 x 12"" Shower Shelf-No Tile Needed Bathroom Niche for Shower Wall-Double Shelves -Waterproof Recessed Cabinet for Bathroom Living Room Study Kitchen",1,98.79,98.79,Home Improvement,Home Improvement,Plumbing Fixtures,,LPNNA6YSKFPF7,,Vlaeng,USED_GOOD,LIQ:3PL:PALLET:LNRM:PAL-68868,AMZ_3PL_20260409_025
BUILDING_AND_HARDWARE,Home Improvement,B0DQKGL62J,"FAISHILAN Modern Brushed Gold 6 Light Bathroom Light Fixtures,38 inch Vanity Lights for Bathroom with Clear Glass, Vanity Light for Mirror Kitchen Living Room Hallway Cabinet Porch",1,97.57,97.57,Home Improvement,Home Improvement,Home Improvement,,LPNNA6M9C8NL6,,FAISHILAN,USED_GOOD,LIQ:3PL:PALLET:LNRM:PAL-68868,AMZ_3PL_20260409_025
MIXED_BUILDING_AND_INDUSTRIAL,Material Handling Other,B0G2G3GL21,"IBKINXX Incubator for Hatching Eggs-24 Egg Capacity, Automatic Egg Turner, Temperature & Humidity Control, 360° Viewing for Chicken, Duck and Quail Eggs",1,96.19,96.19,Home Improvement,BISS,Material Handling,,LPNNA6467NVF3,,IBKINXX,USED_GOOD,LIQ:3PL:PALLET:LNRM:PAL-69685,AMZ_3PL_20260409_025
MIXED_BUILDING_AND_INDUSTRIAL,BISS,B0DJXZ83X7,"Mysflosy Peel & Stick Floor Tile, 36-Pack 54 Sq.Ft Waterproof Vinyl Plank Flooring Self-Adhesive, Luxury Wood-Look Vinyl Planks for DIY Installation",1,96.19,96.19,Home Improvement,BISS,BISS,,LPNNA6HPYFH7P,,Mysflosy,USED_GOOD,LIQ:3PL:PALLET:LNRM:PAL-69849,AMZ_3PL_20260409_025
BUILDING_AND_HARDWARE,Other Faucets,B0FL7724XW,"KENES Matte Black Pull Out Bathroom Faucet, 8 Inch 2 Handle Widespread Bathroom Faucet 3 Hole with Pull Down Sprayer, Bathroom Sink Faucet with Pop Up Drain & Supply Lines LJ-9058A-2",1,95.02,95.02,Home Improvement,Home Improvement,Plumbing Fixtures,0734914732268,LPNNA68SJLM69,734914732268,KENES,USED_GOOD,LIQ:3PL:PALLET:LNRM:PAL-69172,AMZ_3PL_20260409_025
BUILDING_AND_HARDWARE,Interior Lights,B075XQ2QZY,"VONLUCE Semi Flush Mount Ceiling Light, 18"" Drum Light Fixture with Diffused Shaped, Modern Drum Light Fixture for Bedroom Living Room Entryway Hallway, White Shade & Nickel Finish",1,93.59,93.59,Home Improvement,Home Improvement,Lighting & Fans,,LPNNA6HHGPRBG,,VONLUCE,USED_GOOD,LIQ:3PL:PALLET:LNRM:PAL-69661,AMZ_3PL_20260409_025
BUILDING_AND_HARDWARE,Interior Lights,B075XQ2QZY,"VONLUCE Semi Flush Mount Ceiling Light, 18"" Drum Light Fixture with Diffused Shaped, Modern Drum Light Fixture for Bedroom Living Room Entryway Hallway, White Shade & Nickel Finish",1,93.59,93.59,Home Improvement,Home Improvement,Lighting & Fans,,LPNNA6JXGRC1M,,VONLUCE,USED_GOOD,LIQ:3PL:PALLET:LNRM:PAL-69661,AMZ_3PL_20260409_025
MIXED_BUILDING_AND_INDUSTRIAL,BISS,B0DJXY7K21,"Mysflosy Peel & Stick Floor Tile, 36-Pack 54 Sq.Ft Waterproof Vinyl Flooring Self-Adhesive, Wood-Look Vinyl Planks for DIY Installation",1,93.59,93.59,Home Improvement,BISS,BISS,,LPNNA6CCHS6XT,,Mysflosy,USED_GOOD,LIQ:3PL:PALLET:LNRM:PAL-69685,AMZ_3PL_20260409_025
BUILDING_AND_HARDWARE,Home Improvement,B09YGSDYG8,"Grand patio Outdoor Floor Lamp Solar Powered Lantern Waterproof Wicker Boho Deck Lights for Garden Porch Decor, Large Crossover",1,90.99,90.99,Home Improvement,Home Improvement,Home Improvement,,LPNNA6KCB86W1,,Grand patio,USED_GOOD,LIQ:3PL:PALLET:LNRM:PAL-69519,AMZ_3PL_20260409_025
BUILDING_AND_HARDWARE,Home Improvement,B0FJXV9Y6Z,"26.8 INCH Flip-Up Toilet Grab Bar, Wall-Mounted Safety Rail for Bathroom, Night Glow Strips on Both Sides, Folding Handrail for Elderly & Disabled",1,90.99,90.99,Home Improvement,Home Improvement,Home Improvement,,LPNNA6BMCT7PV,,Opadwo,USED_GOOD,LIQ:3PL:PALLET:LNRM:PAL-69399,AMZ_3PL_20260409_025
BUILDING_AND_HARDWARE,Home Improvement,B0DFCJCZL7,"6 Pack String Light Poles for Outside, Thickened Metal Lights Hanger Pole Outdoor with Fork, Lighting Hanging Post Accessories for Patio Decor Garden Backyard Yard Front Porch Outside Decorations",1,90.99,90.99,Home Improvement,Home Improvement,Home Improvement,0767119731712,LPNNA6F8FJGF8,767119731712,Fussion,USED_GOOD,LIQ:3PL:PALLET:LNRM:PAL-69739,AMZ_3PL_20260409_025
BUILDING_AND_HARDWARE,Bath & Vanity Lighting,B0CTZHTMZN,"Combuh LED Vanity Lights Bar 36 Inch, 20W Bathroom Light Fixtures Over Mirror, IP44 Indoor Wall Mounted Sconces Modern for Washroom, Cool White 6000K",1,90.99,90.99,Home Improvement,Home Improvement,Lighting & Fans,4894773879736,LPNNA6R946R2J,,Combuh,USED_GOOD,LIQ:3PL:PALLET:LNRM:PAL-69131,AMZ_3PL_20260409_025
BUILDING_AND_HARDWARE,"Landscape Fabric, Edging & Fencing",B0DR8NLCPH,"Steel Landscape Edging 6-Pack, 8"" H X 40"" L Bendable Metal Edging for Landscaping, No-Dig Metal Landscaping Edging for Yard, Lawn Edge, Pathway & Flower Beds (20Ft Total)",1,90.97,90.97,Home Improvement,Lawn And Garden,Gardening,,LPNNA6VW32KQW,,Gabviem,USED_GOOD,LIQ:3PL:PALLET:LNRM:PAL-69745,AMZ_3PL_20260409_025
BUILDING_AND_HARDWARE,Home Improvement,B0F7XNWQM8,"YADZSLY 20"" Farmhouse Rustic Caged Ceiling Fan with Light, Brown Fandelier Ceiling Fan with Light, Brown Bladeless Caged Fandelier for Bedroom, Nursery, Living Room",1,89.70,89.70,Home Improvement,Home Improvement,Home Improvement,,LPNNA6DFWYFHL,,YADZSLY,USED_GOOD,LIQ:3PL:PALLET:LNRM:PAL-69745,AMZ_3PL_20260409_025
BUILDING_AND_HARDWARE,Home Improvement,B0F7XNWQM8,"YADZSLY 20"" Farmhouse Rustic Caged Ceiling Fan with Light, Brown Fandelier Ceiling Fan with Light, Brown Bladeless Caged Fandelier for Bedroom, Nursery, Living Room",1,89.70,89.70,Home Improvement,Home Improvement,Home Improvement,,LPNNA62PYPXVN,,YADZSLY,USED_GOOD,LIQ:3PL:PALLET:LNRM:PAL-69742,AMZ_3PL_20260409_025
BUILDING_AND_HARDWARE,Wood Flooring,B0F9Y8STKS,"AMZDEPOT Natural Bamboo Wall Panel for Interior Wall Decor, Renewable Pole Wrap Wainscoting Paneling for Wall Ceiling Furniture Cabinet Office, 48 x 96 Inch, Carbonized",1,89.36,89.36,Home Improvement,Home Improvement,Flooring,,LPNNA63Q6XB3R,,AMZDEPOT,USED_GOOD,LIQ:3PL:PALLET:LNRM:PAL-68861,AMZ_3PL_20260409_025
BUILDING_AND_HARDWARE,Bath & Vanity Lighting,B08JLGDP1F,PRESDE LED Bathroom Vanity Light 32inch Bathroom Light Fixtures Over Mirror Black Modern Bath Vanity Lighting Bar Dimmable,1,99.97,99.97,Home Improvement,Home Improvement,Lighting & Fans,0619660051187,LPNNK5BQ9YLJP,619660051187,PRESDE,USED_GOOD,LIQ:3PL:PALLET:LNRM:PAL-69644,AMZ_3PL_20260409_025
BUILDING_AND_HARDWARE,Outdoor & Landscape Lighting,B0FRG9TPXW,"Anrikey 20"" Large Outdoor Wall Light Fixtures 2 Pack, Modern Exterior Lighting Fixtures with Closed Bottom, Black Outdoor Sconce Light, Waterproof Outside Lights for House Porch Garage Patio",1,99.44,99.44,Home Improvement,Home Improvement,Lighting & Fans,,LPNNA68CDRFSD,,Anrikey,USED_GOOD,LIQ:3PL:PALLET:LNRM:PAL-69131,AMZ_3PL_20260409_025
BUILDING_AND_HARDWARE,Home Improvement,B0BWY31Y4S,"Gewiny Outdoor Floor Lamp Solar Powered Outdoor Lamps for Patio Waterproof,Rechargeable Indoor Cordless Floor Lamp with Light Sensor,Dimmable Warm White+RGB LED Outdoor Lamp for Lawn,Pool,Garden.",1,98.79,98.79,Home Improvement,Home Improvement,Home Improvement,,LPNNA6ZKTN8PG,,Gewiny,USED_GOOD,LIQ:3PL:PALLET:LNRM:PAL-69745,AMZ_3PL_20260409_025
BUILDING_AND_HARDWARE,Lamps,B0G23H2G1M,"MOUVOVO 25“ Jar Table Lamps Set of 2, Ceramic Bedside Lamps for Bedroom, Blue Coastal Nightstand Lamps for Living Room",1,98.79,98.79,Home Improvement,Home Improvement,Lighting & Fans,,LPNNA6M13YM86,,MOUVOVO,USED_GOOD,LIQ:3PL:PALLET:LNRM:PAL-69856,AMZ_3PL_20260409_025
MIXED_BUILDING_AND_INDUSTRIAL,BISS,B0DYJYH6KC,"Pangda Peel and Stick Wall Molding Kit, 3D Premade Accent Molding Wainscoting Panel for Interior Wall Moulding Decor, Ready to Assemble Wainscoting Accent Panel(3 Set,24 x 72 in)",1,97.49,97.49,Home Improvement,BISS,BISS,,LPNNA636Y9WCL,,Pangda,USED_GOOD,LIQ:3PL:PALLET:LNRM:PAL-68868,AMZ_3PL_20260409_025
BUILDING_AND_HARDWARE,Home Improvement,B0B8LQYFRR,"High Pressure Handheld/Rain 82-mode 3-way Shower Head Combo with 25.75"" Adjustable Drill-free Stainless Steel Slide Bar, Pet & Tub Power Wash and Anti-clog Nozzles, with 5ft Hose - Brush Nickel",1,96.19,96.19,Home Improvement,Home Improvement,Home Improvement,0726810181912,LPNNA6814PNMM,726810181912,egretshower,USED_GOOD,LIQ:3PL:PALLET:LNRM:PAL-69519,AMZ_3PL_20260409_025
BUILDING_AND_HARDWARE,Headboards & Beds,B0FHGQQGTC,"Hahafelt 12 Pack Wall Padding for Playroom Peel and Stick Headboard 15.75"" x 7.87"" x 1.18"" 3D Anti Collision Upholstered Wall Panels Self Adhesive Headboard Panel for Protection (Rose Pink Colors)",1,96.19,96.19,Home Improvement,Home Improvement,Bedroom Furniture,,LPNNA63G4M5QP,,Hahafelt,USED_GOOD,LIQ:3PL:PALLET:LNRM:PAL-69644,AMZ_3PL_20260409_025
BUILDING_AND_HARDWARE,Home Improvement,B0CJDKVMD8,HAHZT Modern Bathroom Vanity Light: Matte Black 27 inch 28W Dimmable LED Bath Bar Light Fixtures Over Mirror - Wall Sconce Picture Lights for Paintings Cabinets Bedroom 3000k,1,93.59,93.59,Home Improvement,Home Improvement,Home Improvement,,LPNNA623MTG1Q,,HAHZT,USED_GOOD,LIQ:3PL:PALLET:LNRM:PAL-69302,AMZ_3PL_20260409_025
BUILDING_AND_HARDWARE,Face,B0F8B6J7NG,"JZEKVN Modern LED Bathroom Lights Fixtures 4-Light,Stainless Steel Chrome Acrylic Wall Lighting,Vanity Lights for Bathroom Over Mirror 6000k 27in",1,93.59,93.59,Home Improvement,Home Improvement,Mass Cosmetics,,LPNNA6F9BYKXN,,JZEKVN,USED_GOOD,LIQ:3PL:PALLET:LNRM:PAL-69302,AMZ_3PL_20260409_025
MIXED_BUILDING_AND_INDUSTRIAL,BISS,B0DSW9NXM6,AHOWPD 3D Printer Table with Filament Storage - 3D Printer Stand Shelf Filament Storage Rack with Wheels Heavy Duty 3D Printer Cart Desk with Drawer for Workshop Studio Office,1,93.11,93.11,Home Improvement,BISS,BISS,,LPNNA63ZX1JY5,,AHOWPD,USED_GOOD,LIQ:3PL:PALLET:LNRM:PAL-69742,AMZ_3PL_20260409_025
BUILDING_AND_HARDWARE,Windows,B0G6D9SGH7,"Doing-X No Drill Blackout Roman Shades for Indoor Windows,Cordless Roman Blinds,Linen No Tools Window Shades,Easy to Install Window Blinds for Home Bedroom,Blackout-Oatmeal Grey,30"" W x 64"" H",1,92.29,92.29,Home Improvement,Home Improvement,Building Materials & Ladders,,LPNNA6W3P37N2,,Doing-X,USED_GOOD,LIQ:3PL:PALLET:LNRM:PAL-69644,AMZ_3PL_20260409_025
MIXED_BUILDING_AND_INDUSTRIAL,Industrial Lighting,B0F5H38Z3S,"Art3d LED Recessed Lighting Kit - 6pcs Self-Adhesive White LED Light with Smart Switch, 3000k Touching Switch Light for Wood Slat Wall Panels, Headboards, Stairs, Under Cabinet, Home Decor",1,90.99,90.99,Home Improvement,BISS,Industrial Electrical Supplies,6941197855056,LPNNA6N6975DT,,Art3d,USED_GOOD,LIQ:3PL:PALLET:LNRM:PAL-69644,AMZ_3PL_20260409_025
BUILDING_AND_HARDWARE,Cabinet Hardware,B0FV3Q6CTZ,"6 Pair 14 Inch (350mm) Soft Close Undermount Drawer Slides,100LB Load Capacity Full Extension Concealed Bottom Mount Drawer Glides Rails with 3D Locking Device",1,90.99,90.99,Home Improvement,Home Improvement,Hardware,,LPNNA6SZ98JP6,,Tobinice,USED_GOOD,LIQ:3PL:PALLET:LNRM:PAL-69648,AMZ_3PL_20260409_025
MIXED_BUILDING_AND_INDUSTRIAL,BISS,B0DRTY1BBH,"Art3d Peel and Stick Floor Tile Vinyl Wood Plank 36-Pack 54 Sq.Ft, White-ash, Rigid Surface Hard Core Easy DIY Self-Adhesive Flooring",1,90.99,90.99,Home Improvement,BISS,BISS,6941197850907,LPNNA68L4PPY2,,Art3d,USED_GOOD,LIQ:3PL:PALLET:LNRM:PAL-69685,AMZ_3PL_20260409_025
BUILDING_AND_HARDWARE,Hardware Replacement Parts,B0CKWZY5NZ,"2026 New X7935 MERV 16 Air Filter Bundle,Carbon Clean Healthy Climate,Replacement Filter Media for HCC14-23 Lennox & Honeywell FC100A1011/FC200E1011,X7935 20x20x5 Inches Merv 16 Filter",1,90.86,90.86,Home Improvement,Home Improvement,Hardware,,LPNNA6M2XSX6F,,Elyaspedy,USED_GOOD,LIQ:3PL:PALLET:LNRM:PAL-69661,AMZ_3PL_20260409_025
BUILDING_AND_HARDWARE,Roofing,B0FPVB61G8,"Return Air Filter Grille 24x24,Air Return Vent Cover for 24""W x 24""H Duct Opening,Steel HVAC Vent Covers for Wall and Ceiling,Holds 1"" Thick AC Filter",1,89.69,89.69,Home Improvement,Home Improvement,Building Materials & Ladders,,LPNNA6M3LQ2SJ,,EXCELFU,USED_GOOD,LIQ:3PL:PALLET:LNRM:PAL-69519,AMZ_3PL_20260409_025
BUILDING_AND_HARDWARE,Heating & Accessories,B0757ZNL51,"HVAC Premium 32"" x 14"" [Duct Opening] Flat Stamped Steel Return Air Grille - Sidewall and Ceiling - HVAC Vent Duct Cover - White [Outer Dimensions: 33.75w X 15.75""h]",1,89.57,89.57,Home Improvement,Home Improvement,Electrical & Heating,0635133966468,LPNNA628MLNMR,635133966468,HVAC Premium,USED_GOOD,LIQ:3PL:PALLET:LNRM:PAL-69638,AMZ_3PL_20260409_025
MIXED_BUILDING_AND_INDUSTRIAL,BISS,B0DG4QH1CL,"Pangda Peel and Stick Wall Molding Kit, 3D Premade Accent Molding Wainscoting Panel for Interior Wall Moulding Decor, Ready to Assemble Wainscoting Accent Panel (3 Set,39 x 63 in+39 x 28 in)",1,88.39,88.39,Home Improvement,BISS,BISS,,LPNNA6TFYZHQ3,,Pangda,USED_GOOD,LIQ:3PL:PALLET:LNRM:PAL-69644,AMZ_3PL_20260409_025
BUILDING_AND_HARDWARE,Home Improvement,B0DRRZ17HV,FUHSY Wedding Butterfly Floor Lamp Led Butterfly Lights Decorative Butterflies Lamp White Hanging Butterflies for Ceiling Moving Butterflies Decorations for Wedding Ceremony Birthday Party Events,1,88.28,88.28,Home Improvement,Home Improvement,Home Improvement,,LPNNA69L7Z19G,,FUHSY,USED_GOOD,LIQ:3PL:PALLET:LNRM:PAL-69532,AMZ_3PL_20260409_025
MIXED_BUILDING_AND_INDUSTRIAL,Packaging Materials/Protection,B07N7QZ9BP,"PackageZoom 20 inch x 1000 Feet Stretch Wrap with Handle, Clear Stretch Film, 4 Rolls",1,87.31,87.31,Home Improvement,BISS,Shipping and Packaging Supplies,0744966541299,LPNNA6P4F162N,744966541299,PackageZoom,USED_GOOD,LIQ:3PL:PALLET:LNRM:PAL-69685,AMZ_3PL_20260409_025
BUILDING_AND_HARDWARE,Raw Building Materials,B0FPB41KSH,"ACCOR HOME Peel and Stick Floor Tile, Luxury Vinyl Plank Flooring 36-Pack 54 Sq.ft, Real Wood Look Self-Adhesive Vinyl Floor Tiles, Easy DIY for Kitchen, Bedroom and Living Room, Grey Ash",1,87.09,87.09,Home Improvement,Home Improvement,Building Materials & Ladders,,LPNNA68ZZSKB8,,ACCOR HOME,USED_GOOD,LIQ:3PL:PALLET:LNRM:PAL-69849,AMZ_3PL_20260409_025
MIXED_BUILDING_AND_INDUSTRIAL,Pulling & Lifting Accessories,B0CS67F78Z,"Lever Chain Hoist 1-1/2Ton 10FT Manual Chain Hoist - Heavy Duty 3300Lbs Ratchet Chain Puller with Durable Hooks for Easy Lifting - Ideal for Construction, Warehouses, and Garage Work",1,86.45,86.45,Home Improvement,BISS,Material Handling,,LPNNA6QNM8ZFK,,TKK,USED_GOOD,LIQ:3PL:PALLET:LNRM:PAL-69302,AMZ_3PL_20260409_025
BUILDING_AND_HARDWARE,Outdoor & Landscape Lighting,B0FLVCWBBJ,"MIDLMJCOI RGB Outdoor Wall Lights, 23.6” LED Long Exterior Porch Sconce Lights Wall Mount, Up and Down Patio Lighting Fixtures with Remote Control, for House, Garage, 1 Pack",1,86.44,86.44,Home Improvement,Home Improvement,Lighting & Fans,,LPNNA6L53GBS3,,MIDLMJCOI,USED_GOOD,LIQ:3PL:PALLET:LNRM:PAL-68861,AMZ_3PL_20260409_025
BUILDING_AND_HARDWARE,Tub and Shower Faucets and Accessories,B0FVWQP53M,"White Recessed Ceiling Curtain Track 5'/ 7'/ 10'/ 12'/ 14', Ultra-Thin Silent Aluminum Curtain Rail for Bedroom Room/Bay Window/Hotel - Drop Ceiling Hidden Curtain Tracks (without Curtains & Hooks)",1,84.49,84.49,Home Improvement,Home Improvement,Plumbing Fixtures,,LPNNA674F1RDR,,LBMBMO,USED_GOOD,LIQ:3PL:PALLET:LNRM:PAL-69302,AMZ_3PL_20260409_025
MIXED_BUILDING_AND_INDUSTRIAL,BISS,B0CTJ9NRQV,"Avana Acoustic Wood Wall Panels – 47.2 X 12.6 Inch Smoke Walnut Acoustic Panels 2 PCs – Modern Wall Panels For Interior Wall Decor For Homes, Offices, Studios – Sturdy And Durable Wood Panels For Wall",1,84.49,84.49,Home Improvement,BISS,BISS,5065019116178,LPNNA68W4FTSD,,Avana,USED_GOOD,LIQ:3PL:PALLET:LNRM:PAL-69131,AMZ_3PL_20260409_025
BUILDING_AND_HARDWARE,Home Improvement,B0C69CY3GL,"EaseLife 6 FT Sliding Barn Door Track and Handle Hardware Kit, Straight Pulley,Slide Smoothly Quietly,Easy Install (6FT Track Kit for 30""~36"" Wide Single Door)",1,83.84,83.84,Home Improvement,Home Improvement,Home Improvement,,LPNNA63154J9V,,EaseLife,USED_GOOD,LIQ:3PL:PALLET:LNRM:PAL-68867,AMZ_3PL_20260409_025
BUILDING_AND_HARDWARE,Home Improvement,B0DK1NZZ8Y,AIJIASI Modern Bathroom Light Fixtures Over Mirror - 24 Inch Black Vanity Light Bar 18W 3000K Dimmable LED Vanity Lighting Fixtures for Restroom Mirror,1,83.21,83.21,Home Improvement,Home Improvement,Home Improvement,,LPNNA64G2TDVP,,AIJIASI,USED_GOOD,LIQ:3PL:PALLET:LNRM:PAL-68867,AMZ_3PL_20260409_025
BUILDING_AND_HARDWARE,Home Improvement,B0G7YYCQ6J,"GUIMUIZ Picture Lights for Wall Battery Operated, Rechargeable Light for Pictures with Remote & Timer, Gold Art Light for Paintings 24 Inch Wireless Dimmable Cordless Gallery Frame Lights with 3CCT",1,83.07,83.07,Home Improvement,Home Improvement,Home Improvement,,LPNNA6BJMDF25,,GUIMUIZ,USED_GOOD,LIQ:3PL:PALLET:LNRM:PAL-68867,AMZ_3PL_20260409_025
BUILDING_AND_HARDWARE,Ladder Accessories,B0DKJ5LWVH,"OUTPRIZE 52"" RV Bunk Ladder, 4 Wide Step Aluminum Camper Bunk Bed Ladder with Anti-Slip Rubber Foot Pads, Sliver",1,81.89,81.89,Home Improvement,Home Improvement,Building Materials & Ladders,,LPNNA6D699SQW,,OUTPRIZE,USED_GOOD,LIQ:3PL:PALLET:LNRM:PAL-69302,AMZ_3PL_20260409_025
BUILDING_AND_HARDWARE,Walls & Ceilings,B0G4QSB7JN,"Leinuosen 26"" OD x 2""ID Lighting Ceiling Medallion PU Decorative Ceiling Fan Chandelier Medallion Round Large Cover Plate French Retro Silver Decoration for Home Light Fixtures Decorative",1,81.89,81.89,Home Improvement,Home Improvement,Building Materials & Ladders,,LPNNA6X3SZ59T,,Leinuosen,USED_GOOD,LIQ:3PL:PALLET:LNRM:PAL-69729,AMZ_3PL_20260409_025
BUILDING_AND_HARDWARE,Toilet Seats and Bidet Seats,B0FGJ9DQPW,"Heated Toilet Seat Elongated with Soft Close, Constant Temperature Warm Toilet Seat Cover, White PP Material, 17.72 x 14.37 Inch, Quiet & Non-Slip with 4 Bumpers, Easy to Install Electric Seat Warmer.",1,81.89,81.89,Home Improvement,Home Improvement,Plumbing Fixtures,,LPNNA6MM1YTN2,,GDHeHKJi,USED_GOOD,LIQ:3PL:PALLET:LNRM:PAL-69724,AMZ_3PL_20260409_025
BUILDING_AND_HARDWARE,Windows,B0D8PDKZXF,"LazBlinds No Tools No Drill Cordless Cellular Shades, Blackout Light Blocking Honeycomb Shades for Home, Thermal Insulation Blinds for Windows, 29"" W x 64"" H, Dark Coffee",1,81.72,81.72,Home Improvement,Home Improvement,Building Materials & Ladders,,LPNNA6RKV6NK9,,LazBlinds,USED_GOOD,LIQ:3PL:PALLET:LNRM:PAL-69131,AMZ_3PL_20260409_025
BUILDING_AND_HARDWARE,Windows,B0FNVMS4DS,"LazBlinds No-Drill Cordless Roman Shade - Light Filtering Natural Wood, Easy Install Bamboo Blind for Windows 27"" W x 64"" H, Malay Umber",1,81.07,81.07,Home Improvement,Home Improvement,Building Materials & Ladders,,LPNNA6QTRH8TM,,LazBlinds,USED_GOOD,LIQ:3PL:PALLET:LNRM:PAL-69729,AMZ_3PL_20260409_025
BUILDING_AND_HARDWARE,Windows,B0FK4JD6SF,"Joydeco Cordless Roman Shades, Linen Fabric Window Blinds, Thermal Insulated Blackout Blinds, Room Darkening Shades for Indoor Windows, Easy to Install, 41"" W×75"" H, Greyish White",1,80.59,80.59,Home Improvement,Home Improvement,Building Materials & Ladders,0840495510598,LPNNA697VPGHG,840495510598,Joydeco,USED_GOOD,LIQ:3PL:PALLET:LNRM:PAL-69372,AMZ_3PL_20260409_025
MIXED_BUILDING_AND_INDUSTRIAL,Linear Motion,B0DMSMZL1F,"12V Linear Actuator, 10 Inch Stroke Heavy Duty Electric Actuator 6000N/1320lb with Manual Switch Controller IP54 Waterproof",1,79.29,79.29,Home Improvement,BISS,Power Transmission,,LPNNA6MHCGMCV,,RVMARINEPAT,USED_GOOD,LIQ:3PL:PALLET:LNRM:PAL-69685,AMZ_3PL_20260409_025
MIXED_BUILDING_AND_INDUSTRIAL,Industrial Filters,B0G4M99MJS,"Chenzhit (6 Pack) 21 1/2x23 5/16x1 Air Filter, MPR 1900 & FPR 10, MERV 13 Pleated Air Filter (Actual Size:21 1/2x23 5/16x3/4 inch)",1,77.99,77.99,Home Improvement,BISS,Flow Control & Filtration,0654403311500,LPNNA6DYVV5FV,654403311500,Chenzhit,USED_GOOD,LIQ:3PL:PALLET:LNRM:PAL-69519,AMZ_3PL_20260409_025
BUILDING_AND_HARDWARE,Bath Faucets and Accessories,B0CG3968K1,"Peel and Stick Wall Molding Kit, Pre-Cut Paintable Wall Trim, No Nails No Glue, Easy DIY Installation, 6 Piece (3 Top & 3 Bottom Frames)",1,77.99,77.99,Home Improvement,Home Improvement,Plumbing Fixtures,,LPNNA6QPTFGCR,,birdeco,USED_GOOD,LIQ:3PL:PALLET:LNRM:PAL-69372,AMZ_3PL_20260409_025
BUILDING_AND_HARDWARE,Home Improvement,B0DPXFB42L,"KDG 15.8″ Retro Low Profile LED Ceiling Fans with Light, Reversible Ceiling Fans Flush Mount with Remote and 6 Speeds, E26 Base Buld for Bedroom, Dinning Room, Kids Room, Kitchen",1,77.99,77.99,Home Improvement,Home Improvement,Home Improvement,0735456395829,LPNNA68ZYXZ66,735456395829,KDG,USED_GOOD,LIQ:3PL:PALLET:LNRM:PAL-69669,AMZ_3PL_20260409_025
BUILDING_AND_HARDWARE,Chandeliers,B0FGTYC786,"DLLT Modern Ceiling Fans with Lights: 20"" Flush Mount Low Profile Ceiling Fan with APP Remote Control - White LED Bladeless Fandelier Dimmable Quiet DC Motor for Bedroom Living Room",1,77.99,77.99,Home Improvement,Home Improvement,Lighting & Fans,,LPNNA6X3P6QVJ,,DINGLILIGHTING,USED_GOOD,LIQ:3PL:PALLET:LNRM:PAL-69638,AMZ_3PL_20260409_025
BUILDING_AND_HARDWARE,Painting Accessories,B0CV55NN5Y,Livelynine 36 x 197 inch Mahogany Wood countertop Contact Paper Waterproof Peel and Stick countertops Woodgrain Contact Paper for Counter top Desk Table Kitchen Wallpaper red Oak Wood Look Vinyl wrap,1,77.99,77.99,Home Improvement,Home Improvement,Painting Supplies,,LPNNA647TWF9L,,Livelynine,USED_GOOD,LIQ:3PL:PALLET:LNRM:PAL-69724,AMZ_3PL_20260409_025
BUILDING_AND_HARDWARE,Ladder Accessories,B0D1R19DXY,"Taranta 3 Step Ladder,Aluminum Lightweight Folding 3 Step Stool with Anti-Slip Wide Pedal, 330lbs Capacity Step Ladder for Household,Kitchen,Office - BlackWoodgrain",1,77.97,77.97,Home Improvement,Home Improvement,Building Materials & Ladders,0796520596672,LPNNA6PPXTQ4Z,796520596672,taranta,USED_GOOD,LIQ:3PL:PALLET:LNRM:PAL-68868,AMZ_3PL_20260409_025
BUILDING_AND_HARDWARE,Home Improvement,B0D6Z571F6,"Bargeni Semi Flush Mount Ceiling Light Fixture,16 inch Drum Flush Mount Ceiling Light,Modern Light Fixtures Ceiling Mount with Oil Rubbed Bronze Finish,Semi Flush Ceiling Light for Bedroom,Living Room",1,77.34,77.34,Home Improvement,Home Improvement,Home Improvement,0616050595931,LPNNA6XWFDYTX,616050595931,Bargeni,USED_GOOD,LIQ:3PL:PALLET:LNRM:PAL-69644,AMZ_3PL_20260409_025
BUILDING_AND_HARDWARE,Home Improvement,B0B6VPXBV1,"2 Pack 36 Inch Anti Slip Shower Grab Bar Oil Rubbed White 1.25"" Diameter,Munzong Bathroom Grab Bar, Knurled Bathroom Balance Bar,Safety Hand Rail Support Handicap Elderly Senior Assist Bath Handle",1,76.69,76.69,Home Improvement,Home Improvement,Home Improvement,0777886139062,LPNNA6C13GCJH,777886139062,Munzong,USED_GOOD,LIQ:3PL:PALLET:LNRM:PAL-69669,AMZ_3PL_20260409_025
BUILDING_AND_HARDWARE,Home Improvement,B0C89QG2L9,"Sasylvia 3 Pcs Expandable Window Screens 21.7 H"" x 28-52 W"" Large Adjustable Window Screens with Aluminum Frame White Replacement Screen for House Windows Horizontal Slide Pre Framed Window",1,85.79,85.79,Home Improvement,Home Improvement,Home Improvement,,LPNNA6JL6C4RC,,Sasylvia,USED_GOOD,LIQ:3PL:PALLET:LNRM:PAL-69172,AMZ_3PL_20260409_025
MIXED_BUILDING_AND_INDUSTRIAL,Arts,B0FWK8QZ4M,Didaey 24 Set Beach Sand Buckets and Shovels Set Includes 9 Inch Large Sand Buckets and Shovels Beach Pails Toys for Kids for Summer Theme Party Favors Summer Game (4 Colors),1,84.44,84.44,Home Improvement,BISS,Education Supplies,,LPNNA68Z71X5D,,Didaey,USED_GOOD,LIQ:3PL:PALLET:LNRM:PAL-69724,AMZ_3PL_20260409_025
BUILDING_AND_HARDWARE,Bath & Vanity Lighting,B0CSSTB6MQ,Joossnwell Bathroom Vanity Light Brushed Nickel Bathroom Light Fixtures Over Mirror 23.62 inch 5CCT Dimmable Modern LED Vanity Lighting Bar ETL Certificated,1,79.29,79.29,Home Improvement,Home Improvement,Lighting & Fans,0788609746580,LPNNA6ZXGLJ71,788609746580,Joossnwell,USED_GOOD,LIQ:3PL:PALLET:LNRM:PAL-69302,AMZ_3PL_20260409_025
BUILDING_AND_HARDWARE,Other Material Handling,B08WPLDBJ3,"Andjoor Kids Jumping Ramp for Skateboard, Bike, Scooter, BMX, RC Car and Dirt Bike, 25.2 in, Red",1,77.99,77.99,Home Improvement,Home Improvement,Building Materials & Ladders,,LPNNA6R13MMR2,,Andjoor,USED_GOOD,LIQ:3PL:PALLET:LNRM:PAL-68868,AMZ_3PL_20260409_025
BUILDING_AND_HARDWARE,Ceiling Fans & Ventilation,B0CZ6F8WCX,"Lineshading 5Pcs Replacement Fan Blades for 42 52 Ceiling Fan Waterproof Weatherproof Blades Replacement for Broken Substitution Indoor Outdoor Summer(White,52 Inch)",1,77.99,77.99,Home Improvement,Home Improvement,Lighting & Fans,,LPNNA6JZY62YX,,Lineshading,USED_GOOD,LIQ:3PL:PALLET:LNRM:PAL-69699,AMZ_3PL_20260409_025
BUILDING_AND_HARDWARE,Interior Lights,B093BX42J4,KCO Lighting Clear Globe Pendant Lights Kitchen Island Bubble Glass Pendant Lighting Gold Hanging Light Fixture Mid Century Modern Hanging Lamp for Living Room Dining Room,1,77.31,77.31,Home Improvement,Home Improvement,Lighting & Fans,,LPNNA6J6YLZ3N,,KCO,USED_GOOD,LIQ:3PL:PALLET:LNRM:PAL-68867,AMZ_3PL_20260409_025
MIXED_BUILDING_AND_INDUSTRIAL,Thermometers,B0F1YCPTYZ,"HOXWELL Modular Threshold Ramps for Doorways, 4"" Rise Wheelchairs Ramps for Home, Solid Upgrade Material 3000 Lbs Load Capacity Door Ramps for Wheelchairs and Cars (2 PCS)",1,87.09,87.09,Home Improvement,BISS,Professional Medical,,LPNNA6RCGPHSC,,HOXWELL,USED_GOOD,LIQ:3PL:PALLET:LNRM:PAL-69856,AMZ_3PL_20260409_025
BUILDING_AND_HARDWARE,Heating & Accessories,B0F8H4P4VR,"Howeall 30""W x 12""H [Duct Opening Size] Steel Return Air Filter Grille - Removable Face/Door for 1 inch Filters -HVAC Vent Cover Grill - White [Outer Dimensions: 32 5/8""W X 14 5/8""H]",1,87.09,87.09,Home Improvement,Home Improvement,Electrical & Heating,,LPNNA6TKZPFZY,,Howeall,USED_GOOD,LIQ:3PL:PALLET:LNRM:PAL-69699,AMZ_3PL_20260409_025
BUILDING_AND_HARDWARE,Heating & Accessories,B08K3D6T7F,"Fits 24x20 Duct Opening | Steel Return Air Filter Grille by Handua [Removable Door] for 1-inch Filters | Vent Cover Grill | White | HVAC Cold Air Intake Grille | Out Dim: 26 5/8""W X 22 5/8""H",1,86.20,86.20,Home Improvement,Home Improvement,Electrical & Heating,0038775628730,LPNNA6CWDNFV4,038775628730,Handua,USED_GOOD,LIQ:3PL:PALLET:LNRM:PAL-69131,AMZ_3PL_20260409_025
BUILDING_AND_HARDWARE,Home Improvement,B0FLWJX8RR,"60 Inch Ceiling Fan Downrod, 1"" Diameter Black Ceiling Fan Extension Rod (No Threads),Universal Down Rods for Ceiling Fans,Easy Installation",1,85.79,85.79,Home Improvement,Home Improvement,Home Improvement,,LPNNA637Q2F8Z,,FEHEED,USED_GOOD,LIQ:3PL:PALLET:LNRM:PAL-69638,AMZ_3PL_20260409_025
MIXED_BUILDING_AND_INDUSTRIAL,Industrial Mats,B0DP8L838W,"71"" x 36"" (6' x 3') Indoor Outdoor Door Mat,Large Heavy Duty Entrance Doormat,Non-Slip Rubber Backing Low-Profile Welcome Entrance Mats for Entry, Brown",1,84.49,84.49,Home Improvement,BISS,Janitorial & Sanitation,,LPNNA67MCT3Z5,,MAKUANG,USED_GOOD,LIQ:3PL:PALLET:LNRM:PAL-69302,AMZ_3PL_20260409_025
BUILDING_AND_HARDWARE,Home Improvement,B0BVPRC647,"Luxdecor Real Wood Planks for Wall- White Shiplap Boards 5"" Peel and Stick Shiplap Boards 10 Pieces Wall Shiplap Planks Board 12.5 Sq Ft",1,83.19,83.19,Home Improvement,Home Improvement,Home Improvement,,LPNNA6HMC47NY,,Luxdecor,USED_GOOD,LIQ:3PL:PALLET:LNRM:PAL-69699,AMZ_3PL_20260409_025
BUILDING_AND_HARDWARE,Home Improvement,B0C29CLGH5,"Smooth White Drop Ceiling Tile 2ft x 2ft, Ceiling Panel 24 x 24in – Waterproof, Washable and Fire-Rated to Prevent Breakage- Cover 48 Sq. Ft-Package of 12 Tiles",1,83.17,83.17,Home Improvement,Home Improvement,Home Improvement,0605128917669,LPNNA65L7VS4F,605128917669,Gigrwiin,USED_GOOD,LIQ:3PL:PALLET:LNRM:PAL-68861,AMZ_3PL_20260409_025
BUILDING_AND_HARDWARE,Face,B0F8B7LVXJ,"JZEKVN Modern LED Bathroom Lights Fixtures 4-Light,Metal Black Acrylic Wall Lighting,Vanity Lights for Bathroom Over Mirror 6000k 27in",1,81.89,81.89,Home Improvement,Home Improvement,Mass Cosmetics,,LPNNA62PW2C3F,,JZEKVN,USED_GOOD,LIQ:3PL:PALLET:LNRM:PAL-68868,AMZ_3PL_20260409_025
BUILDING_AND_HARDWARE,Home Improvement,B0DZ6KGXYJ,"1.2 Cubic Feet Small Fire Safe Box for Home, Fireproof Lock Box, Security Money Safe with Digital Keypad, Spare Keys and Removable Shelf, Personal Home Safes for Money, Jewelry, ID Documents",1,80.26,80.26,Home Improvement,Home Improvement,Home Improvement,,LPNNA6Y8F5RXR,,Psisuvry,USED_GOOD,LIQ:3PL:PALLET:LNRM:PAL-69399,AMZ_3PL_20260409_025
BUILDING_AND_HARDWARE,Home Improvement,B0DRFTMCQJ,"FFKJDM Large 29-inch Half Moon Light for Nail Desk,48W Lamp for Nail Desk with Hand Pillow and Phone Holder, Nail Desk lamp Pink for lash Eyelash Extension,Color Temperature 3000K-6000K (Pink)",1,77.99,77.99,Home Improvement,Home Improvement,Home Improvement,,LPNNA65YRHN6C,,FFKJDM,USED_GOOD,LIQ:3PL:PALLET:LNRM:PAL-69372,AMZ_3PL_20260409_025
BUILDING_AND_HARDWARE,Home Improvement,B0F5WN8N4Q,"SIBRILLE Torchiere Floor Lamp - 72"" Tall LED Standing Lamp with Remote/Button Control, 1800Lm, 3000-6500K, 30W Dimmable Modern Corner Floor Light for Living Room Bedroom Office Apartment, Black",1,77.99,77.99,Home Improvement,Home Improvement,Home Improvement,,LPNNA673PSTR3,,SIBRILLE,USED_GOOD,LIQ:3PL:PALLET:LNRM:PAL-69648,AMZ_3PL_20260409_025
MIXED_BUILDING_AND_INDUSTRIAL,3D Printer Parts and Accessories,B0DL5J4QS8,AHOWPD 3D Printer Stand with Filaments Storage - 3D Printer Table Filament Storage Rack Heavy Duty 3D Desk for Workshop Studio Office (Brown),1,77.86,77.86,Home Improvement,BISS,Additive Manufacturing,,LPNNA6FQ7PH1B,,AHOWPD,USED_GOOD,LIQ:3PL:PALLET:LNRM:PAL-69131,AMZ_3PL_20260409_025
BUILDING_AND_HARDWARE,Doors,B0FY61R6XN,"Hoovate 20 x 25 Inch (Duct Opening) Return Air Filter Grille for 1 Inch Filters, HVAC Vent Cover for Wall & Ceiling, Powder-Coated Steel with Removable Door",1,77.79,77.79,Home Improvement,Home Improvement,Building Materials & Ladders,,LPNNA6BCBQB29,,Hoovate,USED_GOOD,LIQ:3PL:PALLET:LNRM:PAL-69699,AMZ_3PL_20260409_025
BUILDING_AND_HARDWARE,Home Improvement,B0C488H477,"QUTWOB 20"" Cage Ceiling Fan Light with Light and Remote Control with Lightweight Bladeless Industrial Ceiling Fan, Bedroom Ceiling Fan Light for Porch, Patio, Farmhouse, Indoor (Black)",1,76.70,76.70,Home Improvement,Home Improvement,Home Improvement,,LPNNA6Z144KP4,,QUTWOB,USED_GOOD,LIQ:3PL:PALLET:LNRM:PAL-69699,AMZ_3PL_20260409_025
BUILDING_AND_HARDWARE,Home Improvement,B0C6QMRB2X,"DAKASON 4-Pack 2FT LED Ceiling Light for Garage Flush Mount, 18W 2160lm LED Shop Lighting Closet Light Fixture, Wraparound Lights Surface Mount, 3/4/5000K Adjustable",1,76.69,76.69,Home Improvement,Home Improvement,Home Improvement,,LPNNA69JPCZH7,,DAKASON,USED_GOOD,LIQ:3PL:PALLET:LNRM:PAL-68868,AMZ_3PL_20260409_025
BUILDING_AND_HARDWARE,Home Improvement,B0882SQDTT,"TORACK 24"" Folding Shelf Brackets Heavy Duty Shelf Bracket Wall Mounted Triangle Hinges for Shelves Collapsible Table Brackets Workbench Supports for Garage(1 Pair)",1,76.69,76.69,Home Improvement,Home Improvement,Home Improvement,,LPNNA638GHVK6,,TORACK,USED_GOOD,LIQ:3PL:PALLET:LNRM:PAL-68867,AMZ_3PL_20260409_025
BUILDING_AND_HARDWARE,Other,B0CSFXYHGC,"UV Light Sanitizer with Ozone 76 Watts (2x38W), UVC Disinfection Lamp w/Remote Control, Odor and Dust Mite Removal, Ultraviolet Light for Kitchen/Basement/Bathroom Black",1,85.79,85.79,Home Improvement,Home Improvement,Light Bulbs,,LPNNA6SSPDCGK,,BAIMNOCM,USED_GOOD,LIQ:3PL:PALLET:LNRM:PAL-69729,AMZ_3PL_20260409_025
MIXED_BUILDING_AND_INDUSTRIAL,BISS,B0BWY9H3GS,"DYCacrlic 2 Pack Acrylic 24x48 Plexiglass Sheet 1/8 inch Thick - Clear Transparent Acrylic Sheets 24 x 48 for Laser Cutting,Signs,Crafts,Machine Cover,Shelves,Display,Tabletop,Windows Glass",1,85.79,85.79,Home Improvement,BISS,BISS,,LPNNK58TV6R7S,,DYCacrlic,USED_GOOD,LIQ:3PL:PALLET:LNRM:PAL-69638,AMZ_3PL_20260409_025
BUILDING_AND_HARDWARE,Home Improvement,B0DD3D3FKN,"VOLISUN Battery Operated Wall Sconces Set of Two, Rechargeable Wall Sconces with Remote, 3000K-6500K Dimmable Battery Wall Sconce Decor, 27.6'' Wireless Wall Lights for Bedroom, Living Room(Black)",1,84.49,84.49,Home Improvement,Home Improvement,Home Improvement,,LPNNA6JMD2SV7,,VOLISUN,USED_GOOD,LIQ:3PL:PALLET:LNRM:PAL-68867,AMZ_3PL_20260409_025
MIXED_BUILDING_AND_INDUSTRIAL,Bedroom Aids & Accessories,B0G4QVXV77,"Height Adjustable Bed Rail for Elderly Adults, Adjustable Bed Assist Rail with Nonslip Grip, Folding Table & Storage Bag, Bed Assist Bar for Seniors, Post-Op & Pregnant Users, Fits Most Bed Sizes",1,83.19,83.19,Home Improvement,BISS,Professional Medical,,LPNNA6VTRH9DF,,Makonb,USED_GOOD,LIQ:3PL:PALLET:LNRM:PAL-69699,AMZ_3PL_20260409_025
BUILDING_AND_HARDWARE,Painting Accessories,B0FX4J9MYB,"YLL YLL PVC Slat Wall Panel Peel and Stick 236""x 15.7"" Faux Black Wood Grain Slat Panel Self-Adhesive Wallpaper Soundproof 3D Wall Panels",1,83.16,83.16,Home Improvement,Home Improvement,Painting Supplies,,LPNNA66XM5PSC,,YLL YLL,USED_GOOD,LIQ:3PL:PALLET:LNRM:PAL-69131,AMZ_3PL_20260409_025
BUILDING_AND_HARDWARE,Home Improvement,B0G6KSVYW6,CCYCOL Modern Bathroom Vanity Light Black Bathroom Light Fixture Over Mirror 32 Inch 26W Dimmable 5CCT LED Vanity Light Bar for Bathroom Mirror Cabinets Bedroom,1,81.90,81.90,Home Improvement,Home Improvement,Home Improvement,,LPNNA67Z7PQ4V,,CCYCOL,USED_GOOD,LIQ:3PL:PALLET:LNRM:PAL-69849,AMZ_3PL_20260409_025
BUILDING_AND_HARDWARE,Tub and Shower Faucets and Accessories,B087BZ81SD,"PrettyHome Shower Curtain Rod Hoop Square Shape Bathroom Heavy Duty No Rust Oval Shower Rod 58.3""x24"" for Clawfoot Tub,for Free Standing Tubs Brushed Nickel",1,81.89,81.89,Home Improvement,Home Improvement,Plumbing Fixtures,0784848012646,LPNNA6VPW359D,784848012646,PrettyHome,USED_GOOD,LIQ:3PL:PALLET:LNRM:PAL-68867,AMZ_3PL_20260409_025
BUILDING_AND_HARDWARE,Home Improvement,B0FD2WYLQZ,"Tassuowell Hardwired Picture Light,24 Inch Dimmable Art Light for Paintings,14W,3000K Warm White,Antique Bronze Rotatable Picture Frame Lights for Wall Art,Gallery,Portrait,Dartboard,Mirror",1,81.51,81.51,Home Improvement,Home Improvement,Home Improvement,,LPNNA6LPXM2K4,,Tassuowell,USED_GOOD,LIQ:3PL:PALLET:LNRM:PAL-69661,AMZ_3PL_20260409_025
BUILDING_AND_HARDWARE,Home Improvement,B0F6CP385C,"MUWOOD Peg Board, 3 Pack Metal Pegboard Panels White Pegboards Wall Organizer with Frame Large Heavy Duty Peg Board with Hooks for Walls Home, Garage Tool Storage, Office, Craft Room, Kitchen 24”×16”",1,81.50,81.50,Home Improvement,Home Improvement,Home Improvement,0762949598559,LPNNA6VDMG1NT,762949598559,MUWOOD,USED_GOOD,LIQ:3PL:PALLET:LNRM:PAL-69739,AMZ_3PL_20260409_025
MIXED_BUILDING_AND_INDUSTRIAL,Industrial Hand Tools,B0FX9CXLXV,"41-Inch 1” Drive Breaker Bar, Heavy Duty Extension Breaker Bar, 250° Rotatable Head, Premium Chromium Molybdenum Steel, Mechanical Work, Automobile and Motorcycle Maintenance and Repair",1,80.22,80.22,Home Improvement,BISS,Industrial Tools & Instruments,,LPNNK5FSLV2HL,,KIRXST,USED_GOOD,LIQ:3PL:PALLET:LNRM:PAL-69302,AMZ_3PL_20260409_025
BUILDING_AND_HARDWARE,Home Improvement,B0CM9V8K2X,"MQOUO 24.4"" Wireless Picture Lights, Rechargeable Battery Art Display Light with Remote Control, Dimmable/Timer Off Dartboard Light, 3 Lighting Modes Full Metal Painting Display Lights (Black-1Pack)",1,79.55,79.55,Home Improvement,Home Improvement,Home Improvement,,LPNNA6SL9W7VM,,MQOUO,USED_GOOD,LIQ:3PL:PALLET:LNRM:PAL-69302,AMZ_3PL_20260409_025
MIXED_BUILDING_AND_INDUSTRIAL,Linear Motion,B0DMSMZL1F,"12V Linear Actuator, 10 Inch Stroke Heavy Duty Electric Actuator 6000N/1320lb with Manual Switch Controller IP54 Waterproof",1,79.29,79.29,Home Improvement,BISS,Power Transmission,,LPNNA6C4HK2M2,,RVMARINEPAT,USED_GOOD,LIQ:3PL:PALLET:LNRM:PAL-69685,AMZ_3PL_20260409_025
MIXED_BUILDING_AND_INDUSTRIAL,Other,B009KN97H0,"Wood-All White Oak Wood Veneer Sheet, Rift Cut, 24x96, A Grade, 10 mil Paperback",1,79.07,79.07,Home Improvement,BISS,Raw Materials,0819443011111,LPNNA63YPXSJ2,819443011111,Wood-All,USED_GOOD,LIQ:3PL:PALLET:LNRM:PAL-69131,AMZ_3PL_20260409_025
BUILDING_AND_HARDWARE,Home Improvement,B0F37XVT34,"Ohniyou 48'' Fandelier Ceiling Fan with Light - Modern Black Ceiling Light Fixture with Fan and Remote, 3 Colors LED Ceiling Fans for Outdoor Patio Kitchen",1,77.99,77.99,Home Improvement,Home Improvement,Home Improvement,,LPNNK53L8RX79,,Ohniyou,USED_GOOD,LIQ:3PL:PALLET:LNRM:PAL-69302,AMZ_3PL_20260409_025
BUILDING_AND_HARDWARE,Weatherstripping,B0FCLD5RKV,"DoubleFill 3"" Roll up Garage Brush Seal for Side, 8ft Long Heavy Duty Garage Door Seal Nylon Brush with Aluminum Track No-Drill 45deg Holder for Commercial, Corrugated, Sliding Barn, Hangar Doors",1,77.99,77.99,Home Improvement,Home Improvement,Hardware,,LPNNA6TL4QYTP,,DoubleFill,USED_GOOD,LIQ:3PL:PALLET:LNRM:PAL-69685,AMZ_3PL_20260409_025
BUILDING_AND_HARDWARE,Ladder Accessories,B0FTDQH9FJ,"Mayi Plus 4 Step Ladder, Lightweight Folding Step Stool with Convenient Handgrip,Aluminum 330lbs Capacity Step Ladder for Office,Household,Kitchen,Library(Grey)",1,77.99,77.99,Home Improvement,Home Improvement,Building Materials & Ladders,0611834085080,LPNNA67PW1NL2,611834085080,mayi plus,USED_GOOD,LIQ:3PL:PALLET:LNRM:PAL-69742,AMZ_3PL_20260409_025
BUILDING_AND_HARDWARE,Decor & Coverings,B0D1B5VLCK,"Art3d Natural Bamboo Wall Panel for Interior Wall Decor, Renewable Pole Wrap Wainscoting Paneling for Wall Ceiling Furniture Cabinet Office, 48 x 96 Inch - Carbonized",1,77.79,77.79,Home Improvement,Home Improvement,Painting Supplies,6941197842810,LPNNA6G68QK3Z,,Art3d,USED_GOOD,LIQ:3PL:PALLET:LNRM:PAL-69372,AMZ_3PL_20260409_025
BUILDING_AND_HARDWARE,Home Improvement,B0FNWLM5PT,"2-Pack 20x20x4 Replacement Air Filter for Honeywell FC100A1011, Lennox X0585 MERV 13 Allergy & Dust Defense, Pleated HVAC AC Furnace Filters(Actual Size: 19.94 x 19.75 x 4.38 Inches)",1,77.21,77.21,Home Improvement,Home Improvement,Home Improvement,0747558669319,LPNNA6XTV8ZVB,747558669319,VERIVOXIA,USED_GOOD,LIQ:3PL:PALLET:LNRM:PAL-69739,AMZ_3PL_20260409_025
BUILDING_AND_HARDWARE,Building Material Replacement Parts,B0FZT7GQSX,"55-2 Attic Ladder Hinge Arms Replacement for Werner Mk5, WU2210, W2208, W2210, Compatible with Werner Attic Ladders Manufactured After 2010, with Springs",1,74.09,74.09,Home Improvement,Home Improvement,Building Materials & Ladders,0761946516450,LPNNA6RPWHR9V,761946516450,YPZDY,USED_GOOD,LIQ:3PL:PALLET:LNRM:PAL-69131,AMZ_3PL_20260409_025
BUILDING_AND_HARDWARE,Trim & Recessed Lighting,B07PQ6Z1ZJ,"Gold Globe Semi Flush Mount Ceiling Light,Mid Century Modern Light Fixture Ceiling,Globe Ceiling Light for Hallway Living Room Kitchen Bedroom Storage Schoolhouse Laundry(Bulb Incl.)",1,75.40,75.40,Home Improvement,Home Improvement,Lighting & Fans,,LPNNA6GNPLJ52,,Bagood,USED_GOOD,LIQ:3PL:PALLET:LNRM:PAL-69661,AMZ_3PL_20260409_025
BUILDING_AND_HARDWARE,Home Improvement,B0CY87L2SY,"HTOH Gold Shower Drain, 24 Inch Linear Shower Drain with Removable Tile Insert Grate, 2 in 1 Bathroom Modern 304 Stainless Steel Brushed Gold Shower Floor Drain with Adjustable Feet,Hair Strainer",1,74.09,74.09,Home Improvement,Home Improvement,Home Improvement,,LPNNA6KCGG4K2,,HTOH,USED_GOOD,LIQ:3PL:PALLET:LNRM:PAL-69644,AMZ_3PL_20260409_025
BUILDING_AND_HARDWARE,Home Improvement,B0DCNTT7BN,"Art3d Ceiling Crown Molding Trim 10-Pack 47Ft, High Impact Polystyrene Decorative Ceiling Moulding - Installed with Glue, White",1,73.44,73.44,Home Improvement,Home Improvement,Home Improvement,6941197845279,LPNNA6594Q6MZ,,Art3d,USED_GOOD,LIQ:3PL:PALLET:LNRM:PAL-69699,AMZ_3PL_20260409_025
BUILDING_AND_HARDWARE,Doors,B0FQP26LHZ,"Bypass Mirror Closet Door Bottom Track, 48"" Length, 2-11/16"" Width, Gray Metal, Roll Formed Steel Sliding Door Guide Rail, Fit Convex Roller Assemblies",1,72.87,72.87,Home Improvement,Home Improvement,Building Materials & Ladders,,LPNNA65ZZYYD9,,DIYHD,USED_GOOD,LIQ:3PL:PALLET:LNRM:PAL-69699,AMZ_3PL_20260409_025
BUILDING_AND_HARDWARE,Miscellaneous Lighting,B0FKSTDS5J,"JO.KO 23.6 Inch LED Picture Lights for Wall Hardwired, Poster Art Gallery Light 10-100% Dimmable, 3000k Warm White Gold Wall Sconces 14W CRI90 for Gallery Artwork, Paintings and Bathroom",1,72.85,72.85,Home Improvement,Home Improvement,Lighting & Fans,,LPNNA6Q1722YT,,JO.KO,USED_GOOD,LIQ:3PL:PALLET:LNRM:PAL-69372,AMZ_3PL_20260409_025
BUILDING_AND_HARDWARE,Home Improvement,B0D13XGGRT,"2pcs Floating Shelf Bracket Heavy Duty,Decorative Floating Shelf Hardware Hidden Black Metal Fireplace Mantel Brackets (18""X6""X1.0"" with Tools )",1,72.79,72.79,Home Improvement,Home Improvement,Home Improvement,,LPNNA6B7NZ59Y,,Craftersmark,USED_GOOD,LIQ:3PL:PALLET:LNRM:PAL-69172,AMZ_3PL_20260409_025
BUILDING_AND_HARDWARE,Home Improvement,B0FMF6C8W9,"Chilinii Chilinii Sink Protectors for Kitchen Sink 30"" x 16"" - Rectangular Extra Large Sink Grid for Kitchen Sink Bottom, Rust-Resistant Drainage Rack with Scratch Prevention Centered Drain",1,72.79,72.79,Home Improvement,Home Improvement,Home Improvement,,LPNNA6G92W4CP,,chilinii,USED_GOOD,LIQ:3PL:PALLET:LNRM:PAL-68867,AMZ_3PL_20260409_025
BUILDING_AND_HARDWARE,Home Improvement,B0D4VGQMTP,"SS114 Elongated Toilet Seat Compatible with TOTO SS113/SS154/SS224/SS204, Soft Close Elongated Toilet Seat, Traditional Toilet Seat Replacement with Toilet Bolts and Nut - Cotton White",1,71.10,71.10,Home Improvement,Home Improvement,Home Improvement,,LPNNA6G955HLW,,gcbcrit,USED_GOOD,LIQ:3PL:PALLET:LNRM:PAL-69131,AMZ_3PL_20260409_025
BUILDING_AND_HARDWARE,Mailboxes,B0DFYPFCJB,"Brown Mailboxes for Outside, RAINHOL Post Mount Mailbox, Galvanized Steel Medium Capacity Mail Boxes, 19 x 8.7 x 6.7 Inches",1,69.15,69.15,Home Improvement,Home Improvement,Hardware,,LPNNA68NNHPKC,,RAINHOL,USED_GOOD,LIQ:3PL:PALLET:LNRM:PAL-68868,AMZ_3PL_20260409_025
BUILDING_AND_HARDWARE,Home Improvement,B0DX1YX6BW,"PATIKIL 20"" x 20"" Aluminum Return Grille, Air Supply Vent Cover Linear Bar Ventilation Grille for Sidewall Wall Ceiling HVAC System, Outer Size: 21.7"" x 21.7"", White",1,68.89,68.89,Home Improvement,Home Improvement,Home Improvement,,LPNNA6HYRZSF1,,PATIKIL,USED_GOOD,LIQ:3PL:PALLET:LNRM:PAL-69729,AMZ_3PL_20260409_025
BUILDING_AND_HARDWARE,Flooring Supplies,B094HV3C4Y,"Art3d Drop Ceiling Tiles 24x24 in White (12-Pack, 48 Sq.ft), Wainscoting Panels Glue Up 2x2",1,68.02,68.02,Home Improvement,Home Improvement,Flooring,6975129505986,LPNNA6516VJY9,,Art3d,USED_GOOD,LIQ:3PL:PALLET:LNRM:PAL-69849,AMZ_3PL_20260409_025
BUILDING_AND_HARDWARE,Flooring,B0FCMVW7BP,"Hand Rails for Outdoor Steps, 2-5 Steps Wrought Iron Handrails for Outdoor Steps, Stair Railing for Porch, Home, Garden, Indoor, Staircase Handrails for Wooden, Cement, Brick, Marble (3 Steps)",1,67.91,67.91,Home Improvement,Home Improvement,Building Materials & Ladders,0850076254117,LPNNA63JRHCL8,850076254117,Dovov,USED_GOOD,LIQ:3PL:PALLET:LNRM:PAL-69729,AMZ_3PL_20260409_025
BUILDING_AND_HARDWARE,Raw Building Materials,B0DHKHC2RG,"VallisCo 8 PCS Deck Blocks, Tuff Blocks Deck Foundation with Stone Accessories & Rubber Pads, Adjustable Deck Support Pedestal(3.54"" to 4.65"") - Deck Footings Without Digging,Special Dad's Gift",1,66.57,66.57,Home Improvement,Home Improvement,Building Materials & Ladders,,LPNNA6Y8G8XB3,,VallisCo,USED_GOOD,LIQ:3PL:PALLET:LNRM:PAL-68861,AMZ_3PL_20260409_025
BUILDING_AND_HARDWARE,Raw Building Materials,B0DHKHC2RG,"VallisCo 8 PCS Deck Blocks, Tuff Blocks Deck Foundation with Stone Accessories & Rubber Pads, Adjustable Deck Support Pedestal(3.54"" to 4.65"") - Deck Footings Without Digging,Special Dad's Gift",1,66.57,66.57,Home Improvement,Home Improvement,Building Materials & Ladders,,LPNNA62G25FFT,,VallisCo,USED_GOOD,LIQ:3PL:PALLET:LNRM:PAL-68861,AMZ_3PL_20260409_025
MIXED_BUILDING_AND_INDUSTRIAL,Industrial Mats,B07KW3CNYC,"SATECH Sticky/Tacky/Adhesive Mat 24"" x 36"" Grey (Case of 4 Mats,30 Sheets Each) for Cleanroom Laboratory Hospital Construction Pets",1,65.47,65.47,Home Improvement,BISS,Janitorial & Sanitation,0793169535642,LPNNK5BKXYRXZ,793169535642,SATECH,USED_GOOD,LIQ:3PL:PALLET:LNRM:PAL-69685,AMZ_3PL_20260409_025
BUILDING_AND_HARDWARE,Windows,B0FJ26J195,"LazBlinds No Tools No Drill Cordless Cellular Shades, Top Down Bottom Up (TDBU) Honeycomb Shades for Home, Blackout Light Blocking Thermal Insulation Blinds for Windows, 32"" W x 72"" H, White",1,75.32,75.32,Home Improvement,Home Improvement,Building Materials & Ladders,,LPNNA6YDLTS7K,,LazBlinds,USED_GOOD,LIQ:3PL:PALLET:LNRM:PAL-69302,AMZ_3PL_20260409_025
BUILDING_AND_HARDWARE,Interior Lights,B0CP1PP3FS,"CANEOE Modern Wall Sconce, 39Inch Gold LED Wall Light Fixtures,6000K Bathroom Vanity Light Fixtures Over Mirror Indoor Bedroom Wall Lamps for Living Room Hallway Sconces Lighting",1,74.09,74.09,Home Improvement,Home Improvement,Lighting & Fans,,LPNNA6YQZH15D,,CANEOE,USED_GOOD,LIQ:3PL:PALLET:LNRM:PAL-69669,AMZ_3PL_20260409_025
BUILDING_AND_HARDWARE,Home Improvement,B0G38BBVKH,"24 Inch Linear Shower Drain - Matte Black 304 Stainless Steel Rectangular Floor Drain with Adjustable Leveling Feet, Hair Strainer and Removable Grate",1,74.09,74.09,Home Improvement,Home Improvement,Home Improvement,0750961758259,LPNNA6J8LDV16,750961758259,kuaisailsk,USED_GOOD,LIQ:3PL:PALLET:LNRM:PAL-68861,AMZ_3PL_20260409_025
MIXED_BUILDING_AND_INDUSTRIAL,BISS,B0DS5J8J5B,"RDUIGT 48"" W x 96"" L Bamboo Wall Panel for Interior Wall Decor Wood Panels for Wall Pole Wrap Wood Roll for Living Room, Bedroom, Kitchen (Carbonized)",1,74.09,74.09,Home Improvement,BISS,BISS,6977325260157,LPNNA6QNQMPM7,,RDUIGT,USED_GOOD,LIQ:3PL:PALLET:LNRM:PAL-69849,AMZ_3PL_20260409_025
BUILDING_AND_HARDWARE,Home Improvement,B0C4PCRQ38,"1.2 Cub Small Fireproof Safe for Home, Personal Fire Safe Box with Digital Keypad Key and Removable Shelf, Small Security Box for Money Firearm Medicine Valuables",1,73.31,73.31,Home Improvement,Home Improvement,Home Improvement,,LPNNA69G4HR86,,VIDXCVIT,USED_GOOD,LIQ:3PL:PALLET:LNRM:PAL-69399,AMZ_3PL_20260409_025
BUILDING_AND_HARDWARE,Doors,B0FQP26LHZ,"Bypass Mirror Closet Door Bottom Track, 48"" Length, 2-11/16"" Width, Gray Metal, Roll Formed Steel Sliding Door Guide Rail, Fit Convex Roller Assemblies",1,72.87,72.87,Home Improvement,Home Improvement,Building Materials & Ladders,,LPNNA67HJFMS8,,DIYHD,USED_GOOD,LIQ:3PL:PALLET:LNRM:PAL-69699,AMZ_3PL_20260409_025
MIXED_BUILDING_AND_INDUSTRIAL,BISS,B0DBLK2Q5K,"Collapsible Storage Bins, 23x15 Inches Plastic Stackable Utility Crates with Handles, Large Folding Containers Dolly Folding Baskets for Farm Home Office Organizing Tools, Books, Food, Drinks",1,72.79,72.79,Home Improvement,BISS,BISS,,LPNNA6NDMXKKK,,Chinco Star,USED_GOOD,LIQ:3PL:PALLET:LNRM:PAL-69638,AMZ_3PL_20260409_025
MIXED_BUILDING_AND_INDUSTRIAL,BISS,B0DBLK2Q5K,"Collapsible Storage Bins, 23x15 Inches Plastic Stackable Utility Crates with Handles, Large Folding Containers Dolly Folding Baskets for Farm Home Office Organizing Tools, Books, Food, Drinks",1,72.79,72.79,Home Improvement,BISS,BISS,,LPNNA62MBTPZJ,,Chinco Star,USED_GOOD,LIQ:3PL:PALLET:LNRM:PAL-69638,AMZ_3PL_20260409_025
BUILDING_AND_HARDWARE,Heating & Accessories,B08K3TF7H4,"Fits 24x20 Duct Opening | Steel Return Air Grille by Handua | Vent Cover Grill for Sidewall and Ceiling | White | HVAC Cold Air Intake Grille | Outer Dimensions: 25.75""W X 21.75""",1,72.53,72.53,Home Improvement,Home Improvement,Electrical & Heating,0038775628495,LPNNA6HHJCTWT,038775628495,Handua,USED_GOOD,LIQ:3PL:PALLET:LNRM:PAL-69519,AMZ_3PL_20260409_025
BUILDING_AND_HARDWARE,Decor & Coverings,B0DCNL68WX,"Art3d Wall Baseboard Molding Trim 8-Pack of 56 x 3.2 in., High Impact Polystyrene Skirting Board - Installed with Glue - White",1,71.49,71.49,Home Improvement,Home Improvement,Painting Supplies,6941197845194,LPNNA6Z4G3MMG,,Art3d,USED_GOOD,LIQ:3PL:PALLET:LNRM:PAL-69302,AMZ_3PL_20260409_025
BUILDING_AND_HARDWARE,Home Improvement,B0BCDZR7DD,"Hand Rails for Outdoor Steps，Stair Handrail & Indoor Stair Railing Kit，Railings for Outdoor Steps for Fence & Outdoor Steps (1, Black-with Balusters, 2 Step)",1,71.49,71.49,Home Improvement,Home Improvement,Home Improvement,0732404190758,LPNNA6Y7TQ48K,732404190758,Metty Metal,USED_GOOD,LIQ:3PL:PALLET:LNRM:PAL-69638,AMZ_3PL_20260409_025
BUILDING_AND_HARDWARE,Windows,B0FYF4QD3W,"Atxbyoh No Drill Cordless Roman Shades for Windows No Tools Roman Shades, Blackout Fabric Blinds for Indoor Windows, UV Protection, Privacy, Thermal Insulation Roman Blinds, Easy to Install",1,71.36,71.36,Home Improvement,Home Improvement,Building Materials & Ladders,,LPNNA6W29BNZY,,Atxbyoh,USED_GOOD,LIQ:3PL:PALLET:LNRM:PAL-69519,AMZ_3PL_20260409_025
BUILDING_AND_HARDWARE,Home Improvement,B0D4VGQMTP,"SS114 Elongated Toilet Seat Compatible with TOTO SS113/SS154/SS224/SS204, Soft Close Elongated Toilet Seat, Traditional Toilet Seat Replacement with Toilet Bolts and Nut - Cotton White",1,71.10,71.10,Home Improvement,Home Improvement,Home Improvement,,LPNNA65YWMBLF,,gcbcrit,USED_GOOD,LIQ:3PL:PALLET:LNRM:PAL-69685,AMZ_3PL_20260409_025
BUILDING_AND_HARDWARE,"Door, Gate & Window Hardware",B07NYNYHZY,"SMARTSTANDARD 5ft Barn Door Hardware Kit, Sliding Door Hardware, Heavy Duty, Easy to Install, Fit 30"" Wide Door Panel (I Shape Hanger)",1,70.97,70.97,Home Improvement,Home Improvement,Hardware,,LPNNA6414N63B,,SMARTSTANDARD,USED_GOOD,LIQ:3PL:PALLET:LNRM:PAL-68867,AMZ_3PL_20260409_025
BUILDING_AND_HARDWARE,Windows,B0FDB18FY1,"Flamax Color-Matched Custom Cordless Zebra Blinds, Light Control for Day and Night, Privacy Light Filtering Dual Layer Window Shade, Energy-Saving Cordless Zebra Blinds for Windows, Window Shade",1,70.56,70.56,Home Improvement,Home Improvement,Building Materials & Ladders,0753467188964,LPNNA6X8DKGMM,753467188964,Flamax,USED_GOOD,LIQ:3PL:PALLET:LNRM:PAL-69302,AMZ_3PL_20260409_025
BUILDING_AND_HARDWARE,Toilet Seats and Bidet Seats,B09BQL4YKG,"SS114 Toilet Seat Replacement Compatible with TOTO, Elongated Soft Close Toilet Seat for SS113/SS154/SS204/SS214/SS224, Transitional Heavy Duty Oval Toilet Seats, 2-Pack Toilet Bolts and Nuts, White",1,70.32,70.32,Home Improvement,Home Improvement,Plumbing Fixtures,,LPNNA6T8HPV2Q,,Hygie Rinse,USED_GOOD,LIQ:3PL:PALLET:LNRM:PAL-68861,AMZ_3PL_20260409_025
BUILDING_AND_HARDWARE,Home Improvement,B0DQ82D6M6,"Handrails for Outdoor Steps & Indoor Stair Railing Kit, 1-2 Steps Safety Hand Rail for Porch & Deck",1,68.89,68.89,Home Improvement,Home Improvement,Home Improvement,0029082220861,LPNNA67YS1KFC,029082220861,Metty Metal,USED_GOOD,LIQ:3PL:PALLET:LNRM:PAL-69302,AMZ_3PL_20260409_025
BUILDING_AND_HARDWARE,Raw Building Materials,B0G8FGG6WK,"54 Sq. Ft Floor Tiles Peel and Stick Vinyl Floor 36 x 6 inch Luxury Self Adhesive Waterproof Flooring Planks DIY for Kitchen, Living Room, Shops, RV, Wood Look Plank, 36-Pack, Rustic Brown",1,67.91,67.91,Home Improvement,Home Improvement,Building Materials & Ladders,,LPNNA6QHF3BHC,,ZRJT,USED_GOOD,LIQ:3PL:PALLET:LNRM:PAL-68861,AMZ_3PL_20260409_025
BUILDING_AND_HARDWARE,Windows,B0F9K347NQ,"LazBlinds No Drill Roman Shades for Windows, Cordless Light Filtering Window Shades with UV Protection, Polyester Fabric for Bedroom & Living Room, 34"" W x 64"" H, Grey",1,75.10,75.10,Home Improvement,Home Improvement,Building Materials & Ladders,,LPNNA6515BXLC,,LazBlinds,USED_GOOD,LIQ:3PL:PALLET:LNRM:PAL-69849,AMZ_3PL_20260409_025
BUILDING_AND_HARDWARE,Home Improvement,B09QGT8MDZ,"LVYIHAN Titanium Gold Square Barn Door Handles 12""/16""/18""/24""/36""/48""/59'', Pull Push Long French Door Handle Double Sided, Large Front Exterior Shower Door Pull Handles",1,74.09,74.09,Home Improvement,Home Improvement,Home Improvement,0785343251011,LPNNA68W4Z714,785343251011,LVYIHAN,USED_GOOD,LIQ:3PL:PALLET:LNRM:PAL-69638,AMZ_3PL_20260409_025
BUILDING_AND_HARDWARE,Home Improvement,B0DTJYBYM4,"GameGem 3 Step Ladder Folding Step Stool with Wide Anti-Slip Pedal, 330LBS Capacity, Lightweight Portable Stepladder for Home and Kitchen Use, Cream Chocolate",1,74.09,74.09,Home Improvement,Home Improvement,Home Improvement,,LPNNA6TXM77GK,,GameGem,USED_GOOD,LIQ:3PL:PALLET:LNRM:PAL-69699,AMZ_3PL_20260409_025
BUILDING_AND_HARDWARE,Home Improvement,B0BLZJHL1S,"Carmerny Blue Pure 211+ True HEPA Replacement Filter Compatible with Blueair Blue Pure 211+ and Max Air Cleaner Purifier, 2 Pack",1,74.09,74.09,Home Improvement,Home Improvement,Home Improvement,,LPNNA6SFX2S78,,Carmerny,USED_GOOD,LIQ:3PL:PALLET:LNRM:PAL-69849,AMZ_3PL_20260409_025
BUILDING_AND_HARDWARE,Home Improvement,B0DCNTT7BN,"Art3d Ceiling Crown Molding Trim 10-Pack 47Ft, High Impact Polystyrene Decorative Ceiling Moulding - Installed with Glue, White",1,73.44,73.44,Home Improvement,Home Improvement,Home Improvement,6941197845279,LPNNK568F196G,,Art3d,USED_GOOD,LIQ:3PL:PALLET:LNRM:PAL-69849,AMZ_3PL_20260409_025
BUILDING_AND_HARDWARE,Home Improvement,B0F422Q39R,"Bliwans Light Blocking Strips for Window Shades and Blinds, 100% Blackout PVC Side Tracks Light Blocker for Blinds, Window Light Blocker for Bedroom(White, 58"", 4PCS)",1,73.10,73.10,Home Improvement,Home Improvement,Home Improvement,,LPNNA6YSHKWPJ,,Bliwans,USED_GOOD,LIQ:3PL:PALLET:LNRM:PAL-69372,AMZ_3PL_20260409_025
BUILDING_AND_HARDWARE,Home Improvement,B0DFC6VJC1,"Eicrkodn Black Bathroom Vanity Light 31.5 inch, 26W Dimmable 5CCT LED Modern Bathroom Light Fixture Over Mirror - ETL Certificated",1,72.79,72.79,Home Improvement,Home Improvement,Home Improvement,,LPNNA64Q4T8BD,,Eicrkodn,USED_GOOD,LIQ:3PL:PALLET:LNRM:PAL-69302,AMZ_3PL_20260409_025
BUILDING_AND_HARDWARE,Home Improvement,B09HCY15LM,"Sharpeye 24 Inch Linear Shower Drain with Removable Wedge Wire Pattern Grate, Brushed Nickel 304 Stainless Steel Rectangle Shower Floor Drain for Bathroom, CUPC Certified, with Hair Strainer",1,72.79,72.79,Home Improvement,Home Improvement,Home Improvement,0768490027043,LPNNA6N8FLS6L,768490027043,Sharpeye,USED_GOOD,LIQ:3PL:PALLET:LNRM:PAL-68868,AMZ_3PL_20260409_025
BUILDING_AND_HARDWARE,Windows,B0FMFCJNKC,"AOSKY Cordless Roller Shades Blackout Blinds for Windows Room Darkening Rolled Up Shades with Spring System, UV Protection Window Shades Door Blinds for Home and Office (33.5"" W x 72"" H, Black)",1,71.49,71.49,Home Improvement,Home Improvement,Building Materials & Ladders,,LPNNA6P2T445B,,AOSKY,USED_GOOD,LIQ:3PL:PALLET:LNRM:PAL-69724,AMZ_3PL_20260409_025
BUILDING_AND_HARDWARE,Home Improvement,B0F59N87LT,"NOTASA Shed Windows 2 Pack, Chicken Coop Windows 12"" x 18"" with Tempered Glass and Fiberglass Screen, Flush Mounted Small Window for Shed, Barns, Playhouse, Household, Garage (Black)",1,71.49,71.49,Home Improvement,Home Improvement,Home Improvement,,LPNNA67R2K81K,,NOTASA,USED_GOOD,LIQ:3PL:PALLET:LNRM:PAL-69742,AMZ_3PL_20260409_025
BUILDING_AND_HARDWARE,Home Improvement,B0DQ82D6M6,"Handrails for Outdoor Steps & Indoor Stair Railing Kit, 1-2 Steps Safety Hand Rail for Porch & Deck",1,68.89,68.89,Home Improvement,Home Improvement,Home Improvement,0029082220861,LPNNA6VHDNHZ7,029082220861,Metty Metal,USED_GOOD,LIQ:3PL:PALLET:LNRM:PAL-69302,AMZ_3PL_20260409_025
MIXED_BUILDING_AND_INDUSTRIAL,Furniture & Equipment,B0CNT3JVXJ,Zhanmai 2 Pack White Desk Organizer with Drawer Total Wire Mesh Storage Tray Multifunctional Paper Sorter File Stand for Home Office Supplies Letter A4 Paper Office Accessories Back to School (3 Tier),1,68.89,68.89,Home Improvement,BISS,Education Supplies,,LPNNA644H71BY,,Zhanmai,USED_GOOD,LIQ:3PL:PALLET:LNRM:PAL-69699,AMZ_3PL_20260409_025
BUILDING_AND_HARDWARE,Windows,B0F9K3NN1Y,"LazBlinds No Drill Roman Shades for Windows, Cordless Light Filtering Window Shades with UV Protection, Polyester Fabric for Bedroom & Living Room, 25"" W x 64"" H, Off White",1,68.06,68.06,Home Improvement,Home Improvement,Building Materials & Ladders,,LPNNA6YFYBDSH,,LazBlinds,USED_GOOD,LIQ:3PL:PALLET:LNRM:PAL-68868,AMZ_3PL_20260409_025
BUILDING_AND_HARDWARE,Other Material Handling,B0GGGMRKNK,"TMINEL 6pcs Plastic Pallets for Basement Storage Lightweight Waterproof Floor Pallets with Breathable Grids Applicable to Indoor and Outdoor, Garages and Kitchen(6pcs-11.8 * 19.7 * 3.9in)",1,76.56,76.56,Home Improvement,Home Improvement,Building Materials & Ladders,,LPNNA684G3M7Q,,TMINEL,USED_GOOD,LIQ:3PL:PALLET:LNRM:PAL-69399,AMZ_3PL_20260409_025
BUILDING_AND_HARDWARE,Windows,B0FNVY3CMR,"LazBlinds No-Drill Cordless Roman Shade - Light Filtering Natural Wood, Easy Install Bamboo Blind for Windows 27"" W x 48"" H, Malay Umber",1,75.69,75.69,Home Improvement,Home Improvement,Building Materials & Ladders,,LPNNA6CQY35XY,,LazBlinds,USED_GOOD,LIQ:3PL:PALLET:LNRM:PAL-68868,AMZ_3PL_20260409_025
BUILDING_AND_HARDWARE,Heating & Accessories,B00ZNN8K2Y,HVAC Premium 36'' x 6'' [Duct Opening] Flat Stamped Steel Return Air Grille - Sidewall and Ceiling - HVAC Vent Duct Cover - White [Outer Dimensions: 37.75''w X 7.75''h],1,75.58,75.58,Home Improvement,Home Improvement,Electrical & Heating,0810130140725,LPNNA6GMCZ43G,622417560962,HVAC Premium,USED_GOOD,LIQ:3PL:PALLET:LNRM:PAL-69849,AMZ_3PL_20260409_025
MIXED_BUILDING_AND_INDUSTRIAL,Non-disposable Place Settings,B0G6Z6C5KK,"Acellegic Plastic Highball Glasses with Straws(Set of 96), 10 oz Shatterproof Drinking Cups, Tall Whiskey Collins Glass with Straws, Smoothie Tumbler Mojito Cocktail Cups for Wedding Fall Xmas Party",1,74.09,74.09,Home Improvement,BISS,Food Service,,LPNNA6JQ8QJW4,,Acellegic,USED_GOOD,LIQ:3PL:PALLET:LNRM:PAL-69172,AMZ_3PL_20260409_025
BUILDING_AND_HARDWARE,Home Improvement,B0DQCYWMRL,"2 Pack 211i Max Replacement Filter Compatible with BLUEAIR Blue Pure 211i Max Air Purifier, Ture HEPA & Activated Carbon Replacement Filter, Blue",1,74.09,74.09,Home Improvement,Home Improvement,Home Improvement,,LPNNA6KCF2ZGS,,isinlive,USED_GOOD,LIQ:3PL:PALLET:LNRM:PAL-69648,AMZ_3PL_20260409_025
BUILDING_AND_HARDWARE,Home Improvement,B0CPSN5LX7,"STICKGOO Black Drop Ceiling Tile 2ft x 2ft, Ceiling Panel High-Grade PVC Coverings 24 x 24in - 12 Pack Cover 48 Sq. Ft",1,73.98,73.98,Home Improvement,Home Improvement,Home Improvement,,LPNNA69ZZCCG9,,STICKGOO,USED_GOOD,LIQ:3PL:PALLET:LNRM:PAL-69638,AMZ_3PL_20260409_025
BUILDING_AND_HARDWARE,Windows,B0D8P72VLV,"LazBlinds No Tools No Drill Cordless Cellular Shades, Blackout Light Blocking Honeycomb Shades for Home, Thermal Insulation Blinds for Windows, 25"" W x 64"" H, White",1,73.81,73.81,Home Improvement,Home Improvement,Building Materials & Ladders,,LPNNA6QNJPY23,,LazBlinds,USED_GOOD,LIQ:3PL:PALLET:LNRM:PAL-68861,AMZ_3PL_20260409_025
BUILDING_AND_HARDWARE,Miscellaneous Lighting,B0FKSTDS5J,"JO.KO 23.6 Inch LED Picture Lights for Wall Hardwired, Poster Art Gallery Light 10-100% Dimmable, 3000k Warm White Gold Wall Sconces 14W CRI90 for Gallery Artwork, Paintings and Bathroom",1,72.85,72.85,Home Improvement,Home Improvement,Lighting & Fans,,LPNNA6XHDVDJZ,,JO.KO,USED_GOOD,LIQ:3PL:PALLET:LNRM:PAL-69372,AMZ_3PL_20260409_025
MIXED_BUILDING_AND_INDUSTRIAL,BISS,B0DBLK2Q5K,"Collapsible Storage Bins, 23x15 Inches Plastic Stackable Utility Crates with Handles, Large Folding Containers Dolly Folding Baskets for Farm Home Office Organizing Tools, Books, Food, Drinks",1,72.79,72.79,Home Improvement,BISS,BISS,,LPNNA691193M6,,Chinco Star,USED_GOOD,LIQ:3PL:PALLET:LNRM:PAL-69638,AMZ_3PL_20260409_025
BUILDING_AND_HARDWARE,Ladder Accessories,B0FVX4X6V2,"JY PERFORMANCE RV Bunk Bed Ladder, 50 Inch Anti-Slip Bunk Ladder, Heavy Duty 330lbs Max Capacity, Extra Wide Foot Steps, Integrated Hooks for Camper Motorhome Trailer, Black",1,70.19,70.19,Home Improvement,Home Improvement,Building Materials & Ladders,0810178441006,LPNNA6T523XBX,810178441006,JY PERFORMANCE,USED_GOOD,LIQ:3PL:PALLET:LNRM:PAL-69131,AMZ_3PL_20260409_025
BUILDING_AND_HARDWARE,Windows,B0DYJXQ6JX,"Coavas One Way Privacy Window Film, Sun Blocking Reflective Window Film See Out Not in, Heat Control Window Tint for Home, Anti UV Static Cling for Windows Office Door (Silver, 35.4 x 157.5 inches)",1,69.90,69.90,Home Improvement,Home Improvement,Building Materials & Ladders,,LPNNA6KJMCX3W,,Coavas,USED_GOOD,LIQ:3PL:PALLET:LNRM:PAL-69519,AMZ_3PL_20260409_025
BUILDING_AND_HARDWARE,Step Ladders,B087279HM1,"HBTower Step Ladder, Folding Step Stool with Wide Anti-Slip Pedal, Sturdy Steel Ladder, Convenient Handrail, Lightweight, Portable Steel Step Stool",1,69.23,69.23,Home Improvement,Home Improvement,Building Materials & Ladders,0793513427821,LPNNA6X8HNGQN,793513427821,HBTower,USED_GOOD,LIQ:3PL:PALLET:LNRM:PAL-69669,AMZ_3PL_20260409_025
BUILDING_AND_HARDWARE,Kitchen Faucets and Accessories,B08FLP7HCJ,"Serene Valley Sink Bottom Grid 29-1/2"" X 15-9/16"", Centered Drain with Corner Radius 3/8"", Sink Protector NDG3016C",1,69.11,69.11,Home Improvement,Home Improvement,Plumbing Fixtures,0793565954788,LPNNA6HDNMGTK,793565954788,Serene Valley,USED_GOOD,LIQ:3PL:PALLET:LNRM:PAL-69742,AMZ_3PL_20260409_025
MIXED_BUILDING_AND_INDUSTRIAL,Visual Communication,B0BZ7XX45D,"Good Vibes Only Neon Sign for Wall Decor 21.6"" x 14.1"" Large Cool White LED Fun Vibe Lights for Party, Bedroom, Bar, Wedding Decoration - Best Gifts for Birthday, Christmas",1,68.89,68.89,Home Improvement,BISS,Occupational Health & Safety,,LPNNA6KFYBSKT,,HancraStore,USED_GOOD,LIQ:3PL:PALLET:LNRM:PAL-69131,AMZ_3PL_20260409_025
BUILDING_AND_HARDWARE,Flooring Supplies,B094HV3C4Y,"Art3d Drop Ceiling Tiles 24x24 in White (12-Pack, 48 Sq.ft), Wainscoting Panels Glue Up 2x2",1,68.02,68.02,Home Improvement,Home Improvement,Flooring,6975129505986,LPNNA6R294H3G,,Art3d,USED_GOOD,LIQ:3PL:PALLET:LNRM:PAL-69745,AMZ_3PL_20260409_025
BUILDING_AND_HARDWARE,Raw Building Materials,B0DHKHC2RG,"VallisCo 8 PCS Deck Blocks, Tuff Blocks Deck Foundation with Stone Accessories & Rubber Pads, Adjustable Deck Support Pedestal(3.54"" to 4.65"") - Deck Footings Without Digging,Special Dad's Gift",1,66.57,66.57,Home Improvement,Home Improvement,Building Materials & Ladders,,LPNNA6FQ6LT5Y,,VallisCo,USED_GOOD,LIQ:3PL:PALLET:LNRM:PAL-68861,AMZ_3PL_20260409_025
BUILDING_AND_HARDWARE,Home Improvement,B0CZNZY8B5,"Lineshading 20'' Replacement Fan Blades for 52 Ceiling Fan Waterproof Weatherproof Blades Replacement for Broken Substitution Indoor Outdoor Summer(Black,5 Pcs)",1,66.29,66.29,Home Improvement,Home Improvement,Home Improvement,,LPNNH5R6YHBCB,,Lineshading,USED_GOOD,LIQ:3PL:PALLET:LNRM:PAL-69856,AMZ_3PL_20260409_025
BUILDING_AND_HARDWARE,Home Improvement,B0C2YR8LJ1,"Seealle Bedroom Lamps for Night Stands - Touch Control, 3 Way Dimmable, USB C+A Charging, LED Bulbs, Easy Assembly",1,64.99,64.99,Home Improvement,Home Improvement,Home Improvement,,LPNNA64PSL832,,Seealle,USED_GOOD,LIQ:3PL:PALLET:LNRM:PAL-69399,AMZ_3PL_20260409_025
BUILDING_AND_HARDWARE,Home Improvement,B0B8N5SNTR,"HouseAid 12FT Industrial Pipe Wall Handrail, Farmhouse Stairway Railing with 1-1/4 Inch Diameter Pipe, Vintage Style Stairs Handrail, Wall Mounted, Matte Black",1,64.99,64.99,Home Improvement,Home Improvement,Home Improvement,0793869268970,LPNNA64CJ7ZRH,793869268970,HouseAid,USED_GOOD,LIQ:3PL:PALLET:LNRM:PAL-69519,AMZ_3PL_20260409_025
MIXED_BUILDING_AND_INDUSTRIAL,Retail Store Fixtures,B0F2SJZXGT,GoodtoU Baby Hangers Velvet 100 Pack - Baby Felt Hangers Non Slip Toddler Hanger Childrens Hanger for Kid,1,64.99,64.99,Home Improvement,BISS,Store Fixtures and Equipment,0850076718039,LPNNA6G9163VB,850076718039,GoodtoU,USED_GOOD,LIQ:3PL:PALLET:LNRM:PAL-69856,AMZ_3PL_20260409_025
BUILDING_AND_HARDWARE,Air Control,B0C2Y262YK,"BNX TruFilter 20x20x1 Air Filter MERV 11 (6-Pack) - MADE IN USA - Allergen Defense Electrostatic Pleated Air Conditioner HVAC AC Furnace Filters for Allergies, Dust, Pet, Smoke, Allergy MPR 1200 FPR 7",1,64.00,64.00,Home Improvement,Home Improvement,Appliance Parts & Accessories,0850048312968,LPNNA6FM2SQZ5,850048312968,BNX,USED_GOOD,LIQ:3PL:PALLET:LNRM:PAL-68861,AMZ_3PL_20260409_025
BUILDING_AND_HARDWARE,Tape,B07KBYN14S,"TapeManBlue Carpet Protection Film 36"" x 200' roll, Self Adhesive Plastic Carpet Protector Film with Clean Removal & Easy Unwind, Durable Protection Tape to Shield Your Surface from Dirt and Spills",1,63.69,63.69,Home Improvement,Home Improvement,Painting Supplies,0816821000422,LPNNK5YDQ2FHD,816821000422,TapeManBlue,USED_GOOD,LIQ:3PL:PALLET:LNRM:PAL-69131,AMZ_3PL_20260409_025
BUILDING_AND_HARDWARE,Flooring,B09JWV5926,"Metty Metal Hand Rails for Outdoor Steps,2 Step Stair Handrail & Indoor Stair Railing Kit，Metty Metal Railings for Outdoor Steps and Hand Rails for Seniors for Porch Railing",1,62.39,62.39,Home Improvement,Home Improvement,Building Materials & Ladders,,LPNNA6GYPYVKB,,Metty Metal,USED_GOOD,LIQ:3PL:PALLET:LNRM:PAL-69669,AMZ_3PL_20260409_025
MIXED_BUILDING_AND_INDUSTRIAL,Heaters,B0CJNNS2XR,"Fenluqi Patio Heater Glass Tube Replacement, 49.5"" Tall 4"" Diameter, Glass Tube Patio Heater with Ring, Fits 4-Sided Patio Heaters, Compatible with Hiland, Fire Sense, and more",1,61.09,61.09,Home Improvement,BISS,Home Environment,,LPNNA67R1JF6L,,Fenluqi,USED_GOOD,LIQ:3PL:PALLET:LNRM:PAL-69131,AMZ_3PL_20260409_025
BUILDING_AND_HARDWARE,Other Material Handling,B0FB98KFDT,"Silipull Bike Rack Loading Ramp, 48 x 4 Inches,Folding Ramp, Bridge, Fit for E-Bicycles, Mountain and Road and Ordinary Bicycles, Fat Tires Bikes",1,61.09,61.09,Home Improvement,Home Improvement,Building Materials & Ladders,,LPNNA6NTS7P4H,,Silipull,USED_GOOD,LIQ:3PL:PALLET:LNRM:PAL-69638,AMZ_3PL_20260409_025
BUILDING_AND_HARDWARE,Home Improvement,B0CKVBB8Q6,"Roninby True HEPA Filter Replacement Compatible with LivePure Bali Series LP550TH, LP550THP Multi-Room Whole House Air Cleaner Purifier, Part Number LP550THP, 1 x HEPA Filter & 4 x Carbon Filter",1,60.44,60.44,Home Improvement,Home Improvement,Home Improvement,,LPNNA66SJRH6J,,Roninby,USED_GOOD,LIQ:3PL:PALLET:LNRM:PAL-69739,AMZ_3PL_20260409_025
BUILDING_AND_HARDWARE,Windows,B0F3JB7BNF,"AOSKY Cordless Zebra Blinds for Windows Pull Down Roller Window Shades Dual Layer Light Filtering Privacy for Day and Night, Free-Stop Door Shades for Home Easy to Install Linen Cream 20"" W X 72"" H",1,59.79,59.79,Home Improvement,Home Improvement,Building Materials & Ladders,,LPNNA62SHCYBQ,,AOSKY,USED_GOOD,LIQ:3PL:PALLET:LNRM:PAL-69302,AMZ_3PL_20260409_025
BUILDING_AND_HARDWARE,Windows,B0FDXM3YYX,"2-Pack Auto-Retractable Window Shades,Suction Window Roller Shade, UV/Heat Blocking Roller Shade, No-Drill Easy Install for Home,Office (23x49 Inches)",1,58.49,58.49,Home Improvement,Home Improvement,Building Materials & Ladders,0698746686444,LPNNA6B9B9YKS,698746686444,PEWHAUL,USED_GOOD,LIQ:3PL:PALLET:LNRM:PAL-69302,AMZ_3PL_20260409_025
BUILDING_AND_HARDWARE,Home Improvement,B0DM5QZ4PZ,"Howeall 30""W x 4""H [Duct Opening Size] Steel Return Air Grille, Air Return Vent Cover for Ceiling and Sidewall - HVAC Air Vent Covers - [Outer Dimensions: 31.75""W x 5.75""H]",1,58.49,58.49,Home Improvement,Home Improvement,Home Improvement,,LPNNA639CQTT5,,Howeall,USED_GOOD,LIQ:3PL:PALLET:LNRM:PAL-69644,AMZ_3PL_20260409_025
BUILDING_AND_HARDWARE,Painting Tools,B0DJQK3YM7,"AgiiMan 26FT Reach Telescoping Pole - 5 to 20FT Extension Pole, Portable Aluminum Telescoping Rod with Easy Flip Lock, Paint Roller Extension Poles for Paint Dusting, Window Cleaning",1,58.36,58.36,Home Improvement,Home Improvement,Painting Supplies,,LPNNK5KL6NXDH,,AgiiMan,USED_GOOD,LIQ:3PL:PALLET:LNRM:PAL-69669,AMZ_3PL_20260409_025
BUILDING_AND_HARDWARE,Medicine Cabinets and Mirrors,B0FSWW3RFP,"Bathroom Wall Cabinet No Mirror – Fluted Wood Medicine Cabinet with Towel Bar, Surface Mount Storage Organizer Over Toilet, Rustic Farmhouse Hanging Cupboard with Doors for Over Sink (Natural Oak)",1,64.99,64.99,Home Improvement,Home Improvement,Plumbing Fixtures,,LPNNA6VYN8XVH,,KAI-ROAD,USED_GOOD,LIQ:3PL:PALLET:LNRM:PAL-69131,AMZ_3PL_20260409_025
BUILDING_AND_HARDWARE,Interior Lights,B07TPJRR7M,"TALOYA LED Ceiling Light Living Room White, 15.8 Inch Thin Flat Modern Flush Mount Lighting Fixture for Bedroom,5 Color Temperatures in 1, 24w Round 0.94 Inch Thickness",1,64.99,64.99,Home Improvement,Home Improvement,Lighting & Fans,6971146174112,LPNNA6ZMB46DS,,TALOYA,USED_GOOD,LIQ:3PL:PALLET:LNRM:PAL-68867,AMZ_3PL_20260409_025
BUILDING_AND_HARDWARE,Kitchen Faucets and Accessories,B099PLQFYL,CIPOTAL 26.8 in. x 13.2 in. Centre Drain Sink Grid with Supersoft Silicone Feet in 304 Grade Stainless Steel,1,64.87,64.87,Home Improvement,Home Improvement,Plumbing Fixtures,0616908492269,LPNNA6FPYGYR4,616908492269,Cipotal,USED_GOOD,LIQ:3PL:PALLET:LNRM:PAL-68861,AMZ_3PL_20260409_025
BUILDING_AND_HARDWARE,Home Improvement,B0D3QTHKSR,"DLONE Linear Shower Drain | 24"" AISI 304 Stainless Steel Shower Drain, Matte Black Linear Drain with Tile Insert Panel & Adjustable Feet, Long Rectangle Shower Floor Drain in Bathroom, Balcony, etc",1,64.45,64.45,Home Improvement,Home Improvement,Home Improvement,,LPNNA645BY4FR,,DLONE,USED_GOOD,LIQ:3PL:PALLET:LNRM:PAL-69302,AMZ_3PL_20260409_025
BUILDING_AND_HARDWARE,Home Improvement,B0C8T92XXL,"Angol Shiold Elongated Toilet Seat Molded Wood Toilet Seat with Quietly Close and Quick Release Hinges, Easy to Install also Easy to Clean (Elongated, Beach)",1,63.69,63.69,Home Improvement,Home Improvement,Home Improvement,,LPNNA6SCB64TY,,Angol Shiold,USED_GOOD,LIQ:3PL:PALLET:LNRM:PAL-69131,AMZ_3PL_20260409_025
BUILDING_AND_HARDWARE,Toilet Seats and Bidet Seats,B087CMZ437,"Angel Shield Wood Veneer Natural Toilet Seat with Quiet Close, Easy Clean, Quick-Release Hinges (Elongated, Oak)",1,63.69,63.69,Home Improvement,Home Improvement,Plumbing Fixtures,0781159989919,LPNNA6GXG7WVZ,781159989919,Angel Shield,USED_GOOD,LIQ:3PL:PALLET:LNRM:PAL-69745,AMZ_3PL_20260409_025
BUILDING_AND_HARDWARE,Windows,B0FDWVGJWG,"Joydeco No Tools No Drill Cordless Cellular Shades, Light Filtering Honeycomb Blinds for Indoor Windows, Thermal Insulating & Noise Reducing (Black, 33"" W x 64"" H)",1,63.35,63.35,Home Improvement,Home Improvement,Building Materials & Ladders,,LPNNA62TQZJ6N,,Joydeco,USED_GOOD,LIQ:3PL:PALLET:LNRM:PAL-69519,AMZ_3PL_20260409_025
BUILDING_AND_HARDWARE,Home Improvement,B0F6YK6J9M,Ubisin 4 Pairs Soft Close Drawer Slides 22 Inch Full Extension Dresser Rails Heavy Duty Ball Bearing Kitchen Cabinet Drawer Glides Side Mount Tool Box Trash Can Runners 100 LB Capacity,1,61.74,61.74,Home Improvement,Home Improvement,Home Improvement,,LPNNA6ZYVP44C,,Ubisin,USED_GOOD,LIQ:3PL:PALLET:LNRM:PAL-68867,AMZ_3PL_20260409_025
BUILDING_AND_HARDWARE,Interior Lights,B01HBT3BVM,"Barrina (6 Pack LED T5 Integrated Single Fixture, 4FT, 2200lm, 6500K Super Bright White, 20W Utility LED Shop Light, Ceiling and Under Cabinet Light, Corded Electric with ON/Off Switch, ETL Listed",1,60.44,60.44,Home Improvement,Home Improvement,Lighting & Fans,0756040530372,LPNNA6G54GV9R,756040530372,Barrina,USED_GOOD,LIQ:3PL:PALLET:LNRM:PAL-69742,AMZ_3PL_20260409_025
MIXED_BUILDING_AND_INDUSTRIAL,Industrial HVAC,B0CP2DSWG5,keriolee 599-218 Front Climate Control Module Compatible with 1999-2002 Chevrolet Silverado 1500 2500 3500 A/C Heater Climate Control Module Panel Switch for 1999-2002 GMC Sierra 1500 2500 3500,1,59.79,59.79,Home Improvement,BISS,Industrial Electrical Supplies,,LPNNA6TXMR3K2,,keriolee,USED_GOOD,LIQ:3PL:PALLET:LNRM:PAL-69302,AMZ_3PL_20260409_025
BUILDING_AND_HARDWARE,Home Improvement,B0DFLNP8FQ,"LightingWill LED T5 Integrated Fixture 3FT 14W 4000K Natural White, Linkable LED Shop Light, Under Cabinet & Ceiling Light, Corded Electric with Built-in On/Off Switch, 4-Pack for Garage, Kitchen",1,59.33,59.33,Home Improvement,Home Improvement,Home Improvement,,LPNNA6J124KBS,,LightingWill,USED_GOOD,LIQ:3PL:PALLET:LNRM:PAL-69519,AMZ_3PL_20260409_025
BUILDING_AND_HARDWARE,Decor & Coverings,B0FH9Z7FWH,"RELIANCER Peel and Stick Wall Molding Kit,30PCS Pre-Cut Door Molding Panels,3D Moulding Wainscoting Panel,Self Adhesive Walls Moulding Trim,Wall Modular Frames for Interior Walls Decor Home Bedroom",1,58.49,58.49,Home Improvement,Home Improvement,Painting Supplies,,LPNNA6CQ9L3KT,,RELIANCER,USED_GOOD,LIQ:3PL:PALLET:LNRM:PAL-69302,AMZ_3PL_20260409_025
MIXED_BUILDING_AND_INDUSTRIAL,Classroom Supplies,B0G13FPZSN,"2 Pack Leather Car Backseat Organizer with Foldable Table Tray, Car Storage Organizer with Tablet Holder, Car Seat Back Protectors Kick MatsTravel Accessories",1,58.49,58.49,Home Improvement,BISS,Education Supplies,,LPNNA6554NVQS,,QIANKUNBAG,USED_GOOD,LIQ:3PL:PALLET:LNRM:PAL-69131,AMZ_3PL_20260409_025
MIXED_BUILDING_AND_INDUSTRIAL,Classroom Supplies,B0FXXGRY16,"maxtek Kids Easel, 24x18in Adjustable Double-Sided Whiteboard & Chalkboard 360°Rotating, Magnetic Standing Art Easel Kids for Boys and Girls 3+ with Drawing Accessories, Black",1,58.49,58.49,Home Improvement,BISS,Education Supplies,,LPNNA6SCG6SW5,,maxtek,USED_GOOD,LIQ:3PL:PALLET:LNRM:PAL-69685,AMZ_3PL_20260409_025
BUILDING_AND_HARDWARE,Heating & Accessories,B0FPQTCXNL,"16 x 16 Inch Return Air Vent Cover for Wall Ceiling,Steel AC Return Air Filter Grille Fits Duct Opening 16 x 16”, HVAC Vent Cover Grill,Holds 1"" Air Filter",1,58.49,58.49,Home Improvement,Home Improvement,Electrical & Heating,,LPNNA67DN4PB8,,EXCELFU,USED_GOOD,LIQ:3PL:PALLET:LNRM:PAL-68867,AMZ_3PL_20260409_025
BUILDING_AND_HARDWARE,Weatherstripping,B09ZDYK9GF,4PCS Car Weatherstrip Window Moulding Trim Seal Belt Chrome Replacement for TSX Sedan 2009-2014 Not Suitable for Travel Models,1,65.30,65.30,Home Improvement,Home Improvement,Hardware,,LPNNA6QRCWL8C,,SEBLAFF,USED_GOOD,LIQ:3PL:PALLET:LNRM:PAL-69302,AMZ_3PL_20260409_025
BUILDING_AND_HARDWARE,Home Improvement,B0FY2C6XLS,"Deewow Elongated Toilet Seat Soft Close, Wood Oval Toilet Lid with Slow Close Chrome Hinges, Heavy Duty Durable Natural Veneer Wooden Toilet Seat (Elongated, Dark Walnut)",1,64.99,64.99,Home Improvement,Home Improvement,Home Improvement,0763271114097,LPNNA6KYTQR1X,763271114097,Deewow,USED_GOOD,LIQ:3PL:PALLET:LNRM:PAL-69372,AMZ_3PL_20260409_025
BUILDING_AND_HARDWARE,Doors,B0CXJ5X3QZ,"FINOSEN 4FT Commercial Grade Sliding Pocket Door Hardware Track Kit,Top Mount,Heavy Duty,Smoothly and Quite,Easy to Install,Aluminum(Door is not Included)",1,64.99,64.99,Home Improvement,Home Improvement,Building Materials & Ladders,,LPNNA63KVY6CL,,FINOSEN,USED_GOOD,LIQ:3PL:PALLET:LNRM:PAL-69372,AMZ_3PL_20260409_025
BUILDING_AND_HARDWARE,Roofing,B0FPR81SZ8,"Return Air Filter Grille 18x18,Air Return Vent Cover for 18""W x 18""H Duct Opening,Steel HVAC Vent Covers for Wall and Ceiling,Holds 1"" Thick AC Filter",1,64.99,64.99,Home Improvement,Home Improvement,Building Materials & Ladders,,LPNNA6SYWTCDZ,,EXCELFU,USED_GOOD,LIQ:3PL:PALLET:LNRM:PAL-69131,AMZ_3PL_20260409_025
BUILDING_AND_HARDWARE,Home Improvement,B0DFWFPRVD,"Loyoda Toilet Seat Risers for Seniors, Removable Padded Raised Toilet Seat with Handles, Easy to Clean Adjustable Height Toilet Riser, Handicap Elevated Seat 400lb, Fits Any Toilet",1,64.99,64.99,Home Improvement,Home Improvement,Home Improvement,0198715841084,LPNNA67TQQR3Y,198715841084,Loyoda,USED_GOOD,LIQ:3PL:PALLET:LNRM:PAL-69638,AMZ_3PL_20260409_025
BUILDING_AND_HARDWARE,Tub and Shower Faucets and Accessories,B07DN6CFYF,"Neodrain 24-Inch Linear Shower Drain with Tile Insert Grate,Brushed 304 Stainless Steel Rectangle Shower Floor Drain, Linear Drain with Leveling Feet, Hair Strainer",1,64.69,64.69,Home Improvement,Home Improvement,Plumbing Fixtures,0708210452472,LPNNA6JL9CZCR,708210452472,Neodrain,USED_GOOD,LIQ:3PL:PALLET:LNRM:PAL-69302,AMZ_3PL_20260409_025
BUILDING_AND_HARDWARE,Chandeliers,B0FGV13NL2,"DLLT LED Ceiling Fan with Light: 16"" Modern Low Profile Flush Mount Fandelier with App & Remote Control - Dimmable Gold Bladeless Fan Light Fixture for Bedroom Kids Room Living Room",1,64.51,64.51,Home Improvement,Home Improvement,Lighting & Fans,,LPNNA6PSNB7LX,,DINGLILIGHTING,USED_GOOD,LIQ:3PL:PALLET:LNRM:PAL-69742,AMZ_3PL_20260409_025
BUILDING_AND_HARDWARE,Home Improvement,B0CKPF8GF9,"Bonsaii Safe, 0.6 Cubic Safe Box with Electronic Keypad, Removable Shelf, for Valuables Jewelry and Documents in Home, Hotel, or Business, 9.84"" x 13.78"" x 9.84"" Inches, SF002",1,62.39,62.39,Home Improvement,Home Improvement,Home Improvement,6955414113164,LPNNA6PG2PZK4,,bonsaii,USED_GOOD,LIQ:3PL:PALLET:LNRM:PAL-69172,AMZ_3PL_20260409_025
BUILDING_AND_HARDWARE,Home Improvement,B0C1M2QCBP,"BNX TruFilter 20x25x1 Air Filter MERV 11 (6-Pack) - MADE IN USA - Allergen Defense Electrostatic Pleated Air Conditioner HVAC AC Furnace Filters for Allergies, Dust, Pet, Smoke, Allergy MPR 1200 FPR 7",1,62.39,62.39,Home Improvement,Home Improvement,Home Improvement,0810134860087,LPNNA6JKW4N4K,810134860087,BNX,USED_GOOD,LIQ:3PL:PALLET:LNRM:PAL-69669,AMZ_3PL_20260409_025
MIXED_BUILDING_AND_INDUSTRIAL,Stainless Steel,B0BLC142KJ,"VIVOSUN 48"" Lawn Leveling Rake, 48"" x 10"" x 78"" Heavy-Duty Stainless Steel Lawn Leveler with 7FT Adjuatble Long Handle for High Effect, Metal Levelawn for Smooth Soil, Rustproof Rakes for Garden Yard",1,62.39,62.39,Home Improvement,BISS,Raw Materials,,LPNNA6CTTKJ7W,,VIVOSUN,USED_GOOD,LIQ:3PL:PALLET:LNRM:PAL-68867,AMZ_3PL_20260409_025
BUILDING_AND_HARDWARE,Lamps,B0F2M8YMGZ,"Hawisphy Let's Party Neon Signs, Neon Light Sign for Wall Decor 20 x 9Inches Large LED Neon Sign Art Decorative Lights for Wedding Party Home Bar Store Festival, White",1,61.09,61.09,Home Improvement,Home Improvement,Lighting & Fans,,LPNNA6G55H59G,,Hawisphy,USED_GOOD,LIQ:3PL:PALLET:LNRM:PAL-69519,AMZ_3PL_20260409_025
BUILDING_AND_HARDWARE,Doors,B0FZL4QL4X,"24x24 Access Panel for Drywall 24x24“ Metal Attic Door Plumbing Access Panel for Drywall,Thicken 1mm Metal,Cover 24x24 inch Wall Hole,Overall Size 25 1/2"" x 25 1/2""",1,61.07,61.07,Home Improvement,Home Improvement,Building Materials & Ladders,,LPNNA6JCJ2NXS,,EXCELFU,USED_GOOD,LIQ:3PL:PALLET:LNRM:PAL-69724,AMZ_3PL_20260409_025
MIXED_BUILDING_AND_INDUSTRIAL,Storing,B0DYT2DH92,"36 Eggs Incubator for Hatching Chicken/Goose/Quail/Duck/Turkey Eggs, 360° View Incubator with Automatic Egg Turning/Humidity Control/Low Humidity Alarm/Adjustable Tray, for Beginner/Farm/Teaching/Home",1,60.84,60.84,Home Improvement,BISS,Material Handling,,LPNNA6TDPY121,,VIOPUMPO,USED_GOOD,LIQ:3PL:PALLET:LNRM:PAL-69669,AMZ_3PL_20260409_025
BUILDING_AND_HARDWARE,Home Improvement,B0BRKJXL42,"2PK Support Pole,Steel Telescopic Quick Adjustable 3rd Hand Support System, Support Rod, Supports up to 154 lbs Construction Rods for Cabinet Jacks Cargo Bars Drywalls Extends from 50 Inch to 118 Inch",1,59.79,59.79,Home Improvement,Home Improvement,Home Improvement,,LPNNA68DSL28N,,ACEBINTE,USED_GOOD,LIQ:3PL:PALLET:LNRM:PAL-69372,AMZ_3PL_20260409_025
BUILDING_AND_HARDWARE,Casters & Floor Protection,B0F9B41XMM,"DorBuphan Folding Square Table Legs 2 PCS, Adjustable Height 25”- 34” DIY Desk Legs, Foldable Furniture Legs for Outdoor Camper, RV, Coffee Dinner Table, Tabletops, Kitchen",1,59.79,59.79,Home Improvement,Home Improvement,Hardware,,LPNNA6JQ7JLHD,,DorBuphan,USED_GOOD,LIQ:3PL:PALLET:LNRM:PAL-69372,AMZ_3PL_20260409_025
BUILDING_AND_HARDWARE,Windows,B0G6D6NL6L,"Doing-X No Drill Blackout Roman Shades for Indoor Windows,Cordless Roman Blinds,Linen No Tools Window Shades,Easy to Install Window Blinds for Home Bedroom,Blackout-Linen Beige 22"" W x 48"" H",1,58.49,58.49,Home Improvement,Home Improvement,Building Materials & Ladders,,LPNNA69WDXBTV,,Doing-X,USED_GOOD,LIQ:3PL:PALLET:LNRM:PAL-69739,AMZ_3PL_20260409_025
BUILDING_AND_HARDWARE,Home Improvement,B0CQ26DRTK,"Konideke 8 Pack 24 inch F17T8/841 17 Watts Light Bulb, 2 Foot Straight Fluorescent Tube T8 Tube Light, 4100K Cool White 1400 Lumen G13 Medium Bi-Pin Cap 8 Count",1,57.56,57.56,Home Improvement,Home Improvement,Home Improvement,,LPNNA6PXLZVY6,,Konideke,USED_GOOD,LIQ:3PL:PALLET:LNRM:PAL-69739,AMZ_3PL_20260409_025
MIXED_BUILDING_AND_INDUSTRIAL,Mobility Aids & Equipment,B0FCRGF52X,"Fasjloctavty Stainless Steel Couch Stand Assist for Elderly, Height Adjustable Versatile Chair Stand Assist, Lightweight Mobility Standing Aid Rail for Seniors, Disabled, Support 450lbs (Black)",1,56.80,56.80,Home Improvement,BISS,Professional Medical,,LPNNA6PNH733V,,Fasjloctavty,USED_GOOD,LIQ:3PL:PALLET:LNRM:PAL-68868,AMZ_3PL_20260409_025
BUILDING_AND_HARDWARE,Home Improvement,B0CBCNPCXD,"Wall Molding Kit for Interior Walls – Pre-Cut Factory Primed Trim Set for Decorative Panel Look, Accent Walls, Picture Frame & Wainscoting Projects | 3 Top 3 Bottom Frames",1,64.99,64.99,Home Improvement,Home Improvement,Home Improvement,,LPNNA6XZXYPCP,,birdeco,USED_GOOD,LIQ:3PL:PALLET:LNRM:PAL-69669,AMZ_3PL_20260409_025
BUILDING_AND_HARDWARE,Step Stools,B0D7J33W16,"KOLL LINK Step Ladder 4 Step Folding, Sturdy 330 Lbs Small Step Stool for Adults, Closet Step Stool Ladder with Anti-Slip Wide Pedals, Portable Folding Ladder for Home Kitchen Office",1,64.99,64.99,Home Improvement,Home Improvement,Building Materials & Ladders,,LPNNA6GCBL8KZ,,KOLL LINK,USED_GOOD,LIQ:3PL:PALLET:LNRM:PAL-69669,AMZ_3PL_20260409_025
BUILDING_AND_HARDWARE,Parts and Repair,B0FQ336Q99,"Sink Bottom Grid 29-1/2"" X 15-9/16"", Centered Drain with Corner Radius 3/8"", Sink Protector",1,64.99,64.99,Home Improvement,Home Improvement,Rough Plumbing,,LPNNA6K53WL75,,TOENMAN,USED_GOOD,LIQ:3PL:PALLET:LNRM:PAL-69638,AMZ_3PL_20260409_025
BUILDING_AND_HARDWARE,Tub and Shower Faucets and Accessories,B0G2FVTCH2,"41 to 185 Inch Tension Curtain Rod No Drill White Shower Curtain Rod Extra Long Heavy Duty Tension Rod for Windows, Patio, Bathroom - Renter Friendly Adjustable Curtain Rods",1,64.99,64.99,Home Improvement,Home Improvement,Plumbing Fixtures,,LPNNA6HMFTVKW,,MEXAU,USED_GOOD,LIQ:3PL:PALLET:LNRM:PAL-69745,AMZ_3PL_20260409_025
BUILDING_AND_HARDWARE,Chandeliers,B0FGV13NL2,"DLLT LED Ceiling Fan with Light: 16"" Modern Low Profile Flush Mount Fandelier with App & Remote Control - Dimmable Gold Bladeless Fan Light Fixture for Bedroom Kids Room Living Room",1,64.51,64.51,Home Improvement,Home Improvement,Lighting & Fans,,LPNNA66L5PBBW,,DINGLILIGHTING,USED_GOOD,LIQ:3PL:PALLET:LNRM:PAL-69742,AMZ_3PL_20260409_025
BUILDING_AND_HARDWARE,"Cabinet, Track & Accent Lighting",B0FDVH1WXS,"LED Recessed Lighting for Slat Wall Panels - 6PCS Self-Adhesive Dimmable LED Light Strips, 3000K Warm White with Touch Control, for Wood Wall Panels, Stairs, Headboard, Under Cabinet Decor",1,63.69,63.69,Home Improvement,Home Improvement,Lighting & Fans,0760762255918,LPNNA6VKXKD26,760762255918,Holymuss,USED_GOOD,LIQ:3PL:PALLET:LNRM:PAL-68867,AMZ_3PL_20260409_025
BUILDING_AND_HARDWARE,Home Improvement,B0CR7YWQS5,"FOYUEE Outdoor Metal Handrails for Steps – Exterior Stair Railing for Concrete Steps, Porch, Adjustable, Easy to Install, 2 Step",1,63.69,63.69,Home Improvement,Home Improvement,Home Improvement,,LPNNA6KPRZK7F,,FOYUEE,USED_GOOD,LIQ:3PL:PALLET:LNRM:PAL-69849,AMZ_3PL_20260409_025
BUILDING_AND_HARDWARE,Home Improvement,B0C7GTFJH6,"Etched Small Forest Metal Lampshade Top 6‘’ Bottom 10‘’ Height 7.5"" Barrel Shade Lampshade Fits Most Table Lamp and Floor Lamp Spider, Outer Black and inner Gold",1,63.15,63.15,Home Improvement,Home Improvement,Home Improvement,,LPNNA6J676GQ6,,ALUCSET,USED_GOOD,LIQ:3PL:PALLET:LNRM:PAL-69856,AMZ_3PL_20260409_025
BUILDING_AND_HARDWARE,Bath Hardware,B0FDKWXXYT,"10-Piece Bathroom Hardware Kit - Brushed Finish SUS304 Stainless Steel Set, Featuring 2 x 23.6 Towel Bars, 2 Towel Rings, 2 Toilet Paper Holders & 4 Towel Hooks (Brushed Stainless) (Brushed Finish)",1,62.39,62.39,Home Improvement,Home Improvement,Plumbing Fixtures,0761594457013,LPNNA65KW6R34,761594457013,AcePeak,USED_GOOD,LIQ:3PL:PALLET:LNRM:PAL-69532,AMZ_3PL_20260409_025
BUILDING_AND_HARDWARE,Windows,B0FK4LF313,"LazBlinds Cordless Roman Shades - No Drill Easy Install Light Filtering Window Blinds, Thermal Insulated Room Darkening with UV Blocking for Bedroom/Living Room, Window Size 24"" W x 48"" H, White",1,62.00,62.00,Home Improvement,Home Improvement,Building Materials & Ladders,,LPNNA6T8DH8SB,,LazBlinds,USED_GOOD,LIQ:3PL:PALLET:LNRM:PAL-69849,AMZ_3PL_20260409_025
MIXED_BUILDING_AND_INDUSTRIAL,Dining Room Supplies,B0FVKWJWCK,"LE TAUCI 9.3"" Ceramic Vase, Artisan Large White Ceramic Vase for Modern Farmhouse Home Decor, Substantial & Stable, Handcrafted Flower Vase, Living Room & Dining Room Table Centerpiece, Rustic White",1,61.74,61.74,Home Improvement,BISS,Food Service,,LPNNA6NCCBY8N,,LE TAUCI,USED_GOOD,LIQ:3PL:PALLET:LNRM:PAL-69724,AMZ_3PL_20260409_025
BUILDING_AND_HARDWARE,Home Improvement,B09RD2JX4B,"Standard Whole House Coconut Shell Carbon Block 5 Micron Water Filter 20” x 2.5” Fits 20” x 2.5” Housings. Remove Chlorine and Bad Odor. Compatible with C1-20, HX-CB-25-2010, F3WCB32 Pack of 4",1,61.09,61.09,Home Improvement,Home Improvement,Home Improvement,,LPNNA6TL5DPSH,,Ronaqua,USED_GOOD,LIQ:3PL:PALLET:LNRM:PAL-69729,AMZ_3PL_20260409_025
BUILDING_AND_HARDWARE,Decor & Coverings,B0BBM9X93C,"Abyssaly 35.4"" x 118"" Black Silk Wallpaper Peel and Stick Embossed Self Adhesive Black Contact Paper Removable Kitchen Vinyl Textured Wall Paper Cabinet Furniture Shelf Liner",1,61.02,61.02,Home Improvement,Home Improvement,Painting Supplies,,LPNNA68L8G97Z,,Abyssaly,USED_GOOD,LIQ:3PL:PALLET:LNRM:PAL-69302,AMZ_3PL_20260409_025
BUILDING_AND_HARDWARE,Bath Hardware,B0FX35ZSBL,"Towel Rack Wall for Bathroom Lavatory Hotel, 24 Inch Foldable Towel Shelf with 2 Towel Holder Bar and 7 Hooks, Black Matte Towel Storage Organizer Mounted, Drill-in or Adhesive Installation",1,58.16,58.16,Home Improvement,Home Improvement,Plumbing Fixtures,,LPNNA6K3RZWWX,,YAFAOCE,USED_GOOD,LIQ:3PL:PALLET:LNRM:PAL-68861,AMZ_3PL_20260409_025
BUILDING_AND_HARDWARE,Windows,B0FCLN2F1D,"Lazblinds Upgraded Top Down Bottom Up (TDBU) Honeycomb Blinds, No Drill No Tools Easy Install Cordless Cellular Shades for Windows 22.5"" W x 64"" H, White - Light Filtering",1,57.45,57.45,Home Improvement,Home Improvement,Building Materials & Ladders,,LPNNA6Q3PGSTC,,LazBlinds,USED_GOOD,LIQ:3PL:PALLET:LNRM:PAL-68867,AMZ_3PL_20260409_025
BUILDING_AND_HARDWARE,Home Improvement,B09XGPKPH5,"BNX TruFilter 14x25x1 Air Filter MERV 13 (6-Pack) - MADE IN USA - Electrostatic Pleated Air Conditioner HVAC AC Furnace Filters for Allergies, Pollen, Mold, Bacteria, Smoke, Allergen, MPR 1900 FPR 10",1,57.19,57.19,Home Improvement,Home Improvement,Home Improvement,0850028451519,LPNNA687TPD7K,850028451519,BNX,USED_GOOD,LIQ:3PL:PALLET:LNRM:PAL-69532,AMZ_3PL_20260409_025
MIXED_BUILDING_AND_INDUSTRIAL,Glassware & Plasticware,B0DNQ7BV95,Ziliny 5 Pcs 1 Gallon Plastic Jug with Lids Square Empty Storage Containers HDPE Carboy Plastic Jar Containers for Water Beverage Oil Liquids (Translucent Color),1,57.19,57.19,Home Improvement,BISS,"Labware, Consumables & Furniture",,LPNNA6SW1K49T,,Ziliny,USED_GOOD,LIQ:3PL:PALLET:LNRM:PAL-69745,AMZ_3PL_20260409_025
BUILDING_AND_HARDWARE,Home Improvement,B0FY67ZL32,"Hoovate 20 x 20 Inch (Duct Opening) Return Air Vent Cover, Louvered Steel HVAC Grille for Wall and Ceiling, White Powder-Coated Rust-Resistant Finish, Decorative Design, Easy to Install",1,56.80,56.80,Home Improvement,Home Improvement,Home Improvement,,LPNNA62MBG9Y3,,Hoovate,USED_GOOD,LIQ:3PL:PALLET:LNRM:PAL-69638,AMZ_3PL_20260409_025
BUILDING_AND_HARDWARE,Other,B075FKXJK6,"LightingWill LED T8 Light Tube 4FT, Warm White 3000K-3500K, Dual-End Powered Ballast Bypass, 2000Lumen 18W (40W Equivalent Fluorescent Replacement), Frosted Cover, AC85-265V Lighting Fixture, 4 Pack",1,55.89,55.89,Home Improvement,Home Improvement,Light Bulbs,0603813586350,LPNNA63XGBFZC,603813586350,LightingWill,USED_GOOD,LIQ:3PL:PALLET:LNRM:PAL-69302,AMZ_3PL_20260409_025
BUILDING_AND_HARDWARE,Home Improvement,B0FM3RM68F,"Pushglossy 4 Pcs 36"" Double Bubble Kerf Door Sweep 1-3/4"" Wide Vinyl Weatherstrip Seal for Exterior Doors, Energy Efficient Draft Stopper, Easy Slide in Installation, Blocks Dust/insects/noise (Black)",1,55.89,55.89,Home Improvement,Home Improvement,Home Improvement,,LPNNA6SM1VH51,,Pushglossy,USED_GOOD,LIQ:3PL:PALLET:LNRM:PAL-69372,AMZ_3PL_20260409_025
BUILDING_AND_HARDWARE,Home Improvement,B0D3GTQM9F,"VAGUDE Heavy Duty Drawer Slides Full Extension Side Mount 14 16 18 20 22 24 26 28 30 32 34 36 40 Inch 150 Lbs Metal Dresser Cabine Rails Tracks Glides Runner 1 Pair (Without Lock, 20 Inch)",1,55.15,55.15,Home Improvement,Home Improvement,Home Improvement,,LPNNA6KJNZ9DT,,VAGUDE,USED_GOOD,LIQ:3PL:PALLET:LNRM:PAL-69849,AMZ_3PL_20260409_025
BUILDING_AND_HARDWARE,Windows,B0D8P8HWC5,"LazBlinds No Tools No Drill Cordless Cellular Shades, Blackout Light Blocking Honeycomb Shades for Home, Thermal Insulation Blinds for Windows, 25"" W x 36"" H, White",1,54.80,54.80,Home Improvement,Home Improvement,Building Materials & Ladders,,LPNNA6P4HG51K,,LazBlinds,USED_GOOD,LIQ:3PL:PALLET:LNRM:PAL-69372,AMZ_3PL_20260409_025
BUILDING_AND_HARDWARE,Home Improvement,B0CN71DN2M,"Hicarer 2 Pcs 52 Inch Door Rain Drip Cap Guard Exterior Anodized Aluminum Overall Height 1-1/2 Inch Overhead Drip Edge Flashing Weather Stripping Window Deflector Home Top Roof Rain Diverter, Silver",1,51.99,51.99,Home Improvement,Home Improvement,Home Improvement,,LPNNA6RV76W16,,Hicarer,USED_GOOD,LIQ:3PL:PALLET:LNRM:PAL-69302,AMZ_3PL_20260409_025
BUILDING_AND_HARDWARE,Home Improvement,B0D9W5W2WY,"Folding Hand Truck, Dolly Cart with Wheels Foldable, Lightweight Aluminum Luggage Cart Portable Collapsible Trolly for Utility Cart, Hand Trucks for Moving Travel Shopping Airport Office",1,51.99,51.99,Home Improvement,Home Improvement,Home Improvement,0797422733271,LPNNA67H1DKC8,797422733271,SERVOMASTER,USED_GOOD,LIQ:3PL:PALLET:LNRM:PAL-69372,AMZ_3PL_20260409_025
BUILDING_AND_HARDWARE,Home Improvement,B0FC6PPQRH,"Hicarer 2 Pcs Door Bottom Sweep with Rain Drip 0.5625"" W x 2"" H x 36"" L, Black Exterior Door Rain Drip Guard, Bottom Weather Stripping, Mill Finish Aluminum with Vinyl Insert",1,51.99,51.99,Home Improvement,Home Improvement,Home Improvement,,LPNNA6SDMJ925,,Hicarer,USED_GOOD,LIQ:3PL:PALLET:LNRM:PAL-69372,AMZ_3PL_20260409_025
BUILDING_AND_HARDWARE,Tub and Shower Faucets and Accessories,B0BWJJ46Y6,"36 Inch Anti Slip Shower Grab Gold, Munzong Bathroom Grab Bar, Knurled Bathroom Balance Bar,Safety Hand Rail Support Handicap Elderly Injury Senior Assist Bath Handle",1,51.99,51.99,Home Improvement,Home Improvement,Plumbing Fixtures,0777886140716,LPNNA6P3M8JKG,777886140716,Munzong,USED_GOOD,LIQ:3PL:PALLET:LNRM:PAL-69669,AMZ_3PL_20260409_025
BUILDING_AND_HARDWARE,Weatherstripping,B0CSFNWTD4,"Pushglossy 4 Pcs Replacement Door Bottom with Vinyl Fins 36"" Long 1 3/4"" Wide Threshold Seal Bottom of Door Weatherstrip Kerf Weather Stripping for 7/8"" Between Barbs (White)",1,51.99,51.99,Home Improvement,Home Improvement,Hardware,,LPNNA6XV9RBJV,,Pushglossy,USED_GOOD,LIQ:3PL:PALLET:LNRM:PAL-69685,AMZ_3PL_20260409_025
MIXED_BUILDING_AND_INDUSTRIAL,Biohazard Waste Containers,B0FQC8PQZD,"Geiserailie 1 Set 5.3 Gallon Recycle Bins for Kitchen with Foot-Operated & Self-Closing Lid, Includes 50 Trash Bags Wastebasket Bin for Recycling and Waste for Indoor&Outdoor Kitchen & Office",1,51.99,51.99,Home Improvement,BISS,Professional Medical,,LPNNA6HL3S3R7,,Geiserailie,USED_GOOD,LIQ:3PL:PALLET:LNRM:PAL-68867,AMZ_3PL_20260409_025
BUILDING_AND_HARDWARE,Heating & Accessories,B0G4QZ29PY,"Baseboard Register Vent Cover Diffusers,18 inch Baseboard Heater Register for Duct Opening 18”,White Baseboard Diffusers Heating Vent for Floor Wall with Adjustable Airflow Lever and 3 Ways",1,51.99,51.99,Home Improvement,Home Improvement,Electrical & Heating,,LPNNA6JDR7YFQ,,EXCELFU,USED_GOOD,LIQ:3PL:PALLET:LNRM:PAL-68867,AMZ_3PL_20260409_025
BUILDING_AND_HARDWARE,Home Improvement,B0C7CP3C7C,"8 Pack L20 x H 12"" Black Heavy Duty Shelf Brackets with Screws Metal Shelf Brackets Shelf Support Angle Brackets for Shelves L Brackets Heavy Duty Floating Shelf",1,51.94,51.94,Home Improvement,Home Improvement,Home Improvement,,LPNNA6KDSGKP8,,MHMYDZ,USED_GOOD,LIQ:3PL:PALLET:LNRM:PAL-69372,AMZ_3PL_20260409_025
MIXED_BUILDING_AND_INDUSTRIAL,BISS,B071WD4NLR,"TapeManBlue Carpet Protection Film 24"" x 200' roll, Self Adhesive Plastic Carpet Protector Film with Clean Removal & Easy Unwind, Durable Protection Tape to Shield Your Surface from Dirt and Spills",1,50.69,50.69,Home Improvement,BISS,BISS,0816821000323,LPNNA6MPVK8JS,816821000323,TapeManBlue,USED_GOOD,LIQ:3PL:PALLET:LNRM:PAL-69745,AMZ_3PL_20260409_025
BUILDING_AND_HARDWARE,Home Improvement,B0FSQPYMVH,"Rayport American Standard Elongated Toilet Seat with toddler seat, Soft Close, 2 in 1 Seat, White, Great for Adults and Child",1,50.57,50.57,Home Improvement,Home Improvement,Home Improvement,,LPNNA6DYQK7NW,,Rayport,USED_GOOD,LIQ:3PL:PALLET:LNRM:PAL-69699,AMZ_3PL_20260409_025
BUILDING_AND_HARDWARE,Home Improvement,B0DRP3WRN7,"osayhome Grasscloth Textured Wallpaper White Gray Linen Thick 24"" X 394"" Fabric Contact Paper Grassweave Removable Modern Self Adhesive Wallpaper for Walls Cabinets Bedroom Liners Fireplace",1,49.39,49.39,Home Improvement,Home Improvement,Home Improvement,0768825414968,LPNNA6P7R772W,768825414968,osayhome,USED_GOOD,LIQ:3PL:PALLET:LNRM:PAL-69131,AMZ_3PL_20260409_025
BUILDING_AND_HARDWARE,Home Improvement,B0DT45128W,"osayhome Grasscloth Textured Wallpaper Dark Blue Linen Thick 24"" X 394"" Fabric Contact Paper Grassweave Removable Modern Self Adhesive Wallpaper for Walls Cabinets Bedroom Liners Fireplace",1,48.74,48.74,Home Improvement,Home Improvement,Home Improvement,0735530688946,LPNNA6HL46D8F,735530688946,osayhome,USED_GOOD,LIQ:3PL:PALLET:LNRM:PAL-69669,AMZ_3PL_20260409_025
BUILDING_AND_HARDWARE,Home Improvement,B0D3GD3WMS,"Storystore Folding Shelf Brackets - 24 Inch Heavy Duty Stainless Steel Collapsible Shelf Bracket for Bench Table, Space Saving DIY Bracket, Max Load: 550lb",1,48.15,48.15,Home Improvement,Home Improvement,Home Improvement,,LPNNA65G228FD,,Storystore,USED_GOOD,LIQ:3PL:PALLET:LNRM:PAL-69372,AMZ_3PL_20260409_025
BUILDING_AND_HARDWARE,Home Improvement,B0D3GD3WMS,"Storystore Folding Shelf Brackets - 24 Inch Heavy Duty Stainless Steel Collapsible Shelf Bracket for Bench Table, Space Saving DIY Bracket, Max Load: 550lb",1,48.15,48.15,Home Improvement,Home Improvement,Home Improvement,,LPNNA6RWDMJ3L,,Storystore,USED_GOOD,LIQ:3PL:PALLET:LNRM:PAL-69131,AMZ_3PL_20260409_025
BUILDING_AND_HARDWARE,Home Improvement,B0BZPC9HSC,"Gold Shower Grab Bar w/Anti-Slip Knurled Grip 32 Inch, Zepolu Wall Mounted Stainless Steel Bath Grab Bar,Safety Balanced Handrail, Handicap Injury Elderly Senior Assist Support Textured Handle",1,48.09,48.09,Home Improvement,Home Improvement,Home Improvement,0717428027600,LPNNA6HNQGCVR,717428027600,Zepolu,USED_GOOD,LIQ:3PL:PALLET:LNRM:PAL-69519,AMZ_3PL_20260409_025
BUILDING_AND_HARDWARE,Home Improvement,B0CHPHLBB6,"Qygba Replacement Wand Tube for Dyson Stick V15 V11 V10 V8 V7 Vacuum Parts, Extension Vacuum Replacement Parts, 28.7 In (Silver)",1,48.09,48.09,Home Improvement,Home Improvement,Home Improvement,,LPNNA6W11P8CK,,Qygba,USED_GOOD,LIQ:3PL:PALLET:LNRM:PAL-69372,AMZ_3PL_20260409_025
BUILDING_AND_HARDWARE,Home Improvement,B0DRCR9G1V,"LOVEETA® Gen2 12Ft [18Ft Reach] Extendable Light Bulb Changer Pole for High Ceilings – Telescopic Light Bulb Pole Changer with Bulb Gripper, Chandelier Lights - Jet Black",1,48.07,48.07,Home Improvement,Home Improvement,Home Improvement,,LPNNA6JYQK7YG,,LOVEETA,USED_GOOD,LIQ:3PL:PALLET:LNRM:PAL-69302,AMZ_3PL_20260409_025
MIXED_BUILDING_AND_INDUSTRIAL,Industrial Hand Tools,B0G6YB6GB4,"TORRIDE Manual Wire Stripping Machine Gauge Wire 0.06-1 inches,Scrapping Copper Wire Peeler Machine,Drill Powered Hand Crank Wire Stripper Tool for Scrap Copper Recycling",1,46.79,46.79,Home Improvement,BISS,Industrial Tools & Instruments,0717956327067,LPNNA62153FK2,717956327067,TORRIDE,USED_GOOD,LIQ:3PL:PALLET:LNRM:PAL-69172,AMZ_3PL_20260409_025
BUILDING_AND_HARDWARE,Home Improvement,B0F5NZF5G3,"Konideke F21T5/830 21 Watt 34 Inches T5 Fluorescent Light Bulb, 3000K Warm White, 2100 Lumens, 20000 Hour Lifespan, Mini Bi-Pin Base, 6 Pack",1,46.79,46.79,Home Improvement,Home Improvement,Home Improvement,,LPNNA6MR1PRMS,,Konideke,USED_GOOD,LIQ:3PL:PALLET:LNRM:PAL-69519,AMZ_3PL_20260409_025
MIXED_BUILDING_AND_INDUSTRIAL,Bedroom Aids & Accessories,B0G19P7166,"Phent zari Memory Foam Pillow, Cervical Pillow for Neck Pain Relief, Ergonomic Adjustable Contour Bed Pillow for Side, Back & Stomach Sleepers (2, 23.5 * 15.6 ihch)",1,46.79,46.79,Home Improvement,BISS,Professional Medical,0797085599429,LPNNA6W4C6NH6,797085599429,Phent zari,USED_GOOD,LIQ:3PL:PALLET:LNRM:PAL-69739,AMZ_3PL_20260409_025
BUILDING_AND_HARDWARE,Interior Lights,B087BWMJ47,"Modern Clear Glass Ceiling Light Fixture with 1-Light, A1A9 Industrial Sphere Glass Chandelier Fitting, E26 LED Semi-Flush Mount Pendant Lights for Kitchen, Bedroom, Bar, Counter, Cafe (Black)",1,46.79,46.79,Home Improvement,Home Improvement,Lighting & Fans,0778992591522,LPNNA6VSKF64Y,778992591522,A1A9,USED_GOOD,LIQ:3PL:PALLET:LNRM:PAL-69131,AMZ_3PL_20260409_025
MIXED_BUILDING_AND_INDUSTRIAL,Mobility Aids & Equipment,B0FD35G97H,"Big Hippo Wheelchair Seat Cushions, Comfortable Wheelchair Cushions for Pressure Relief, Soft Wheelchair Seat Cushions Pain Relief -17 ×17 Inches - Red",1,46.66,46.66,Home Improvement,BISS,Professional Medical,,LPNNA6H14Q81K,,Big Hippo,USED_GOOD,LIQ:3PL:PALLET:LNRM:PAL-69648,AMZ_3PL_20260409_025
MIXED_BUILDING_AND_INDUSTRIAL,BISS,B0C1C1H97K,"NeatiEase Threshold Ramps for Doorways, 48"" Metal Floor Transition Strip Replacement, Aluminum Floor Reducer Molding for Carpet/Entry Door/Tile/Threshold/Wheelchair (Silver)",1,44.30,44.30,Home Improvement,BISS,BISS,,LPNNA63PWND82,,NeatiEase,USED_GOOD,LIQ:3PL:PALLET:LNRM:PAL-69302,AMZ_3PL_20260409_025
BUILDING_AND_HARDWARE,"Door, Gate & Window Hardware",B0F6BY6NRC,"GLOKUUCA 1 Pcs Door Kick Plates - 6 x 34 Inches Kick Plates for Exterior Interior Doors Protection Decor, 1.5mm (1/16 Inch) Thickness Rectangular Aluminum Door Push Plate (Black)",1,40.29,40.29,Home Improvement,Home Improvement,Hardware,,LPNNA6RZ8G171,,GLOKUUCA,USED_GOOD,LIQ:3PL:PALLET:LNRM:PAL-69644,AMZ_3PL_20260409_025
BUILDING_AND_HARDWARE,Home Improvement,B0DSPHQPHZ,"SMILOOL Non Slip Stair Landing Rug for Wooden Steps Indoor, Stair Landing Mat Square 31"" x 31"" Landing Rugs for Wood Stairs, Carpet Stair Treads Matching Mats, Brown",1,38.99,38.99,Home Improvement,Home Improvement,Home Improvement,,LPNNA6K52KWSN,,SMILOOL,USED_GOOD,LIQ:3PL:PALLET:LNRM:PAL-68868,AMZ_3PL_20260409_025
MIXED_BUILDING_AND_INDUSTRIAL,Plastics,B0CNN32Q9S,"KAITELA Black ABS Plastic Sheet 18"" x 24"" x 0.060"" Moldable Flexible Thermoplastic Board 1/16"" Thick (1.5mm) for Craft Projects, Robotics Competitions - Textured & Smooth Surface, Pack of 2",1,38.99,38.99,Home Improvement,BISS,Raw Materials,,LPNNK5M143N7Q,,KAITELA,USED_GOOD,LIQ:3PL:PALLET:LNRM:PAL-69699,AMZ_3PL_20260409_025
BUILDING_AND_HARDWARE,Mailboxes,B0FR13PR8B,"Postal Pro, The Ambrose Mailbox, Durable Plastic, Easy to Install, Flag Included, White",1,38.99,38.99,Home Improvement,Home Improvement,Hardware,0850004408520,LPNNA6SQ7K29W,850004408520,Postal Pro,USED_GOOD,LIQ:3PL:PALLET:LNRM:PAL-68867,AMZ_3PL_20260409_025
MIXED_BUILDING_AND_INDUSTRIAL,Industrial Lighting,B0FP48257X,"Kixdorbol 8 Pack 24 Inch F17T8/DL Fluorescent Light Bulb, T8 17 Watt, 6500K Daylight, T8 2FT Fluorescent Replacement Tube, G13 Medium Bi-Pin Base",1,37.69,37.69,Home Improvement,BISS,Industrial Electrical Supplies,,LPNNA66FTTPD3,,Kixdorbol,USED_GOOD,LIQ:3PL:PALLET:LNRM:PAL-69302,AMZ_3PL_20260409_025
BUILDING_AND_HARDWARE,Bath & Vanity Lighting,B0FXWBXMCD,"MOONSEA 23 Inch RGB LED Flush Mount Ceiling Light with Remote Control, 32W +7W 3200LM Dimmable Color Changing Light Fixture Rectangle, Colorful for Bedroom, Kids Room， Party, White",1,37.39,37.39,Home Improvement,Home Improvement,Lighting & Fans,,LPNNA6WPWP4V6,,MOONSEA,USED_GOOD,LIQ:3PL:PALLET:LNRM:PAL-69638,AMZ_3PL_20260409_025
BUILDING_AND_HARDWARE,Home Improvement,B099PP5W8T,"FCSOTSPS 304 Stainless Steel Mesh Window Screen Roll,35IN x 10FT Black Metal Window Screen Replacement,Window Screen Mesh for Window,Door,Patio,Pet,Vent,Filter,Porch,Cage and DIY Projects (22 Mesh)",1,37.04,37.04,Home Improvement,Home Improvement,Home Improvement,,LPNNA6N14JKNJ,,FCSOTSPS,USED_GOOD,LIQ:3PL:PALLET:LNRM:PAL-69372,AMZ_3PL_20260409_025
MIXED_BUILDING_AND_INDUSTRIAL,3D Printer Parts and Accessories,B0F4QC56CJ,"3D Printer Filament Storage Rack, 4-Tier Printer Stand Filament Spool Holders Cart with Wheels, Heavy Duty Metal Shelf for PLA/ABS/TPU/Nylon, Filaments Organizer for 3D Printing Studio Office Workshop",1,56.52,56.52,Home Improvement,BISS,Additive Manufacturing,,LPNNA6RMHGZG6,,Beolisave,USED_GOOD,LIQ:3PL:PALLET:LNRM:PAL-69532,AMZ_3PL_20260409_025
BUILDING_AND_HARDWARE,Windows,B0FGCWPBNP,"LazBlinds Cordless Bamboo Roman Shades for Windows, Light Filtering Natural Bamboo Blinds, Easy Lift Cordless Design for Living Room & Bedroom, Fits Interior Windows 22.5"" W x 48"" H, Greystone",1,56.15,56.15,Home Improvement,Home Improvement,Building Materials & Ladders,,LPNNA63XG56YM,,LazBlinds,USED_GOOD,LIQ:3PL:PALLET:LNRM:PAL-69532,AMZ_3PL_20260409_025
BUILDING_AND_HARDWARE,Mailboxes,B0C8NC7WH5,Thyle 2 Pcs 4 x 4 x 39.4 Inches(Actual 3.5 x 3.5) Post Sleeve Vinyl Post Wrap Cover White Column Wraps for Porch Weatherproof for Lasting Durability Easy Installation on Patio Decks Porches Mailbox,1,55.89,55.89,Home Improvement,Home Improvement,Hardware,,LPNNA6X5B3Q2W,,Thyle,USED_GOOD,LIQ:3PL:PALLET:LNRM:PAL-68867,AMZ_3PL_20260409_025
BUILDING_AND_HARDWARE,Other Material Handling,B09L18Q3QS,"mitoharet 8Inch Auger Drill Bit, Planting Garden Planter Garden Drill Bit Post Hole Rapid Planter Compatible Auger Machine Head with 3/4In Shaft",1,54.41,54.41,Home Improvement,Home Improvement,Building Materials & Ladders,6903036754173,LPNNA6QNPBCKJ,,mitoharet,USED_GOOD,LIQ:3PL:PALLET:LNRM:PAL-69638,AMZ_3PL_20260409_025
BUILDING_AND_HARDWARE,Home Improvement,B0BN3QYTDS,Lanties 2 Pcs 30 Inch White Paper Lanterns Large Jumbo Round Lantern Lamp Hanging Ball Luminary for Wedding Party Bridal Shower Decoration Anniversary Birthday Classroom Home Ceiling Decorations,1,52.99,52.99,Home Improvement,Home Improvement,Home Improvement,,LPNNA6213CX77,,Lanties,USED_GOOD,LIQ:3PL:PALLET:LNRM:PAL-69745,AMZ_3PL_20260409_025
BUILDING_AND_HARDWARE,DFH Light Bulbs,B0D1C834LM,"Reisener T8 LED Bulbs 4 Foot, 24W 3120 Lumen, 6500K Cool White, Type A+B 4FT Tube Light, T10 T12 65W Equivalent Fluorescent Replacement for Office Shop Light, Remove Ballast or Plug & Play, 4 Pack",1,52.88,52.88,Home Improvement,Home Improvement,Light Bulbs,,LPNNA66TQWD54,,Reisener,USED_GOOD,LIQ:3PL:PALLET:LNRM:PAL-69685,AMZ_3PL_20260409_025
BUILDING_AND_HARDWARE,Home Improvement,B0F6MSVKL4,"Lichaser LED Recessed Lighting for Acoustic Panel, 6 Pcs of 3000K Dimmable LED Strip Light for Wood Slat Wall Panel in Parallel with Touch Sensor, Self-Adhesive for Slat Wall Decor (2*36+2*24+2*16 in)",1,51.99,51.99,Home Improvement,Home Improvement,Home Improvement,,LPNNA6DTXMC14,,Lichaser,USED_GOOD,LIQ:3PL:PALLET:LNRM:PAL-69519,AMZ_3PL_20260409_025
BUILDING_AND_HARDWARE,Home Improvement,B0F28KK35W,"Yuichoy Battery Operated Wall Sconces Set of 2, Wireless Wall Lights with Remote Control, Black 30 Inch Modern LED Rechargeable Sconces, Wall Lamp Indoor",1,51.99,51.99,Home Improvement,Home Improvement,Home Improvement,,LPNNA69WCR13V,,Yuichoy,USED_GOOD,LIQ:3PL:PALLET:LNRM:PAL-69372,AMZ_3PL_20260409_025
BUILDING_AND_HARDWARE,Home Improvement,B0BY747N75,"Purife Heavy Duty Black Hand Railings for Stairs Outdoor (1-3 Steps) - U Shaped Matte Safety Grab Bars for Elderly, Wall Mounted Handrails for Indoor Concrete Steps for Garage, Porch, Basement",1,51.99,51.99,Home Improvement,Home Improvement,Home Improvement,,LPNNA6ZW118FP,,Purife,USED_GOOD,LIQ:3PL:PALLET:LNRM:PAL-69638,AMZ_3PL_20260409_025
BUILDING_AND_HARDWARE,Home Improvement,B0BZPBWBG3,"Brushed Nickel Shower Grab Bar w/Anti-Slip Knurled Grip 36 Inch, Zepolu Stainless Steel Bathroom Grab Bars, Safety Bar Balanced Handrail, Handicap Injury Elderly Senior Assist Support Shower Handle",1,51.99,51.99,Home Improvement,Home Improvement,Home Improvement,0717428027563,LPNNA6NKSJC9J,717428027563,Zepolu,USED_GOOD,LIQ:3PL:PALLET:LNRM:PAL-69849,AMZ_3PL_20260409_025
MIXED_BUILDING_AND_INDUSTRIAL,"Heating, Cooling, Drying and Distillation",B0GSDNDD2C,"MeeF Egg Incubator for Hatching 28 Eggs, Auto Flip, Independent Atomizing Humidifier, with Duck and Goose Egg Trays (Green)",1,51.87,51.87,Home Improvement,BISS,"Labware, Consumables & Furniture",,LPNNA6K7PVPQ4,,MeeF,USED_GOOD,LIQ:3PL:PALLET:LNRM:PAL-69856,AMZ_3PL_20260409_025
BUILDING_AND_HARDWARE,Home Improvement,B0C7P5XKLZ,"1M Family Toilet Seat, Patented Slow Close & Quick Releasing Technology, Anti-Wiggling, Easy to Install and Clean, Standard Elongated with Toddler Seat Built In (1 Piece)",1,51.74,51.74,Home Improvement,Home Improvement,Home Improvement,,LPNNA6LXH9LDH,,1M,USED_GOOD,LIQ:3PL:PALLET:LNRM:PAL-69724,AMZ_3PL_20260409_025
BUILDING_AND_HARDWARE,Windows,B0FHKKCWYY,"LazBlinds No Tools No Drill Cordless Cellular Shades, Light Filtering Honeycomb Shades for Home, Thermal Insulation Blinds for Windows, 23"" W x 48"" H, Dark Grey",1,51.10,51.10,Home Improvement,Home Improvement,Building Materials & Ladders,,LPNNA6PG8KQ18,,LazBlinds,USED_GOOD,LIQ:3PL:PALLET:LNRM:PAL-69302,AMZ_3PL_20260409_025
BUILDING_AND_HARDWARE,Home Improvement,B09NDRDGYR,"Allisfresh HE601 HEPA Filter Replacement compatible with Shark HE6FKPET HE601 HE602 6 Fan Air Cleaner Purifier, Models HE601 HE602 True Premium HEPA Filter 1 Pack",1,49.39,49.39,Home Improvement,Home Improvement,Home Improvement,0779953084374,LPNNA63516QQT,779953084374,Allisfresh,USED_GOOD,LIQ:3PL:PALLET:LNRM:PAL-69131,AMZ_3PL_20260409_025
BUILDING_AND_HARDWARE,Windows,B0FR2YSPZG,"Bectosy Window Privacy Film, Static Cling Stained Glass Window Film Decorative, Non-Adhesive 3D Rainbow Frosting Film Anti-UV for Bathroom Home Door (Colorful, 23.6"" x 118.1"")",1,48.09,48.09,Home Improvement,Home Improvement,Building Materials & Ladders,,LPNNA67XGMXL4,,Bectosy,USED_GOOD,LIQ:3PL:PALLET:LNRM:PAL-69302,AMZ_3PL_20260409_025
BUILDING_AND_HARDWARE,Windows,B0FWJ8HNTY,"AURILOFT No Tools No Drill 1"" Cordless Mini Blinds, Horizontal Light Filtering Blind, Vinyl Blinds for Indoor Windows 28"" W x 72"" H, White.",1,48.09,48.09,Home Improvement,Home Improvement,Building Materials & Ladders,,LPNNA66H1XD6Z,,AURILOFT,USED_GOOD,LIQ:3PL:PALLET:LNRM:PAL-69669,AMZ_3PL_20260409_025
BUILDING_AND_HARDWARE,Home Improvement,B0G7H2RVSZ,"36 Inch Shower Grab Bar 1.25"" Dia, Black Anti Slip Bathroom Grab Bar, 304 Stainless Steel Knurled Handicap Grab Bars, Safety Support Handrail, Assist Bath Shower Handle for Elderly Injury Senior",1,48.09,48.09,Home Improvement,Home Improvement,Home Improvement,,LPNNA697TLFC4,,HUAS,USED_GOOD,LIQ:3PL:PALLET:LNRM:PAL-69638,AMZ_3PL_20260409_025
MIXED_BUILDING_AND_INDUSTRIAL,Liquid Handling,B0G3P4SJ4T,"Stainless Steel Quad Glove Box Holder, Quad Glove Box Holder & Glove Box Organizer for Wall Mount, Stainless Steel 4-Compartment Dispenser, 20.9""L x 3.7""W x 10""H",1,48.09,48.09,Home Improvement,BISS,Lab Equipment & Instruments,,LPNNA6XSGJQRX,,Acxetx,USED_GOOD,LIQ:3PL:PALLET:LNRM:PAL-69856,AMZ_3PL_20260409_025
BUILDING_AND_HARDWARE,Home Improvement,B0DRNRR9D6,LOVEETA® Gen2 12Ft [18Ft Reach] Lightweight Extendable Light Bulb Changer Pole for High Ceilings – Telescopic Light Bulb Pole Changer with Bulb Gripper - Champagne Gold,1,48.07,48.07,Home Improvement,Home Improvement,Home Improvement,,LPNNK5GKXC8PS,,LOVEETA,USED_GOOD,LIQ:3PL:PALLET:LNRM:PAL-69131,AMZ_3PL_20260409_025
BUILDING_AND_HARDWARE,Windows,B0FQ5F82MQ,"LazBlinds Cordless Beige 1” Light Filtering Vinyl Mini Blinds, 34"" W X 48"" H Horizontal Window Blinds for Home, Cordless Shades for Indoor Windows",1,47.49,47.49,Home Improvement,Home Improvement,Building Materials & Ladders,,LPNNA6DHCZYPZ,,LazBlinds,USED_GOOD,LIQ:3PL:PALLET:LNRM:PAL-68868,AMZ_3PL_20260409_025
BUILDING_AND_HARDWARE,Bath Faucets and Accessories,B0DCBNMSGH,"27-9/16"" x 14-9/16"" Sink Protector, Rear Drain with Corner Radius 3/16"", Sink Grid - Rear Drain for Single Bowl Kitchen Sinks",1,46.79,46.79,Home Improvement,Home Improvement,Plumbing Fixtures,,LPNNA6B8JZ185,,Frsmvati,USED_GOOD,LIQ:3PL:PALLET:LNRM:PAL-69724,AMZ_3PL_20260409_025
BUILDING_AND_HARDWARE,Home Improvement,B0D4QT4WYM,Hicarer 2 Pcs 40 Inch Anodized Aluminum Door Drip Cap Overall Height 1-1/2 Inches Overhead Edge Window Rain Deflector Home Rain Drip Guard Door Top Weatherstrip (Black),1,46.79,46.79,Home Improvement,Home Improvement,Home Improvement,,LPNNK5T54Q888,,Hicarer,USED_GOOD,LIQ:3PL:PALLET:LNRM:PAL-69849,AMZ_3PL_20260409_025
MIXED_BUILDING_AND_INDUSTRIAL,Trash Bags & Liners,B0F3D5Z5VY,"Coeusy 3 Gallon Wicker Trash Can,Small Bathroom Trash Can with Lid,Natural Water Hyacinth Wicker Waste Basket for Bedroom,Toilet,Narrow Garbage Can with Removable Liner",1,45.49,45.49,Home Improvement,BISS,Janitorial & Sanitation,,LPNNA6RZ9PR17,,Coeusy,USED_GOOD,LIQ:3PL:PALLET:LNRM:PAL-69638,AMZ_3PL_20260409_025
BUILDING_AND_HARDWARE,Cord & Power Management,B0G2M2N8JF,"Outlet Extender Stick 22""-34"" with 2 AC Outlets & USB-A,USB-C Ports,180°Rotating Wall Plug Socket Access Hard-to-Reach Extension Cord Extender Behind Nightstand,Sofa (1 Pack)",1,44.19,44.19,Home Improvement,Home Improvement,Electrical & Heating,,LPNNA69PT9CLW,,EDIEBE,USED_GOOD,LIQ:3PL:PALLET:LNRM:PAL-69519,AMZ_3PL_20260409_025
BUILDING_AND_HARDWARE,Tub and Shower Faucets and Accessories,B0FZTHWGZ6,"Tension Curtain Rod 41-86In-150Lb, Curtain Rod No Drilling for Window or Bathroom Patio, Adjustable Heavy Duty Shower Curtain Rod, Easy to Install, Never Rust, Rod Diameter 1.26 Inches-Black",1,44.19,44.19,Home Improvement,Home Improvement,Plumbing Fixtures,,LPNNA6F4DRZ2N,,Treije,USED_GOOD,LIQ:3PL:PALLET:LNRM:PAL-69644,AMZ_3PL_20260409_025
BUILDING_AND_HARDWARE,Home Improvement,B0FDQNNSXS,"Large Drum Lamp Shades 16"" Top X 16"" Bottom X 10"" High, Seaside village Medium Lampshades White Lampshades Natural Linen Hand Crafted, Easy Assembly Required，Lnclude E26-E14-11mm Adapter Ring",1,44.19,44.19,Home Improvement,Home Improvement,Home Improvement,,LPNNA6TQZ257W,,OTTOSEA,USED_GOOD,LIQ:3PL:PALLET:LNRM:PAL-68861,AMZ_3PL_20260409_025
BUILDING_AND_HARDWARE,"Cabinet, Track & Accent Lighting",B094XYNS78,"THMOOTHER 10-Pack 3.3FT 1Meter V Shape LED Strip Aluminum Channel Diffuser System, Extruded Alu Track Milky Cover with Corner Connector and Mounting Kit,Easy Cut and Installed Curved Lens Profile",1,40.82,40.82,Home Improvement,Home Improvement,Lighting & Fans,0799513883988,LPNNA6Z55D5BB,799513883988,THMOOTHER,USED_GOOD,LIQ:3PL:PALLET:LNRM:PAL-69131,AMZ_3PL_20260409_025
BUILDING_AND_HARDWARE,Cabinet Hardware,B0B4CPKQRD,LONTAN 1 Pair Side Mount Heavy Duty Drawer Glides 22 inch Soft Close Drawer Slides 100 LB Capacity Ball Bearing Full Extension Cabinet Rails,1,39.52,39.52,Home Improvement,Home Improvement,Hardware,,LPNNA6HH1NGM9,,LONTAN,USED_GOOD,LIQ:3PL:PALLET:LNRM:PAL-68868,AMZ_3PL_20260409_025
BUILDING_AND_HARDWARE,Home Improvement,B0B4WY3X9S,"Sokply T8 T12 4FT LED Bulbs Light Tube Type A+B 18W 2250LM, F32T8/F40T12 LED Fluorescent Replacement(18W=30W), 5000K Daylight, Plug and Play or Ballast Bypass, Dual-End, UL & DLC Listed(2 pcs)",1,38.99,38.99,Home Improvement,Home Improvement,Home Improvement,0750439123190,LPNNA6TCFN6J3,750439123190,Sokply,USED_GOOD,LIQ:3PL:PALLET:LNRM:PAL-69739,AMZ_3PL_20260409_025
BUILDING_AND_HARDWARE,Home Improvement,B0D14GHZLG,"KIWIVIC 16 Inch Flush Mount Ceiling Light, 32W Dimmable LED Fixture 3200LM, 3000K/4500K/6000K Adjustable, Round Ceiling Lamp for Bedroom, Kitchen, Living Room, Dining Room, Bathroom, White",1,38.99,38.99,Home Improvement,Home Improvement,Home Improvement,,LPNNA64ZY4XL1,,KIWIVIC,USED_GOOD,LIQ:3PL:PALLET:LNRM:PAL-69669,AMZ_3PL_20260409_025
BUILDING_AND_HARDWARE,Humidifier Accessories,B0D1K77DCQ,"Dssuta HP200 HP201 HP202 Replacement Filter Compatible with Shark HP200 Series, HP202 HP201 HP232 HP302, UA205 and HC502 Air Filter Replacement, Compare Part HE2FKBAS, HE2FKBASMB",1,38.99,38.99,Home Improvement,Home Improvement,Home Environment,,LPNNA62JPLFX3,,Dssuta,USED_GOOD,LIQ:3PL:PALLET:LNRM:PAL-68861,AMZ_3PL_20260409_025
BUILDING_AND_HARDWARE,Windows,B0FD3JPH1K,"SUNBABY Reeded Glass Window Privacy Film, Decorative Frosted Glass Window Film for Bathroom & Front Door, 3D Static Cling Window Coverings Day and Night Privacy Sun Heat Blocking (23.6 x 78.7 Inch)",1,38.99,38.99,Home Improvement,Home Improvement,Building Materials & Ladders,,LPNNA6VKWV185,,SUNBABY,USED_GOOD,LIQ:3PL:PALLET:LNRM:PAL-69849,AMZ_3PL_20260409_025
BUILDING_AND_HARDWARE,Walls & Ceilings,B0CM3ZJ56X,"Double Curtain Rods Warm Gold,Room Darkening Drapery Rod for 48-84 Inches,Adjustable 3/4 Inches Front and 5/8 Inches Back Quality Metal Rod for Window,Wrap Around Design",1,56.06,56.06,Home Improvement,Home Improvement,Building Materials & Ladders,,LPNNA6DTVDGTJ,,Mayrhyme,USED_GOOD,LIQ:3PL:PALLET:LNRM:PAL-69644,AMZ_3PL_20260409_025
BUILDING_AND_HARDWARE,Home Improvement,B0DR947JTC,"48 Inch Ceiling Fan Downrod, 1"" Diameter Matte Black Ceiling Fan Extension Rod (No Threads),Universal Down Rods for Ceiling Fans,Easy Installation",1,55.89,55.89,Home Improvement,Home Improvement,Home Improvement,,LPNNH5QPVMCFK,,FEHEED,USED_GOOD,LIQ:3PL:PALLET:LNRM:PAL-69302,AMZ_3PL_20260409_025
BUILDING_AND_HARDWARE,Home Improvement,B0DG25HM66,"Floor Register 4x10, Floor Vent Covers, Heavy Duty Steel Walkable Floor Vents, for Sidewall and Floor, Brown 10 Pack",1,55.89,55.89,Home Improvement,Home Improvement,Home Improvement,,LPNNA67WFGJPW,,HQZHQZ,USED_GOOD,LIQ:3PL:PALLET:LNRM:PAL-68868,AMZ_3PL_20260409_025
BUILDING_AND_HARDWARE,Home Improvement,B0DM1YWCSF,LONTAN Heavy Duty Full Extension Ball Bearing Drawer Slides 8 10 12 14 16 18 20 22 24 Inch Side Mount File Cabinet Rails Dresser Runner Kitchen Cabinet Drawer Glides 100 LB Capacity (22 inch，2 Pairs),1,54.59,54.59,Home Improvement,Home Improvement,Home Improvement,,LPNNA6DYPJHKC,,LONTAN,USED_GOOD,LIQ:3PL:PALLET:LNRM:PAL-69519,AMZ_3PL_20260409_025
BUILDING_AND_HARDWARE,Raw Building Materials,B0FW4HN123,"Raytano 5"" W×36""L Flat Profile Solid Oak Floor Transition Strip, Wood Door Threshold for Tile Carpet Wood Laminate Vinyl Flooring (5/8"" H,5"" W, 36"" L)",1,54.59,54.59,Home Improvement,Home Improvement,Building Materials & Ladders,,LPNNA6NHBGSTC,,Raytano,USED_GOOD,LIQ:3PL:PALLET:LNRM:PAL-69302,AMZ_3PL_20260409_025
BUILDING_AND_HARDWARE,Pipe and Conduit,B0895M8DQT,"GeilSpace 6 Pack 1/2"" × 42"" Pre-Cut Black Metal Pipe, Industrial Steel Fits Standard Half Inch Black Threaded Pipes and Fittings - Vintage DIY Industrial Shelving (1/2"" × 42"")",1,54.22,54.22,Home Improvement,Home Improvement,Rough Plumbing,0782901876587,LPNNA6YHHL7CC,782901876587,GeilSpace,USED_GOOD,LIQ:3PL:PALLET:LNRM:PAL-69849,AMZ_3PL_20260409_025
BUILDING_AND_HARDWARE,Windows,B0FQ5CD3TK,"LazBlinds Cordless Beige 1” Light Filtering Vinyl Mini Blinds, 48"" W X 48"" H Horizontal Window Blinds for Home, Cordless Shades for Indoor Windows",1,53.11,53.11,Home Improvement,Home Improvement,Building Materials & Ladders,,LPNNA6PV9SSLV,,LazBlinds,USED_GOOD,LIQ:3PL:PALLET:LNRM:PAL-68867,AMZ_3PL_20260409_025
BUILDING_AND_HARDWARE,Home Improvement,B0DPSD66TH,"TOBUSA 22“ Farmhouse Table Lamps Set of 2, White Rustic Vintage Table Lamps for Living Room Bedroom, Antique Bedside Desk Lamps with Linen Shade, Traditional Resin Nightstand Lamp Sets for End Table",1,51.99,51.99,Home Improvement,Home Improvement,Home Improvement,,LPNNA6LG5K8G6,,TOBUSA,USED_GOOD,LIQ:3PL:PALLET:LNRM:PAL-69131,AMZ_3PL_20260409_025
BUILDING_AND_HARDWARE,Ladder Accessories,B0C6LK76KL,"Step Stool for Adults,2 Step Ladder Folding 330lbs Anti Slip Step Stool,Foldable Ergonomic 2 Steel Stool with Wide Pedal for Home, Kitchen, Office (White)",1,51.99,51.99,Home Improvement,Home Improvement,Building Materials & Ladders,0711026393112,LPNNA6JR2X3TP,711026393112,ASPERLAD,USED_GOOD,LIQ:3PL:PALLET:LNRM:PAL-69644,AMZ_3PL_20260409_025
MIXED_BUILDING_AND_INDUSTRIAL,Bedroom Aids & Accessories,B0GHMCT3Y8,"Memory Foam Ergonomic Wedge Pillow - 27° Lift Support Cushion for Sleeping, Reading & Prone Positions Multi-Functional Rest Pillow for Neck, Waist & Back Pain Relief with Washable Cover- Light Grey",1,51.99,51.99,Home Improvement,BISS,Professional Medical,,LPNNA6XR25RLT,,Bawanglo,USED_GOOD,LIQ:3PL:PALLET:LNRM:PAL-69856,AMZ_3PL_20260409_025
BUILDING_AND_HARDWARE,Home Improvement,B0CB63WVKZ,"WAPANE Dark Gray Concrete Wallpaper 23.6in x 720in, Black Cement Contact Paper 3D Matte Textured, Wall Paper Peel and Stick Self-Adhesive Removable for Living Room Bedroom Bathroom Gym",1,51.99,51.99,Home Improvement,Home Improvement,Home Improvement,,LPNNA6STWR5L1,,WAPANE,USED_GOOD,LIQ:3PL:PALLET:LNRM:PAL-69849,AMZ_3PL_20260409_025
BUILDING_AND_HARDWARE,Home Improvement,B0C7P5XKLZ,"1M Family Toilet Seat, Patented Slow Close & Quick Releasing Technology, Anti-Wiggling, Easy to Install and Clean, Standard Elongated with Toddler Seat Built In (1 Piece)",1,51.68,51.68,Home Improvement,Home Improvement,Home Improvement,,LPNNA6FYQ348V,,1M,USED_GOOD,LIQ:3PL:PALLET:LNRM:PAL-69638,AMZ_3PL_20260409_025
MIXED_BUILDING_AND_INDUSTRIAL,Industrial Mats,B0DBDSTR9M,"OLANLY Large Door Mat Indoor Entrance Washable 48x32, Odor-Free Low-Profile Front Back Geometric Doormat, Absorbent Resist Dirt Entry Carpet, Easy to Clean Sturdy Floor Mats for Entryway, Dark Brown",1,50.69,50.69,Home Improvement,BISS,Janitorial & Sanitation,,LPNNK53YPHLK6,,OLANLY,USED_GOOD,LIQ:3PL:PALLET:LNRM:PAL-69849,AMZ_3PL_20260409_025
BUILDING_AND_HARDWARE,Tub and Shower Faucets and Accessories,B0FZTSHHM1,"Tension Curtain Rod 41-122 In-88Lb Outdoor Extra Long Tension Rod No Drilling for Window or Bathroom Patio, Adjustable Heavy Duty Shower Curtain Rod, Easy to Install, Never Rust, Non-Slip-White",1,50.30,50.30,Home Improvement,Home Improvement,Plumbing Fixtures,,LPNNA6BCCD4HR,,Treije,USED_GOOD,LIQ:3PL:PALLET:LNRM:PAL-69519,AMZ_3PL_20260409_025
BUILDING_AND_HARDWARE,Home Improvement,B0D8BKTJ77,"Decoroom Contact Paper 23.6"" X 236"" Removable Vinyl Film Red Brown Wood Grain Contact Paper Textured Self-Adhesive Shelf Panel Decorative Wall Liner Apply for Old Furniture Kitchen Cabinets.",1,49.39,49.39,Home Improvement,Home Improvement,Home Improvement,,LPNNA65DKPZVR,,Decoroom,USED_GOOD,LIQ:3PL:PALLET:LNRM:PAL-69302,AMZ_3PL_20260409_025
BUILDING_AND_HARDWARE,Decor & Coverings,B0FF9XC5TK,Haimin Wall Panels Peel and Stick 10 Pieces 23.6x11.8in (19.4 Sq. Ft. Coverage) Lightweight Backsplash Marble Look Tile (not Real Marble) Ideal for Kitchen Bathrooms Living Rooms Bedrooms,1,49.39,49.39,Home Improvement,Home Improvement,Painting Supplies,,LPNNA6HL8SHJQ,,Haimin,USED_GOOD,LIQ:3PL:PALLET:LNRM:PAL-69372,AMZ_3PL_20260409_025
MIXED_BUILDING_AND_INDUSTRIAL,BISS,B0C7VNFSX4,"Egofine Plexiglass Sheets Acrylic Sheets 6 Pack of 24x36’’ 0.04 Thickness 1mm Clear Plastic Cast Transparent Plexi Glass for Crafting DIY Projects, Replacement Picture Frame Glass, Easy to Cut",1,48.74,48.74,Home Improvement,BISS,BISS,,LPNNA67SKG1F9,,Egofine,USED_GOOD,LIQ:3PL:PALLET:LNRM:PAL-69745,AMZ_3PL_20260409_025
BUILDING_AND_HARDWARE,Roofing,B0FD42K97Y,"Fits 14x14 Duct Opening | Steel Return Air Filter Grille by Sierra Grates | Vent Cover Grill for Sidewall and Ceiling | White Powder Coated with Frame",1,48.09,48.09,Home Improvement,Home Improvement,Building Materials & Ladders,0850071516555,LPNNA65JNN8FJ,850071516555,Sierra Grates,USED_GOOD,LIQ:3PL:PALLET:LNRM:PAL-69131,AMZ_3PL_20260409_025
BUILDING_AND_HARDWARE,Windows,B0DSKXMRB8,"rabbitgoo Window Privacy Film Frosted Glass Film, Decorative Cling UV Sun Blocking Decals, Frosting Window Clings for Home Bathroom Door Coverings, 23.6 x157.5 inches",1,48.09,48.09,Home Improvement,Home Improvement,Building Materials & Ladders,,LPNNA6SDPHKF5,,rabbitgoo,USED_GOOD,LIQ:3PL:PALLET:LNRM:PAL-69849,AMZ_3PL_20260409_025
BUILDING_AND_HARDWARE,Windows,B0FY6C9914,"MYshade No-Drill Cordless Horizontal Mini Blinds – 35"" W x 64"" H Tool-Free Inside Mount Window Blinds with 1"" Vinyl Slats, Light Filtering & Privacy, Child & Pet Safe, Gray",1,47.65,47.65,Home Improvement,Home Improvement,Building Materials & Ladders,,LPNNA62564W4Z,,MYshade,USED_GOOD,LIQ:3PL:PALLET:LNRM:PAL-69729,AMZ_3PL_20260409_025
BUILDING_AND_HARDWARE,Flooring,B0FJF7HGW8,"3 FT Wood Handrails for Indoor Stairs, Wall-Mounted Staircase Handrails for Indoor Outdoor Steps, Non-Slip Stairs Railing Indoor for Corridor, Lofts, Patio, Kindergarten Guardrail (Round Wood)",1,46.79,46.79,Home Improvement,Home Improvement,Building Materials & Ladders,,LPNNA63RGG32Q,,Henka,USED_GOOD,LIQ:3PL:PALLET:LNRM:PAL-69302,AMZ_3PL_20260409_025
BUILDING_AND_HARDWARE,Windows,B0FD2VTMDD,"HESTIA No Drill Cordless Room Darkening Vinyl Mini Blinds, 1” L-Shaped PVC Slats Venetian Horizontal Blind Privacy Indoor Window Coverings for Bedroom, Bathroom and Kitchen, White, 29"" W X 50"" H",1,46.79,46.79,Home Improvement,Home Improvement,Building Materials & Ladders,,LPNNA6F3R4TGQ,,HESTIA,USED_GOOD,LIQ:3PL:PALLET:LNRM:PAL-69302,AMZ_3PL_20260409_025
MIXED_BUILDING_AND_INDUSTRIAL,Linear Motion,B0FJ24ZQN7,"Hicarer 1 Pcs 1 in Round Keyed Shafting Keyed Shaft, Keyway: 1/4"" x 9/64"", 1.5ft Length, 1045 Carbon Steel",1,46.79,46.79,Home Improvement,BISS,Power Transmission,,LPNNA63CJS4VV,,Hicarer,USED_GOOD,LIQ:3PL:PALLET:LNRM:PAL-69648,AMZ_3PL_20260409_025
MIXED_BUILDING_AND_INDUSTRIAL,Disposable Place Settings,B09XDLF3GJ,"Tudomro 10 Pack 19 x 14 x 4 Inch Cake Box, Cardboard Cake Boxes, Large Rectangle Boxes, Kraft Non Window Bakery Pastry supplies(White)",1,46.79,46.79,Home Improvement,BISS,Food Service,,LPNNA6JVZDSRJ,,Tudomro,USED_GOOD,LIQ:3PL:PALLET:LNRM:PAL-69849,AMZ_3PL_20260409_025
BUILDING_AND_HARDWARE,Windows,B0FBWKTH9C,"LazBlinds Cordless White 1"" Room Darkening Vinyl Mini Blinds, 33"" W X 64"" H Horizontal Window Blinds for Home, Cordless Shades for Indoor Windows",1,46.62,46.62,Home Improvement,Home Improvement,Building Materials & Ladders,,LPNNA6MYVQX31,,LazBlinds,USED_GOOD,LIQ:3PL:PALLET:LNRM:PAL-69644,AMZ_3PL_20260409_025
BUILDING_AND_HARDWARE,Bath Hardware,B0GGL7P3WK,"JOPOFI 5 Piece Bathroom Towel Bar Set - SUS304 Stainless Steel Bath Towel Holder, 23.6 Inch Towel Racks for Bathroom Wall Mounted, Bathroom Hardware Accessories Set - Matte Black",1,45.49,45.49,Home Improvement,Home Improvement,Plumbing Fixtures,0793898229898,LPNNA6RJJYXXX,793898229898,JOPOFI,USED_GOOD,LIQ:3PL:PALLET:LNRM:PAL-69302,AMZ_3PL_20260409_025
BUILDING_AND_HARDWARE,Home Improvement,B0FMYVTV9S,"LEIRUOTM Coat Rack Wall Mount, Coat Hooks Wall Mount with 4 Pure Copper Hooks & Storage Shelf, Removable Flower Holder, Wall Coat Rack, Wall Hooks for Hanging,Rustic Brown for Entryway/Hallway/Bedroom",1,45.49,45.49,Home Improvement,Home Improvement,Home Improvement,,LPNNA67CGSNFQ,,LEIRUOTM,USED_GOOD,LIQ:3PL:PALLET:LNRM:PAL-68861,AMZ_3PL_20260409_025
MIXED_BUILDING_AND_INDUSTRIAL,BISS,B0C1BTZ2WH,"NeatiEase Threshold Ramps for Doorways, 48"" Metal Floor Transition Strip Replacement, Aluminum Floor Reducer Molding for Carpet/Entry Door/Tile/Threshold/Wheelchair (Gray)",1,44.36,44.36,Home Improvement,BISS,BISS,,LPNNH5ZL4RLTD,,NeatiEase,USED_GOOD,LIQ:3PL:PALLET:LNRM:PAL-69519,AMZ_3PL_20260409_025
BUILDING_AND_HARDWARE,Decor & Coverings,B093224L5T,"Dimoon 24""x197"" Wider Size Wood Contact Paper Countertop Brown Yellow Thickened Texture Suitable for Desk Cabinet Counter Wood Peel and Stick Wallpaper Removable Self-Adhesive Vintage Vinyl Roll",1,42.89,42.89,Home Improvement,Home Improvement,Painting Supplies,,LPNNA6HSLMCWB,,Dimoon,USED_GOOD,LIQ:3PL:PALLET:LNRM:PAL-69849,AMZ_3PL_20260409_025
BUILDING_AND_HARDWARE,Tub and Shower Faucets and Accessories,B0FGDJ313Y,"ZYKORT Tension Curtain Rod 51-128 In (4-10Ft), Long Curtain Rods No Drilling for Windows, Heavy Duty Outdoor Curtain Rod for Patio Renter Friendly, Adjustable Tension Rod Diameter 1.26 In, Black",1,41.91,41.91,Home Improvement,Home Improvement,Plumbing Fixtures,,LPNNA6V8GRKDS,,ZYKORT,USED_GOOD,LIQ:3PL:PALLET:LNRM:PAL-69372,AMZ_3PL_20260409_025
BUILDING_AND_HARDWARE,Home Improvement,B0FQ4T2GT6,"16x20x1 Reusable Air Filter, Washable Filter, Electrostatic, MERV 8, Lasts a Lifetime-HVAC AC Furnace Systems Air Filter(Actual Size: 15.5x19.75x0.82Inch)",1,41.59,41.59,Home Improvement,Home Improvement,Home Improvement,,LPNNA6NCBHK95,,GrairsdGan,USED_GOOD,LIQ:3PL:PALLET:LNRM:PAL-69661,AMZ_3PL_20260409_025
BUILDING_AND_HARDWARE,Home Improvement,B0G1SDX8K3,"ERETOW 55 Watts UV Light Bulb, 2G11 Base 4-Pin Lamp for Pond Filter and Aquarium Clarifier, Compatible with Jebao PU55/CW55, SUNSUN 55W UV Clarifier (2 Pack)",1,40.74,40.74,Home Improvement,Home Improvement,Home Improvement,,LPNNA6S51DBDC,,ERETOW,USED_GOOD,LIQ:3PL:PALLET:LNRM:PAL-69302,AMZ_3PL_20260409_025
BUILDING_AND_HARDWARE,Home Improvement,B0DRHLS689,"Pushglossy 2 Pcs Replacement Door Bottom with Vinyl Fins 36"" Long 1 3/4"" Wide Threshold Seal Bottom of Door Weatherstrip Kerf Weather Stripping for 7/8"" Between Barbs (Black)",1,38.99,38.99,Home Improvement,Home Improvement,Home Improvement,,LPNNK594FWZNJ,,Pushglossy,USED_GOOD,LIQ:3PL:PALLET:LNRM:PAL-69131,AMZ_3PL_20260409_025
BUILDING_AND_HARDWARE,Outdoor & Landscape Lighting,B09KH3BB2Y,"hykolity 30W 2FT LED Shop Light, 3500lm 6500K Super Bright White, Linkable Ceiling Light Fixture, V Shape Integrated T8 LED Tube Light with Built-in ON/Off Switch for Workbench, Cabinet, ETL, 4 Pack",1,38.99,38.99,Home Improvement,Home Improvement,Lighting & Fans,0730967922144,LPNNA6K4CW3ZZ,730967922144,hykolity,USED_GOOD,LIQ:3PL:PALLET:LNRM:PAL-69638,AMZ_3PL_20260409_025
BUILDING_AND_HARDWARE,Home Improvement,B0BHVPXZ8G,"Arthome Peel and Stick Wallpaper - Black Wood Contact - Black Wallpaper - Self-Adhesive & Removable Wall Paper for Countertop Furniture Kitchen, Countertop Contact Paper, Easy to Clean, (23.6""x200"")",1,38.97,38.97,Home Improvement,Home Improvement,Home Improvement,,LPNNA6W184DRX,,Arthome WALL DECOR,USED_GOOD,LIQ:3PL:PALLET:LNRM:PAL-69519,AMZ_3PL_20260409_025
BUILDING_AND_HARDWARE,Home Improvement,B0DM8YY8KR,"Klypticfit Replacement Wand Tube Quick Release Compatible for Dyson V15 V11 V10 V8 V7 Vacuum Accessories Parts, 28.7in Extension Cleaner Attachment for Home Office (Red)",1,38.90,38.90,Home Improvement,Home Improvement,Home Improvement,,LPNNA6F5B3PB5,,Klypticfit,USED_GOOD,LIQ:3PL:PALLET:LNRM:PAL-69302,AMZ_3PL_20260409_025
BUILDING_AND_HARDWARE,Home Improvement,B0C5WSDCY2,Henjjras large White Oblate Pendant Lamp Shade 55.5cm(21.85in) Chinses lantern Home Decor Paper Ceiling Lampshade,1,38.87,38.87,Home Improvement,Home Improvement,Home Improvement,,LPNNA6PQ9KLPB,,Henjjras,USED_GOOD,LIQ:3PL:PALLET:LNRM:PAL-69638,AMZ_3PL_20260409_025
BUILDING_AND_HARDWARE,Decking & Fencing,B099S736TD,"Purife 2FT Black Wall Mount Hand Rails for Indoor Stairs, 24 Inch Interior Staircase Handrail, Outdoor Metal Stair Railing for Exterior Steps, Banister Deck Rails,Safety Grab Bar for Elderly",1,36.39,36.39,Home Improvement,Home Improvement,Building Materials & Ladders,0767155857414,LPNNA6SQ5QBNP,767155857414,Purife,USED_GOOD,LIQ:3PL:PALLET:LNRM:PAL-69519,AMZ_3PL_20260409_025
BUILDING_AND_HARDWARE,Home Improvement,B0F1DBXX81,"25"" Shower Door Bottom Deflector for Chrome Framed Shower Door Drip Rail Replacement with Vinyl Sweep",1,36.39,36.39,Home Improvement,Home Improvement,Home Improvement,,LPNNA6GV74FWN,,AQDD,USED_GOOD,LIQ:3PL:PALLET:LNRM:PAL-68868,AMZ_3PL_20260409_025
BUILDING_AND_HARDWARE,Home Improvement,B0DTJV39LH,"EIFHYT Molded Nylon Ceiling Medallion for Light Fixtures and Ceiling Fans 16""OD x 4""ID x 3/4""P (Fits Canopies up to 12-3/8"") Black",1,35.83,35.83,Home Improvement,Home Improvement,Home Improvement,,LPNNA6R4G12DD,,EIFHYT,USED_GOOD,LIQ:3PL:PALLET:LNRM:PAL-69669,AMZ_3PL_20260409_025
BUILDING_AND_HARDWARE,Home Improvement,B0DV37BKQJ,"FoldTier 2 Pcs All-Season Door Sweep for Bottom of Door Exterior and Interior, Aluminum Alloy and Rubber, Commercial Weather Stripping Draft Stopper for Threshold Seal (1-3/4 x 36 Inch,Silver)",1,35.09,35.09,Home Improvement,Home Improvement,Home Improvement,,LPNNK52V7P1WM,,FoldTier,USED_GOOD,LIQ:3PL:PALLET:LNRM:PAL-69669,AMZ_3PL_20260409_025
BUILDING_AND_HARDWARE,Heating & Accessories,B0FHKFN8CP,"30x16 Return Air Grille (Duct Opening Size), Air Return Vent Cover, AC Vent Cover, Cold Air Return Vent Cover, Flat Return Air Grilles, Outer Dimensions:31.75""W x 15.75""H (30""Wx14""H, Duct Opening)",1,55.84,55.84,Home Improvement,Home Improvement,Electrical & Heating,,LPNNA69G5Y32X,,Twelve pines,USED_GOOD,LIQ:3PL:PALLET:LNRM:PAL-69638,AMZ_3PL_20260409_025
BUILDING_AND_HARDWARE,Home Improvement,B0G8SY2HSH,"Portable Bathtub for Adult, Foldable Soaking Bathtub for Hot SPA&Ice Bath, Foldable Small Bathtub collapsible bathtub for Bathing, 6-layer Insulated portable tub,Space-Saving (black, 25.9X27.5 IN)",1,54.38,54.38,Home Improvement,Home Improvement,Home Improvement,,LPNNA67F9YGW3,,Generic,USED_GOOD,LIQ:3PL:PALLET:LNRM:PAL-68867,AMZ_3PL_20260409_025
BUILDING_AND_HARDWARE,Bath Hardware,B0FF27J1LV,"Alise Double Towel Bars for Bathroom,32'' Towel Holder Towel Racks for Bathroom Wall Mount,SUS304 Stainless Steel Double Towel Rail Towel Hanger,Brushed Nickel",1,51.99,51.99,Home Improvement,Home Improvement,Plumbing Fixtures,,LPNNA6FMCX9CQ,,Alise,USED_GOOD,LIQ:3PL:PALLET:LNRM:PAL-69519,AMZ_3PL_20260409_025
MIXED_BUILDING_AND_INDUSTRIAL,Visual Communication,B0D8VSC24Y,"Henka 4-Pack No Parking Sign, 24 Inch Height, Double Sided A-Shaped Frame No Parking Sign, Folding No Parking Signs for Outside, Lawn, Driveway, Garage, Yard, Fire Lane - Bright Yellow",1,51.99,51.99,Home Improvement,BISS,Occupational Health & Safety,,LPNNA6395STKK,,Henka,USED_GOOD,LIQ:3PL:PALLET:LNRM:PAL-69742,AMZ_3PL_20260409_025
BUILDING_AND_HARDWARE,Home Improvement,B0BLJJLNMZ,CIPOTAL 19.1 in. x 14.1 in. Rear Drain Kitchen Sink Bottom Grid with Supersoft Silicone Feet in 304 Grade Stainless Steel,1,51.87,51.87,Home Improvement,Home Improvement,Home Improvement,0616908492559,LPNNA667T9RGL,616908492559,Cipotal,USED_GOOD,LIQ:3PL:PALLET:LNRM:PAL-69399,AMZ_3PL_20260409_025
BUILDING_AND_HARDWARE,Home Improvement,B0D7M37NWH,"WILON 4-Light Bathroom Vanity Light, Brushed Nickel Bathroom Light, Modern Lighting Fixtures Over Mirror, Wall Lamps with E26 Base, Vanity Lights for Kitchen Living Room Hallway Cabinet Porch",1,50.69,50.69,Home Improvement,Home Improvement,Home Improvement,,LPNNA6DL6CTTV,,WILON,USED_GOOD,LIQ:3PL:PALLET:LNRM:PAL-69685,AMZ_3PL_20260409_025
BUILDING_AND_HARDWARE,Decor & Coverings,B0FF9XC5TK,Haimin Wall Panels Peel and Stick 10 Pieces 23.6x11.8in (19.4 Sq. Ft. Coverage) Lightweight Backsplash Marble Look Tile (not Real Marble) Ideal for Kitchen Bathrooms Living Rooms Bedrooms,1,49.39,49.39,Home Improvement,Home Improvement,Painting Supplies,,LPNNA6VV8F1LC,,Haimin,USED_GOOD,LIQ:3PL:PALLET:LNRM:PAL-69699,AMZ_3PL_20260409_025
BUILDING_AND_HARDWARE,Fasteners & Hooks,B0BY4W5XK9,"PHINGEER Coat Rack Wall Mount, Wooden Heavy Duty Coat Rack for Wall,8 Triple Coat Hanger Hooks for Hanging Coats,Jacket,Hat,Clothes (Brown, 8 Hooks)",1,49.13,49.13,Home Improvement,Home Improvement,Hardware,0723556204721,LPNNA6XCC8LPC,723556204721,PHINGEER,USED_GOOD,LIQ:3PL:PALLET:LNRM:PAL-69302,AMZ_3PL_20260409_025
BUILDING_AND_HARDWARE,Home Improvement,B0DSHWZG7L,"hykolity 2 Pack 4FT Linkable LED Shop Light for Garage, 6500lm, 4FT 60W Utility Light Fixture, 5000K Daylight LED Workbench Light with Plug, Hanging or Surface Mount, White - ETL",1,46.92,46.92,Home Improvement,Home Improvement,Home Improvement,,LPNNA67SHM9R8,,hykolity,USED_GOOD,LIQ:3PL:PALLET:LNRM:PAL-69302,AMZ_3PL_20260409_025
MIXED_BUILDING_AND_INDUSTRIAL,"Brooms, Mops & Squeeges",B0G1TDJ2LM,"DSV Standard Garage Floor Squeegee 36’’, Neoprene Blade Asphalt Squeegee, Taper Pole Connection - Handle Sold Separately for Tiles, Concrete and Asphalt",1,46.79,46.79,Home Improvement,BISS,Janitorial & Sanitation,,LPNNA6BYRMGVT,,DSV Standard,USED_GOOD,LIQ:3PL:PALLET:LNRM:PAL-69519,AMZ_3PL_20260409_025
BUILDING_AND_HARDWARE,Cabinet Hardware,B0F9VD3TFV,ToBeGreat 1 Pair Undermount Drawer Slides 18 Inch 80 lb Load Capacity Soft Close Full Extension Ball Bearing Hidden Bottom Mount Rails Locking Devices Concealed Runners(with Bracket),1,46.68,46.68,Home Improvement,Home Improvement,Hardware,,LPNNA6JW2JFLF,,ToBeGreat,USED_GOOD,LIQ:3PL:PALLET:LNRM:PAL-69519,AMZ_3PL_20260409_025
BUILDING_AND_HARDWARE,Home Improvement,B0B6Z37JZ5,"Rectoo Pipe Stair Handrail, 4 Ft Metal Staircase Handrail, Black Galvanized Industrial Iron Hand Rail for Indoor & Outdoor Wall Mount Support, Wall Hand Railing,Safety Handle, Steps Baluster(HR02)",1,45.46,45.46,Home Improvement,Home Improvement,Home Improvement,0712367749668,LPNNA6RNQSL47,712367749668,RECTOO,USED_GOOD,LIQ:3PL:PALLET:LNRM:PAL-69302,AMZ_3PL_20260409_025
BUILDING_AND_HARDWARE,Home Improvement,B0CBBMK7M5,RUKHOOL Tube Extension Wand for Dyson V15 V11 V10 V8 V7 Stick Replacement Parts Vacuum Attachment Quick Release Wand Vacuums Rod 28.7 IN,1,42.89,42.89,Home Improvement,Home Improvement,Home Improvement,,LPNNA6DQZQFHL,,RUKHOOL,USED_GOOD,LIQ:3PL:PALLET:LNRM:PAL-69372,AMZ_3PL_20260409_025
MIXED_BUILDING_AND_INDUSTRIAL,Janitorial Fixtures,B0F17M6KRR,"Padded Toilet Seat Cushion with 2-Inch High-Density Foam & Waterproof PU Fabric, U-Shape Padded Toilet Cushion - Secure Hook & Loop Tape, Fits Standard/Elongated Toilets (Beige)",1,42.89,42.89,Home Improvement,BISS,Janitorial & Sanitation,,LPNNA6TMBD6PL,,DOMSCIEN,USED_GOOD,LIQ:3PL:PALLET:LNRM:PAL-69724,AMZ_3PL_20260409_025
BUILDING_AND_HARDWARE,Fasteners & Hooks,B07V59DHK1,"hunhun 10-Pack 3.3ft/1Meter Plus-Size U Shape LED Aluminum Channel System with Milky Cover, End Caps and Mounting Clips, Aluminum Profile for LED Strip Light, Special for Philips Hue Strip",1,42.89,42.89,Home Improvement,Home Improvement,Hardware,0740385116018,LPNNA6PFYXWX9,740385116018,hunhun,USED_GOOD,LIQ:3PL:PALLET:LNRM:PAL-69849,AMZ_3PL_20260409_025
BUILDING_AND_HARDWARE,Home Improvement,B0C3HF6KHM,"OlitAir 16x20x1 MERV 8 Air Filter,AC Furnace Air Filter,Reusable ABS Plastic Frame, 7 Pack Replaceable Filter Media (Actual Size: 15 3/4"" x 19 3/4"" x 3/4"")",1,41.81,41.81,Home Improvement,Home Improvement,Home Improvement,0797085801829,LPNNA69FY28V3,797085801829,OlitAir,USED_GOOD,LIQ:3PL:PALLET:LNRM:PAL-69372,AMZ_3PL_20260409_025
BUILDING_AND_HARDWARE,Tub and Shower Faucets and Accessories,B0FG39KMW8,"M METERXITY 24 Inch Anti Slip Grab Bars for Bathtubs and Showers, Stainless Steel Safety Shower Handle for Bathroom/Toilet/Seniors/Elderly Assist Bath Handle [Chrome]",1,41.59,41.59,Home Improvement,Home Improvement,Plumbing Fixtures,,LPNNA6ZYR9N4T,,M METERXITY,USED_GOOD,LIQ:3PL:PALLET:LNRM:PAL-68868,AMZ_3PL_20260409_025
BUILDING_AND_HARDWARE,Home Improvement,B0F434LM84,"Bliwans Light Blocking Strips for Window Shades and Blinds, 100% Blackout PVC Side Tracks Light Blocker for Blinds, Window Light Blocker for Bedroom(White, 58"", 2PCS)",1,40.60,40.60,Home Improvement,Home Improvement,Home Improvement,,LPNNA69XNL8VK,,Bliwans,USED_GOOD,LIQ:3PL:PALLET:LNRM:PAL-69644,AMZ_3PL_20260409_025
BUILDING_AND_HARDWARE,Home Improvement,B0FD9LB9MV,"Dremvoist Come Along Winch,2T Heavy Duty Power Cable Come Along Tool Chain Winch Ratchet Tool with Dual Gear,12FT,2 Hook,Automotive Hoist Winch Puller,Hand Winch Cable,for Vehicle Rescue,Recovery Gear",1,38.99,38.99,Home Improvement,Home Improvement,Home Improvement,,LPNNA67CDS6DX,,Dremvoist,USED_GOOD,LIQ:3PL:PALLET:LNRM:PAL-69519,AMZ_3PL_20260409_025
BUILDING_AND_HARDWARE,Home Improvement,B0CL6LV9SB,"DLLT 3-Light Bathroom Light Fixtures: 18.51"" Black Modern Vanity Lights with Clear Glass Shade - Bathroom Wall Lamp for Mirror Kitchen Living Room Hallway Cabinet Porch",1,38.99,38.99,Home Improvement,Home Improvement,Home Improvement,,LPNNA6GSJ3N2Y,,DINGLILIGHTING,USED_GOOD,LIQ:3PL:PALLET:LNRM:PAL-69131,AMZ_3PL_20260409_025
BUILDING_AND_HARDWARE,Home Improvement,B0F9FG6DMQ,"Colingmill 1 Set Peel and Stick Door Moulding Trim Kit Premade Wall Moulding Panels Flexible Self Adhesive 3D Wainscoting Panels for Mirror Window Frame Decor (Top 24""x36"" and Bottom 24""x24"")",1,37.69,37.69,Home Improvement,Home Improvement,Home Improvement,,LPNNA6WPV6MHM,,Colingmill,USED_GOOD,LIQ:3PL:PALLET:LNRM:PAL-68868,AMZ_3PL_20260409_025
BUILDING_AND_HARDWARE,Kitchen Faucets and Accessories,B089YVZ8HQ,"Serene Valley Sink Bottom Grid 24-1/8"" x 12-5/8"", Centered Drain with Corner Radius 1-1/2"", Sink Protector NLW2412C",1,33.42,33.42,Home Improvement,Home Improvement,Plumbing Fixtures,0744702737214,LPNNK5DPXH45V,744702737214,Serene Valley,USED_GOOD,LIQ:3PL:PALLET:LNRM:PAL-69729,AMZ_3PL_20260409_025
BUILDING_AND_HARDWARE,Kitchen Faucets and Accessories,B089YVZ8HQ,"Serene Valley Sink Bottom Grid 24-1/8"" x 12-5/8"", Centered Drain with Corner Radius 1-1/2"", Sink Protector NLW2412C",1,33.42,33.42,Home Improvement,Home Improvement,Plumbing Fixtures,0744702737214,LPNNA6W3TD916,744702737214,Serene Valley,USED_GOOD,LIQ:3PL:PALLET:LNRM:PAL-69131,AMZ_3PL_20260409_025
BUILDING_AND_HARDWARE,Home Improvement,B0CYCBFKJ1,"FCSOTSPS Sliding Shower Door Bottom Seal, 2 PCS 3/8"" x 36"" Sliding Shower Door Sweep for 3/8Inch Glass, Frameless Glass Door Seal Strip Stop Shower Leaks and Create a Water Barrier",1,33.33,33.33,Home Improvement,Home Improvement,Home Improvement,,LPNNA65CBNYMX,,FCSOTSPS,USED_GOOD,LIQ:3PL:PALLET:LNRM:PAL-69519,AMZ_3PL_20260409_025
MIXED_BUILDING_AND_INDUSTRIAL,Corrugated Boxes,B08NFCZZYX,"EPE Universal Laptop Shipping Box I Eco-Friendly I Fits Most Laptop Sizes I Secure Packaging Solution | theBOXlarge V2",1,31.98,31.98,Home Improvement,BISS,Shipping and Packaging Supplies,0687368926533,LPNNK5MKWSLCG,687368926533,EPE,USED_GOOD,LIQ:3PL:PALLET:LNRM:PAL-69131,AMZ_3PL_20260409_025
BUILDING_AND_HARDWARE,Weatherstripping,B082MD1M5W,"Yecaye 3 Pack 3/8"" x 39"" Shower Door Bottom Seal,Shower Door Sweep,Frameless Glass Seal Strip,Stop Leaks and Create a Water Barrier, Water Guard 10MM",1,29.89,29.89,Home Improvement,Home Improvement,Hardware,0711766624910,LPNNA6Z8LXXP7,711766624910,Yecaye,USED_GOOD,LIQ:3PL:PALLET:LNRM:PAL-69644,AMZ_3PL_20260409_025
BUILDING_AND_HARDWARE,Tub and Shower Faucets and Accessories,B09Q3CQYMN,"Frameless Shower Door Bottom Seal Shower Sweep with Drip Rail for 1/4"" Glass,36"" Long, Vinyl, Clear",1,25.99,25.99,Home Improvement,Home Improvement,Plumbing Fixtures,,LPNNA6ZG5R542,,Dalrun,USED_GOOD,LIQ:3PL:PALLET:LNRM:PAL-69302,AMZ_3PL_20260409_025
BUILDING_AND_HARDWARE,Home Improvement,B0D9PZHTGX,"Biyoee Pink Grasscloth Peel and Stick Wallpaper A Set of 23.6"" X 120"" Self-Adhesive Texture Contact Paper Faux Grasscloth Removable Wallpaper for Cabinets Counter Top Shelf Liners",1,21.31,21.31,Home Improvement,Home Improvement,Home Improvement,,LPNNA6CCBG96S,,Biyoee,USED_GOOD,LIQ:3PL:PALLET:LNRM:PAL-69849,AMZ_3PL_20260409_025
BUILDING_AND_HARDWARE,Home Improvement,B0D9PZHTGX,"Biyoee Pink Grasscloth Peel and Stick Wallpaper A Set of 23.6"" X 120"" Self-Adhesive Texture Contact Paper Faux Grasscloth Removable Wallpaper for Cabinets Counter Top Shelf Liners",1,21.31,21.31,Home Improvement,Home Improvement,Home Improvement,,LPNNA68XFMFQK,,Biyoee,USED_GOOD,LIQ:3PL:PALLET:LNRM:PAL-69849,AMZ_3PL_20260409_025
BUILDING_AND_HARDWARE,Home Improvement,B0D9PZHTGX,"Biyoee Pink Grasscloth Peel and Stick Wallpaper A Set of 23.6"" X 120"" Self-Adhesive Texture Contact Paper Faux Grasscloth Removable Wallpaper for Cabinets Counter Top Shelf Liners",1,21.31,21.31,Home Improvement,Home Improvement,Home Improvement,,LPNNA6XSNMCFR,,Biyoee,USED_GOOD,LIQ:3PL:PALLET:LNRM:PAL-69849,AMZ_3PL_20260409_025
BUILDING_AND_HARDWARE,LEDs,B07Q4HQW5M,"Energetic 60W Equivalent, A19 LED Light Bulb, 3000K Warm White, E26 Medium Base, Non-Dimmable LED Light Bulb, 8W 760LM, ETL Listed, 4 Pack",1,12.99,12.99,Home Improvement,Home Improvement,Light Bulbs,0822985521741,LPNNA6M9C6ZFF,822985521741,E ENERGETIC LIGHTING,USED_GOOD,LIQ:3PL:PALLET:LNRM:PAL-69699,AMZ_3PL_20260409_025
MIXED_BUILDING_AND_INDUSTRIAL,Commercial Kitchen Equipment & Fixtures,B0DSVVX8ZT,"Cutting Boards,20""L x 15""W Acacia Wooden Cutting Board for Kitchen,Wood Chopping Board with Juice Groove and Sorting Compartment,Pre-Oiled Carving Tray Charcuterie Board for Meat Cheese Fruit",1,33.14,33.14,Home Improvement,BISS,Food Service,5059648133378,LPNNA6XL85C5L,,iGreely,USED_GOOD,LIQ:3PL:PALLET:LNRM:PAL-69131,AMZ_3PL_20260409_025
BUILDING_AND_HARDWARE,Home Improvement,B09WYH9RHV,"4 Pack Frameless Shower Door Bottom Seal, 3/8 x 39 Clear PVC Shower Seal Strip for 3/8 Inch Glass Shower Door Stop Shower Leaks",1,32.49,32.49,Home Improvement,Home Improvement,Home Improvement,0768432347819,LPNNA6FG4TDYW,768432347819,Olaismln,USED_GOOD,LIQ:3PL:PALLET:LNRM:PAL-69724,AMZ_3PL_20260409_025
BUILDING_AND_HARDWARE,Weatherstripping,B09W4L3Y46,2-Pack Butecare Frameless Shower Door Bottom Seal with Long Sweep for Glass Doors – Stop Shower Leaks and Create a Water Barrier (5/16” x 36”),1,31.19,31.19,Home Improvement,Home Improvement,Hardware,0759337661278,LPNNA6HXFZGBX,759337661278,Butecare,USED_GOOD,LIQ:3PL:PALLET:LNRM:PAL-69669,AMZ_3PL_20260409_025
BUILDING_AND_HARDWARE,Home Improvement,B0D4YWH5NC,homdiy 1 Pcs 24 Inch Heavy Duty Center Mount Drawer Slides for Cabinet and Dresser Bottom Mount Drawer Rails 3/4 Extension Glide Track,1,27.29,27.29,Home Improvement,Home Improvement,Home Improvement,,LPNNA6RDQ8ZWP,,homdiy,USED_GOOD,LIQ:3PL:PALLET:LNRM:PAL-68868,AMZ_3PL_20260409_025
BUILDING_AND_HARDWARE,Home Improvement,B0C9WT8517,2 Pack - 12 inch Black Hidden L Shelf Bracket (1/5 Inch Thicked) Iron Floating Shelf Brackets Rustic Industrial Metal Brackets for Shelf Support,1,23.34,23.34,Home Improvement,Home Improvement,Home Improvement,,LPNNA6917THRW,,MHMYDZ,USED_GOOD,LIQ:3PL:PALLET:LNRM:PAL-69638,AMZ_3PL_20260409_025
BUILDING_AND_HARDWARE,Home Improvement,B09J4BBCL3,LS Engine Lift Plate Engine Hoist Picker Crane Lift Plate Fit for Chevy LS Series LSX LS LS1 LS2 LS3 LQ4 6.0 6.2 5.3 4.8 Gen III 3,1,34.94,34.94,Home Improvement,Home Improvement,Home Improvement,0641197128049,LPNNA6RNLVP89,641197128049,Camoo,USED_GOOD,LIQ:3PL:PALLET:LNRM:PAL-69661,AMZ_3PL_20260409_025
BUILDING_AND_HARDWARE,Kitchen Faucets and Accessories,B089YVZ8HQ,"Serene Valley Sink Bottom Grid 24-1/8"" x 12-5/8"", Centered Drain with Corner Radius 1-1/2"", Sink Protector NLW2412C",1,33.42,33.42,Home Improvement,Home Improvement,Plumbing Fixtures,0744702737214,LPNNA6V5B3RH2,744702737214,Serene Valley,USED_GOOD,LIQ:3PL:PALLET:LNRM:PAL-69685,AMZ_3PL_20260409_025
MIXED_BUILDING_AND_INDUSTRIAL,Engine Parts,B0C16CSTVD,RANSOTO Tailgate Molding Trim Compatible with 2017-2022 Ford F250 F350 F-250 F-350 Super Duty Flexible Flex Step Rear Center Truck Spoiler Protector Cover Replaces FO1904134,1,33.38,33.38,Home Improvement,BISS,Construction Supplies,,LPNNA6FXMQG89,,RANSOTO,USED_GOOD,LIQ:3PL:PALLET:LNRM:PAL-69724,AMZ_3PL_20260409_025
MIXED_BUILDING_AND_INDUSTRIAL,Other,B0DBSTBD6S,"MoDooris 12 Pcs Basswood Sheets for Crafts, 12 x 16 x 1/8 Inch Plywood Sheets 3mm Thick Unfinished Wood Board for DIY Crafts, Laser Cutting, Wood Burning, Pyrography, Architectural Models, Drawing",1,32.49,32.49,Home Improvement,BISS,Raw Materials,,LPNNA64L6B91Q,,MoDooris,USED_GOOD,LIQ:3PL:PALLET:LNRM:PAL-69856,AMZ_3PL_20260409_025
BUILDING_AND_HARDWARE,Emergency Ladders,B0DL5WJZVH,"LZ.MZXU Fire Escape Ladders, 13FT Emergency Rope Ladder with 2 Hooks for 2-3 Story Homes, Portable Multi-use Quick Deployment Rope Ladders for Balcony Tree Window",1,29.82,29.82,Home Improvement,Home Improvement,Building Materials & Ladders,,LPNNA6XZ8FKPD,,LZ.MZXU,USED_GOOD,LIQ:3PL:PALLET:LNRM:PAL-69669,AMZ_3PL_20260409_025
BUILDING_AND_HARDWARE,Tubs and Showers,B07PFPFC2S,2-Pack Butecare Frameless Shower Door Bottom Seal for Glass Doors – Stop Shower Leaks and Create a Water Barrier (3/8” x 39”),1,27.16,27.16,Home Improvement,Home Improvement,Plumbing Fixtures,0755326200237,LPNNA6MSJRL2S,755326200237,Butecare,USED_GOOD,LIQ:3PL:PALLET:LNRM:PAL-69638,AMZ_3PL_20260409_025
BUILDING_AND_HARDWARE,Home Improvement,B0CPY9Z9BS,"2 Pack Shower Door Bottom Seal 1/2"" x 39"" Glass Door PVC Seal Strip Suitable for 1/2 Inch Glass Frameless Shower Door Seal Strip Stop Shower Leaks",1,25.99,25.99,Home Improvement,Home Improvement,Home Improvement,,LPNNA69HC6VLN,,ELYXIAN,USED_GOOD,LIQ:3PL:PALLET:LNRM:PAL-69724,AMZ_3PL_20260409_025
BUILDING_AND_HARDWARE,Home Improvement,B0DDPMQMWN,"LONTAN 1 Piece Black Center Mount Drawer Slides 24 Inch - Bottom Centered Drawer Mount 3/4 Extension Heavy Duty Drawer Glides for Cabinets, Dressers, and Furniture – Smooth and Quiet Operation",1,24.69,24.69,Home Improvement,Home Improvement,Home Improvement,,LPNNA6Q7SB5JP,,LONTAN,USED_GOOD,LIQ:3PL:PALLET:LNRM:PAL-69638,AMZ_3PL_20260409_025
BUILDING_AND_HARDWARE,Outdoor & Landscape Lighting,B0DHCXTWZV,"Ptsuker String Light Poles for Outdoor String Lights - Metal Light Pole w/Hooks for Outdoor String Lighting - Patio Light Accessories Ideal for Backyard, Weddings, and Parties",1,22.84,22.84,Home Improvement,Home Improvement,Lighting & Fans,,LPNNA69JKCYRK,,Ptsuker,USED_GOOD,LIQ:3PL:PALLET:LNRM:PAL-69638,AMZ_3PL_20260409_025
BUILDING_AND_HARDWARE,Home Improvement,B0F8NKCV32,"warlve Suction Cup Hooks No Drill Stainless Steel Shower Hooks Towel Hook Robe Hook Heavy Duty on Smooth and Non-Porous Surfaces in Bathrooms Kitchen Bedroom (2, Brushed Nickel)",1,20.98,20.98,Home Improvement,Home Improvement,Home Improvement,,LPNNA6VL54QSB,,warlve,USED_GOOD,LIQ:3PL:PALLET:LNRM:PAL-69302,AMZ_3PL_20260409_025
BUILDING_AND_HARDWARE,Windows,B09X78G55F,"Window Tension Tool For Tilt Spiral Balance H 3787, Engage the Balance and Insert Into the Proper Window Shoe, Pack of 1, Silver, 2 Year Warranty",1,12.99,12.99,Home Improvement,Home Improvement,Building Materials & Ladders,0602262943356,LPNNA673MQ5XW,602262943356,dttbgg,USED_GOOD,LIQ:3PL:PALLET:LNRM:PAL-69302,AMZ_3PL_20260409_025
BUILDING_AND_HARDWARE,Home Improvement,B0D5LCXMS3,"BLNAN Motion Sensor Ceiling Light Wired, 12 Inch 3000K 4000K 5000K Selectable LED Flush Mount Light Fixture, Motion Activated Light with Timer for Hallway Stair Walk-in Closet, Black Frame",1,35.09,35.09,Home Improvement,Home Improvement,Home Improvement,,LPNNA6HJL3GM2,,BLNAN,USED_GOOD,LIQ:3PL:PALLET:LNRM:PAL-69638,AMZ_3PL_20260409_025
MIXED_BUILDING_AND_INDUSTRIAL,"Bathroom Safety, Aids & Accessories",B0G2BVM8F6,"SPRING SEAON 3-Inch Raised Toilet Seat Cushion with Waterproof PU Cover, Soft Commode Cushion for Comfort and Support, Fits Most Standard and Elongated Toilet Seats, for Seniors, Pregnancy, Recovery",1,34.57,34.57,Home Improvement,BISS,Professional Medical,,LPNNA65W46KC6,,SPRING SEAON,USED_GOOD,LIQ:3PL:PALLET:LNRM:PAL-69131,AMZ_3PL_20260409_025
BUILDING_AND_HARDWARE,Bath Hardware,B0FPCVMRWZ,"Frienda 2 Pcs Shower Door Bottom Seal 1/4"" x 36'' Clear PVC Glass Door Sweep Shower Frameless Seal Strip for Replacement Stopping Leaks and Creating Water Barrier",1,33.79,33.79,Home Improvement,Home Improvement,Plumbing Fixtures,,LPNNA69F9GHDW,,Frienda,USED_GOOD,LIQ:3PL:PALLET:LNRM:PAL-69699,AMZ_3PL_20260409_025
BUILDING_AND_HARDWARE,Kitchen Faucets and Accessories,B089YVZ8HQ,"Serene Valley Sink Bottom Grid 24-1/8"" x 12-5/8"", Centered Drain with Corner Radius 1-1/2"", Sink Protector NLW2412C",1,33.42,33.42,Home Improvement,Home Improvement,Plumbing Fixtures,0744702737214,LPNNA66CCMKS9,744702737214,Serene Valley,USED_GOOD,LIQ:3PL:PALLET:LNRM:PAL-68867,AMZ_3PL_20260409_025
MIXED_BUILDING_AND_INDUSTRIAL,BISS,B0BXH4W7X7,"2pcs 600mm Tr8X4 Lead Screw with T8 Brass Nut for 3D Printer Machine Z Axis(Acme Thread, 2mm Pitch, 2 Start, 4mm Lead)",1,32.76,32.76,Home Improvement,BISS,BISS,0768434036421,LPNNA62697X3D,768434036421,akkacm,USED_GOOD,LIQ:3PL:PALLET:LNRM:PAL-69699,AMZ_3PL_20260409_025
MIXED_BUILDING_AND_INDUSTRIAL,Industrial Lighting,B0FQ22XKWZ,"Konideke (4 Set) F8T5/CW 8 Watt and F13T5/CW 13 Watt, T5 12 Inches 8W and 21 Inches 13W Under Counter Fluorescent Light Bulbs, Cool White 4100K G5 Cap",1,32.49,32.49,Home Improvement,BISS,Industrial Electrical Supplies,,LPNNA65R41FZD,,Konideke,USED_GOOD,LIQ:3PL:PALLET:LNRM:PAL-68868,AMZ_3PL_20260409_025
BUILDING_AND_HARDWARE,Fasteners & Hooks,B0DT6L9SCZ,"TRWISWDC Hickory Wood Coat Rack Wall Mount, 20 Inch Coat Hook Hanger Wooden Wall Coat Rack with 5 Hooks for Purse Clothes Towels Hats in Entryway Bedroom Bathroom, Natural",1,30.75,30.75,Home Improvement,Home Improvement,Hardware,,LPNNA62KX9LDW,,TRWISWDC,USED_GOOD,LIQ:3PL:PALLET:LNRM:PAL-68861,AMZ_3PL_20260409_025
BUILDING_AND_HARDWARE,Fasteners & Hooks,B0DT6L9SCZ,"TRWISWDC Hickory Wood Coat Rack Wall Mount, 20 Inch Coat Hook Hanger Wooden Wall Coat Rack with 5 Hooks for Purse Clothes Towels Hats in Entryway Bedroom Bathroom, Natural",1,30.75,30.75,Home Improvement,Home Improvement,Hardware,,LPNNA6F3QQ3WD,,TRWISWDC,USED_GOOD,LIQ:3PL:PALLET:LNRM:PAL-68861,AMZ_3PL_20260409_025
BUILDING_AND_HARDWARE,Home Improvement,B0DYDDKX37,"AmazerBath Shower Door Bottom Seal 39 inch (Set of 2) - Suitable for 1/4 Inch Glass, Frameless Glass Seal Strip Shower Door Sweep",1,25.99,25.99,Home Improvement,Home Improvement,Home Improvement,6975770451649,LPNNA6KPW7Z96,,AmazerBath,USED_GOOD,LIQ:3PL:PALLET:LNRM:PAL-68868,AMZ_3PL_20260409_025
BUILDING_AND_HARDWARE,Home Improvement,B0FF4J65BW,"colmeguna 1 Packs 3FT LED Batten Light, Slim Ceiling Surface Mounted Light, 30W, 4000K, IP20, LED Ceiling Lamp for Garage, Shop, Hallway, Office, Market",1,25.99,25.99,Home Improvement,Home Improvement,Home Improvement,,LPNNA654FYNCP,,colmeguna,USED_GOOD,LIQ:3PL:PALLET:LNRM:PAL-69742,AMZ_3PL_20260409_025
BUILDING_AND_HARDWARE,Weatherstripping,B0CPYBNL5X,"2 Pack Shower Door Bottom Seal 3/8"" x 36"" Glass Door Seal Strip Suitable for 3/8 Inch Glass Frameless Shower Door Seal Strip Stop Shower Leaks",1,23.39,23.39,Home Improvement,Home Improvement,Hardware,,LPNNK57XMC9QZ,,ELYXIAN,USED_GOOD,LIQ:3PL:PALLET:LNRM:PAL-69519,AMZ_3PL_20260409_025
BUILDING_AND_HARDWARE,Outdoor & Landscape Lighting,B0DHCXTWZV,"Ptsuker String Light Poles for Outdoor String Lights - Metal Light Pole w/Hooks for Outdoor String Lighting - Patio Light Accessories Ideal for Backyard, Weddings, and Parties",1,22.84,22.84,Home Improvement,Home Improvement,Lighting & Fans,,LPNNA6JKXH741,,Ptsuker,USED_GOOD,LIQ:3PL:PALLET:LNRM:PAL-69644,AMZ_3PL_20260409_025
BUILDING_AND_HARDWARE,Home Improvement,B0D9PZHTGX,"Biyoee Pink Grasscloth Peel and Stick Wallpaper A Set of 23.6"" X 120"" Self-Adhesive Texture Contact Paper Faux Grasscloth Removable Wallpaper for Cabinets Counter Top Shelf Liners",1,21.31,21.31,Home Improvement,Home Improvement,Home Improvement,,LPNNA6VWCB9XS,,Biyoee,USED_GOOD,LIQ:3PL:PALLET:LNRM:PAL-69849,AMZ_3PL_20260409_025
BUILDING_AND_HARDWARE,Bath Hardware,B089FBJ1LY,"Nolimas Brushed Nickel Bath Towel Bar Single Bars Towel Rack Rod Classic Wall Mounted SUS304 Stainless Steel Bathroom Towel Holder Toilet Kitchen Towel Shelf Single Layer,24 inches",1,20.79,20.79,Home Improvement,Home Improvement,Plumbing Fixtures,0769891664950,LPNNA6SMC83ZB,769891664950,Nolimas,USED_GOOD,LIQ:3PL:PALLET:LNRM:PAL-69638,AMZ_3PL_20260409_025