Item #,Seller Category,Item Description,Qty,Unit Retail,Ext. Retail,Brand,UPC,TCIN,Origin,Category,Condition,Product Class,Category Code,Division,Department,Optoro Condition,Pallet ID,Subcategory,Lot ID
LPHR044013,BICYCLES-PHYSICAL FITNESS,Jetson Horizon Kids' Electric Dirt Bike - Black,3,399.99,1199.97,Jetson,840290206658,94644959,China,OUTDOOR_SPORTS,LIKE_NEW,BICYCLES PHYSICAL FITNESS,82,SPORT,TOYS,A,PTBB54123,ERO'S,irc_bicycles_physical_fitness_20260417_253_p
LPHR303285,BICYCLES-PHYSICAL FITNESS,"Schwinn Legacy Women's 26"" Cruiser Bike - Purple",7,188.99,1322.93,Schwinn,038675066281,86817298,China,OUTDOOR_SPORTS,NEW,BICYCLES PHYSICAL FITNESS,82,SPORT,SPORTING GOODS,N,PTBI16449,CRUISER,irc_bicycles_physical_fitness_20260417_253_p
LPHR342349,BICYCLES-PHYSICAL FITNESS,"Schwinn Regent 27.5"" Adult Hybrid Bike - Dark Red",1,804.99,804.99,Schwinn,038675290853,92680621,China,OUTDOOR_SPORTS,NEW,BICYCLES PHYSICAL FITNESS,82,SPORT,SPORTING GOODS,N,PTBB59094,ELECTRIC BIKES,irc_bicycles_physical_fitness_20260417_253_p
LPHR054760,BICYCLES-PHYSICAL FITNESS,"Kent Winslow 700c/28"" Adult Hybrid Bike - Green",2,230.99,461.98,Kent,016751227405,89514027,China,OUTDOOR_SPORTS,NEW,BICYCLES PHYSICAL FITNESS,82,SPORT,SPORTING GOODS,N,PTBB58857,HYBRID,irc_bicycles_physical_fitness_20260417_253_p
LPHR041314,BICYCLES-PHYSICAL FITNESS,"Mongoose Limestone 26"" Men's Mountain Bike - Blue",2,202.99,405.98,Mongoose,038675275959,86817295,China,OUTDOOR_SPORTS,USED_GOOD,BICYCLES PHYSICAL FITNESS,82,SPORT,SPORTING GOODS,A,PTBB54123,MOUNTAIN,irc_bicycles_physical_fitness_20260417_253_p
LPHR354320,BICYCLES-PHYSICAL FITNESS,Radio Flyer Convertible Kid & Cargo Stroller Wagon with Canopy: Steel & Plastic Frame,2,179.99,359.98,Radio Flyer,042385114330,77440787,China,OUTDOOR_SPORTS,USED_GOOD,BICYCLES PHYSICAL FITNESS,82,SPORT,TOYS,B,PTBI20874,WAGONS,irc_bicycles_physical_fitness_20260417_253_p
LPHS816790,BICYCLES-PHYSICAL FITNESS,"Razor 24V MX350 Dirt Rocket Electric Powered Ride-On Bike - Blue: 250W Motor, 14 MPH",1,298.99,298.99,Razor,845423001346,53550140,China,OUTDOOR_SPORTS,LIKE_NEW,BICYCLES PHYSICAL FITNESS,82,SPORT,SPORTING GOODS,A,PTBB54123,ERO'S,irc_bicycles_physical_fitness_20260417_253_p
LPHS816889,BICYCLES-PHYSICAL FITNESS,"Razor 24V MX350 Dirt Rocket Electric Powered Ride-On Bike - Blue: 250W Motor, 14 MPH",1,298.99,298.99,Razor,845423001346,53550140,China,OUTDOOR_SPORTS,NEW,BICYCLES PHYSICAL FITNESS,82,SPORT,SPORTING GOODS,A,PTBB54123,ERO'S,irc_bicycles_physical_fitness_20260417_253_p
LPHR032756,BICYCLES-PHYSICAL FITNESS,Owala 32oz FreeSip Stainless Steel Water Bottle - Sleek,8,34.99,279.92,Owala,847280073009,83888063,China,OUTDOOR_SPORTS,USED_GOOD,BICYCLES PHYSICAL FITNESS,82,SPORT,HOME,TT,PTAP16644,STAINLESS STEEL,irc_bicycles_physical_fitness_20260417_253_p
LPKL522381,BICYCLES-PHYSICAL FITNESS,"Kent Winslow 700c/28"" Adult Hybrid Bike - Green",1,230.99,230.99,Kent,016751227405,89514027,China,OUTDOOR_SPORTS,USED_GOOD,BICYCLES PHYSICAL FITNESS,82,SPORT,SPORTING GOODS,TT,PTBB58785,HYBRID,irc_bicycles_physical_fitness_20260417_253_p
LPHR350872,BICYCLES-PHYSICAL FITNESS,"Schwinn Legacy Women's 26"" Cruiser Bike - Purple",1,188.99,188.99,Schwinn,038675066281,86817298,China,OUTDOOR_SPORTS,USED_GOOD,BICYCLES PHYSICAL FITNESS,82,SPORT,SPORTING GOODS,B,PTBI20874,CRUISER,irc_bicycles_physical_fitness_20260417_253_p
LPHS558402,BICYCLES-PHYSICAL FITNESS,Raskullz Balance Buddy Light Up LED Bike Training Wheels,11,16.99,186.89,Raskullz,847268023910,92258054,China,OUTDOOR_SPORTS,NEW,BICYCLES PHYSICAL FITNESS,82,SPORT,SPORTING GOODS,TT,PTAP16644,KIDS ACCESSORIES,irc_bicycles_physical_fitness_20260417_253_p
LPHS700298,BICYCLES-PHYSICAL FITNESS,Owala 24oz FreeSip Stainless Steel Water Bottle  - Misty Meadow,5,29.99,149.95,Owala,847280095742,92383298,China,OUTDOOR_SPORTS,USED_GOOD,BICYCLES PHYSICAL FITNESS,82,SPORT,HOME,TT,PTAP16644,STAINLESS STEEL,irc_bicycles_physical_fitness_20260417_253_p
LPHS810752,BICYCLES-PHYSICAL FITNESS,Owala 24oz FreeSip Stainless Steel Water Bottle - Tangy Tango,5,29.99,149.95,Owala,847280085361,89056691,China,OUTDOOR_SPORTS,NEW,BICYCLES PHYSICAL FITNESS,82,SPORT,HOME,TT,PTAP16634,STAINLESS STEEL,irc_bicycles_physical_fitness_20260417_253_p
LPJY881938,BICYCLES-PHYSICAL FITNESS,"Schwinn Iris 20"" Youth Bike - Light Blue",1,144.49,144.49,Schwinn,038675291003,92401145,China,OUTDOOR_SPORTS,NEW,BICYCLES PHYSICAL FITNESS,82,SPORT,SPORTING GOODS,N,PTBB58522,YOUTH,irc_bicycles_physical_fitness_20260417_253_p
LPHR326492,BICYCLES-PHYSICAL FITNESS,"Schwinn Iris 20"" Youth Bike - Light Blue",1,144.49,144.49,Schwinn,038675291003,92401145,China,OUTDOOR_SPORTS,NEW,BICYCLES PHYSICAL FITNESS,82,SPORT,SPORTING GOODS,N,PTBB59065,YOUTH,irc_bicycles_physical_fitness_20260417_253_p
LPHR342696,BICYCLES-PHYSICAL FITNESS,Balance Exercise Ball Trainer with Pump - Gray - All In Motion,2,71.00,142.00,All In Motion,191802002054,94409129,China,OUTDOOR_SPORTS,USED_GOOD,BICYCLES PHYSICAL FITNESS,82,SPORT,SPORTING GOODS,B,PTBB59137,STRENGTH TRAINING,irc_bicycles_physical_fitness_20260417_253_p
LPHR353374,BICYCLES-PHYSICAL FITNESS,"Hyper 20"" Full Suspension Bear Mountain Bike - Black/Blue: 7-Speed, Steel Frame",1,139.99,139.99,Hyper Bicycles; Hyper,690995300447,92451120,China,OUTDOOR_SPORTS,NEW,BICYCLES PHYSICAL FITNESS,82,SPORT,SPORTING GOODS,N,PTBB59094,MOUNTAIN,irc_bicycles_physical_fitness_20260417_253_p
LPHR327956,BICYCLES-PHYSICAL FITNESS,"Hyper 20"" Full Suspension Bear Mountain Bike - Black/Blue: 7-Speed, Steel Frame",1,139.99,139.99,Hyper Bicycles; Hyper,690995300447,92451120,China,OUTDOOR_SPORTS,USED_GOOD,BICYCLES PHYSICAL FITNESS,82,SPORT,SPORTING GOODS,N,PTBB59094,MOUNTAIN,irc_bicycles_physical_fitness_20260417_253_p
LPJY964427,BICYCLES-PHYSICAL FITNESS,Owala 32oz FreeSip Stainless Steel Water Bottle - Sleek,4,34.99,139.96,Owala,847280073009,83888063,China,OUTDOOR_SPORTS,SALVAGE,BICYCLES PHYSICAL FITNESS,82,SPORT,HOME,TT,PTAP16644,STAINLESS STEEL,irc_bicycles_physical_fitness_20260417_253_p
LPHR066631,BICYCLES-PHYSICAL FITNESS,Owala 32oz FreeSip Stainless Steel Water Bottle - Kickflip,4,34.99,139.96,Owala,847280095780,92383265,China,OUTDOOR_SPORTS,SALVAGE,BICYCLES PHYSICAL FITNESS,82,SPORT,HOME,TT,PTAP16644,STAINLESS STEEL,irc_bicycles_physical_fitness_20260417_253_p
LPHS559067,BICYCLES-PHYSICAL FITNESS,Owala 30oz Stainless Steel FreeSip Sway  Tumbler - Very Very Dark,4,34.99,139.96,Owala,847280096022,92383281,China,OUTDOOR_SPORTS,USED_GOOD,BICYCLES PHYSICAL FITNESS,82,SPORT,HOME,TT,PTAP16644,STAINLESS STEEL,irc_bicycles_physical_fitness_20260417_253_p
LPHR305224,BICYCLES-PHYSICAL FITNESS,Blogilates Stainless Steel Insulated Water Bottle (62 fl oz) - Evening Haze,4,34.99,139.96,Blogilates,850052976675,94444256,China,OUTDOOR_SPORTS,USED_GOOD,BICYCLES PHYSICAL FITNESS,82,SPORT,HOME,TT,PTAP16644,ACCESSORIES,irc_bicycles_physical_fitness_20260417_253_p
LPHS800840,BICYCLES-PHYSICAL FITNESS,Raskullz Balance Buddy Light Up LED Bike Training Wheels,8,16.99,135.92,Raskullz,847268023910,92258054,China,OUTDOOR_SPORTS,USED_GOOD,BICYCLES PHYSICAL FITNESS,82,SPORT,SPORTING GOODS,TT,PTAP16634,KIDS ACCESSORIES,irc_bicycles_physical_fitness_20260417_253_p
LPHR046904,BICYCLES-PHYSICAL FITNESS,Bala Bangles 2pc Wrist & Ankle Weight Set - Charcoal 2lb: Adjustable Steel & Silicone Weights (Please be advised that sets may be missing pieces or otherwise incomplete.),2,65.00,130.00,Bala,850034367033,87154198,China,OUTDOOR_SPORTS,USED_GOOD,BICYCLES PHYSICAL FITNESS,82,SPORT,SPORTING GOODS,TT,PTAP16644,WEARABLES,irc_bicycles_physical_fitness_20260417_253_p
LPKL522512,BICYCLES-PHYSICAL FITNESS,"Huffy Marvel Spider-Man Kids' Bike - 16"" Wheels - Training Wheels - Black",1,119.99,119.99,Huffy,028914219691,76198545,China,OUTDOOR_SPORTS,USED_GOOD,BICYCLES PHYSICAL FITNESS,82,SPORT,SPORTING GOODS,B,PTBI20984,"16"" BIKES",irc_bicycles_physical_fitness_20260417_253_p
LPHR308660,BICYCLES-PHYSICAL FITNESS,Owala 40oz FreeSip Stainless Steel Water Bottle - Very Very  Dark,3,39.99,119.97,Owala,847280095803,92383243,China,OUTDOOR_SPORTS,SALVAGE,BICYCLES PHYSICAL FITNESS,82,SPORT,HOME,TT,PTAP16644,STAINLESS STEEL,irc_bicycles_physical_fitness_20260417_253_p
LPJY947641,BICYCLES-PHYSICAL FITNESS,Owala  40oz Stainless Steel Straw Tumble - Navy Nights,3,39.99,119.97,Owala,847280096145,92383313,China,OUTDOOR_SPORTS,SALVAGE,BICYCLES PHYSICAL FITNESS,82,SPORT,HOME,TT,PTAP16644,TUMBLER,irc_bicycles_physical_fitness_20260417_253_p
LPHS250539,BICYCLES-PHYSICAL FITNESS,Owala 24oz FreeSip Stainless Steel Water Bottle - Tangy Tango,4,29.99,119.96,Owala,847280085361,89056691,China,OUTDOOR_SPORTS,USED_GOOD,BICYCLES PHYSICAL FITNESS,82,SPORT,HOME,TT,PTAP16644,STAINLESS STEEL,irc_bicycles_physical_fitness_20260417_253_p
LPHS881697,BICYCLES-PHYSICAL FITNESS,Owala 24oz FreeSip Stainless Steel Water Bottle - Sandy Shores,4,29.99,119.96,Owala,847280085347,89056680,China,OUTDOOR_SPORTS,USED_GOOD,BICYCLES PHYSICAL FITNESS,82,SPORT,HOME,TT,PTAP16634,STAINLESS STEEL,irc_bicycles_physical_fitness_20260417_253_p
LPHR129413,BICYCLES-PHYSICAL FITNESS,"Radio Flyer City 4-in-1 Stroll and Trike Riding Toy: Steel & Plastic, Ages 1-5",1,114.99,114.99,Radio Flyer,042385130460,90777190,Viet Nam,OUTDOOR_SPORTS,USED_GOOD,BICYCLES PHYSICAL FITNESS,82,SPORT,TOYS,B,PTBI20945,TRIKES,irc_bicycles_physical_fitness_20260417_253_p
LPHR040959,BICYCLES-PHYSICAL FITNESS,"Razor A5 Lux Kick Scooter - Cherry Red: Steel Frame, Urethane Wheels, 220 lb Capacity",1,109.99,109.99,Razor,845423027926,91068998,China,OUTDOOR_SPORTS,USED_GOOD,BICYCLES PHYSICAL FITNESS,82,SPORT,SPORTING GOODS,B,PTBI20994,2-WHEEL SCOOTERS,irc_bicycles_physical_fitness_20260417_253_p
LPJY542786,BICYCLES-PHYSICAL FITNESS,Owala 32oz FreeSip Stainless Steel Water Bottle - Very Very Dark,3,34.99,104.97,Owala,847280062317,85032970,China,OUTDOOR_SPORTS,SALVAGE,BICYCLES PHYSICAL FITNESS,82,SPORT,HOME,TT,PTAP16644,STAINLESS STEEL,irc_bicycles_physical_fitness_20260417_253_p
LPJY259901,BICYCLES-PHYSICAL FITNESS,Melo Beam 3 Wheel Kick Scooter with Light Up Wheels - Black,3,33.99,101.97,Melo,5391544970504,94601190,Cambodia,OUTDOOR_SPORTS,USED_GOOD,BICYCLES PHYSICAL FITNESS,82,SPORT,SPORTING GOODS,B,PTBB58533,3 WHEEL SCOOTER,irc_bicycles_physical_fitness_20260417_253_p
LPHS982402,BICYCLES-PHYSICAL FITNESS,"Brightz Ride LED - Star: ABS Bike Lights, Handlebar & Seat Post Mount, 11-Hour Battery",4,25.49,101.96,Brightz,811860032892,92487497,China,OUTDOOR_SPORTS,LIKE_NEW,BICYCLES PHYSICAL FITNESS,82,SPORT,SPORTING GOODS,TT,PTAP16634,ACCESSORIES,irc_bicycles_physical_fitness_20260417_253_p
LPHR353067,BICYCLES-PHYSICAL FITNESS,"Radio Flyer 4-in-1 Stroll 'N Trike - Pink: Steel Frame, Adjustable Seat, EVA Tires",1,99.99,99.99,Radio Flyer,042385113074,52810422,Viet Nam,OUTDOOR_SPORTS,USED_GOOD,BICYCLES PHYSICAL FITNESS,82,SPORT,SPORTING GOODS,B,PTBI20874,TRIKES,irc_bicycles_physical_fitness_20260417_253_p
LPJY944564,BICYCLES-PHYSICAL FITNESS,Owala 16oz Kids' FreeSip Stainless Steel Water Bottle - Cake Pop,4,24.99,99.96,Owala,847280091102,90150425,China,OUTDOOR_SPORTS,USED_GOOD,BICYCLES PHYSICAL FITNESS,82,SPORT,HOME,TT,PTAP16644,STAINLESS STEEL,irc_bicycles_physical_fitness_20260417_253_p
LPHS889178,BICYCLES-PHYSICAL FITNESS,"VEVOR Professional Dancing Pole, Spinning Static Dancing Pole Kit, 45mm Heavy-Duty Stainless Steel Pole, Height Adjustable Fitness Pole, Silver",1,97.99,97.99,VEVOR,198950176224,1003301981,,OUTDOOR_SPORTS,USED_GOOD,BICYCLES PHYSICAL FITNESS,82,SPORT,SPORTING GOODS,B,PTBI20887,,irc_bicycles_physical_fitness_20260417_253_p
LPJY881940,BICYCLES-PHYSICAL FITNESS,"Huffy Highland Mountain Bike - 26"" Wheels - 21 Speeds - M/L - Black",1,92.64,92.64,Huffy,028914363332,86854277,China,OUTDOOR_SPORTS,NEW,BICYCLES PHYSICAL FITNESS,82,SPORT,SPORTING GOODS,N,PTBB58522,MOUNTAIN,irc_bicycles_physical_fitness_20260417_253_p
LPHS802767,BICYCLES-PHYSICAL FITNESS,Tommie Copper Sport Comfort Back Brace - L/XL: Polyester & Spandex Support,4,22.99,91.96,Tommie Copper,018713660954,92542601,China,OUTDOOR_SPORTS,USED_GOOD,BICYCLES PHYSICAL FITNESS,82,SPORT,HEALTH AND BEAUTY,TT,PTAP16634,MUSCLE THERAPY,irc_bicycles_physical_fitness_20260417_253_p
LPHR041317,BICYCLES-PHYSICAL FITNESS,Little Tikes Cozy Truck - Black,1,90.99,90.99,Little Tikes,050743663161,91120934,United States of America,OUTDOOR_SPORTS,USED_GOOD,BICYCLES PHYSICAL FITNESS,82,SPORT,TOYS,B,PTBI20984,FOOT TO FLOOR,irc_bicycles_physical_fitness_20260417_253_p
LPHR082559,BICYCLES-PHYSICAL FITNESS,"Hydro Flask 32oz Wide Mouth Flex Straw Travel Bottle - Agave: BPA-Free, Vacuum-Insulated",2,44.99,89.98,Hydro Flask,840394202969,92383232,China,OUTDOOR_SPORTS,USED_GOOD,BICYCLES PHYSICAL FITNESS,82,SPORT,HOME,TT,PTAP16644,STAINLESS STEEL,irc_bicycles_physical_fitness_20260417_253_p
LPHR079366,BICYCLES-PHYSICAL FITNESS,Owala 40oz Stainless Steel FreeSip Sway Tumbler - Misty Meadow,2,44.99,89.98,Owala,840467302596,94268624,China,OUTDOOR_SPORTS,USED_GOOD,BICYCLES PHYSICAL FITNESS,82,SPORT,HOME,TT,PTAP16644,STAINLESS STEEL,irc_bicycles_physical_fitness_20260417_253_p
LPHR054812,BICYCLES-PHYSICAL FITNESS,"Pacific 20"" Kids' Bike - Erupt Green",1,87.49,87.49,Pacific,038675138162,86817293,China,OUTDOOR_SPORTS,NEW,BICYCLES PHYSICAL FITNESS,82,SPORT,SPORTING GOODS,N,PTBI20965,YOUTH,irc_bicycles_physical_fitness_20260417_253_p
LPHR002342,BICYCLES-PHYSICAL FITNESS,"Hydro Flask 24oz Wide Mouth Flex Straw Bottle - White: BPA-Free, Vacuum-Insulated",3,28.49,85.47,Hydro Flask,810070084127,92506407,China,OUTDOOR_SPORTS,USED_GOOD,BICYCLES PHYSICAL FITNESS,82,SPORT,HOME,TT,PTAP16644,STAINLESS STEEL,irc_bicycles_physical_fitness_20260417_253_p
LPKL522426,BICYCLES-PHYSICAL FITNESS,Little Tikes Adventure Rover Riding Toy,1,84.99,84.99,Little Tikes,050743638961,94770309,United States of America,OUTDOOR_SPORTS,USED_GOOD,BICYCLES PHYSICAL FITNESS,82,SPORT,TOYS,B,PTBI20984,FOOT TO FLOOR,irc_bicycles_physical_fitness_20260417_253_p
LPHR343003,BICYCLES-PHYSICAL FITNESS,"Blogilates Starter Fit Kit: Yoga Mat, Strap & Exercise Band for Core Muscles",2,40.99,81.98,Blogilates,810054660156,80315229,China,OUTDOOR_SPORTS,USED_GOOD,BICYCLES PHYSICAL FITNESS,82,SPORT,SPORTING GOODS,B,PTBI20874,STRENGTH TRAINING,irc_bicycles_physical_fitness_20260417_253_p
LPJY984205,BICYCLES-PHYSICAL FITNESS,"Step2 Whisper Ride Cruiser - Blue: Push Riding Toy for Ages 1.5-4, 50 lb Capacity",1,79.99,79.99,Step2,733538866991,76198528,United States of America,OUTDOOR_SPORTS,USED_GOOD,BICYCLES PHYSICAL FITNESS,82,SPORT,TOYS,B,PTBB58533,FOOT TO FLOOR,irc_bicycles_physical_fitness_20260417_253_p
LPHR049424,BICYCLES-PHYSICAL FITNESS,"Step2 Whisper Ride Cruiser - Blue: Push Riding Toy for Ages 1.5-4, 50 lb Capacity",1,79.99,79.99,Step2,733538866991,76198528,United States of America,OUTDOOR_SPORTS,SALVAGE,BICYCLES PHYSICAL FITNESS,82,SPORT,TOYS,B,PTBI20994,FOOT TO FLOOR,irc_bicycles_physical_fitness_20260417_253_p
LPHR326097,BICYCLES-PHYSICAL FITNESS,"Step2 Whisper Ride Cruiser - Blue: Push Riding Toy for Ages 1.5-4, 50 lb Capacity",1,79.99,79.99,Step2,733538866991,76198528,United States of America,OUTDOOR_SPORTS,USED_GOOD,BICYCLES PHYSICAL FITNESS,82,SPORT,TOYS,B,PTBI20887,FOOT TO FLOOR,irc_bicycles_physical_fitness_20260417_253_p
LPHR122307,BICYCLES-PHYSICAL FITNESS,Owala 16oz Kids' FreeSip Stainless Steel Water Bottle - Sleek,3,24.99,74.97,Owala,847280080502,87974489,China,OUTDOOR_SPORTS,USED_GOOD,BICYCLES PHYSICAL FITNESS,82,SPORT,HOME,TT,PTAP16644,STAINLESS STEEL,irc_bicycles_physical_fitness_20260417_253_p
LPHS422625,BICYCLES-PHYSICAL FITNESS,Schwinn 150 Lumen Light Set Bike Accessory Mount - Black (Please be advised that sets may be missing pieces or otherwise incomplete.),3,24.99,74.97,Schwinn,038675283695,92257944,United States of America,OUTDOOR_SPORTS,USED_GOOD,BICYCLES PHYSICAL FITNESS,82,SPORT,SPORTING GOODS,TT,PTAP16634,LIGHTS,irc_bicycles_physical_fitness_20260417_253_p
LPHS597009,BICYCLES-PHYSICAL FITNESS,"McDavid Sport Compression Knit Ankle Sleeve with Gel Buttress - (S /M): Joint Support, Nylon & Spandex, Age 16+",5,14.99,74.95,McDavid,029369148260,91146880,"Taiwan, Province of China",OUTDOOR_SPORTS,USED_GOOD,BICYCLES PHYSICAL FITNESS,82,SPORT,HEALTH AND BEAUTY,TT,PTAP16634,MUSCLE THERAPY,irc_bicycles_physical_fitness_20260417_253_p
LPHS639566,BICYCLES-PHYSICAL FITNESS,Little Tikes Junior Explorer Wagon,1,73.99,73.99,Little Tikes,050743627439,93535292,United States of America,OUTDOOR_SPORTS,USED_GOOD,BICYCLES PHYSICAL FITNESS,82,SPORT,TOYS,B,PTBI20901,WAGONS,irc_bicycles_physical_fitness_20260417_253_p
LPHR351333,BICYCLES-PHYSICAL FITNESS,"Roller Derby Custom Adult In-Fit Skates - Blue/Black 9-12: Adjustable, Padded Boot Shaft",1,73.99,73.99,Roller Derby,049288050017,91238578,China,OUTDOOR_SPORTS,SALVAGE,BICYCLES PHYSICAL FITNESS,82,SPORT,SPORTING GOODS,B,PTBI20859,ADULT INLINE SKATE,irc_bicycles_physical_fitness_20260417_253_p
LPJY972245,BICYCLES-PHYSICAL FITNESS,Owala 24oz Special Edition Stainless Steel FreeSip TWIST - Nothing Like A Diet Coke,2,35.00,70.00,Owala,840467307003,94776952,China,OUTDOOR_SPORTS,USED_GOOD,BICYCLES PHYSICAL FITNESS,82,SPORT,HOME,TT,PTAP16644,STAINLESS STEEL,irc_bicycles_physical_fitness_20260417_253_p
LPHS436412,BICYCLES-PHYSICAL FITNESS,Owala 32oz FreeSip Stainless Steel Water Bottle - Sandy Shores,2,34.99,69.98,Owala,847280087051,89056690,China,OUTDOOR_SPORTS,SALVAGE,BICYCLES PHYSICAL FITNESS,82,SPORT,HOME,TT,PTAP16644,STAINLESS STEEL,irc_bicycles_physical_fitness_20260417_253_p
LPHS546027,BICYCLES-PHYSICAL FITNESS,Owala 32oz Stainless Steel FreeSip Water Bottle - In Good Company,2,34.99,69.98,Owala,840467306082,94658163,China,OUTDOOR_SPORTS,SALVAGE,BICYCLES PHYSICAL FITNESS,82,SPORT,HOME,TT,PTAP16644,STAINLESS STEEL,irc_bicycles_physical_fitness_20260417_253_p
LPHS774548,BICYCLES-PHYSICAL FITNESS,Owala 32oz FreeSip Stainless Steel Water Bottle - Out of the Blue,2,34.99,69.98,Owala,840467308499,94803057,China,OUTDOOR_SPORTS,SALVAGE,BICYCLES PHYSICAL FITNESS,82,SPORT,HOME,TT,PTAP16644,STAINLESS STEEL,irc_bicycles_physical_fitness_20260417_253_p
LPHR016365,BICYCLES-PHYSICAL FITNESS,"Roller Derby Youth Adjustable Roller Skates - Blue/Black 3-6: Indoor/Outdoor Use, 4 Wheels",2,34.99,69.98,Roller Derby,049288037315,91238579,Viet Nam,OUTDOOR_SPORTS,USED_GOOD,BICYCLES PHYSICAL FITNESS,82,SPORT,SPORTING GOODS,TT,PTAP16634,SKATES,irc_bicycles_physical_fitness_20260417_253_p
LPJY941621,BICYCLES-PHYSICAL FITNESS,Owala 32oz FreeSip Stainless Steel Water Bottle - Periwinkle Twinkle,2,34.99,69.98,Owala,847280095766,92383272,China,OUTDOOR_SPORTS,NEW,BICYCLES PHYSICAL FITNESS,82,SPORT,HOME,TT,PTAP16634,STAINLESS STEEL,irc_bicycles_physical_fitness_20260417_253_p
LPHS768271,BICYCLES-PHYSICAL FITNESS,"Hydro Flask 32oz All Around Travel Straw Tumbler - Surf: Vacuum-Insulated, BPA-Free",2,34.99,69.98,Hydro Flask,840394216959,92776813,China,OUTDOOR_SPORTS,SALVAGE,BICYCLES PHYSICAL FITNESS,82,SPORT,HOME,TT,PTAP16634,TUMBLER,irc_bicycles_physical_fitness_20260417_253_p
LPJY972450,BICYCLES-PHYSICAL FITNESS,Tommie Copper Sport Comfort Back Brace - S/M: Polyester & Spandex Support,3,22.99,68.97,Tommie Copper,018713660947,92542605,China,OUTDOOR_SPORTS,USED_GOOD,BICYCLES PHYSICAL FITNESS,82,SPORT,HEALTH AND BEAUTY,TT,PTAP16644,MUSCLE THERAPY,irc_bicycles_physical_fitness_20260417_253_p
LPHR328304,BICYCLES-PHYSICAL FITNESS,Step2 Push Around Buggy - Anniversary Edition,1,67.99,67.99,Step2,733538717095,77471133,United States of America,OUTDOOR_SPORTS,USED_GOOD,BICYCLES PHYSICAL FITNESS,82,SPORT,TOYS,B,PTBI20859,FOOT TO FLOOR,irc_bicycles_physical_fitness_20260417_253_p
LPHR094955,BICYCLES-PHYSICAL FITNESS,Bala Bangles 2pc Wrist & Ankle Weight Set - Charcoal 2lb: Adjustable Steel & Silicone Weights (Please be advised that sets may be missing pieces or otherwise incomplete.),1,65.00,65.00,Bala,850034367033,87154198,China,OUTDOOR_SPORTS,SALVAGE,BICYCLES PHYSICAL FITNESS,82,SPORT,SPORTING GOODS,TT,PTAP16644,WEARABLES,irc_bicycles_physical_fitness_20260417_253_p
LPJY091547,BICYCLES-PHYSICAL FITNESS,Huffy Alpine Mountain Bike - 26” Wheels - 15 Speeds - Black,6,83.99,503.94,Huffy,028914362052,92423180,China,OUTDOOR_SPORTS,NEW,BICYCLES PHYSICAL FITNESS,82,SPORT,SPORTING GOODS,N,PTBI16651,"26"" MOUNTAIN",irc_bicycles_physical_fitness_20260417_253_p
LPHS799607,BICYCLES-PHYSICAL FITNESS,24 Speed Hybrid bike Disc Brake 700C Road Bike For men women's City Bicycle,1,389.99,389.99,SeaCamel,745857808071,1006941676,,OUTDOOR_SPORTS,USED_GOOD,BICYCLES PHYSICAL FITNESS,82,SPORT,SPORTING GOODS,B,PTBI20887,,irc_bicycles_physical_fitness_20260417_253_p
LPHR350745,BICYCLES-PHYSICAL FITNESS,Hyper HPR350 Dirt Bike 24 Volt Electric Motorcycle for Kids' - Exclusive Red/Black,1,249.99,249.99,Hyper,690995990648,90777282,China,OUTDOOR_SPORTS,NEW,BICYCLES PHYSICAL FITNESS,82,SPORT,TOYS,B,PTBI20859,ERO'S,irc_bicycles_physical_fitness_20260417_253_p
LPHR054757,BICYCLES-PHYSICAL FITNESS,"Schwinn Men's Trailway 700c/28"" Hybrid Bike - Blue",1,244.99,244.99,Schwinn,038675237582,80371744,China,OUTDOOR_SPORTS,NEW,BICYCLES PHYSICAL FITNESS,82,SPORT,SPORTING GOODS,N,PTBB58857,HYBRID,irc_bicycles_physical_fitness_20260417_253_p
LPJY972417,BICYCLES-PHYSICAL FITNESS,"Brightz Cosmic LED Bike Light - Color Morphing: ABS Material, 36-Hour Battery Life",19,12.74,242.06,Brightz,811860034070,89207351,China,OUTDOOR_SPORTS,NEW,BICYCLES PHYSICAL FITNESS,82,SPORT,SPORTING GOODS,TT,PTAP16644,LIGHTS,irc_bicycles_physical_fitness_20260417_253_p
LPHR129648,BICYCLES-PHYSICAL FITNESS,"Razor SX125 12V(100W) McGrath Dirt Electric Bike - Green: Steel Frame, 12.5"" Wheels",1,239.99,239.99,Razor,845423025120,82261119,China,OUTDOOR_SPORTS,USED_GOOD,BICYCLES PHYSICAL FITNESS,82,SPORT,SPORTING GOODS,B,PTBB58825,ERO'S,irc_bicycles_physical_fitness_20260417_253_p
LPHR054825,BICYCLES-PHYSICAL FITNESS,"Schwinn Astrid 20"" Kids' Bike - Gray",2,118.99,237.98,Schwinn,038675177482,54051740,China,OUTDOOR_SPORTS,NEW,BICYCLES PHYSICAL FITNESS,82,SPORT,SPORTING GOODS,N,PTBI20965,YOUTH,irc_bicycles_physical_fitness_20260417_253_p
LPHR351323,BICYCLES-PHYSICAL FITNESS,"Schwinn Ranger 26"" Adult Mountain Bike - Blue",1,230.99,230.99,Schwinn,038675283565,89538608,China,OUTDOOR_SPORTS,USED_GOOD,BICYCLES PHYSICAL FITNESS,82,SPORT,SPORTING GOODS,B,PTBI20859,MOUNTAIN,irc_bicycles_physical_fitness_20260417_253_p
LPJN783692,BICYCLES-PHYSICAL FITNESS,"Schwinn Ranger 26"" Adult Mountain Bike - Red",1,230.99,230.99,Schwinn,038675283572,89538615,China,OUTDOOR_SPORTS,NEW,BICYCLES PHYSICAL FITNESS,82,SPORT,SPORTING GOODS,B,PTBI20858,MOUNTAIN,irc_bicycles_physical_fitness_20260417_253_p
LPHR054764,BICYCLES-PHYSICAL FITNESS,"Schwinn Ranger 24"" Mountain Bike - Silver",1,209.99,209.99,Schwinn,038675283558,89538609,China,OUTDOOR_SPORTS,NEW,BICYCLES PHYSICAL FITNESS,82,SPORT,SPORTING GOODS,N,PTBI20965,MOUNTAIN,irc_bicycles_physical_fitness_20260417_253_p
LPHR342350,BICYCLES-PHYSICAL FITNESS,"Schwinn Ranger 24"" Mountain Bike - Blue",1,209.99,209.99,Schwinn,038675283541,89538614,China,OUTDOOR_SPORTS,NEW,BICYCLES PHYSICAL FITNESS,82,SPORT,SPORTING GOODS,N,PTBB59094,MOUNTAIN,irc_bicycles_physical_fitness_20260417_253_p
LPJY435910,BICYCLES-PHYSICAL FITNESS,"Huffy Southwind Cruiser Bike - 26"" Wheels - 7 Speeds - Basket - Teal",1,209.99,209.99,Huffy,028914364759,16374116,China,OUTDOOR_SPORTS,USED_GOOD,BICYCLES PHYSICAL FITNESS,82,SPORT,SPORTING GOODS,N,PTBB58522,CRUISER,irc_bicycles_physical_fitness_20260417_253_p
LPHS432194,BICYCLES-PHYSICAL FITNESS,Owala 32oz FreeSip Stainless Steel Water Bottle - Read My Lips,6,34.99,209.94,Owala,840467308482,94796991,China,OUTDOOR_SPORTS,USED_GOOD,BICYCLES PHYSICAL FITNESS,82,SPORT,HOME,TT,PTAP16644,STAINLESS STEEL,irc_bicycles_physical_fitness_20260417_253_p
LPJY940515,BICYCLES-PHYSICAL FITNESS,"Blogilates 12 Week Fit Journal: Hard Cover, Elastic Closure, Preprinted Pages",7,29.49,206.43,Blogilates,810054660187,80315228,China,OUTDOOR_SPORTS,USED_GOOD,BICYCLES PHYSICAL FITNESS,82,SPORT,STATIONERY & OFFICE SUPPLIES,TT,PTAP16644,ACCESSORIES,irc_bicycles_physical_fitness_20260417_253_p
LPJN781519,BICYCLES-PHYSICAL FITNESS,"Hyper Jammer Kids Electric Scooter 12 Volt Battery Powered Scooter - Green: Steel Frame, 10 MPH",2,99.99,199.98,Hyper,690995990662,91007811,China,OUTDOOR_SPORTS,USED_GOOD,BICYCLES PHYSICAL FITNESS,82,SPORT,SPORTING GOODS,B,PTBB58533,KIDS E-SCOOTERS,irc_bicycles_physical_fitness_20260417_253_p
LPJN783691,BICYCLES-PHYSICAL FITNESS,"Schwinn Legacy Women's 26"" Cruiser Bike - Purple",1,188.99,188.99,Schwinn,038675066281,86817298,China,OUTDOOR_SPORTS,NEW,BICYCLES PHYSICAL FITNESS,82,SPORT,SPORTING GOODS,B,PTBI20858,CRUISER,irc_bicycles_physical_fitness_20260417_253_p
LPHR327959,BICYCLES-PHYSICAL FITNESS,"Huffy Highland Mountain Bike - 24"" Wheels - 21 Speeds - Silver",2,92.64,185.28,Huffy,028914343334,86854276,China,OUTDOOR_SPORTS,NEW,BICYCLES PHYSICAL FITNESS,82,SPORT,SPORTING GOODS,N,PTBB59094,MOUNTAIN,irc_bicycles_physical_fitness_20260417_253_p
LPHR054766,BICYCLES-PHYSICAL FITNESS,"Huffy Highland Mountain Bike - 24"" Wheels - 21 Speeds - Silver",2,92.64,185.28,Huffy,028914343334,86854276,China,OUTDOOR_SPORTS,NEW,BICYCLES PHYSICAL FITNESS,82,SPORT,SPORTING GOODS,N,PTBB58857,MOUNTAIN,irc_bicycles_physical_fitness_20260417_253_p
LPHR049491,BICYCLES-PHYSICAL FITNESS,Radio Flyer Convertible Kid & Cargo Stroller Wagon with Canopy: Steel & Plastic Frame,1,179.99,179.99,Radio Flyer,042385114330,77440787,China,OUTDOOR_SPORTS,USED_GOOD,BICYCLES PHYSICAL FITNESS,82,SPORT,TOYS,B,PTBI20984,WAGONS,irc_bicycles_physical_fitness_20260417_253_p
LPJY968988,BICYCLES-PHYSICAL FITNESS,Schwinn 18 in 1 Multi-Purpose Bike Tool,12,12.99,155.88,Schwinn,038675610613,14025713,China,OUTDOOR_SPORTS,USED_GOOD,BICYCLES PHYSICAL FITNESS,82,SPORT,SPORTING GOODS,TT,PTAP16644,REPAIR,irc_bicycles_physical_fitness_20260417_253_p
LPHS240997,BICYCLES-PHYSICAL FITNESS,"Brightz Ride LED - Star: ABS Bike Lights, Handlebar & Seat Post Mount, 11-Hour Battery",6,25.49,152.94,Brightz,811860032892,92487497,China,OUTDOOR_SPORTS,LIKE_NEW,BICYCLES PHYSICAL FITNESS,82,SPORT,SPORTING GOODS,TT,PTAP16644,ACCESSORIES,irc_bicycles_physical_fitness_20260417_253_p
LPHR082410,BICYCLES-PHYSICAL FITNESS,"Brightz Ride LED - Star: ABS Bike Lights, Handlebar & Seat Post Mount, 11-Hour Battery",6,25.49,152.94,Brightz,811860032892,92487497,China,OUTDOOR_SPORTS,NEW,BICYCLES PHYSICAL FITNESS,82,SPORT,SPORTING GOODS,TT,PTAP16634,ACCESSORIES,irc_bicycles_physical_fitness_20260417_253_p
LPHR354776,BICYCLES-PHYSICAL FITNESS,"Razor Lightshow Rip Rider 16"" Kids' Trike - Black: Steel Frame, 160 lb Capacity",1,149.99,149.99,Razor,845423024581,82261118,China,OUTDOOR_SPORTS,USED_GOOD,BICYCLES PHYSICAL FITNESS,82,SPORT,SPORTING GOODS,B,PTBB58825,TRIKES,irc_bicycles_physical_fitness_20260417_253_p
LPHR327920,BICYCLES-PHYSICAL FITNESS,"Schwinn Piston 16"" Kids' Bike - Black/Blue/Red",1,149.99,149.99,Schwinn,038675262874,82250975,China,OUTDOOR_SPORTS,USED_GOOD,BICYCLES PHYSICAL FITNESS,82,SPORT,SPORTING GOODS,B,PTBI20874,"16"" BIKES",irc_bicycles_physical_fitness_20260417_253_p
LPHR327670,BICYCLES-PHYSICAL FITNESS,"Schwinn Iris 16"" Kids' Bike - Purple",1,149.99,149.99,Schwinn,038675262881,82250978,China,OUTDOOR_SPORTS,USED_GOOD,BICYCLES PHYSICAL FITNESS,82,SPORT,SPORTING GOODS,B,PTBI20874,"16"" BIKES",irc_bicycles_physical_fitness_20260417_253_p
LPHR350463,BICYCLES-PHYSICAL FITNESS,"Step2 Side by Side Push Around Roadster: Plastic Pedal & Push Riding Toy, 50 lb Capacity",1,149.99,149.99,Step2,733538440894,90777434,United States of America,OUTDOOR_SPORTS,USED_GOOD,BICYCLES PHYSICAL FITNESS,82,SPORT,TOYS,B,PTBI20901,FOOT TO FLOOR,irc_bicycles_physical_fitness_20260417_253_p
LPHR354349,BICYCLES-PHYSICAL FITNESS,"Razor Power Core PC Electric Scooter - Blue: Steel Frame, 10 mph Max Speed, 120 lb Capacity",1,149.99,149.99,Razor,845423027889,91068858,China,OUTDOOR_SPORTS,USED_GOOD,BICYCLES PHYSICAL FITNESS,82,SPORT,SPORTING GOODS,B,PTBB59137,ELECTRIC SCOOTER,irc_bicycles_physical_fitness_20260417_253_p
LPHR322040,BICYCLES-PHYSICAL FITNESS,"Razor Flashback Kick Scooter - Black: Steel Frame, Hand Brake, 220 lb Capacity",1,149.99,149.99,Razor,845423027933,91068999,China,OUTDOOR_SPORTS,USED_GOOD,BICYCLES PHYSICAL FITNESS,82,SPORT,SPORTING GOODS,B,PTBI20859,2-WHEEL SCOOTERS,irc_bicycles_physical_fitness_20260417_253_p
LPHR084260,BICYCLES-PHYSICAL FITNESS,Owala 24oz FreeSip Stainless Steel Water Bottle  - Misty Meadow,5,29.99,149.95,Owala,847280095742,92383298,China,OUTDOOR_SPORTS,USED_GOOD,BICYCLES PHYSICAL FITNESS,82,SPORT,HOME,TT,PTAP16634,STAINLESS STEEL,irc_bicycles_physical_fitness_20260417_253_p
LPJY966576,BICYCLES-PHYSICAL FITNESS,Owala 16oz Kids' FreeSip Stainless Steel Water Bottle - Cake Pop,6,24.99,149.94,Owala,847280091102,90150425,China,OUTDOOR_SPORTS,USED_GOOD,BICYCLES PHYSICAL FITNESS,82,SPORT,HOME,TT,PTAP16634,STAINLESS STEEL,irc_bicycles_physical_fitness_20260417_253_p
LPJY940616,BICYCLES-PHYSICAL FITNESS,"Master Lock 6' X 1/2"" Re settable Combo Cable: Bike Security Lock",11,12.99,142.89,Master Lock,071649049491,54287919,China,OUTDOOR_SPORTS,USED_GOOD,BICYCLES PHYSICAL FITNESS,82,SPORT,SPORTING GOODS,TT,PTAP16634,ACCESSORIES,irc_bicycles_physical_fitness_20260417_253_p
LPJY881990,BICYCLES-PHYSICAL FITNESS,"Hyper 20"" Full Suspension Bear Mountain Bike - Black/Blue: 7-Speed, Steel Frame",1,139.99,139.99,Hyper Bicycles; Hyper,690995300447,92451120,China,OUTDOOR_SPORTS,NEW,BICYCLES PHYSICAL FITNESS,82,SPORT,SPORTING GOODS,N,PTBB58522,MOUNTAIN,irc_bicycles_physical_fitness_20260417_253_p
LPJY435916,BICYCLES-PHYSICAL FITNESS,"Hyper 20"" Full Suspension Bear Mountain Bike - Black/Blue: 7-Speed, Steel Frame",1,139.99,139.99,Hyper Bicycles; Hyper,690995300447,92451120,China,OUTDOOR_SPORTS,USED_GOOD,BICYCLES PHYSICAL FITNESS,82,SPORT,SPORTING GOODS,N,PTBB58522,MOUNTAIN,irc_bicycles_physical_fitness_20260417_253_p
LPHR351345,BICYCLES-PHYSICAL FITNESS,Step2 Racing Green Up & Down Roller Coaster Ride-On: Pedal Push Toy for Ages 2-5,1,139.99,139.99,Step2,733538431892,88232464,United States of America,OUTDOOR_SPORTS,USED_GOOD,BICYCLES PHYSICAL FITNESS,82,SPORT,TOYS,B,PTBI20858,FOOT TO FLOOR,irc_bicycles_physical_fitness_20260417_253_p
LPJY982323,BICYCLES-PHYSICAL FITNESS,Owala 12oz SmoothSip Slider Stainless Steel Coffee Mug -  Sleek,5,24.99,124.95,Owala,847280095971,92383287,China,OUTDOOR_SPORTS,NEW,BICYCLES PHYSICAL FITNESS,82,SPORT,HOME,TT,PTAP16634,WARM BEV,irc_bicycles_physical_fitness_20260417_253_p
LPHS258227,BICYCLES-PHYSICAL FITNESS,Stanley 64oz IceFlow Flip Straw Jug - Black 2.0: Stainless Steel Drinkware,2,60.00,120.00,Stanley,041604437892,92506459,China,OUTDOOR_SPORTS,USED_GOOD,BICYCLES PHYSICAL FITNESS,82,SPORT,HOME,TT,PTAP16644,LARGE CAPACITY,irc_bicycles_physical_fitness_20260417_253_p
LPHS250767,BICYCLES-PHYSICAL FITNESS,Owala 40oz Stainless Steel Straw Tumbler - Polar Brr,3,39.99,119.97,Owala,847280077472,86392286,China,OUTDOOR_SPORTS,SALVAGE,BICYCLES PHYSICAL FITNESS,82,SPORT,HOME,TT,PTAP16644,TUMBLER,irc_bicycles_physical_fitness_20260417_253_p
LPHR324312,BICYCLES-PHYSICAL FITNESS,McDavid Sport Knee Knit Sleeve with Buttress and Stays - Gray -  S/M,4,29.99,119.96,McDavid,029369148338,86205173,"Taiwan, Province of China",OUTDOOR_SPORTS,USED_GOOD,BICYCLES PHYSICAL FITNESS,82,SPORT,HEALTH AND BEAUTY,TT,PTAP16644,MUSCLE THERAPY,irc_bicycles_physical_fitness_20260417_253_p
LPJY558993,BICYCLES-PHYSICAL FITNESS,"Hydro Flask 32oz All Around Travel Straw Tumbler - Black: Double-Wall, BPA-Free, Spillproof",5,23.99,119.95,Hydro Flask,840394216973,92383239,China,OUTDOOR_SPORTS,USED_GOOD,BICYCLES PHYSICAL FITNESS,82,SPORT,HOME,TT,PTAP16644,TUMBLER,irc_bicycles_physical_fitness_20260417_253_p
LPJY960481,BICYCLES-PHYSICAL FITNESS,"Brightz Cosmic LED Bike Light - Color Morphing: ABS Material, 36-Hour Battery Life",9,12.74,114.66,Brightz,811860034070,89207351,China,OUTDOOR_SPORTS,NEW,BICYCLES PHYSICAL FITNESS,82,SPORT,SPORTING GOODS,TT,PTAP16634,LIGHTS,irc_bicycles_physical_fitness_20260417_253_p
LPJY550624,BICYCLES-PHYSICAL FITNESS,BlenderBottle 24oz Strada Tritan Shaker Cup - Confetti,7,15.99,111.93,BlenderBottle,840467308215,94894812,China,OUTDOOR_SPORTS,NEW,BICYCLES PHYSICAL FITNESS,82,SPORT,HOME,TT,PTAP16634,MIXER,irc_bicycles_physical_fitness_20260417_253_p
LPHR059541,BICYCLES-PHYSICAL FITNESS,Pacific 20'' Kids' Bike - Soarin Purple,1,106.24,106.24,Pacific,038675138179,86817297,China,OUTDOOR_SPORTS,NEW,BICYCLES PHYSICAL FITNESS,82,SPORT,SPORTING GOODS,B,PTBI20945,YOUTH,irc_bicycles_physical_fitness_20260417_253_p
LPHR340142,BICYCLES-PHYSICAL FITNESS,Pacific 20'' Kids' Bike - Soarin Purple,1,106.24,106.24,Pacific,038675138179,86817297,China,OUTDOOR_SPORTS,USED_GOOD,BICYCLES PHYSICAL FITNESS,82,SPORT,SPORTING GOODS,B,PTBI20945,YOUTH,irc_bicycles_physical_fitness_20260417_253_p
LPHS422720,BICYCLES-PHYSICAL FITNESS,Owala 32oz FreeSip Stainless Steel Water Bottle - Tangy Tango,3,34.99,104.97,Owala,847280087044,89056688,China,OUTDOOR_SPORTS,SALVAGE,BICYCLES PHYSICAL FITNESS,82,SPORT,HOME,TT,PTAP16644,STAINLESS STEEL,irc_bicycles_physical_fitness_20260417_253_p
LPHR242617,BICYCLES-PHYSICAL FITNESS,"Belt Fanny Pack Light Mint Green - All In Motion: Adjustable Strap, Solid Pattern",5,20.00,100.00,All In Motion,198420122898,92201037,Cambodia,OUTDOOR_SPORTS,NEW,BICYCLES PHYSICAL FITNESS,82,SPORT,APPAREL,TT,PTAP16634,BAGS,irc_bicycles_physical_fitness_20260417_253_p
LPKL522263,BICYCLES-PHYSICAL FITNESS,Gaiam Studio Select Pilates Reformer Workout Bar,1,99.99,99.99,Gaiam,018713665331,94429572,China,OUTDOOR_SPORTS,SALVAGE,BICYCLES PHYSICAL FITNESS,82,SPORT,SPORTING GOODS,B,PTBI20994,PILATES,irc_bicycles_physical_fitness_20260417_253_p
LPKL522973,BICYCLES-PHYSICAL FITNESS,"Hyper Jammer Kids Electric Scooter 12 Volt Battery Powered Scooter - Green: Steel Frame, 10 MPH",1,99.99,99.99,Hyper,690995990662,91007811,China,OUTDOOR_SPORTS,USED_GOOD,BICYCLES PHYSICAL FITNESS,82,SPORT,SPORTING GOODS,B,PTBI20901,KIDS E-SCOOTERS,irc_bicycles_physical_fitness_20260417_253_p
LPHR328093,BICYCLES-PHYSICAL FITNESS,"Radio Flyer 4-in-1 Stroll 'N Trike - Pink: Steel Frame, Adjustable Seat, EVA Tires",1,99.99,99.99,Radio Flyer,042385113074,52810422,Viet Nam,OUTDOOR_SPORTS,USED_GOOD,BICYCLES PHYSICAL FITNESS,82,SPORT,SPORTING GOODS,B,PTBI20858,TRIKES,irc_bicycles_physical_fitness_20260417_253_p
LPHS419749,BICYCLES-PHYSICAL FITNESS,Schwinn 150 Lumen Light Set Bike Accessory Mount - Black (Please be advised that sets may be missing pieces or otherwise incomplete.),4,24.99,99.96,Schwinn,038675283695,92257944,United States of America,OUTDOOR_SPORTS,USED_GOOD,BICYCLES PHYSICAL FITNESS,82,SPORT,SPORTING GOODS,TT,PTAP16644,LIGHTS,irc_bicycles_physical_fitness_20260417_253_p
LPJY972235,BICYCLES-PHYSICAL FITNESS,Owala 16oz Kids' FreeSip Stainless Steel Water Bottle - Misty Meadow,4,24.99,99.96,Owala,847280095728,92383288,China,OUTDOOR_SPORTS,USED_GOOD,BICYCLES PHYSICAL FITNESS,82,SPORT,HOME,TT,PTAP16634,STAINLESS STEEL,irc_bicycles_physical_fitness_20260417_253_p
LPHR131119,BICYCLES-PHYSICAL FITNESS,Schwinn Cyclone Max Floor Pump - Gray,3,32.99,98.97,Schwinn,038675197763,77523368,United States of America,OUTDOOR_SPORTS,USED_GOOD,BICYCLES PHYSICAL FITNESS,82,SPORT,SPORTING GOODS,B,PTBI20858,PUMPS,irc_bicycles_physical_fitness_20260417_253_p
LPJY949325,BICYCLES-PHYSICAL FITNESS,"Gatorade 12oz Stainless Steel Water Bottle - Yellow: Portable Drinkware, Plastic Lid",6,15.99,95.94,Gatorade,052000056082,92514286,United States of America,OUTDOOR_SPORTS,NEW,BICYCLES PHYSICAL FITNESS,82,SPORT,HOME,TT,PTAP16634,STAINLESS STEEL,irc_bicycles_physical_fitness_20260417_253_p
LPJY550622,BICYCLES-PHYSICAL FITNESS,BlenderBottle 24oz Strada Tritan Shaker Cup - Purple,6,15.99,95.94,BlenderBottle,840467308611,94922012,China,OUTDOOR_SPORTS,NEW,BICYCLES PHYSICAL FITNESS,82,SPORT,HOME,TT,PTAP16634,MIXER,irc_bicycles_physical_fitness_20260417_253_p
LPHR031409,BICYCLES-PHYSICAL FITNESS,"Tommie 14-18"" Copper Sport Compression Calf Sleeve - L/XL: Muscle Support for Legs",8,11.89,95.12,Tommie Copper,018713635884,92542603,China,OUTDOOR_SPORTS,NEW,BICYCLES PHYSICAL FITNESS,82,SPORT,HEALTH AND BEAUTY,TT,PTAP16644,MUSCLE THERAPY,irc_bicycles_physical_fitness_20260417_253_p
LPHR012240,BICYCLES-PHYSICAL FITNESS,Tommie Copper Sport Comfort Back Brace - L/XL: Polyester & Spandex Support,4,22.99,91.96,Tommie Copper,018713660954,92542601,China,OUTDOOR_SPORTS,USED_GOOD,BICYCLES PHYSICAL FITNESS,82,SPORT,HEALTH AND BEAUTY,TT,PTAP16644,MUSCLE THERAPY,irc_bicycles_physical_fitness_20260417_253_p
LPHS547029,BICYCLES-PHYSICAL FITNESS,Wrist/Ankle Weight 2pc 1lb Set - All In Motion (Please be advised that sets may be missing pieces or otherwise incomplete.),7,13.00,91.00,All In Motion,191802002078,94409162,China,OUTDOOR_SPORTS,USED_GOOD,BICYCLES PHYSICAL FITNESS,82,SPORT,SPORTING GOODS,TT,PTAP16644,WEARABLES,irc_bicycles_physical_fitness_20260417_253_p
LPHR046877,BICYCLES-PHYSICAL FITNESS,Owala 40oz FreeSip Stainless Steel Tumbler - Misty Meadow,2,44.99,89.98,Owala,847280095605,92383309,China,OUTDOOR_SPORTS,USED_GOOD,BICYCLES PHYSICAL FITNESS,82,SPORT,HOME,TT,PTAP16644,TUMBLER,irc_bicycles_physical_fitness_20260417_253_p
LPHS439529,BICYCLES-PHYSICAL FITNESS,Owala 24oz FreeSip Stainless Steel Water Bottle - Very Very Dark,3,29.99,89.97,Owala,847280071920,80310908,China,OUTDOOR_SPORTS,USED_GOOD,BICYCLES PHYSICAL FITNESS,82,SPORT,HOME,TT,PTAP16644,STAINLESS STEEL,irc_bicycles_physical_fitness_20260417_253_p
LPHS430544,BICYCLES-PHYSICAL FITNESS,Owala 24oz FreeSip Stainless Steel Water Bottle - Sleek,3,29.99,89.97,Owala,847280072347,83522375,China,OUTDOOR_SPORTS,SALVAGE,BICYCLES PHYSICAL FITNESS,82,SPORT,HOME,TT,PTAP16644,STAINLESS STEEL,irc_bicycles_physical_fitness_20260417_253_p
LPJY965867,BICYCLES-PHYSICAL FITNESS,McDavid Sport Knee Brace with Hinges - Black - S/M,3,29.99,89.97,McDavid,029369148352,86205163,"Taiwan, Province of China",OUTDOOR_SPORTS,USED_GOOD,BICYCLES PHYSICAL FITNESS,82,SPORT,HEALTH AND BEAUTY,TT,PTAP16644,MUSCLE THERAPY,irc_bicycles_physical_fitness_20260417_253_p
LPHS422253,BICYCLES-PHYSICAL FITNESS,McDavid Sport Ankle Brace - Black - S,3,29.99,89.97,McDavid,029369148284,86205166,"Taiwan, Province of China",OUTDOOR_SPORTS,USED_GOOD,BICYCLES PHYSICAL FITNESS,82,SPORT,HEALTH AND BEAUTY,TT,PTAP16644,MUSCLE THERAPY,irc_bicycles_physical_fitness_20260417_253_p
LPHR327138,BICYCLES-PHYSICAL FITNESS,"Pacific 20"" Kids' Bike - Erupt Green",1,87.49,87.49,Pacific,038675138162,86817293,China,OUTDOOR_SPORTS,USED_GOOD,BICYCLES PHYSICAL FITNESS,82,SPORT,SPORTING GOODS,TT,PTBB59068,YOUTH,irc_bicycles_physical_fitness_20260417_253_p
LPJY551366,BICYCLES-PHYSICAL FITNESS,"Running Hat Black - All In Motion: Lightweight Adjustable Baseball Cap, Polyester Spandex Blend",6,14.00,84.00,All In Motion,191907562774,80594801,China,OUTDOOR_SPORTS,NEW,BICYCLES PHYSICAL FITNESS,82,SPORT,APPAREL,TT,PTAP16634,ACCESSORIES,irc_bicycles_physical_fitness_20260417_253_p
LPHR054759,BICYCLES-PHYSICAL FITNESS,Huffy Alpine Mountain Bike - 26” Wheels - 15 Speeds - Black,1,83.99,83.99,Huffy,028914362052,92423180,China,OUTDOOR_SPORTS,NEW,BICYCLES PHYSICAL FITNESS,82,SPORT,SPORTING GOODS,N,PTBI20965,"26"" MOUNTAIN",irc_bicycles_physical_fitness_20260417_253_p
LPHR055200,BICYCLES-PHYSICAL FITNESS,"Step2 Whisper Ride Cruiser - Blue: Push Riding Toy for Ages 1.5-4, 50 lb Capacity",1,79.99,79.99,Step2,733538866991,76198528,United States of America,OUTDOOR_SPORTS,USED_GOOD,BICYCLES PHYSICAL FITNESS,82,SPORT,TOYS,B,PTBI20945,FOOT TO FLOOR,irc_bicycles_physical_fitness_20260417_253_p
LPJY558986,BICYCLES-PHYSICAL FITNESS,"Hydro Flask 40oz All Around Travel Straw Tumbler - Black: Double-Wall, BPA-Free, Spillproof",2,39.99,79.98,Hydro Flask,840394217055,92383266,China,OUTDOOR_SPORTS,SALVAGE,BICYCLES PHYSICAL FITNESS,82,SPORT,HOME,TT,PTAP16644,TUMBLER,irc_bicycles_physical_fitness_20260417_253_p
LPHS559050,BICYCLES-PHYSICAL FITNESS,BruMate Era 30oz 100% Leak-Proof Straw Tumbler - Dune,2,39.99,79.98,BRUMATE,195429063894,94711391,Thailand,OUTDOOR_SPORTS,USED_GOOD,BICYCLES PHYSICAL FITNESS,82,SPORT,HOME,TT,PTAP16644,TUMBLER,irc_bicycles_physical_fitness_20260417_253_p
LPHS800496,BICYCLES-PHYSICAL FITNESS,"Hydro Flask 24oz Wide Mouth Flex Straw Bottle - Trillium: BPA-Free, Vacuum-Insulated",2,39.99,79.98,Hydro Flask,810096852908,92506406,China,OUTDOOR_SPORTS,USED_GOOD,BICYCLES PHYSICAL FITNESS,82,SPORT,HOME,TT,PTAP16634,STAINLESS STEEL,irc_bicycles_physical_fitness_20260417_253_p
LPJY971125,BICYCLES-PHYSICAL FITNESS,"Tommie Copper Sport Compression Knee High Socks 2pk - L/XL: Leg Support, Microfiber (Please be advised that sets may be missing pieces or otherwise incomplete.)",6,12.29,73.74,Tommie Copper,018713631824,90679343,China,OUTDOOR_SPORTS,USED_GOOD,BICYCLES PHYSICAL FITNESS,82,SPORT,HEALTH AND BEAUTY,TT,PTAP16644,MUSCLE THERAPY,irc_bicycles_physical_fitness_20260417_253_p
LPHS791428,BICYCLES-PHYSICAL FITNESS,"Tommie Copper Sport Compression Knee High Socks 2pk - L/XL: Leg Support, Microfiber (Please be advised that sets may be missing pieces or otherwise incomplete.)",6,12.29,73.74,Tommie Copper,018713631824,90679343,China,OUTDOOR_SPORTS,USED_GOOD,BICYCLES PHYSICAL FITNESS,82,SPORT,HEALTH AND BEAUTY,TT,PTAP16634,MUSCLE THERAPY,irc_bicycles_physical_fitness_20260417_253_p
LPHR353074,BICYCLES-PHYSICAL FITNESS,"Roller Derby Youth Adjustable Roller Skates - Blue/Black 3-6: Indoor/Outdoor Use, 4 Wheels",2,34.99,69.98,Roller Derby,049288037315,91238579,Viet Nam,OUTDOOR_SPORTS,USED_GOOD,BICYCLES PHYSICAL FITNESS,82,SPORT,SPORTING GOODS,B,PTBI20874,SKATES,irc_bicycles_physical_fitness_20260417_253_p
LPHR168708,BICYCLES-PHYSICAL FITNESS,Owala 32oz FreeSip Stainless Steel Water Bottle - Very Very Dark,2,34.99,69.98,Owala,847280062317,85032970,China,OUTDOOR_SPORTS,USED_GOOD,BICYCLES PHYSICAL FITNESS,82,SPORT,HOME,TT,PTAP16644,STAINLESS STEEL,irc_bicycles_physical_fitness_20260417_253_p
LPJY964426,BICYCLES-PHYSICAL FITNESS,"Hydro Flask 32oz All Around Travel Straw Tumbler - Agave: Double-Wall, BPA-Free, Spillproof",2,34.99,69.98,Hydro Flask,840394217024,92383204,China,OUTDOOR_SPORTS,SALVAGE,BICYCLES PHYSICAL FITNESS,82,SPORT,HOME,TT,PTAP16644,TUMBLER,irc_bicycles_physical_fitness_20260417_253_p
LPJY964510,BICYCLES-PHYSICAL FITNESS,"Hydro Flask 32oz All Around Travel Straw Tumbler - Oat: Double-Wall, BPA-Free, Spillproof",2,34.99,69.98,Hydro Flask,840394216966,92383216,China,OUTDOOR_SPORTS,SALVAGE,BICYCLES PHYSICAL FITNESS,82,SPORT,HOME,TT,PTAP16644,TUMBLER,irc_bicycles_physical_fitness_20260417_253_p
LPJY547528,BICYCLES-PHYSICAL FITNESS,Owala 30oz Stainless Steel FreeSip Sway Tumbler - Misty Meadow,2,34.99,69.98,Owala,847280096077,92383312,China,OUTDOOR_SPORTS,SALVAGE,BICYCLES PHYSICAL FITNESS,82,SPORT,HOME,TT,PTAP16644,STAINLESS STEEL,irc_bicycles_physical_fitness_20260417_253_p
LPHR304294,BICYCLES-PHYSICAL FITNESS,Owala 32oz FreeSip Stainless Steel Water Bottle - Sleek,2,34.99,69.98,Owala,847280073009,83888063,China,OUTDOOR_SPORTS,USED_GOOD,BICYCLES PHYSICAL FITNESS,82,SPORT,HOME,TT,PTAP16634,STAINLESS STEEL,irc_bicycles_physical_fitness_20260417_253_p
LPHR245234,BICYCLES-PHYSICAL FITNESS,Owala 30oz FreeSip Sway Stainless Steel Tumbler - Tangy Tango,2,34.99,69.98,Owala,847280096046,92383299,China,OUTDOOR_SPORTS,NEW,BICYCLES PHYSICAL FITNESS,82,SPORT,HOME,TT,PTAP16634,STAINLESS STEEL,irc_bicycles_physical_fitness_20260417_253_p
LPHR008384,BICYCLES-PHYSICAL FITNESS,Owala 30oz Stainless Steel FreeSip Sway - Pretty in Purple,2,34.99,69.98,Owala,847280095063,95033766,China,OUTDOOR_SPORTS,USED_GOOD,BICYCLES PHYSICAL FITNESS,82,SPORT,HOME,TT,PTAP16634,STAINLESS STEEL,irc_bicycles_physical_fitness_20260417_253_p
LPHS439853,BICYCLES-PHYSICAL FITNESS,Blogilates 12 Week Fit Journal - Pastel,4,16.99,67.96,Blogilates,850052976446,92767870,,OUTDOOR_SPORTS,NEW,BICYCLES PHYSICAL FITNESS,82,SPORT,STATIONERY & OFFICE SUPPLIES,TT,PTAP16634,ACCESSORIES,irc_bicycles_physical_fitness_20260417_253_p
LPHR342129,BICYCLES-PHYSICAL FITNESS,"Pacific Unisex Unity 12"" Kids' Bike - Teal Blue",1,64.99,64.99,Pacific,038675286917,91052496,China,OUTDOOR_SPORTS,USED_GOOD,BICYCLES PHYSICAL FITNESS,82,SPORT,SPORTING GOODS,B,PTBI20858,"12"" BIKES",irc_bicycles_physical_fitness_20260417_253_p
LPHR010231,BICYCLES-PHYSICAL FITNESS,"30oz Stainless Steel Tumbler with Straw Purple - Embark: BPA-Free, Portable Drinkware",6,10.00,60.00,Embark,198420113599,92028565,China,OUTDOOR_SPORTS,USED_GOOD,BICYCLES PHYSICAL FITNESS,82,SPORT,HOME,TT,PTAP16644,TUMBLER,irc_bicycles_physical_fitness_20260417_253_p
LPJY972650,BICYCLES-PHYSICAL FITNESS,Pilates Ring Yoga Wheels - All In Motion Black,4,15.00,60.00,All In Motion,198850949898,94409128,China,OUTDOOR_SPORTS,USED_GOOD,BICYCLES PHYSICAL FITNESS,82,SPORT,SPORTING GOODS,TT,PTAP16644,PILATES,irc_bicycles_physical_fitness_20260417_253_p
LPHS888998,BICYCLES-PHYSICAL FITNESS,Huffy Disney Princess 3-Wheel Scooter with LED Lights - Pink/Purple,1,59.99,59.99,Huffy,028914386553,94578811,China,OUTDOOR_SPORTS,USED_GOOD,BICYCLES PHYSICAL FITNESS,82,SPORT,SPORTING GOODS,B,PTBI20945,3 WHEEL SCOOTER,irc_bicycles_physical_fitness_20260417_253_p
LPHR008213,BICYCLES-PHYSICAL FITNESS,Owala 24oz FreeSip Stainless Steel Water Bottle  - Navy Nights,2,29.99,59.98,Owala,847280094004,91897296,China,OUTDOOR_SPORTS,USED_GOOD,BICYCLES PHYSICAL FITNESS,82,SPORT,HOME,TT,PTAP16634,STAINLESS STEEL,irc_bicycles_physical_fitness_20260417_253_p
LPHR018753,BICYCLES-PHYSICAL FITNESS,Owala 24oz FreeSip Stainless Steel Water Bottle  - Kickflip,2,29.99,59.98,Owala,847280095759,92383234,China,OUTDOOR_SPORTS,USED_GOOD,BICYCLES PHYSICAL FITNESS,82,SPORT,HOME,TT,PTAP16634,STAINLESS STEEL,irc_bicycles_physical_fitness_20260417_253_p
LPHS779573,BICYCLES-PHYSICAL FITNESS,Owala 24oz FreeSip Stainless Steel Water Bottle - Hearth & Hand with Magnolia - First Place,2,29.99,59.98,Owala; Hearth & Hand with Magnolia,847280097289,93230582,China,OUTDOOR_SPORTS,USED_GOOD,BICYCLES PHYSICAL FITNESS,82,SPORT,HOME,TT,PTAP16634,STAINLESS STEEL,irc_bicycles_physical_fitness_20260417_253_p
LPHR249602,BICYCLES-PHYSICAL FITNESS,Owala 24oz Stainless Steel FreeSip Water Bottle - Candy Coated,2,29.99,59.98,Owala,840467308376,94912420,China,OUTDOOR_SPORTS,USED_GOOD,BICYCLES PHYSICAL FITNESS,82,SPORT,HOME,TT,PTAP16634,STAINLESS STEEL,irc_bicycles_physical_fitness_20260417_253_p
LPJY973170,BICYCLES-PHYSICAL FITNESS,Gaiam Studio Select Barre Sock 2pk (Please be advised that sets may be missing pieces or otherwise incomplete.),4,14.99,59.96,Gaiam,018713665324,94413600,China,OUTDOOR_SPORTS,USED_GOOD,BICYCLES PHYSICAL FITNESS,82,SPORT,APPAREL,TT,PTAP16644,YOGA,irc_bicycles_physical_fitness_20260417_253_p
LPHR057943,BICYCLES-PHYSICAL FITNESS,Little Tikes Cozy Coupe,1,57.99,57.99,Little Tikes,050743612060,53594417,United States of America,OUTDOOR_SPORTS,USED_GOOD,BICYCLES PHYSICAL FITNESS,82,SPORT,TOYS,B,PTBB58533,FOOT TO FLOOR,irc_bicycles_physical_fitness_20260417_253_p
LPHS889227,BICYCLES-PHYSICAL FITNESS,"Hex Dumbbell 40lbs Black - All In Motion: Rubber, Chrome, Single Weight",1,55.00,55.00,All In Motion,018713645685,85616927,Cambodia,OUTDOOR_SPORTS,USED_GOOD,BICYCLES PHYSICAL FITNESS,82,SPORT,SPORTING GOODS,B,PTBI20874,STRENGTH TRAINING,irc_bicycles_physical_fitness_20260417_253_p
LPHR440270,BICYCLES-PHYSICAL FITNESS,Bala Bangles 2pc Wrist & Ankle Weight Set - Blush 1lb: Adjustable Steel & Silicone Weights (Please be advised that sets may be missing pieces or otherwise incomplete.),1,55.00,55.00,Bala,850018778640,87154191,China,OUTDOOR_SPORTS,USED_GOOD,BICYCLES PHYSICAL FITNESS,82,SPORT,SPORTING GOODS,TT,PTAP16644,WEARABLES,irc_bicycles_physical_fitness_20260417_253_p
LPKL522300,BICYCLES-PHYSICAL FITNESS,Kids' Chicago Skates Adjustable Inline Skates - Black/Blue 5-8,1,54.99,54.99,Chicago Skates,039035036869,81307115,China,OUTDOOR_SPORTS,USED_GOOD,BICYCLES PHYSICAL FITNESS,82,SPORT,SPORTING GOODS,B,PTBI20994,SKATES,irc_bicycles_physical_fitness_20260417_253_p
LPHR333206,BICYCLES-PHYSICAL FITNESS,Little Tikes Princess Cozy Coupe,1,54.99,54.99,Little Tikes,050743642722,94643953,United States of America,OUTDOOR_SPORTS,USED_GOOD,BICYCLES PHYSICAL FITNESS,82,SPORT,TOYS,B,PTBB59137,FOOT TO FLOOR,irc_bicycles_physical_fitness_20260417_253_p
LPHR128418,BICYCLES-PHYSICAL FITNESS,Sunny Health & Fitness Mini Step Machine with Bands - Silver,1,52.99,52.99,Sunny Health & Fitness,853227001059,90188085,China,OUTDOOR_SPORTS,USED_GOOD,BICYCLES PHYSICAL FITNESS,82,SPORT,SPORTING GOODS,B,PTBI20984,STEPPER,irc_bicycles_physical_fitness_20260417_253_p
LPJY972426,BICYCLES-PHYSICAL FITNESS,"Brightz Cosmic LED Bike Light - Color Morphing: ABS Material, 36-Hour Battery Life",4,12.74,50.96,Brightz,811860034070,89207351,China,OUTDOOR_SPORTS,USED_GOOD,BICYCLES PHYSICAL FITNESS,82,SPORT,SPORTING GOODS,TT,PTAP16644,LIGHTS,irc_bicycles_physical_fitness_20260417_253_p
LPHR056365,BICYCLES-PHYSICAL FITNESS,"Roller Derby Youth Adult Custom Fit Quad Roller Skates - Black 7-10: Adjustable Size, Padded Boot Shaft",1,49.99,49.99,Roller Derby,049288040148,91238581,China,OUTDOOR_SPORTS,USED_GOOD,BICYCLES PHYSICAL FITNESS,82,SPORT,SPORTING GOODS,B,PTBB58533,SKATES,irc_bicycles_physical_fitness_20260417_253_p
LPHS888977,BICYCLES-PHYSICAL FITNESS,"Roller Derby Custom Adult In-Fit Skates - Blue/Black 7-10: Adjustable, Padded Boot Shaft",1,49.99,49.99,Roller Derby,049288050000,91238577,China,OUTDOOR_SPORTS,USED_GOOD,BICYCLES PHYSICAL FITNESS,82,SPORT,SPORTING GOODS,B,PTBB58825,YOUTH INLINE SKATE,irc_bicycles_physical_fitness_20260417_253_p
LPHR353483,BICYCLES-PHYSICAL FITNESS,"Roller Derby Mint Prodigy Kids' Adjustable Inline-Quad Combo Skates - White/Mint Green S (12-2): Indoor/Outdoor Use, Adjustable Size",1,49.99,49.99,Roller Derby,049288259014,88244238,Viet Nam,OUTDOOR_SPORTS,USED_GOOD,BICYCLES PHYSICAL FITNESS,82,SPORT,SPORTING GOODS,B,PTBI20874,SKATES,irc_bicycles_physical_fitness_20260417_253_p
LPHR343665,BICYCLES-PHYSICAL FITNESS,"Roller Derby Youth Adult Custom Fit Quad Roller Skates - Black 7-10: Adjustable Size, Padded Boot Shaft",1,49.99,49.99,Roller Derby,049288040148,91238581,China,OUTDOOR_SPORTS,USED_GOOD,BICYCLES PHYSICAL FITNESS,82,SPORT,SPORTING GOODS,B,PTBI20859,SKATES,irc_bicycles_physical_fitness_20260417_253_p
LPHR061059,BICYCLES-PHYSICAL FITNESS,"Roller Derby Custom Adult In-Fit Skates - Blue/Black 7-10: Adjustable, Padded Boot Shaft",1,49.99,49.99,Roller Derby,049288050000,91238577,China,OUTDOOR_SPORTS,USED_GOOD,BICYCLES PHYSICAL FITNESS,82,SPORT,SPORTING GOODS,TT,PTAP16644,YOUTH INLINE SKATE,irc_bicycles_physical_fitness_20260417_253_p
LPHR089134,BICYCLES-PHYSICAL FITNESS,Owala 16oz Kids' FreeSip Stainless Steel Water Bottle - Green Machine,2,24.99,49.98,Owala,847280080540,87974491,China,OUTDOOR_SPORTS,NEW,BICYCLES PHYSICAL FITNESS,82,SPORT,HOME,TT,PTAP16644,STAINLESS STEEL,irc_bicycles_physical_fitness_20260417_253_p
LPHR048772,BICYCLES-PHYSICAL FITNESS,"Chillafish 24"" Skatieskootie 2-in-1 Lean-to-Steer Scooter and Skateboard - Mint",1,64.99,64.99,Chillafish,5425029653382,90275527,China,OUTDOOR_SPORTS,USED_GOOD,BICYCLES PHYSICAL FITNESS,82,SPORT,SPORTING GOODS,B,PTBI20945,SKATEBOARDS,irc_bicycles_physical_fitness_20260417_253_p
LPHR131057,BICYCLES-PHYSICAL FITNESS,Bell Sports Skipper Kids' Bike Seat,1,64.99,64.99,Bell Sports,035011978574,52792315,United States of America,OUTDOOR_SPORTS,USED_GOOD,BICYCLES PHYSICAL FITNESS,82,SPORT,SPORTING GOODS,B,PTBI20859,BIKE RACKS/TRAILER,irc_bicycles_physical_fitness_20260417_253_p
LPHS430298,BICYCLES-PHYSICAL FITNESS,"Master Lock 6' X 1/2"" Re settable Combo Cable: Bike Security Lock",5,12.99,64.95,Master Lock,071649049491,54287919,China,OUTDOOR_SPORTS,USED_GOOD,BICYCLES PHYSICAL FITNESS,82,SPORT,SPORTING GOODS,TT,PTAP16644,ACCESSORIES,irc_bicycles_physical_fitness_20260417_253_p
LPJY557479,BICYCLES-PHYSICAL FITNESS,Bubba Dual Sip Lid 18+24oz - Moonblush,5,12.99,64.95,Bubba,607869326250,95097009,China,OUTDOOR_SPORTS,NEW,BICYCLES PHYSICAL FITNESS,82,SPORT,HOME,TT,PTAP16644,ACCESSORIES,irc_bicycles_physical_fitness_20260417_253_p
LPHR351270,BICYCLES-PHYSICAL FITNESS,Soft Kettlebell 15lb Blue - All In Motion,2,31.00,62.00,All In Motion,191802002009,94409159,China,OUTDOOR_SPORTS,USED_GOOD,BICYCLES PHYSICAL FITNESS,82,SPORT,SPORTING GOODS,B,PTBI20858,STRENGTH TRAINING,irc_bicycles_physical_fitness_20260417_253_p
LPHS997763,BICYCLES-PHYSICAL FITNESS,"Stretch Strap - All In Motion: Yoga Accessory, 100% Recycled PET",4,15.00,60.00,All In Motion,196365807160,85616918,China,OUTDOOR_SPORTS,USED_GOOD,BICYCLES PHYSICAL FITNESS,82,SPORT,SPORTING GOODS,TT,PTAP16634,MUSCLE THERAPY,irc_bicycles_physical_fitness_20260417_253_p
LPHR242624,BICYCLES-PHYSICAL FITNESS,"8.5"" Neoprene Mini Backpack Blush - All In Motion: Water-Resistant, Adjustable Strap",3,20.00,60.00,All In Motion,198420122928,92108306,Cambodia,OUTDOOR_SPORTS,NEW,BICYCLES PHYSICAL FITNESS,82,SPORT,APPAREL,TT,PTAP16634,BAGS,irc_bicycles_physical_fitness_20260417_253_p
LPHR354826,BICYCLES-PHYSICAL FITNESS,Huffy Disney Princess 3-Wheel Scooter with LED Lights - Pink/Purple,1,59.99,59.99,Huffy,028914386553,94578811,China,OUTDOOR_SPORTS,USED_GOOD,BICYCLES PHYSICAL FITNESS,82,SPORT,SPORTING GOODS,B,PTBB58825,3 WHEEL SCOOTER,irc_bicycles_physical_fitness_20260417_253_p
LPHR071223,BICYCLES-PHYSICAL FITNESS,Owala 24oz FreeSip Stainless Steel Water Bottle - Sandy Shores,2,29.99,59.98,Owala,847280085347,89056680,China,OUTDOOR_SPORTS,SALVAGE,BICYCLES PHYSICAL FITNESS,82,SPORT,HOME,TT,PTAP16644,STAINLESS STEEL,irc_bicycles_physical_fitness_20260417_253_p
LPHR079240,BICYCLES-PHYSICAL FITNESS,Owala 24oz FreeSip Stainless Steel Water Bottle - Golden Quest,2,29.99,59.98,Owala,847280093991,91897293,China,OUTDOOR_SPORTS,USED_GOOD,BICYCLES PHYSICAL FITNESS,82,SPORT,HOME,TT,PTAP16644,STAINLESS STEEL,irc_bicycles_physical_fitness_20260417_253_p
LPHS430252,BICYCLES-PHYSICAL FITNESS,Owala 24oz Stainless Steel FreeSip Water Bottle - Candy Coated,2,29.99,59.98,Owala,840467308376,94912420,China,OUTDOOR_SPORTS,USED_GOOD,BICYCLES PHYSICAL FITNESS,82,SPORT,HOME,TT,PTAP16644,STAINLESS STEEL,irc_bicycles_physical_fitness_20260417_253_p
LPJY940235,BICYCLES-PHYSICAL FITNESS,Owala 24oz FreeSip Stainless Steel Water Bottle - Sleek,2,29.99,59.98,Owala,847280072347,83522375,China,OUTDOOR_SPORTS,USED_GOOD,BICYCLES PHYSICAL FITNESS,82,SPORT,HOME,TT,PTAP16634,STAINLESS STEEL,irc_bicycles_physical_fitness_20260417_253_p
LPHR125183,BICYCLES-PHYSICAL FITNESS,Owala 24oz Stainless Steel FreeSip Water Bottle - In Good Company,2,29.99,59.98,Owala,840467308345,94894811,China,OUTDOOR_SPORTS,USED_GOOD,BICYCLES PHYSICAL FITNESS,82,SPORT,HOME,TT,PTAP16634,STAINLESS STEEL,irc_bicycles_physical_fitness_20260417_253_p
LPHS552040,BICYCLES-PHYSICAL FITNESS,Schwinn Bike Training Wheels - Black,4,14.99,59.96,Schwinn,038675197060,80178023,United States of America,OUTDOOR_SPORTS,USED_GOOD,BICYCLES PHYSICAL FITNESS,82,SPORT,SPORTING GOODS,TT,PTAP16644,MISC. ACCESSORIES,irc_bicycles_physical_fitness_20260417_253_p
LPJY795731,BICYCLES-PHYSICAL FITNESS,Blogilates Women's Pony Tail Cap - Duck Egg: Midweight Woven Baseball Hat,4,14.99,59.96,Blogilates,850028476147,82723473,China,OUTDOOR_SPORTS,NEW,BICYCLES PHYSICAL FITNESS,82,SPORT,APPAREL,TT,PTAP16644,ACCESSORIES,irc_bicycles_physical_fitness_20260417_253_p
LPJY970938,BICYCLES-PHYSICAL FITNESS,"McDavid Sport Compression Knit Ankle Sleeve with Gel Buttress - (S /M): Joint Support, Nylon & Spandex, Age 16+",4,14.99,59.96,McDavid,029369148260,91146880,"Taiwan, Province of China",OUTDOOR_SPORTS,NEW,BICYCLES PHYSICAL FITNESS,82,SPORT,HEALTH AND BEAUTY,TT,PTAP16644,MUSCLE THERAPY,irc_bicycles_physical_fitness_20260417_253_p
LPHR321263,BICYCLES-PHYSICAL FITNESS,"Tommie 14-18"" Copper Sport Compression Calf Sleeve - L/XL: Muscle Support for Legs",5,11.89,59.45,Tommie Copper,018713635884,92542603,China,OUTDOOR_SPORTS,NEW,BICYCLES PHYSICAL FITNESS,82,SPORT,HEALTH AND BEAUTY,TT,PTAP16634,MUSCLE THERAPY,irc_bicycles_physical_fitness_20260417_253_p
LPHR268465,BICYCLES-PHYSICAL FITNESS,BlenderBottle 25oz Strada Sleek Stainless Steel Tumbler - Cream,2,27.99,55.98,BlenderBottle,847280092642,91197464,China,OUTDOOR_SPORTS,USED_GOOD,BICYCLES PHYSICAL FITNESS,82,SPORT,HOME,TT,PTAP16644,MIXER,irc_bicycles_physical_fitness_20260417_253_p
LPHR012124,BICYCLES-PHYSICAL FITNESS,BlenderBottle 25oz Strada Stainless Steel Shaker Cup - White Gradient,2,27.99,55.98,BlenderBottle,840467308222,94894806,China,OUTDOOR_SPORTS,NEW,BICYCLES PHYSICAL FITNESS,82,SPORT,HOME,TT,PTAP16644,MIXER,irc_bicycles_physical_fitness_20260417_253_p
LPHR055234,BICYCLES-PHYSICAL FITNESS,Step2 Push Around Buggy Anniversary Edition - Pink,1,54.99,54.99,Step2,733538811892,77471137,United States of America,OUTDOOR_SPORTS,USED_GOOD,BICYCLES PHYSICAL FITNESS,82,SPORT,TOYS,B,PTBI20874,FOOT TO FLOOR,irc_bicycles_physical_fitness_20260417_253_p
LPJY548465,BICYCLES-PHYSICAL FITNESS,Wrist Weights Anti-microbial 1.5lbs 2pc - All In Motion: Adjustable Neoprene Pair (Please be advised that sets may be missing pieces or otherwise incomplete.),3,18.00,54.00,All In Motion,191802000760,82399809,China,OUTDOOR_SPORTS,USED_GOOD,BICYCLES PHYSICAL FITNESS,82,SPORT,SPORTING GOODS,TT,PTAP16644,WEARABLES,irc_bicycles_physical_fitness_20260417_253_p
LPHR331337,BICYCLES-PHYSICAL FITNESS,triple 8 THE Certified Sweatsaver Helmet Kelly Green Matte - L/XL,1,53.99,53.99,triple 8,604352030953,94987887,China,OUTDOOR_SPORTS,USED_GOOD,BICYCLES PHYSICAL FITNESS,82,SPORT,SPORTING GOODS,TT,PTAP16644,ADULT HELMETS,irc_bicycles_physical_fitness_20260417_253_p
LPHR035087,BICYCLES-PHYSICAL FITNESS,Loop Band Kit Blue - All In Motion: Latex Resistance Bands for Legs & Arms,4,13.00,52.00,All In Motion,018713639899,79767261,China,OUTDOOR_SPORTS,USED_GOOD,BICYCLES PHYSICAL FITNESS,82,SPORT,SPORTING GOODS,TT,PTAP16634,STRENGTH TRAINING,irc_bicycles_physical_fitness_20260417_253_p
LPJY974724,BICYCLES-PHYSICAL FITNESS,"Wipeout Dry Erase Kids' Pad Set 3pk - Black: Cycling, Skateboarding Protection (Please be advised that sets may be missing pieces or otherwise incomplete.)",4,12.79,51.16,Wipeout,604352041010,50357231,China,OUTDOOR_SPORTS,USED_GOOD,BICYCLES PHYSICAL FITNESS,82,SPORT,SPORTING GOODS,TT,PTAP16634,ACCESSORIES,irc_bicycles_physical_fitness_20260417_253_p
LPHR077558,BICYCLES-PHYSICAL FITNESS,Schwinn Smartphone Bike Mount - Black,3,16.99,50.97,Schwinn,038675238640,80178010,,OUTDOOR_SPORTS,USED_GOOD,BICYCLES PHYSICAL FITNESS,82,SPORT,SPORTING GOODS,TT,PTAP16634,STORAGE,irc_bicycles_physical_fitness_20260417_253_p
LPJY547839,BICYCLES-PHYSICAL FITNESS,Yoga Mat TPE Brown (5mm) - All In Motion,2,25.00,50.00,All In Motion,191802002122,94409171,China,OUTDOOR_SPORTS,USED_GOOD,BICYCLES PHYSICAL FITNESS,82,SPORT,SPORTING GOODS,B,PTBI20887,YOGA,irc_bicycles_physical_fitness_20260417_253_p
LPHR351359,BICYCLES-PHYSICAL FITNESS,Basic Hand Weight Set Pink/White/Magenta - All In Motion: Iron Dumbbells with Rack (Please be advised that sets may be missing pieces or otherwise incomplete.),1,50.00,50.00,All In Motion,196365807245,85616905,China,OUTDOOR_SPORTS,USED_GOOD,BICYCLES PHYSICAL FITNESS,82,SPORT,SPORTING GOODS,B,PTBB59137,STRENGTH TRAINING,irc_bicycles_physical_fitness_20260417_253_p
LPJY548367,BICYCLES-PHYSICAL FITNESS,"Ankle Weights Anti-microbial 2.5lbs 2pc - All In Motion: Neoprene, Leg Training (Please be advised that sets may be missing pieces or otherwise incomplete.)",2,25.00,50.00,All In Motion,191802000784,82399799,China,OUTDOOR_SPORTS,USED_GOOD,BICYCLES PHYSICAL FITNESS,82,SPORT,SPORTING GOODS,TT,PTAP16634,WEARABLES,irc_bicycles_physical_fitness_20260417_253_p
LPHR045895,BICYCLES-PHYSICAL FITNESS,"Retrospec Bicycles Cricket Mini 6"" Kids' Balance Bike - Eggshell: Adjustable Handlebar & Seat, Steel Frame, 12-24 Months",1,49.99,49.99,Retrospec Bicycles,840216303539,88232440,United States of America,OUTDOOR_SPORTS,USED_GOOD,BICYCLES PHYSICAL FITNESS,82,SPORT,SPORTING GOODS,B,PTBI20994,BALANCE BIKES,irc_bicycles_physical_fitness_20260417_253_p
LPKL522215,BICYCLES-PHYSICAL FITNESS,"Roller Derby Green Wire Kids' Adjustable Inline-Quad Combo Skates - Black/Green S (12-2): Indoor/Outdoor Use, Adjustable Size, Padded Collar",1,49.99,49.99,Roller Derby,049288255030,88244236,Viet Nam,OUTDOOR_SPORTS,USED_GOOD,BICYCLES PHYSICAL FITNESS,82,SPORT,SPORTING GOODS,B,PTBI20994,SKATES,irc_bicycles_physical_fitness_20260417_253_p
LPHR041395,BICYCLES-PHYSICAL FITNESS,"Roller Derby Custom Adult In-Fit Skates - Blue/Black 7-10: Adjustable, Padded Boot Shaft",1,49.99,49.99,Roller Derby,049288050000,91238577,China,OUTDOOR_SPORTS,USED_GOOD,BICYCLES PHYSICAL FITNESS,82,SPORT,SPORTING GOODS,B,PTBI20994,YOUTH INLINE SKATE,irc_bicycles_physical_fitness_20260417_253_p
LPHR344641,BICYCLES-PHYSICAL FITNESS,"Razor Rollie DLX Kick Scooter - Red: 3-Wheel, Heel Brakes, Ages 2-4",1,49.99,49.99,Razor,845423026165,91007719,China,OUTDOOR_SPORTS,USED_GOOD,BICYCLES PHYSICAL FITNESS,82,SPORT,SPORTING GOODS,B,PTBI20945,3 WHEEL SCOOTER,irc_bicycles_physical_fitness_20260417_253_p
LPHR326309,BICYCLES-PHYSICAL FITNESS,"Roller Derby Mint Prodigy Kids' Adjustable Inline-Quad Combo Skates - White/Mint Green M (3-6): Indoor/Outdoor Use, Adjustable Size, Padded Collar",1,49.99,49.99,Roller Derby,049288259007,88244243,Viet Nam,OUTDOOR_SPORTS,USED_GOOD,BICYCLES PHYSICAL FITNESS,82,SPORT,SPORTING GOODS,B,PTBI20887,SKATES,irc_bicycles_physical_fitness_20260417_253_p
LPHR059867,BICYCLES-PHYSICAL FITNESS,"Roller Derby Custom Adult In-Fit Skates - Blue/Black 7-10: Adjustable, Padded Boot Shaft",1,49.99,49.99,Roller Derby,049288050000,91238577,China,OUTDOOR_SPORTS,USED_GOOD,BICYCLES PHYSICAL FITNESS,82,SPORT,SPORTING GOODS,B,PTBI20901,YOUTH INLINE SKATE,irc_bicycles_physical_fitness_20260417_253_p
LPHR327004,BICYCLES-PHYSICAL FITNESS,"Roller Derby Green Wire Kids' Adjustable Inline-Quad Combo Skates - Black/Green S (12-2): Indoor/Outdoor Use, Adjustable Size, Padded Collar",1,49.99,49.99,Roller Derby,049288255030,88244236,Viet Nam,OUTDOOR_SPORTS,USED_GOOD,BICYCLES PHYSICAL FITNESS,82,SPORT,SPORTING GOODS,B,PTBB59137,SKATES,irc_bicycles_physical_fitness_20260417_253_p
LPKM493513,BICYCLES-PHYSICAL FITNESS,"Hydro Flask 40oz Wide Mouth Flex Straw Bottle - White: Vacuum-Insulated, BPA-Free",1,49.99,49.99,Hydro Flask,810028847033,92383242,China,OUTDOOR_SPORTS,USED_GOOD,BICYCLES PHYSICAL FITNESS,82,SPORT,HOME,TT,PTAP16634,STAINLESS STEEL,irc_bicycles_physical_fitness_20260417_253_p
LPHR052946,BICYCLES-PHYSICAL FITNESS,Spider-Man Classic Toddler Helmet,2,24.99,49.98,Bell,035011978659,83814547,United States of America,OUTDOOR_SPORTS,USED_GOOD,BICYCLES PHYSICAL FITNESS,82,SPORT,SPORTING GOODS,TT,PTAP16644,TODDLER HELMETS,irc_bicycles_physical_fitness_20260417_253_p
LPHS251611,BICYCLES-PHYSICAL FITNESS,Owala 16oz Kids' FreeSip Stainless Steel Water Bottle - Rocky Shore,2,24.99,49.98,Owala,847280091072,90150424,China,OUTDOOR_SPORTS,USED_GOOD,BICYCLES PHYSICAL FITNESS,82,SPORT,HOME,TT,PTAP16644,STAINLESS STEEL,irc_bicycles_physical_fitness_20260417_253_p
LPHR306862,BICYCLES-PHYSICAL FITNESS,"Razor 24V Dirt Quad SX McGrath Powered Ride-On - Green: Steel Frame, 8 MPH, 120 lb Capacity",1,549.99,549.99,Razor,845423023911,79755898,China,OUTDOOR_SPORTS,NEW,BICYCLES PHYSICAL FITNESS,82,SPORT,TOYS,TT,PTAP16644,ERO'S,irc_bicycles_physical_fitness_20260417_253_p
LPHR054762,BICYCLES-PHYSICAL FITNESS,"Kent Winslow 700c/28"" Adult Hybrid Bike - Green",3,230.99,692.97,Kent,016751227405,89514027,China,OUTDOOR_SPORTS,NEW,BICYCLES PHYSICAL FITNESS,82,SPORT,SPORTING GOODS,N,PTBI20965,HYBRID,irc_bicycles_physical_fitness_20260417_253_p
LPHR350586,BICYCLES-PHYSICAL FITNESS,"Schwinn Ranger 26"" Adult Mountain Bike - Red",3,230.99,692.97,Schwinn,038675283572,89538615,China,OUTDOOR_SPORTS,NEW,BICYCLES PHYSICAL FITNESS,82,SPORT,SPORTING GOODS,N,PTBB59065,MOUNTAIN,irc_bicycles_physical_fitness_20260417_253_p
LPHS639909,BICYCLES-PHYSICAL FITNESS,Hyper HPR350 Dirt Bike 24 Volt Electric Motorcycle for Kids' - Exclusive Red/Black,2,249.99,499.98,Hyper,690995990648,90777282,China,OUTDOOR_SPORTS,USED_GOOD,BICYCLES PHYSICAL FITNESS,82,SPORT,TOYS,TT,PTBB59068,ERO'S,irc_bicycles_physical_fitness_20260417_253_p
LPKL522379,BICYCLES-PHYSICAL FITNESS,"Schwinn Men's Trailway 700c/28"" Hybrid Bike - Blue",2,244.99,489.98,Schwinn,038675237582,80371744,China,OUTDOOR_SPORTS,USED_GOOD,BICYCLES PHYSICAL FITNESS,82,SPORT,SPORTING GOODS,TT,PTBB58785,HYBRID,irc_bicycles_physical_fitness_20260417_253_p
LPHR340061,BICYCLES-PHYSICAL FITNESS,"Schwinn Iris 16"" Kids' Bike - Purple",2,149.99,299.98,Schwinn,038675262881,82250978,China,OUTDOOR_SPORTS,USED_GOOD,BICYCLES PHYSICAL FITNESS,82,SPORT,SPORTING GOODS,B,PTBB58825,"16"" BIKES",irc_bicycles_physical_fitness_20260417_253_p
LPHS757665,BICYCLES-PHYSICAL FITNESS,Segway C2 Pro Electric Scooter - Blue,1,279.99,279.99,Segway,841450001175,88673063,China,OUTDOOR_SPORTS,LIKE_NEW,BICYCLES PHYSICAL FITNESS,82,SPORT,SPORTING GOODS,A,PTBB54123,KIDS E-SCOOTERS,irc_bicycles_physical_fitness_20260417_253_p
LPKL522092,BICYCLES-PHYSICAL FITNESS,HoMedics Shiatsu Kneading and Vibration Electric Massage Cushion with Heat,2,129.99,259.98,HoMedics,031262103307,89954329,China,OUTDOOR_SPORTS,USED_GOOD,BICYCLES PHYSICAL FITNESS,82,SPORT,HEALTH AND BEAUTY,B,PTBI20994,BATTERY,irc_bicycles_physical_fitness_20260417_253_p
LPHS757670,BICYCLES-PHYSICAL FITNESS,Hyper HPR350 Dirt Bike 24 Volt Electric Motorcycle for Kids' - Exclusive Red/Black,1,249.99,249.99,Hyper,690995990648,90777282,China,OUTDOOR_SPORTS,LIKE_NEW,BICYCLES PHYSICAL FITNESS,82,SPORT,TOYS,A,PTBB54123,ERO'S,irc_bicycles_physical_fitness_20260417_253_p
LPHR344013,BICYCLES-PHYSICAL FITNESS,"Hyper Skute Folding Electric Scooter 36 Volt Lithium Battery Powered Scooter - Black/Red: Aluminum Frame, 15 MPH, 220 lbs Capacity",1,249.99,249.99,Hyper,690995990679,91007810,China,OUTDOOR_SPORTS,USED_GOOD,BICYCLES PHYSICAL FITNESS,82,SPORT,SPORTING GOODS,B,PTBB58825,ELECTRIC SCOOTER,irc_bicycles_physical_fitness_20260417_253_p
LPHS639166,BICYCLES-PHYSICAL FITNESS,Hyper HPR350 Dirt Bike 24 Volt Electric Motorcycle for Kids' - Exclusive Red/Black,1,249.99,249.99,Hyper,690995990648,90777282,China,OUTDOOR_SPORTS,USED_GOOD,BICYCLES PHYSICAL FITNESS,82,SPORT,TOYS,B,PTBI20901,ERO'S,irc_bicycles_physical_fitness_20260417_253_p
LPHR054756,BICYCLES-PHYSICAL FITNESS,"Schwinn Women's Trailway 700c/28"" Hybrid Bike - Blue",1,244.99,244.99,Schwinn,038675237599,80371743,China,OUTDOOR_SPORTS,NEW,BICYCLES PHYSICAL FITNESS,82,SPORT,SPORTING GOODS,N,PTBI20965,HYBRID,irc_bicycles_physical_fitness_20260417_253_p
LPKL522390,BICYCLES-PHYSICAL FITNESS,"Huffy Highland Mountain Bike - 20"" Wheels - 7 Speeds - Emerald Gloss",3,76.29,228.87,Huffy,028914333335,86854278,China,OUTDOOR_SPORTS,USED_GOOD,BICYCLES PHYSICAL FITNESS,82,SPORT,SPORTING GOODS,TT,PTBB58785,MOUNTAIN,irc_bicycles_physical_fitness_20260417_253_p
LPKL522384,BICYCLES-PHYSICAL FITNESS,"Huffy Southwind Cruiser Bike - 26"" Wheels - 7 Speeds - Basket - Teal",1,209.99,209.99,Huffy,028914364759,16374116,China,OUTDOOR_SPORTS,USED_GOOD,BICYCLES PHYSICAL FITNESS,82,SPORT,SPORTING GOODS,TT,PTBB58785,CRUISER,irc_bicycles_physical_fitness_20260417_253_p
LPJN783690,BICYCLES-PHYSICAL FITNESS,"Schwinn Ranger 24"" Mountain Bike - Blue",1,209.99,209.99,Schwinn,038675283541,89538614,China,OUTDOOR_SPORTS,NEW,BICYCLES PHYSICAL FITNESS,82,SPORT,SPORTING GOODS,B,PTBI20858,MOUNTAIN,irc_bicycles_physical_fitness_20260417_253_p
LPHR054755,BICYCLES-PHYSICAL FITNESS,"Schwinn Ranger 24"" Mountain Bike - Silver",1,209.99,209.99,Schwinn,038675283558,89538609,China,OUTDOOR_SPORTS,NEW,BICYCLES PHYSICAL FITNESS,82,SPORT,SPORTING GOODS,N,PTBB58857,MOUNTAIN,irc_bicycles_physical_fitness_20260417_253_p
LPKL522386,BICYCLES-PHYSICAL FITNESS,"Huffy Highland Mountain Bike - 24"" Wheels - 21 Speeds - Silver",2,92.64,185.28,Huffy,028914343334,86854276,China,OUTDOOR_SPORTS,USED_GOOD,BICYCLES PHYSICAL FITNESS,82,SPORT,SPORTING GOODS,TT,PTBB58785,MOUNTAIN,irc_bicycles_physical_fitness_20260417_253_p
LPHR129766,BICYCLES-PHYSICAL FITNESS,Radio Flyer Convertible Kid & Cargo Stroller Wagon with Canopy: Steel & Plastic Frame,1,179.99,179.99,Radio Flyer,042385114330,77440787,China,OUTDOOR_SPORTS,USED_GOOD,BICYCLES PHYSICAL FITNESS,82,SPORT,TOYS,B,PTBB58825,WAGONS,irc_bicycles_physical_fitness_20260417_253_p
LPJY556637,BICYCLES-PHYSICAL FITNESS,Owala 32oz FreeSip Stainless Steel Water Bottle - Sandy Shores,5,34.99,174.95,Owala,847280087051,89056690,China,OUTDOOR_SPORTS,USED_GOOD,BICYCLES PHYSICAL FITNESS,82,SPORT,HOME,TT,PTAP16634,STAINLESS STEEL,irc_bicycles_physical_fitness_20260417_253_p
LPKL522383,BICYCLES-PHYSICAL FITNESS,Huffy Alpine Mountain Bike - 26” Wheels - 15 Speeds - Black,2,83.99,167.98,Huffy,028914362052,92423180,China,OUTDOOR_SPORTS,USED_GOOD,BICYCLES PHYSICAL FITNESS,82,SPORT,SPORTING GOODS,TT,PTBB58785,"26"" MOUNTAIN",irc_bicycles_physical_fitness_20260417_253_p
LPHR344161,BICYCLES-PHYSICAL FITNESS,"Schwinn Iris 16"" Kids' Bike - Purple",1,149.99,149.99,Schwinn,038675262881,82250978,China,OUTDOOR_SPORTS,USED_GOOD,BICYCLES PHYSICAL FITNESS,82,SPORT,SPORTING GOODS,B,PTBI20945,"16"" BIKES",irc_bicycles_physical_fitness_20260417_253_p
LPHR343722,BICYCLES-PHYSICAL FITNESS,"Schwinn Iris 16"" Kids' Bike - Purple",1,149.99,149.99,Schwinn,038675262881,82250978,China,OUTDOOR_SPORTS,USED_GOOD,BICYCLES PHYSICAL FITNESS,82,SPORT,SPORTING GOODS,B,PTBB59137,"16"" BIKES",irc_bicycles_physical_fitness_20260417_253_p
LPHR056334,BICYCLES-PHYSICAL FITNESS,"Roller Derby Custom Adult In-Fit Skates - Blue/Black 9-12: Adjustable, Padded Boot Shaft",2,73.99,147.98,Roller Derby,049288050017,91238578,China,OUTDOOR_SPORTS,USED_GOOD,BICYCLES PHYSICAL FITNESS,82,SPORT,SPORTING GOODS,B,PTBB58533,ADULT INLINE SKATE,irc_bicycles_physical_fitness_20260417_253_p
LPJY960360,BICYCLES-PHYSICAL FITNESS,Schwinn Bike Seat Pack - Black,13,11.19,145.47,Schwinn,038675238442,80594780,,OUTDOOR_SPORTS,NEW,BICYCLES PHYSICAL FITNESS,82,SPORT,SPORTING GOODS,TT,PTAP16644,STORAGE,irc_bicycles_physical_fitness_20260417_253_p
LPHR340140,BICYCLES-PHYSICAL FITNESS,"Schwinn Piston 20"" Youth Bike - Silver",1,144.49,144.49,Schwinn,038675290990,92401143,China,OUTDOOR_SPORTS,USED_GOOD,BICYCLES PHYSICAL FITNESS,82,SPORT,SPORTING GOODS,B,PTBI20945,YOUTH,irc_bicycles_physical_fitness_20260417_253_p
LPHR054809,BICYCLES-PHYSICAL FITNESS,"Schwinn Piston 20"" Youth Bike - Silver",1,144.49,144.49,Schwinn,038675290990,92401143,China,OUTDOOR_SPORTS,NEW,BICYCLES PHYSICAL FITNESS,82,SPORT,SPORTING GOODS,N,PTBI20965,YOUTH,irc_bicycles_physical_fitness_20260417_253_p
LPKL522451,BICYCLES-PHYSICAL FITNESS,"Hyper 20"" Full Suspension Bear Mountain Bike - Black/Blue: 7-Speed, Steel Frame",1,139.99,139.99,Hyper Bicycles; Hyper,690995300447,92451120,China,OUTDOOR_SPORTS,USED_GOOD,BICYCLES PHYSICAL FITNESS,82,SPORT,SPORTING GOODS,TT,PTBB58785,MOUNTAIN,irc_bicycles_physical_fitness_20260417_253_p
LPHR342695,BICYCLES-PHYSICAL FITNESS,Vinyl Fitness Mat - All In Motion: Polyethylene Foam Gym Floor Mat,3,43.00,129.00,All In Motion,191802001095,85616920,China,OUTDOOR_SPORTS,USED_GOOD,BICYCLES PHYSICAL FITNESS,82,SPORT,SPORTING GOODS,B,PTBB59137,HOME GYM,irc_bicycles_physical_fitness_20260417_253_p
LPJY817980,BICYCLES-PHYSICAL FITNESS,"Brightz Ride LED - Star: ABS Bike Lights, Handlebar & Seat Post Mount, 11-Hour Battery",5,25.49,127.45,Brightz,811860032892,92487497,China,OUTDOOR_SPORTS,NEW,BICYCLES PHYSICAL FITNESS,82,SPORT,SPORTING GOODS,TT,PTAP16644,ACCESSORIES,irc_bicycles_physical_fitness_20260417_253_p
LPHR098159,BICYCLES-PHYSICAL FITNESS,Owala 24oz FreeSip Stainless Steel Water Bottle - Tangy Tango,4,29.99,119.96,Owala,847280085361,89056691,China,OUTDOOR_SPORTS,SALVAGE,BICYCLES PHYSICAL FITNESS,82,SPORT,HOME,TT,PTAP16644,STAINLESS STEEL,irc_bicycles_physical_fitness_20260417_253_p
LPJY972872,BICYCLES-PHYSICAL FITNESS,Schwinn 18 in 1 Multi-Purpose Bike Tool,9,12.99,116.91,Schwinn,038675610613,14025713,China,OUTDOOR_SPORTS,NEW,BICYCLES PHYSICAL FITNESS,82,SPORT,SPORTING GOODS,TT,PTAP16634,REPAIR,irc_bicycles_physical_fitness_20260417_253_p
LPKL522988,BICYCLES-PHYSICAL FITNESS,"Radio Flyer City 4-in-1 Stroll and Trike Riding Toy: Steel & Plastic, Ages 1-5",1,114.99,114.99,Radio Flyer,042385130460,90777190,Viet Nam,OUTDOOR_SPORTS,USED_GOOD,BICYCLES PHYSICAL FITNESS,82,SPORT,TOYS,B,PTBI20901,TRIKES,irc_bicycles_physical_fitness_20260417_253_p
LPHR306473,BICYCLES-PHYSICAL FITNESS,BlenderBottle 25oz Strada Stainless Steel Shaker Cup - Tan Floral,4,27.99,111.96,BlenderBottle,840467308253,94894807,China,OUTDOOR_SPORTS,NEW,BICYCLES PHYSICAL FITNESS,82,SPORT,HOME,TT,PTAP16634,MIXER,irc_bicycles_physical_fitness_20260417_253_p
LPHR048000,BICYCLES-PHYSICAL FITNESS,"Radio Flyer 3 in 1 EZ Fold Wagon with Canopy - Red: Steel & Nylon, 150 lb Capacity",1,109.99,109.99,Radio Flyer,042385112053,52995746,China,OUTDOOR_SPORTS,USED_GOOD,BICYCLES PHYSICAL FITNESS,82,SPORT,TOYS,B,PTBB58533,WAGONS,irc_bicycles_physical_fitness_20260417_253_p
LPHR043155,BICYCLES-PHYSICAL FITNESS,"Radio Flyer 3 in 1 EZ Fold Wagon with Canopy - Red: Steel & Nylon, 150 lb Capacity",1,109.99,109.99,Radio Flyer,042385112053,52995746,China,OUTDOOR_SPORTS,USED_GOOD,BICYCLES PHYSICAL FITNESS,82,SPORT,TOYS,B,PTBI20945,WAGONS,irc_bicycles_physical_fitness_20260417_253_p
LPJY758217,BICYCLES-PHYSICAL FITNESS,"Tommie 14-18"" Copper Sport Compression Calf Sleeve - L/XL: Muscle Support for Legs",9,11.89,107.01,Tommie Copper,018713635884,92542603,China,OUTDOOR_SPORTS,USED_GOOD,BICYCLES PHYSICAL FITNESS,82,SPORT,HEALTH AND BEAUTY,TT,PTAP16644,MUSCLE THERAPY,irc_bicycles_physical_fitness_20260417_253_p
LPJY558989,BICYCLES-PHYSICAL FITNESS,Owala 32oz FreeSip Stainless Steel Water Bottle - Periwinkle Twinkle,3,34.99,104.97,Owala,847280095766,92383272,China,OUTDOOR_SPORTS,USED_GOOD,BICYCLES PHYSICAL FITNESS,82,SPORT,HOME,TT,PTAP16644,STAINLESS STEEL,irc_bicycles_physical_fitness_20260417_253_p
LPJY972316,BICYCLES-PHYSICAL FITNESS,Owala 32oz Stainless Steel FreeSip Water Bottle - In Good Company,3,34.99,104.97,Owala,840467306082,94658163,China,OUTDOOR_SPORTS,USED_GOOD,BICYCLES PHYSICAL FITNESS,82,SPORT,HOME,TT,PTAP16644,STAINLESS STEEL,irc_bicycles_physical_fitness_20260417_253_p
LPHS422323,BICYCLES-PHYSICAL FITNESS,Owala 32oz FreeSip Stainless Steel Water Bottle - Tangy Tango,3,34.99,104.97,Owala,847280087044,89056688,China,OUTDOOR_SPORTS,USED_GOOD,BICYCLES PHYSICAL FITNESS,82,SPORT,HOME,TT,PTAP16634,STAINLESS STEEL,irc_bicycles_physical_fitness_20260417_253_p
LPHS439469,BICYCLES-PHYSICAL FITNESS,Owala 16oz Kids' FreeSip Stainless Steel Water Bottle - Sleek,4,24.99,99.96,Owala,847280080502,87974489,China,OUTDOOR_SPORTS,USED_GOOD,BICYCLES PHYSICAL FITNESS,82,SPORT,HOME,TT,PTAP16634,STAINLESS STEEL,irc_bicycles_physical_fitness_20260417_253_p
LPJY435915,BICYCLES-PHYSICAL FITNESS,"Huffy Highland Mountain Bike - 24"" Wheels - 21 Speeds - Silver",1,92.64,92.64,Huffy,028914343334,86854276,China,OUTDOOR_SPORTS,USED_GOOD,BICYCLES PHYSICAL FITNESS,82,SPORT,SPORTING GOODS,N,PTBB58522,MOUNTAIN,irc_bicycles_physical_fitness_20260417_253_p
LPHR073506,BICYCLES-PHYSICAL FITNESS,"Chirp Wheel for Back and Neck Pain – 3 pk: Plastic, EVA Foam, ABS, 500 lb Capacity",1,89.99,89.99,Chirp,860006437848,82826301,"Taiwan, Province of China",OUTDOOR_SPORTS,USED_GOOD,BICYCLES PHYSICAL FITNESS,82,SPORT,SPORTING GOODS,TT,PTAP16644,MUSCLE THERAPY,irc_bicycles_physical_fitness_20260417_253_p
LPHS550067,BICYCLES-PHYSICAL FITNESS,Owala 40oz FreeSip  Stainless Steel Tumbler - Very Very Dark,2,44.99,89.98,Owala,847280095636,92383293,China,OUTDOOR_SPORTS,USED_GOOD,BICYCLES PHYSICAL FITNESS,82,SPORT,HOME,TT,PTAP16644,TUMBLER,irc_bicycles_physical_fitness_20260417_253_p
LPHS801830,BICYCLES-PHYSICAL FITNESS,Owala 24oz FreeSip Stainless Steel Water Bottle - Very Very Dark,3,29.99,89.97,Owala,847280071920,80310908,China,OUTDOOR_SPORTS,SALVAGE,BICYCLES PHYSICAL FITNESS,82,SPORT,HOME,TT,PTAP16644,STAINLESS STEEL,irc_bicycles_physical_fitness_20260417_253_p
LPHR340143,BICYCLES-PHYSICAL FITNESS,"Pacific 20"" Kids' Bike - Erupt Green",1,87.49,87.49,Pacific,038675138162,86817293,China,OUTDOOR_SPORTS,NEW,BICYCLES PHYSICAL FITNESS,82,SPORT,SPORTING GOODS,B,PTBB58825,YOUTH,irc_bicycles_physical_fitness_20260417_253_p
LPHR327957,BICYCLES-PHYSICAL FITNESS,Huffy Alpine Mountain Bike - 26” Wheels - 15 Speeds - Black,1,83.99,83.99,Huffy,028914362052,92423180,China,OUTDOOR_SPORTS,NEW,BICYCLES PHYSICAL FITNESS,82,SPORT,SPORTING GOODS,N,PTBB59094,"26"" MOUNTAIN",irc_bicycles_physical_fitness_20260417_253_p
LPJY554682,BICYCLES-PHYSICAL FITNESS,Blogilates Booty Resistance Bands 2pk - Peach Orange/Blue: Elastic Medium & Light Flat Bands (Please be advised that sets may be missing pieces or otherwise incomplete.),4,20.99,83.96,Blogilates,810054660101,80315216,China,OUTDOOR_SPORTS,USED_GOOD,BICYCLES PHYSICAL FITNESS,82,SPORT,SPORTING GOODS,TT,PTAP16634,STRENGTH TRAINING,irc_bicycles_physical_fitness_20260417_253_p
LPJY558978,BICYCLES-PHYSICAL FITNESS,"Hydro Flask 40oz All Around Travel Straw Tumbler - Moonshadow: Vacuum-Insulated, BPA-Free",2,39.99,79.98,Hydro Flask,840394217079,92383245,China,OUTDOOR_SPORTS,SALVAGE,BICYCLES PHYSICAL FITNESS,82,SPORT,HOME,TT,PTAP16644,TUMBLER,irc_bicycles_physical_fitness_20260417_253_p
LPJY745974,BICYCLES-PHYSICAL FITNESS,Owala 40oz Stainless Steel Straw Tumbler - Kickflip,2,39.99,79.98,Owala,847280096138,92383310,China,OUTDOOR_SPORTS,USED_GOOD,BICYCLES PHYSICAL FITNESS,82,SPORT,HOME,TT,PTAP16634,TUMBLER,irc_bicycles_physical_fitness_20260417_253_p
LPJY972666,BICYCLES-PHYSICAL FITNESS,Gaiam Studio Select Resistance Tube - Medium - Green,6,12.99,77.94,Gaiam,018713665263,94413598,China,OUTDOOR_SPORTS,USED_GOOD,BICYCLES PHYSICAL FITNESS,82,SPORT,SPORTING GOODS,TT,PTAP16644,STRENGTH TRAINING,irc_bicycles_physical_fitness_20260417_253_p
LPHR072612,BICYCLES-PHYSICAL FITNESS,"Roller Derby Custom Adult In-Fit Skates - Blue/Black 9-12: Adjustable, Padded Boot Shaft",1,73.99,73.99,Roller Derby,049288050017,91238578,China,OUTDOOR_SPORTS,USED_GOOD,BICYCLES PHYSICAL FITNESS,82,SPORT,SPORTING GOODS,TT,PTAP16644,ADULT INLINE SKATE,irc_bicycles_physical_fitness_20260417_253_p
LPJY972447,BICYCLES-PHYSICAL FITNESS,McDavid Sport Compression Knit Knee Sleeve with Gel Buttress - S/M: Tendonitis & Arthritis Support,4,17.99,71.96,McDavid,029369148314,90469186,"Taiwan, Province of China",OUTDOOR_SPORTS,USED_GOOD,BICYCLES PHYSICAL FITNESS,82,SPORT,HEALTH AND BEAUTY,TT,PTAP16644,MUSCLE THERAPY,irc_bicycles_physical_fitness_20260417_253_p
LPJY972242,BICYCLES-PHYSICAL FITNESS,Owala 24oz Special Edition Stainless Steel Straw Tumbler - Diet Coke Social Club,2,35.00,70.00,Owala,840467306785,94776954,China,OUTDOOR_SPORTS,USED_GOOD,BICYCLES PHYSICAL FITNESS,82,SPORT,HOME,TT,PTAP16644,TUMBLER,irc_bicycles_physical_fitness_20260417_253_p
LPHR342151,BICYCLES-PHYSICAL FITNESS,"Fisher-Price Big Action Load N Go Ride-On with Lights, Sounds, Storage and Walking Bar",1,69.99,69.99,Fisher-Price,039897979083,53625217,China,OUTDOOR_SPORTS,USED_GOOD,BICYCLES PHYSICAL FITNESS,82,SPORT,TOYS,B,PTBI20859,FOOT TO FLOOR,irc_bicycles_physical_fitness_20260417_253_p
LPJY982285,BICYCLES-PHYSICAL FITNESS,Owala 32oz FreeSip Stainless Steel Water Bottle - Tangy Tango,2,34.99,69.98,Owala,847280087044,89056688,China,OUTDOOR_SPORTS,USED_GOOD,BICYCLES PHYSICAL FITNESS,82,SPORT,HOME,TT,PTAP16644,STAINLESS STEEL,irc_bicycles_physical_fitness_20260417_253_p
LPJY947484,BICYCLES-PHYSICAL FITNESS,Owala 30oz FreeSip SWAY Stainless Steel Water Bottle - Periwinkle Twinkle,2,34.99,69.98,Owala,847280096060,92383308,China,OUTDOOR_SPORTS,USED_GOOD,BICYCLES PHYSICAL FITNESS,82,SPORT,HOME,TT,PTAP16644,STAINLESS STEEL,irc_bicycles_physical_fitness_20260417_253_p
LPHR098411,BICYCLES-PHYSICAL FITNESS,Owala 30oz Stainless Steel FreeSip Sway Tumbler  - Sandy Shores,2,34.99,69.98,Owala,847280096053,92383315,China,OUTDOOR_SPORTS,SALVAGE,BICYCLES PHYSICAL FITNESS,82,SPORT,HOME,TT,PTAP16644,STAINLESS STEEL,irc_bicycles_physical_fitness_20260417_253_p
LPHR066606,BICYCLES-PHYSICAL FITNESS,Blogilates 10 Pound Weighted Vest - Red,2,34.99,69.98,Blogilates,850052976811,94899270,China,OUTDOOR_SPORTS,USED_GOOD,BICYCLES PHYSICAL FITNESS,82,SPORT,SPORTING GOODS,TT,PTAP16644,WEARABLES,irc_bicycles_physical_fitness_20260417_253_p
LPHR090749,BICYCLES-PHYSICAL FITNESS,"Roller Derby Sport Kids' Roller Skate - Unicorn Pink/White M: Adjustable Size, Padded Collar",2,34.99,69.98,Roller Derby,049288364527,82400943,China,OUTDOOR_SPORTS,USED_GOOD,BICYCLES PHYSICAL FITNESS,82,SPORT,SPORTING GOODS,TT,PTAP16634,SKATES,irc_bicycles_physical_fitness_20260417_253_p
LPHR346424,BICYCLES-PHYSICAL FITNESS,Owala 32oz FreeSip Stainless Steel Water Bottle - Kickflip,2,34.99,69.98,Owala,847280095780,92383265,China,OUTDOOR_SPORTS,USED_GOOD,BICYCLES PHYSICAL FITNESS,82,SPORT,HOME,TT,PTAP16634,STAINLESS STEEL,irc_bicycles_physical_fitness_20260417_253_p
LPJY543471,BICYCLES-PHYSICAL FITNESS,Owala 32oz FreeSip Stainless Steel Water Bottle - Periwinkle Twinkle,2,34.99,69.98,Owala,847280095766,92383272,China,OUTDOOR_SPORTS,USED_GOOD,BICYCLES PHYSICAL FITNESS,82,SPORT,HOME,TT,PTAP16634,STAINLESS STEEL,irc_bicycles_physical_fitness_20260417_253_p
LPHS700238,BICYCLES-PHYSICAL FITNESS,Owala 30oz FreeSip Sway Stainless Steel Tumbler - Tangy Tango,2,34.99,69.98,Owala,847280096046,92383299,China,OUTDOOR_SPORTS,USED_GOOD,BICYCLES PHYSICAL FITNESS,82,SPORT,HOME,TT,PTAP16634,STAINLESS STEEL,irc_bicycles_physical_fitness_20260417_253_p
LPHR245238,BICYCLES-PHYSICAL FITNESS,Owala 30oz Stainless Steel FreeSip Sway Tumbler - Misty Meadow,2,34.99,69.98,Owala,847280096077,92383312,China,OUTDOOR_SPORTS,NEW,BICYCLES PHYSICAL FITNESS,82,SPORT,HOME,TT,PTAP16634,STAINLESS STEEL,irc_bicycles_physical_fitness_20260417_253_p
LPJY955246,BICYCLES-PHYSICAL FITNESS,Owala 30oz Stainless Steel FreeSip Water Bottle - In Good Company,2,34.99,69.98,Owala,840467306129,94658168,China,OUTDOOR_SPORTS,NEW,BICYCLES PHYSICAL FITNESS,82,SPORT,HOME,TT,PTAP16634,STAINLESS STEEL,irc_bicycles_physical_fitness_20260417_253_p
LPHR076464,BICYCLES-PHYSICAL FITNESS,"Tommie Copper Sport Compression Ankle Support Sleeve - L/XL: Joint Support, Polyester",6,10.89,65.34,Tommie Copper,018713631800,90679312,China,OUTDOOR_SPORTS,NEW,BICYCLES PHYSICAL FITNESS,82,SPORT,HEALTH AND BEAUTY,TT,PTAP16644,MUSCLE THERAPY,irc_bicycles_physical_fitness_20260417_253_p
LPHR008417,BICYCLES-PHYSICAL FITNESS,"Phone Waist Pack - All In Motion: Solid Black, Recycled Polyester, Fanny Pack",5,13.00,65.00,All In Motion,197543111031,88001460,Cambodia,OUTDOOR_SPORTS,USED_GOOD,BICYCLES PHYSICAL FITNESS,82,SPORT,APPAREL,TT,PTAP16644,WALK/RUN,irc_bicycles_physical_fitness_20260417_253_p
LPHR342353,BICYCLES-PHYSICAL FITNESS,"Schwinn Ranger 26"" Adult Mountain Bike - Red",2,230.99,461.98,Schwinn,038675283572,89538615,China,OUTDOOR_SPORTS,NEW,BICYCLES PHYSICAL FITNESS,82,SPORT,SPORTING GOODS,N,PTBB59094,MOUNTAIN,irc_bicycles_physical_fitness_20260417_253_p
LPHR054772,BICYCLES-PHYSICAL FITNESS,"Schwinn Iris 20"" Youth Bike - Light Blue",3,144.49,433.47,Schwinn,038675291003,92401145,China,OUTDOOR_SPORTS,NEW,BICYCLES PHYSICAL FITNESS,82,SPORT,SPORTING GOODS,N,PTBI20965,YOUTH,irc_bicycles_physical_fitness_20260417_253_p
LPHR353379,BICYCLES-PHYSICAL FITNESS,"Schwinn Ranger 24"" Mountain Bike - Silver",2,209.99,419.98,Schwinn,038675283558,89538609,China,OUTDOOR_SPORTS,NEW,BICYCLES PHYSICAL FITNESS,82,SPORT,SPORTING GOODS,N,PTBB59065,MOUNTAIN,irc_bicycles_physical_fitness_20260417_253_p
LPHR353350,BICYCLES-PHYSICAL FITNESS,"Schwinn Ranger 24"" Mountain Bike - Blue",2,209.99,419.98,Schwinn,038675283541,89538614,China,OUTDOOR_SPORTS,NEW,BICYCLES PHYSICAL FITNESS,82,SPORT,SPORTING GOODS,N,PTBB59065,MOUNTAIN,irc_bicycles_physical_fitness_20260417_253_p
LPJN783290,BICYCLES-PHYSICAL FITNESS,"Schwinn Men's Ascension 29"" Mountain Bike - Black",1,399.99,399.99,Schwinn,038675238824,80139648,,OUTDOOR_SPORTS,USED_GOOD,BICYCLES PHYSICAL FITNESS,82,SPORT,SPORTING GOODS,TT,PTBB59068,MOUNTAIN,irc_bicycles_physical_fitness_20260417_253_p
LPJY435961,BICYCLES-PHYSICAL FITNESS,Segway E2 Plus II Teens and Adults Electric Scooter 15 mph Max Speed and 16 mi Max Range - Black,1,349.99,349.99,Segway,841450003117,94578812,Viet Nam,OUTDOOR_SPORTS,LIKE_NEW,BICYCLES PHYSICAL FITNESS,82,SPORT,SPORTING GOODS,A,PTBB54123,ELECTRIC SCOOTER,irc_bicycles_physical_fitness_20260417_253_p
LPHR129460,BICYCLES-PHYSICAL FITNESS,Segway E2 Plus II Teens and Adults Electric Scooter 15 mph Max Speed and 16 mi Max Range - Black,1,349.99,349.99,Segway,841450003117,94578812,Viet Nam,OUTDOOR_SPORTS,LIKE_NEW,BICYCLES PHYSICAL FITNESS,82,SPORT,SPORTING GOODS,B,PTBI20887,ELECTRIC SCOOTER,irc_bicycles_physical_fitness_20260417_253_p
LPJY881941,BICYCLES-PHYSICAL FITNESS,"Mongoose Index 1.0 BMX Freestyle 20"" Youth Bike - Black",2,169.99,339.98,Mongoose,038675291058,92401144,China,OUTDOOR_SPORTS,NEW,BICYCLES PHYSICAL FITNESS,82,SPORT,SPORTING GOODS,N,PTBB58522,FREESTYLE,irc_bicycles_physical_fitness_20260417_253_p
LPHR055292,BICYCLES-PHYSICAL FITNESS,"Hyper Skute Folding Electric Scooter 36 Volt Lithium Battery Powered Scooter - Black/Red: Aluminum Frame, 15 MPH, 220 lbs Capacity",1,249.99,249.99,Hyper,690995990679,91007810,China,OUTDOOR_SPORTS,USED_GOOD,BICYCLES PHYSICAL FITNESS,82,SPORT,SPORTING GOODS,B,PTBI20874,ELECTRIC SCOOTER,irc_bicycles_physical_fitness_20260417_253_p
LPHR327960,BICYCLES-PHYSICAL FITNESS,"Schwinn Women's Trailway 700c/28"" Hybrid Bike - Blue",1,244.99,244.99,Schwinn,038675237599,80371743,China,OUTDOOR_SPORTS,NEW,BICYCLES PHYSICAL FITNESS,82,SPORT,SPORTING GOODS,N,PTBB59094,HYBRID,irc_bicycles_physical_fitness_20260417_253_p
LPHR041315,BICYCLES-PHYSICAL FITNESS,"Kent Winslow 700c/28"" Adult Hybrid Bike - Green",1,230.99,230.99,Kent,016751227405,89514027,China,OUTDOOR_SPORTS,USED_GOOD,BICYCLES PHYSICAL FITNESS,82,SPORT,SPORTING GOODS,A,PTBB54123,HYBRID,irc_bicycles_physical_fitness_20260417_253_p
LPJY881802,BICYCLES-PHYSICAL FITNESS,"Schwinn Ranger 26"" Adult Mountain Bike - Blue",1,230.99,230.99,Schwinn,038675283565,89538608,China,OUTDOOR_SPORTS,USED_GOOD,BICYCLES PHYSICAL FITNESS,82,SPORT,SPORTING GOODS,N,PTBB58522,MOUNTAIN,irc_bicycles_physical_fitness_20260417_253_p
LPHR326498,BICYCLES-PHYSICAL FITNESS,"Kent Winslow 700c/28"" Adult Hybrid Bike - Green",1,230.99,230.99,Kent,016751227405,89514027,China,OUTDOOR_SPORTS,NEW,BICYCLES PHYSICAL FITNESS,82,SPORT,SPORTING GOODS,N,PTBB59065,HYBRID,irc_bicycles_physical_fitness_20260417_253_p
LPHR045364,BICYCLES-PHYSICAL FITNESS,"Schwinn Ranger 24"" Mountain Bike - Blue",1,209.99,209.99,Schwinn,038675283541,89538614,China,OUTDOOR_SPORTS,NEW,BICYCLES PHYSICAL FITNESS,82,SPORT,SPORTING GOODS,A,PTBB54123,MOUNTAIN,irc_bicycles_physical_fitness_20260417_253_p
LPHR327958,BICYCLES-PHYSICAL FITNESS,"Schwinn Ranger 24"" Mountain Bike - Silver",1,209.99,209.99,Schwinn,038675283558,89538609,China,OUTDOOR_SPORTS,NEW,BICYCLES PHYSICAL FITNESS,82,SPORT,SPORTING GOODS,N,PTBB59094,MOUNTAIN,irc_bicycles_physical_fitness_20260417_253_p
LPJY435917,BICYCLES-PHYSICAL FITNESS,"Schwinn Ranger 24"" Mountain Bike - Blue",1,209.99,209.99,Schwinn,038675283541,89538614,China,OUTDOOR_SPORTS,NEW,BICYCLES PHYSICAL FITNESS,82,SPORT,SPORTING GOODS,N,PTBB58522,MOUNTAIN,irc_bicycles_physical_fitness_20260417_253_p
LPHR000218,BICYCLES-PHYSICAL FITNESS,Schwinn Bike Seat Pack - Black,18,11.19,201.42,Schwinn,038675238442,80594780,,OUTDOOR_SPORTS,NEW,BICYCLES PHYSICAL FITNESS,82,SPORT,SPORTING GOODS,TT,PTAP16634,STORAGE,irc_bicycles_physical_fitness_20260417_253_p
LPJN783502,BICYCLES-PHYSICAL FITNESS,"Hyper Jammer Kids Electric Scooter 12 Volt Battery Powered Scooter - Green: Steel Frame, 10 MPH",2,99.99,199.98,Hyper,690995990662,91007811,China,OUTDOOR_SPORTS,USED_GOOD,BICYCLES PHYSICAL FITNESS,82,SPORT,SPORTING GOODS,B,PTBI20887,KIDS E-SCOOTERS,irc_bicycles_physical_fitness_20260417_253_p
LPJY969040,BICYCLES-PHYSICAL FITNESS,Schwinn 18 in 1 Multi-Purpose Bike Tool,15,12.99,194.85,Schwinn,038675610613,14025713,China,OUTDOOR_SPORTS,NEW,BICYCLES PHYSICAL FITNESS,82,SPORT,SPORTING GOODS,TT,PTAP16644,REPAIR,irc_bicycles_physical_fitness_20260417_253_p
LPKL522382,BICYCLES-PHYSICAL FITNESS,"Huffy Highland Mountain Bike - 26"" Wheels - 21 Speeds - M/L - Black",2,92.64,185.28,Huffy,028914363332,86854277,China,OUTDOOR_SPORTS,USED_GOOD,BICYCLES PHYSICAL FITNESS,82,SPORT,SPORTING GOODS,TT,PTBB58785,MOUNTAIN,irc_bicycles_physical_fitness_20260417_253_p
LPJY881654,BICYCLES-PHYSICAL FITNESS,"Power Pony Push Riding Toy - Crystal: Steel Pedal & Push, 3+ Years, 100 lb Capacity",1,179.99,179.99,Power Pony,692041166472,91468547,China,OUTDOOR_SPORTS,USED_GOOD,BICYCLES PHYSICAL FITNESS,82,SPORT,TOYS,B,PTBB58533,FOOT TO FLOOR,irc_bicycles_physical_fitness_20260417_253_p
LPJN781912,BICYCLES-PHYSICAL FITNESS,Segway C2 Lite Kids Electric Scooter 9.9 mph Max Speed and 5.9 mi Max Range - Blue,1,179.99,179.99,Segway,841450002127,94578810,Canada,OUTDOOR_SPORTS,USED_GOOD,BICYCLES PHYSICAL FITNESS,82,SPORT,SPORTING GOODS,B,PTBB58533,ELECTRIC SCOOTER,irc_bicycles_physical_fitness_20260417_253_p
LPHR353748,BICYCLES-PHYSICAL FITNESS,Radio Flyer Convertible Kid & Cargo Stroller Wagon with Canopy: Steel & Plastic Frame,1,179.99,179.99,Radio Flyer,042385114330,77440787,China,OUTDOOR_SPORTS,USED_GOOD,BICYCLES PHYSICAL FITNESS,82,SPORT,TOYS,B,PTBB59137,WAGONS,irc_bicycles_physical_fitness_20260417_253_p
LPHR340145,BICYCLES-PHYSICAL FITNESS,"Mongoose Index 1.0 BMX Freestyle 20"" Youth Bike - Black",1,169.99,169.99,Mongoose,038675291058,92401144,China,OUTDOOR_SPORTS,USED_GOOD,BICYCLES PHYSICAL FITNESS,82,SPORT,SPORTING GOODS,B,PTBB58825,FREESTYLE,irc_bicycles_physical_fitness_20260417_253_p
LPHS769298,BICYCLES-PHYSICAL FITNESS,"Brightz Ride LED - Star: ABS Bike Lights, Handlebar & Seat Post Mount, 11-Hour Battery",6,25.49,152.94,Brightz,811860032892,92487497,China,OUTDOOR_SPORTS,USED_GOOD,BICYCLES PHYSICAL FITNESS,82,SPORT,SPORTING GOODS,TT,PTAP16644,ACCESSORIES,irc_bicycles_physical_fitness_20260417_253_p
LPHR041091,BICYCLES-PHYSICAL FITNESS,"Schwinn Iris 16"" Kids' Bike - Purple",1,149.99,149.99,Schwinn,038675262881,82250978,China,OUTDOOR_SPORTS,USED_GOOD,BICYCLES PHYSICAL FITNESS,82,SPORT,SPORTING GOODS,B,PTBI20994,"16"" BIKES",irc_bicycles_physical_fitness_20260417_253_p
LPJY984615,BICYCLES-PHYSICAL FITNESS,"Step2 Side by Side Push Around Roadster: Plastic Pedal & Push Riding Toy, 50 lb Capacity",1,149.99,149.99,Step2,733538440894,90777434,United States of America,OUTDOOR_SPORTS,USED_GOOD,BICYCLES PHYSICAL FITNESS,82,SPORT,TOYS,B,PTBI20887,FOOT TO FLOOR,irc_bicycles_physical_fitness_20260417_253_p
LPHS802715,BICYCLES-PHYSICAL FITNESS,Owala 24oz FreeSip Stainless Steel Water Bottle - Sleek,5,29.99,149.95,Owala,847280072347,83522375,China,OUTDOOR_SPORTS,USED_GOOD,BICYCLES PHYSICAL FITNESS,82,SPORT,HOME,TT,PTAP16644,STAINLESS STEEL,irc_bicycles_physical_fitness_20260417_253_p
LPJY881942,BICYCLES-PHYSICAL FITNESS,"Schwinn Iris 20"" Youth Bike - Light Blue",1,144.49,144.49,Schwinn,038675291003,92401145,China,OUTDOOR_SPORTS,USED_GOOD,BICYCLES PHYSICAL FITNESS,82,SPORT,SPORTING GOODS,B,PTBB58533,YOUTH,irc_bicycles_physical_fitness_20260417_253_p
LPHR340141,BICYCLES-PHYSICAL FITNESS,"Schwinn Piston 20"" Youth Bike - Silver",1,144.49,144.49,Schwinn,038675290990,92401143,China,OUTDOOR_SPORTS,NEW,BICYCLES PHYSICAL FITNESS,82,SPORT,SPORTING GOODS,B,PTBB58825,YOUTH,irc_bicycles_physical_fitness_20260417_253_p
LPJY966508,BICYCLES-PHYSICAL FITNESS,"Weighted Vest 8lb - All In Motion: Total Body Workout, Recycled Material",4,35.00,140.00,All In Motion,191802001583,88001451,China,OUTDOOR_SPORTS,USED_GOOD,BICYCLES PHYSICAL FITNESS,82,SPORT,SPORTING GOODS,TT,PTAP16644,WEARABLES,irc_bicycles_physical_fitness_20260417_253_p
LPHR049403,BICYCLES-PHYSICAL FITNESS,"Hyper 20"" Full Suspension Bear Mountain Bike - Black/Blue: 7-Speed, Steel Frame",1,139.99,139.99,Hyper Bicycles; Hyper,690995300447,92451120,China,OUTDOOR_SPORTS,USED_GOOD,BICYCLES PHYSICAL FITNESS,82,SPORT,SPORTING GOODS,B,PTBI20994,MOUNTAIN,irc_bicycles_physical_fitness_20260417_253_p
LPJY950542,BICYCLES-PHYSICAL FITNESS,Owala 32oz FreeSip Stainless Steel Water Bottle - Misty Meadows,4,34.99,139.96,Owala,847280095773,92383280,China,OUTDOOR_SPORTS,USED_GOOD,BICYCLES PHYSICAL FITNESS,82,SPORT,HOME,TT,PTAP16644,STAINLESS STEEL,irc_bicycles_physical_fitness_20260417_253_p
LPJY550620,BICYCLES-PHYSICAL FITNESS,BlenderBottle 25oz Strada Stainless Steel Shaker Cup - Terrazzo Pint,5,27.99,139.95,BlenderBottle,840467308246,94894802,China,OUTDOOR_SPORTS,NEW,BICYCLES PHYSICAL FITNESS,82,SPORT,HOME,TT,PTAP16634,MIXER,irc_bicycles_physical_fitness_20260417_253_p
LPJY962525,BICYCLES-PHYSICAL FITNESS,Raskullz Balance Buddy Light Up LED Bike Training Wheels,8,16.99,135.92,Raskullz,847268023910,92258054,China,OUTDOOR_SPORTS,USED_GOOD,BICYCLES PHYSICAL FITNESS,82,SPORT,SPORTING GOODS,TT,PTAP16644,KIDS ACCESSORIES,irc_bicycles_physical_fitness_20260417_253_p
LPHR332520,BICYCLES-PHYSICAL FITNESS,Bell Sports Skipper Kids' Bike Seat,2,64.99,129.98,Bell Sports,035011978574,52792315,United States of America,OUTDOOR_SPORTS,USED_GOOD,BICYCLES PHYSICAL FITNESS,82,SPORT,SPORTING GOODS,B,PTBB59137,BIKE RACKS/TRAILER,irc_bicycles_physical_fitness_20260417_253_p
LPJY758759,BICYCLES-PHYSICAL FITNESS,Wrist/Ankle Weight 2lb 2pc Set - All In Motion (Please be advised that sets may be missing pieces or otherwise incomplete.),5,25.00,125.00,All In Motion,191802002061,94409163,China,OUTDOOR_SPORTS,USED_GOOD,BICYCLES PHYSICAL FITNESS,82,SPORT,SPORTING GOODS,TT,PTAP16644,WEARABLES,irc_bicycles_physical_fitness_20260417_253_p
LPHR035124,BICYCLES-PHYSICAL FITNESS,Wrist/Ankle Weight 2lb 2pc Set - All In Motion (Please be advised that sets may be missing pieces or otherwise incomplete.),5,25.00,125.00,All In Motion,191802002061,94409163,China,OUTDOOR_SPORTS,USED_GOOD,BICYCLES PHYSICAL FITNESS,82,SPORT,SPORTING GOODS,TT,PTAP16634,WEARABLES,irc_bicycles_physical_fitness_20260417_253_p
LPKL522423,BICYCLES-PHYSICAL FITNESS,Little Tikes Jett Car Racer Ride-On,1,119.99,119.99,Little Tikes,050743646768,82688187,United States of America,OUTDOOR_SPORTS,USED_GOOD,BICYCLES PHYSICAL FITNESS,82,SPORT,TOYS,B,PTBI20984,FOOT TO FLOOR,irc_bicycles_physical_fitness_20260417_253_p
LPJY954683,BICYCLES-PHYSICAL FITNESS,McDavid Sport Knee Knit Sleeve with Buttress and Stays - Gray - L/XL,4,29.99,119.96,McDavid,029369148345,86205175,"Taiwan, Province of China",OUTDOOR_SPORTS,USED_GOOD,BICYCLES PHYSICAL FITNESS,82,SPORT,HEALTH AND BEAUTY,TT,PTAP16644,MUSCLE THERAPY,irc_bicycles_physical_fitness_20260417_253_p
LPJY968159,BICYCLES-PHYSICAL FITNESS,Owala 24oz Stainless Steel FreeSip Water Bottle - In Good Company,4,29.99,119.96,Owala,840467308345,94894811,China,OUTDOOR_SPORTS,USED_GOOD,BICYCLES PHYSICAL FITNESS,82,SPORT,HOME,TT,PTAP16644,STAINLESS STEEL,irc_bicycles_physical_fitness_20260417_253_p
LPHR249371,BICYCLES-PHYSICAL FITNESS,"Bala Bangles 2pc Wrist & Ankle Weight Set - Bone 1 lb: Steel, Silicone, Arms, Legs (Please be advised that sets may be missing pieces or otherwise incomplete.)",2,55.00,110.00,Bala,850042100660,91495978,China,OUTDOOR_SPORTS,USED_GOOD,BICYCLES PHYSICAL FITNESS,82,SPORT,SPORTING GOODS,TT,PTAP16644,WEARABLES,irc_bicycles_physical_fitness_20260417_253_p
LPHR129457,BICYCLES-PHYSICAL FITNESS,"Radio Flyer 3 in 1 EZ Fold Wagon with Canopy - Red: Steel & Nylon, 150 lb Capacity",1,109.99,109.99,Radio Flyer,042385112053,52995746,China,OUTDOOR_SPORTS,USED_GOOD,BICYCLES PHYSICAL FITNESS,82,SPORT,TOYS,B,PTBB58825,WAGONS,irc_bicycles_physical_fitness_20260417_253_p
LPHS258338,BICYCLES-PHYSICAL FITNESS,Owala 32oz FreeSip Stainless Steel Water Bottle - Out of the Blue,3,34.99,104.97,Owala,840467308499,94803057,China,OUTDOOR_SPORTS,USED_GOOD,BICYCLES PHYSICAL FITNESS,82,SPORT,HOME,TT,PTAP16644,STAINLESS STEEL,irc_bicycles_physical_fitness_20260417_253_p
LPJY263653,BICYCLES-PHYSICAL FITNESS,Owala 30oz Stainless Steel FreeSip Sway Tumbler  - Sandy Shores,3,34.99,104.97,Owala,847280096053,92383315,China,OUTDOOR_SPORTS,USED_GOOD,BICYCLES PHYSICAL FITNESS,82,SPORT,HOME,TT,PTAP16634,STAINLESS STEEL,irc_bicycles_physical_fitness_20260417_253_p
LPHR041628,BICYCLES-PHYSICAL FITNESS,"Radio Flyer 4-in-1 Stroll 'N Trike - Pink: Steel Frame, Adjustable Seat, EVA Tires",1,99.99,99.99,Radio Flyer,042385113074,52810422,Viet Nam,OUTDOOR_SPORTS,USED_GOOD,BICYCLES PHYSICAL FITNESS,82,SPORT,SPORTING GOODS,B,PTBI20994,TRIKES,irc_bicycles_physical_fitness_20260417_253_p
LPHR327671,BICYCLES-PHYSICAL FITNESS,"Hyper Jammer Kids Electric Scooter 12 Volt Battery Powered Scooter - Green: Steel Frame, 10 MPH",1,99.99,99.99,Hyper,690995990662,91007811,China,OUTDOOR_SPORTS,USED_GOOD,BICYCLES PHYSICAL FITNESS,82,SPORT,SPORTING GOODS,B,PTBI20874,KIDS E-SCOOTERS,irc_bicycles_physical_fitness_20260417_253_p
LPHR045668,BICYCLES-PHYSICAL FITNESS,"Razor Color Rave Electric Scooter - Blast: Steel Frame, 7.5 MPH, 110 lb Capacity",1,98.99,98.99,Razor,845423027940,91561235,China,OUTDOOR_SPORTS,USED_GOOD,BICYCLES PHYSICAL FITNESS,82,SPORT,SPORTING GOODS,B,PTBI20994,ELECTRIC SCOOTER,irc_bicycles_physical_fitness_20260417_253_p
LPJY435913,BICYCLES-PHYSICAL FITNESS,"Huffy Highland Mountain Bike - 26"" Wheels - 21 Speeds - M/L - Black",1,92.64,92.64,Huffy,028914363332,86854277,China,OUTDOOR_SPORTS,USED_GOOD,BICYCLES PHYSICAL FITNESS,82,SPORT,SPORTING GOODS,N,PTBB58522,MOUNTAIN,irc_bicycles_physical_fitness_20260417_253_p
LPHR054758,BICYCLES-PHYSICAL FITNESS,"Huffy Highland Mountain Bike - 26"" Wheels - 21 Speeds - M/L - Black",1,92.64,92.64,Huffy,028914363332,86854277,China,OUTDOOR_SPORTS,NEW,BICYCLES PHYSICAL FITNESS,82,SPORT,SPORTING GOODS,N,PTBB58857,MOUNTAIN,irc_bicycles_physical_fitness_20260417_253_p
LPJN783552,BICYCLES-PHYSICAL FITNESS,Little Tikes Cozy Truck - Black,1,90.99,90.99,Little Tikes,050743663161,91120934,United States of America,OUTDOOR_SPORTS,USED_GOOD,BICYCLES PHYSICAL FITNESS,82,SPORT,TOYS,B,PTBI20887,FOOT TO FLOOR,irc_bicycles_physical_fitness_20260417_253_p
LPHR091143,BICYCLES-PHYSICAL FITNESS,"Hydro Flask 32oz Wide Mouth Flex Straw Bottle - Indigo: Vacuum-Insulated, BPA-Free",2,44.99,89.98,Hydro Flask,810070084158,92383212,China,OUTDOOR_SPORTS,USED_GOOD,BICYCLES PHYSICAL FITNESS,82,SPORT,HOME,TT,PTAP16644,STAINLESS STEEL,irc_bicycles_physical_fitness_20260417_253_p
LPHR312067,BICYCLES-PHYSICAL FITNESS,BruMate Era 40oz 100% Leak-Proof Straw Tumbler - Lavender,2,44.99,89.98,BRUMATE,195429060510,94719387,Thailand,OUTDOOR_SPORTS,SALVAGE,BICYCLES PHYSICAL FITNESS,82,SPORT,HOME,TT,PTAP16644,TUMBLER,irc_bicycles_physical_fitness_20260417_253_p
LPHS558966,BICYCLES-PHYSICAL FITNESS,Owala 24oz Stainless Steel FreeSip Water Bottle - In Good Company,3,29.99,89.97,Owala,840467308345,94894811,China,OUTDOOR_SPORTS,SALVAGE,BICYCLES PHYSICAL FITNESS,82,SPORT,HOME,TT,PTAP16644,STAINLESS STEEL,irc_bicycles_physical_fitness_20260417_253_p
LPHR245231,BICYCLES-PHYSICAL FITNESS,Owala 24oz FreeSip Twist Stainless Steel Water Bottle - Tangy Tango,3,29.99,89.97,Owala,847280095902,92383279,China,OUTDOOR_SPORTS,NEW,BICYCLES PHYSICAL FITNESS,82,SPORT,HOME,TT,PTAP16634,STAINLESS STEEL,irc_bicycles_physical_fitness_20260417_253_p
LPHS550194,BICYCLES-PHYSICAL FITNESS,"Blogilates 12 Week Fit Journal: Hard Cover, Elastic Closure, Preprinted Pages",3,29.49,88.47,Blogilates,810054660187,80315228,China,OUTDOOR_SPORTS,USED_GOOD,BICYCLES PHYSICAL FITNESS,82,SPORT,STATIONERY & OFFICE SUPPLIES,TT,PTAP16634,ACCESSORIES,irc_bicycles_physical_fitness_20260417_253_p
LPHR354655,BICYCLES-PHYSICAL FITNESS,Little Tikes Adventure Rover Riding Toy,1,84.99,84.99,Little Tikes,050743638961,94770309,United States of America,OUTDOOR_SPORTS,USED_GOOD,BICYCLES PHYSICAL FITNESS,82,SPORT,TOYS,B,PTBB58825,FOOT TO FLOOR,irc_bicycles_physical_fitness_20260417_253_p
LPJY544860,BICYCLES-PHYSICAL FITNESS,"Hydro Flask 32oz All Around Travel Straw Tumbler - White: Double-Wall, BPA-Free, Spillproof",4,20.99,83.96,Hydro Flask,840394217000,92383259,China,OUTDOOR_SPORTS,USED_GOOD,BICYCLES PHYSICAL FITNESS,82,SPORT,HOME,TT,PTAP16644,TUMBLER,irc_bicycles_physical_fitness_20260417_253_p
LPHR341468,BICYCLES-PHYSICAL FITNESS,"Pacific Unisex Unity 16"" Kids' Bike - Silver",1,79.99,79.99,Pacific,038675286924,90905720,China,OUTDOOR_SPORTS,USED_GOOD,BICYCLES PHYSICAL FITNESS,82,SPORT,SPORTING GOODS,B,PTBB59137,"16"" BIKES",irc_bicycles_physical_fitness_20260417_253_p
LPHR259008,BICYCLES-PHYSICAL FITNESS,Owala 40oz Stainless Steel Straw Tumbler - Panther Paw,2,39.99,79.98,Owala,847280077496,86392284,China,OUTDOOR_SPORTS,USED_GOOD,BICYCLES PHYSICAL FITNESS,82,SPORT,HOME,TT,PTAP16644,TUMBLER,irc_bicycles_physical_fitness_20260417_253_p
LPHR067606,BICYCLES-PHYSICAL FITNESS,"Hydro Flask 40oz All Around Travel Straw Tumbler - Agave: Double-Wall, BPA-Free, Vacuum-Insulated",2,39.99,79.98,Hydro Flask,840394217109,92383209,China,OUTDOOR_SPORTS,SALVAGE,BICYCLES PHYSICAL FITNESS,82,SPORT,HOME,TT,PTAP16644,TUMBLER,irc_bicycles_physical_fitness_20260417_253_p
LPHR094369,BICYCLES-PHYSICAL FITNESS,"Hydro Flask 40oz All Around Travel Straw Tumbler - Oat: Double-Wall, BPA-Free, Spillproof",2,39.99,79.98,Hydro Flask,840394217048,92383241,China,OUTDOOR_SPORTS,USED_GOOD,BICYCLES PHYSICAL FITNESS,82,SPORT,HOME,TT,PTAP16644,TUMBLER,irc_bicycles_physical_fitness_20260417_253_p
LPHR068292,BICYCLES-PHYSICAL FITNESS,Owala 40oz FreeSip Stainless Steel Water Bottle - Very Very  Dark,2,39.99,79.98,Owala,847280095803,92383243,China,OUTDOOR_SPORTS,USED_GOOD,BICYCLES PHYSICAL FITNESS,82,SPORT,HOME,TT,PTAP16644,STAINLESS STEEL,irc_bicycles_physical_fitness_20260417_253_p
LPJY409481,BICYCLES-PHYSICAL FITNESS,"Hydro Flask 40oz All Around Travel Straw Tumbler - Indigo: Vacuum-Insulated, BPA-Free",2,39.99,79.98,Hydro Flask,840394217062,92383210,China,OUTDOOR_SPORTS,NEW,BICYCLES PHYSICAL FITNESS,82,SPORT,HOME,TT,PTAP16634,TUMBLER,irc_bicycles_physical_fitness_20260417_253_p
LPHS997815,BICYCLES-PHYSICAL FITNESS,"Owala 40oz Stainless Steel Straw Tumbler - Misty Meadow: Insulated, BPA-Free, Double-Wall, Drink-Thru Lid",2,39.99,79.98,Owala,847280096121,92383304,China,OUTDOOR_SPORTS,NEW,BICYCLES PHYSICAL FITNESS,82,SPORT,HOME,TT,PTAP16634,TUMBLER,irc_bicycles_physical_fitness_20260417_253_p
LPHR342718,BICYCLES-PHYSICAL FITNESS,Balance Exercise Ball Trainer with Pump - Gray - All In Motion,1,71.00,71.00,All In Motion,191802002054,94409129,China,OUTDOOR_SPORTS,USED_GOOD,BICYCLES PHYSICAL FITNESS,82,SPORT,SPORTING GOODS,B,PTBI20859,STRENGTH TRAINING,irc_bicycles_physical_fitness_20260417_253_p
LPHR071142,BICYCLES-PHYSICAL FITNESS,Owala  30oz FreeSip Sway Stainless Steel Tumbler - Kickflip,2,34.99,69.98,Owala,847280096084,92383297,China,OUTDOOR_SPORTS,USED_GOOD,BICYCLES PHYSICAL FITNESS,82,SPORT,HOME,TT,PTAP16644,STAINLESS STEEL,irc_bicycles_physical_fitness_20260417_253_p
LPHR177474,BICYCLES-PHYSICAL FITNESS,Owala 30oz Stainless Steel FreeSip Sway - Pretty in Purple,2,34.99,69.98,Owala,847280095063,95033766,China,OUTDOOR_SPORTS,SALVAGE,BICYCLES PHYSICAL FITNESS,82,SPORT,HOME,TT,PTAP16644,STAINLESS STEEL,irc_bicycles_physical_fitness_20260417_253_p
LPJY550731,BICYCLES-PHYSICAL FITNESS,Owala 32oz FreeSip Stainless Steel Water Bottle - Sleek,2,34.99,69.98,Owala,847280073009,83888063,China,OUTDOOR_SPORTS,NEW,BICYCLES PHYSICAL FITNESS,82,SPORT,HOME,TT,PTAP16634,STAINLESS STEEL,irc_bicycles_physical_fitness_20260417_253_p
LPHR245077,BICYCLES-PHYSICAL FITNESS,Owala 32oz FreeSip Stainless Steel Water Bottle - Tangy Tango,2,34.99,69.98,Owala,847280087044,89056688,China,OUTDOOR_SPORTS,NEW,BICYCLES PHYSICAL FITNESS,82,SPORT,HOME,TT,PTAP16634,STAINLESS STEEL,irc_bicycles_physical_fitness_20260417_253_p
LPHR342561,BICYCLES-PHYSICAL FITNESS,Bell Sports Skipper Kids' Bike Seat,1,64.99,64.99,Bell Sports,035011978574,52792315,United States of America,OUTDOOR_SPORTS,USED_GOOD,BICYCLES PHYSICAL FITNESS,82,SPORT,SPORTING GOODS,B,PTBI20874,BIKE RACKS/TRAILER,irc_bicycles_physical_fitness_20260417_253_p
LPHR082419,BICYCLES-PHYSICAL FITNESS,Stanley 64oz IceFlow Flip Straw Jug - Black 2.0: Stainless Steel Drinkware,1,60.00,60.00,Stanley,041604437892,92506459,China,OUTDOOR_SPORTS,NEW,BICYCLES PHYSICAL FITNESS,82,SPORT,HOME,TT,PTAP16634,LARGE CAPACITY,irc_bicycles_physical_fitness_20260417_253_p
LPHR043163,BICYCLES-PHYSICAL FITNESS,"Melo SideWinder Kick Scooter - Green: Steel & Aluminum Frame, Lights Up",1,59.99,59.99,Melo,5391544970290,91068644,Cambodia,OUTDOOR_SPORTS,USED_GOOD,BICYCLES PHYSICAL FITNESS,82,SPORT,SPORTING GOODS,B,PTBI20945,DELUXE SCOOTERS,irc_bicycles_physical_fitness_20260417_253_p
LPHR296469,BICYCLES-PHYSICAL FITNESS,Owala 24oz FreeSip Stainless Steel Water Bottle  - Kickflip,2,29.99,59.98,Owala,847280095759,92383234,China,OUTDOOR_SPORTS,USED_GOOD,BICYCLES PHYSICAL FITNESS,82,SPORT,HOME,TT,PTAP16644,STAINLESS STEEL,irc_bicycles_physical_fitness_20260417_253_p
LPHR091648,BICYCLES-PHYSICAL FITNESS,Owala Special Edition 24oz FreeSip Stainless Steel Water Bottle   - Summer Soiree,2,29.99,59.98,Owala,840467305122,93462654,China,OUTDOOR_SPORTS,USED_GOOD,BICYCLES PHYSICAL FITNESS,82,SPORT,HOME,TT,PTAP16644,STAINLESS STEEL,irc_bicycles_physical_fitness_20260417_253_p
LPHS554652,BICYCLES-PHYSICAL FITNESS,Owala 24oz Stainless Steel Straw Tumbler - Electric Orchid,2,29.99,59.98,Owala,847280085132,89056692,China,OUTDOOR_SPORTS,NEW,BICYCLES PHYSICAL FITNESS,82,SPORT,HOME,TT,PTAP16634,TUMBLER,irc_bicycles_physical_fitness_20260417_253_p
LPHR241013,BICYCLES-PHYSICAL FITNESS,Owala 24oz Stainless Steel FreeSip Twist Water Bottle - Neon Nectar,2,29.99,59.98,Owala,840467303210,93462669,China,OUTDOOR_SPORTS,NEW,BICYCLES PHYSICAL FITNESS,82,SPORT,HOME,TT,PTAP16634,STAINLESS STEEL,irc_bicycles_physical_fitness_20260417_253_p
LPJY942318,BICYCLES-PHYSICAL FITNESS,"1.6"" Segmented Jump Rope - Black - All In Motion: Polypropylene & TPR Material",5,11.00,55.00,All In Motion,191802001774,90364294,China,OUTDOOR_SPORTS,USED_GOOD,BICYCLES PHYSICAL FITNESS,82,SPORT,SPORTING GOODS,TT,PTAP16634,HOME GYM,irc_bicycles_physical_fitness_20260417_253_p
LPHR296358,BICYCLES-PHYSICAL FITNESS,"Bala Bangles 2pc Wrist & Ankle Weight Set - Bone 1 lb: Steel, Silicone, Arms, Legs (Please be advised that sets may be missing pieces or otherwise incomplete.)",1,55.00,55.00,Bala,850042100660,91495978,China,OUTDOOR_SPORTS,USED_GOOD,BICYCLES PHYSICAL FITNESS,82,SPORT,SPORTING GOODS,TT,PTAP16634,WEARABLES,irc_bicycles_physical_fitness_20260417_253_p
LPHR259488,BICYCLES-PHYSICAL FITNESS,"Ankle Weights Anti-microbial 2.5lbs 2pc - All In Motion: Neoprene, Leg Training (Please be advised that sets may be missing pieces or otherwise incomplete.)",2,25.00,50.00,All In Motion,191802000784,82399799,China,OUTDOOR_SPORTS,NEW,BICYCLES PHYSICAL FITNESS,82,SPORT,SPORTING GOODS,TT,PTAP16634,WEARABLES,irc_bicycles_physical_fitness_20260417_253_p
LPHR042941,BICYCLES-PHYSICAL FITNESS,"Roller Derby Mint Prodigy Kids' Adjustable Inline-Quad Combo Skates - White/Mint Green S (12-2): Indoor/Outdoor Use, Adjustable Size",1,49.99,49.99,Roller Derby,049288259014,88244238,Viet Nam,OUTDOOR_SPORTS,USED_GOOD,BICYCLES PHYSICAL FITNESS,82,SPORT,SPORTING GOODS,B,PTBI20945,SKATES,irc_bicycles_physical_fitness_20260417_253_p
LPHR326998,BICYCLES-PHYSICAL FITNESS,"Roller Derby Green Wire Kids' Adjustable Inline-Quad Combo Skates - Black/Green S (12-2): Indoor/Outdoor Use, Adjustable Size, Padded Collar",1,49.99,49.99,Roller Derby,049288255030,88244236,Viet Nam,OUTDOOR_SPORTS,SALVAGE,BICYCLES PHYSICAL FITNESS,82,SPORT,SPORTING GOODS,B,PTBB59137,SKATES,irc_bicycles_physical_fitness_20260417_253_p
LPHR043044,BICYCLES-PHYSICAL FITNESS,"Roller Derby Mint Prodigy Kids' Adjustable Inline-Quad Combo Skates - White/Mint Green S (12-2): Indoor/Outdoor Use, Adjustable Size",1,49.99,49.99,Roller Derby,049288259014,88244238,Viet Nam,OUTDOOR_SPORTS,USED_GOOD,BICYCLES PHYSICAL FITNESS,82,SPORT,SPORTING GOODS,B,PTBI20859,SKATES,irc_bicycles_physical_fitness_20260417_253_p
LPHS811798,BICYCLES-PHYSICAL FITNESS,"Hydro Flask 40oz Wide Mouth Flex Straw Bottle - Oat: Double-Wall, BPA-Free, Leakproof",1,49.99,49.99,Hydro Flask,810096851178,92383258,China,OUTDOOR_SPORTS,SALVAGE,BICYCLES PHYSICAL FITNESS,82,SPORT,HOME,TT,PTAP16644,STAINLESS STEEL,irc_bicycles_physical_fitness_20260417_253_p
LPHR176242,BICYCLES-PHYSICAL FITNESS,Owala 16oz Kids' FreeSip Stainless Steel Water Bottle - Sleek,2,24.99,49.98,Owala,847280080502,87974489,China,OUTDOOR_SPORTS,NEW,BICYCLES PHYSICAL FITNESS,82,SPORT,HOME,TT,PTAP16644,STAINLESS STEEL,irc_bicycles_physical_fitness_20260417_253_p
LPHR168086,BICYCLES-PHYSICAL FITNESS,Owala 16oz Kids' FreeSip Stainless Steel Water Bottle - Green Machine,2,24.99,49.98,Owala,847280080540,87974491,China,OUTDOOR_SPORTS,USED_GOOD,BICYCLES PHYSICAL FITNESS,82,SPORT,HOME,TT,PTAP16644,STAINLESS STEEL,irc_bicycles_physical_fitness_20260417_253_p
LPHR278272,BICYCLES-PHYSICAL FITNESS,Raskullz Lil Sharkie Cycling Kids' Boys' Bike Helmet - Blue,2,24.99,49.98,Raskullz,847268022456,92257665,China,OUTDOOR_SPORTS,USED_GOOD,BICYCLES PHYSICAL FITNESS,82,SPORT,SPORTING GOODS,TT,PTAP16644,INFANT HELMET,irc_bicycles_physical_fitness_20260417_253_p
LPJY546698,BICYCLES-PHYSICAL FITNESS,Blackburn Hybrid Bike Tire 700c - Black,2,24.99,49.98,Blackburn,035011995342,94430445,"Taiwan, Province of China",OUTDOOR_SPORTS,USED_GOOD,BICYCLES PHYSICAL FITNESS,82,SPORT,SPORTING GOODS,TT,PTAP16644,TIRES,irc_bicycles_physical_fitness_20260417_253_p
LPHR091493,BICYCLES-PHYSICAL FITNESS,Owala 16oz Kids' FreeSip Stainless Steel Water Bottle - Green Machine,2,24.99,49.98,Owala,847280080540,87974491,China,OUTDOOR_SPORTS,USED_GOOD,BICYCLES PHYSICAL FITNESS,82,SPORT,HOME,TT,PTAP16634,STAINLESS STEEL,irc_bicycles_physical_fitness_20260417_253_p
LPHR294405,BICYCLES-PHYSICAL FITNESS,Bala Bangles 2pc Wrist & Ankle Weight Set - Charcoal 2lb: Adjustable Steel & Silicone Weights (Please be advised that sets may be missing pieces or otherwise incomplete.),1,65.00,65.00,Bala,850034367033,87154198,China,OUTDOOR_SPORTS,USED_GOOD,BICYCLES PHYSICAL FITNESS,82,SPORT,SPORTING GOODS,TT,PTAP16634,WEARABLES,irc_bicycles_physical_fitness_20260417_253_p
LPHR054141,BICYCLES-PHYSICAL FITNESS,Little Tikes Tractor and Cart - Green,1,64.99,64.99,Little Tikes,050743642050,92638875,United States of America,OUTDOOR_SPORTS,USED_GOOD,BICYCLES PHYSICAL FITNESS,82,SPORT,TOYS,B,PTBB58533,FOOT TO FLOOR,irc_bicycles_physical_fitness_20260417_253_p
LPHR049366,BICYCLES-PHYSICAL FITNESS,"Pacific Unisex Unity 12"" Kids' Bike - Teal Blue",1,64.99,64.99,Pacific,038675286917,91052496,China,OUTDOOR_SPORTS,USED_GOOD,BICYCLES PHYSICAL FITNESS,82,SPORT,SPORTING GOODS,B,PTBI20994,"12"" BIKES",irc_bicycles_physical_fitness_20260417_253_p
LPHS639812,BICYCLES-PHYSICAL FITNESS,Bell Sports Skipper Kids' Bike Seat,1,64.99,64.99,Bell Sports,035011978574,52792315,United States of America,OUTDOOR_SPORTS,USED_GOOD,BICYCLES PHYSICAL FITNESS,82,SPORT,SPORTING GOODS,B,PTBI20887,BIKE RACKS/TRAILER,irc_bicycles_physical_fitness_20260417_253_p
LPHR353293,BICYCLES-PHYSICAL FITNESS,Bell Sports Skipper Kids' Bike Seat,1,64.99,64.99,Bell Sports,035011978574,52792315,United States of America,OUTDOOR_SPORTS,SALVAGE,BICYCLES PHYSICAL FITNESS,82,SPORT,SPORTING GOODS,B,PTBI20887,BIKE RACKS/TRAILER,irc_bicycles_physical_fitness_20260417_253_p
LPHR065310,BICYCLES-PHYSICAL FITNESS,Raskullz Stego Hawk Child Helmet - Blue/Yellow,3,20.99,62.97,Raskullz,847268023729,89514011,China,OUTDOOR_SPORTS,NEW,BICYCLES PHYSICAL FITNESS,82,SPORT,SPORTING GOODS,TT,PTAP16644,CHILD HELMETS,irc_bicycles_physical_fitness_20260417_253_p
LPHS546359,BICYCLES-PHYSICAL FITNESS,"Yoga Towel Blue - All In Motion: Sports Exercise Mat, Recycled Material",2,30.00,60.00,All In Motion,191802001606,88001454,China,OUTDOOR_SPORTS,USED_GOOD,BICYCLES PHYSICAL FITNESS,82,SPORT,SPORTING GOODS,TT,PTAP16634,YOGA,irc_bicycles_physical_fitness_20260417_253_p
LPHS624310,BICYCLES-PHYSICAL FITNESS,"Posture Corrector Back Brace Stretcher - All In Motion: Nylon, 300lb Capacity",4,15.00,60.00,All In Motion,018713658876,90364301,China,OUTDOOR_SPORTS,USED_GOOD,BICYCLES PHYSICAL FITNESS,82,SPORT,SPORTING GOODS,TT,PTAP16634,MUSCLE THERAPY,irc_bicycles_physical_fitness_20260417_253_p
LPKL522337,BICYCLES-PHYSICAL FITNESS,"Melo SideWinder Kick Scooter - Green: Steel & Aluminum Frame, Lights Up",1,59.99,59.99,Melo,5391544970290,91068644,Cambodia,OUTDOOR_SPORTS,USED_GOOD,BICYCLES PHYSICAL FITNESS,82,SPORT,SPORTING GOODS,B,PTBI20994,DELUXE SCOOTERS,irc_bicycles_physical_fitness_20260417_253_p
LPHR076525,BICYCLES-PHYSICAL FITNESS,Owala 24oz FreeSip Stainless Steel Water Bottle - Sandy Shores,2,29.99,59.98,Owala,847280085347,89056680,China,OUTDOOR_SPORTS,USED_GOOD,BICYCLES PHYSICAL FITNESS,82,SPORT,HOME,TT,PTAP16644,STAINLESS STEEL,irc_bicycles_physical_fitness_20260417_253_p
LPHS811678,BICYCLES-PHYSICAL FITNESS,Owala 24oz FreeSip Stainless Steel Water Bottle  - Misty Meadow,2,29.99,59.98,Owala,847280095742,92383298,China,OUTDOOR_SPORTS,SALVAGE,BICYCLES PHYSICAL FITNESS,82,SPORT,HOME,TT,PTAP16644,STAINLESS STEEL,irc_bicycles_physical_fitness_20260417_253_p
LPHR326671,BICYCLES-PHYSICAL FITNESS,Little Tikes Cozy Coupe,1,57.99,57.99,Little Tikes,050743612060,53594417,United States of America,OUTDOOR_SPORTS,USED_GOOD,BICYCLES PHYSICAL FITNESS,82,SPORT,TOYS,TT,PTBB59068,FOOT TO FLOOR,irc_bicycles_physical_fitness_20260417_253_p
LPHR049624,BICYCLES-PHYSICAL FITNESS,Little Tikes Cozy Coupe,1,57.99,57.99,Little Tikes,050743612060,53594417,United States of America,OUTDOOR_SPORTS,USED_GOOD,BICYCLES PHYSICAL FITNESS,82,SPORT,TOYS,B,PTBI20984,FOOT TO FLOOR,irc_bicycles_physical_fitness_20260417_253_p
LPHS422130,BICYCLES-PHYSICAL FITNESS,Peg Perego 12 Volt Rechargeable Battery,1,55.99,55.99,PEG,016337121301,12694563,United States of America,OUTDOOR_SPORTS,USED_GOOD,BICYCLES PHYSICAL FITNESS,82,SPORT,TOYS,TT,PTAP16644,ERO'S,irc_bicycles_physical_fitness_20260417_253_p
LPJY951193,BICYCLES-PHYSICAL FITNESS,BlenderBottle 25oz Strada Stainless Steel Shaker Cup - Black Gradient,2,27.99,55.98,BlenderBottle,840467308239,94894800,China,OUTDOOR_SPORTS,USED_GOOD,BICYCLES PHYSICAL FITNESS,82,SPORT,HOME,TT,PTAP16634,MIXER,irc_bicycles_physical_fitness_20260417_253_p
LPHR326956,BICYCLES-PHYSICAL FITNESS,Sunny Health & Fitness Mini Step Machine with Bands - Silver,1,52.99,52.99,Sunny Health & Fitness,853227001059,90188085,China,OUTDOOR_SPORTS,USED_GOOD,BICYCLES PHYSICAL FITNESS,82,SPORT,SPORTING GOODS,B,PTBI20887,STEPPER,irc_bicycles_physical_fitness_20260417_253_p
LPJY552605,BICYCLES-PHYSICAL FITNESS,Blogilates Loop Bands - 4pk: Latex Resistance for Legs & Arms (Please be advised that sets may be missing pieces or otherwise incomplete.),3,16.99,50.97,Blogilates,850028476598,85585583,China,OUTDOOR_SPORTS,USED_GOOD,BICYCLES PHYSICAL FITNESS,82,SPORT,SPORTING GOODS,TT,PTAP16634,STRENGTH TRAINING,irc_bicycles_physical_fitness_20260417_253_p
LPJY940953,BICYCLES-PHYSICAL FITNESS,"Brightz Cosmic LED Bike Light - Color Morphing: ABS Material, 36-Hour Battery Life",4,12.74,50.96,Brightz,811860034070,89207351,China,OUTDOOR_SPORTS,USED_GOOD,BICYCLES PHYSICAL FITNESS,82,SPORT,SPORTING GOODS,TT,PTAP16634,LIGHTS,irc_bicycles_physical_fitness_20260417_253_p
LPHR326251,BICYCLES-PHYSICAL FITNESS,Basic Hand Weight Set Pink/White/Magenta - All In Motion: Iron Dumbbells with Rack (Please be advised that sets may be missing pieces or otherwise incomplete.),1,50.00,50.00,All In Motion,196365807245,85616905,China,OUTDOOR_SPORTS,USED_GOOD,BICYCLES PHYSICAL FITNESS,82,SPORT,SPORTING GOODS,B,PTBI20874,STRENGTH TRAINING,irc_bicycles_physical_fitness_20260417_253_p
LPHR059588,BICYCLES-PHYSICAL FITNESS,"Roller Derby Custom Adult In-Fit Skates - Blue/Black 7-10: Adjustable, Padded Boot Shaft",1,49.99,49.99,Roller Derby,049288050000,91238577,China,OUTDOOR_SPORTS,USED_GOOD,BICYCLES PHYSICAL FITNESS,82,SPORT,SPORTING GOODS,B,PTBI20945,YOUTH INLINE SKATE,irc_bicycles_physical_fitness_20260417_253_p
LPHR354467,BICYCLES-PHYSICAL FITNESS,"Razor Rollie DLX Kick Scooter - Red: 3-Wheel, Heel Brakes, Ages 2-4",1,49.99,49.99,Razor,845423026165,91007719,China,OUTDOOR_SPORTS,USED_GOOD,BICYCLES PHYSICAL FITNESS,82,SPORT,SPORTING GOODS,B,PTBB58825,3 WHEEL SCOOTER,irc_bicycles_physical_fitness_20260417_253_p
LPHR041331,BICYCLES-PHYSICAL FITNESS,"Roller Derby Youth Adult Custom Fit Quad Roller Skates - Black 7-10: Adjustable Size, Padded Boot Shaft",1,49.99,49.99,Roller Derby,049288040148,91238581,China,OUTDOOR_SPORTS,USED_GOOD,BICYCLES PHYSICAL FITNESS,82,SPORT,SPORTING GOODS,B,PTBI20984,SKATES,irc_bicycles_physical_fitness_20260417_253_p
LPHR066441,BICYCLES-PHYSICAL FITNESS,"Hydro Flask 40oz Wide Mouth Flex Straw Bottle - Agave: Double-Wall, BPA-Free, Leakproof",1,49.99,49.99,Hydro Flask,810497022429,92383224,China,OUTDOOR_SPORTS,USED_GOOD,BICYCLES PHYSICAL FITNESS,82,SPORT,HOME,TT,PTAP16644,STAINLESS STEEL,irc_bicycles_physical_fitness_20260417_253_p
LPJY409892,BICYCLES-PHYSICAL FITNESS,Owala 16oz Kids' FreeSip Stainless Steel Water Bottle - Cake Pop,2,24.99,49.98,Owala,847280091102,90150425,China,OUTDOOR_SPORTS,NEW,BICYCLES PHYSICAL FITNESS,82,SPORT,HOME,TT,PTAP16644,STAINLESS STEEL,irc_bicycles_physical_fitness_20260417_253_p
LPJY964031,BICYCLES-PHYSICAL FITNESS,Owala 16oz Kids' FreeSip Stainless Steel Water Bottle - Periwinkle Twinkle,2,24.99,49.98,Owala,847280095711,92383253,China,OUTDOOR_SPORTS,USED_GOOD,BICYCLES PHYSICAL FITNESS,82,SPORT,HOME,TT,PTAP16634,STAINLESS STEEL,irc_bicycles_physical_fitness_20260417_253_p
LPJY542801,BICYCLES-PHYSICAL FITNESS,"Tommie Copper Sport Compression Knee High Socks 2pk - S/M: Leg Support, Microfiber, Adult (Please be advised that sets may be missing pieces or otherwise incomplete.)",4,12.29,49.16,Tommie Copper,018713631817,91151090,China,OUTDOOR_SPORTS,USED_GOOD,BICYCLES PHYSICAL FITNESS,82,SPORT,HEALTH AND BEAUTY,TT,PTAP16634,MUSCLE THERAPY,irc_bicycles_physical_fitness_20260417_253_p
LPJY793751,BICYCLES-PHYSICAL FITNESS,"Hex Dumbbell 15lbs Black - All In Motion: Rubber Coated, Chrome Handle, Single Piece",2,24.00,48.00,All In Motion,018713645630,83368048,Cambodia,OUTDOOR_SPORTS,USED_GOOD,BICYCLES PHYSICAL FITNESS,82,SPORT,SPORTING GOODS,B,PTBB58533,STRENGTH TRAINING,irc_bicycles_physical_fitness_20260417_253_p
LPHR350663,BICYCLES-PHYSICAL FITNESS,"Hex Dumbbell 35lbs Black - All In Motion: Single Weight, Rubber Fill, Chrome Material, Arms & Biceps Training",1,48.00,48.00,All In Motion,018713645678,85616911,Cambodia,OUTDOOR_SPORTS,USED_GOOD,BICYCLES PHYSICAL FITNESS,82,SPORT,SPORTING GOODS,B,PTBI20858,STRENGTH TRAINING,irc_bicycles_physical_fitness_20260417_253_p
LPJY548196,BICYCLES-PHYSICAL FITNESS,"Tommie 14-18"" Copper Sport Compression Calf Sleeve - L/XL: Muscle Support for Legs",4,11.89,47.56,Tommie Copper,018713635884,92542603,China,OUTDOOR_SPORTS,USED_GOOD,BICYCLES PHYSICAL FITNESS,82,SPORT,HEALTH AND BEAUTY,TT,PTAP16634,MUSCLE THERAPY,irc_bicycles_physical_fitness_20260417_253_p
LPHR327986,BICYCLES-PHYSICAL FITNESS,Blogilates Weighted Body Vest 15lbs - Black,1,46.99,46.99,Blogilates,850052976842,94919911,China,OUTDOOR_SPORTS,USED_GOOD,BICYCLES PHYSICAL FITNESS,82,SPORT,SPORTING GOODS,B,PTBI20874,WEARABLES,irc_bicycles_physical_fitness_20260417_253_p
LPHS772384,BICYCLES-PHYSICAL FITNESS,"Stanley 36oz IceFlow Aerolight Fast Flow Water Bottle - Black 2.0: Stainless Steel, Portable Drinkware",1,45.00,45.00,Stanley,041604417191,92506453,China,OUTDOOR_SPORTS,SALVAGE,BICYCLES PHYSICAL FITNESS,82,SPORT,HOME,TT,PTAP16634,STAINLESS STEEL,irc_bicycles_physical_fitness_20260417_253_p
LPHR125049,BICYCLES-PHYSICAL FITNESS,"Hydro Flask 32oz Wide Mouth Bottle - Agave: Vacuum-Insulated, BPA-Free, Leakproof",1,44.99,44.99,Hydro Flask,810070086091,92383211,China,OUTDOOR_SPORTS,USED_GOOD,BICYCLES PHYSICAL FITNESS,82,SPORT,HOME,TT,PTAP16644,STAINLESS STEEL,irc_bicycles_physical_fitness_20260417_253_p
LPHS774141,BICYCLES-PHYSICAL FITNESS,"Hydro Flask 32oz Wide Mouth Bottle - Oat: Double-Wall, BPA-Free, Leakproof, Vacuum-Insulated",1,44.99,44.99,Hydro Flask,840394213910,92383230,China,OUTDOOR_SPORTS,USED_GOOD,BICYCLES PHYSICAL FITNESS,82,SPORT,HOME,TT,PTAP16644,STAINLESS STEEL,irc_bicycles_physical_fitness_20260417_253_p
LPHS764429,BICYCLES-PHYSICAL FITNESS,"Hydro Flask 32oz Wide Mouth Flex Straw Travel Bottle - Oat: BPA-Free, Vacuum-Insulated",1,44.99,44.99,Hydro Flask,840394203645,92383274,China,OUTDOOR_SPORTS,NEW,BICYCLES PHYSICAL FITNESS,82,SPORT,HOME,TT,PTAP16644,STAINLESS STEEL,irc_bicycles_physical_fitness_20260417_253_p
LPHR073174,BICYCLES-PHYSICAL FITNESS,BruMate Era 40oz 100% Leak-Proof Straw Tumbler - Blue Agave,1,44.99,44.99,BRUMATE,195429050306,94719385,Thailand,OUTDOOR_SPORTS,SALVAGE,BICYCLES PHYSICAL FITNESS,82,SPORT,HOME,TT,PTAP16644,TUMBLER,irc_bicycles_physical_fitness_20260417_253_p
LPHR346255,BICYCLES-PHYSICAL FITNESS,"TriggerPoint GRID STK Hand Held Foam Roller Orange: EVA Material, Whole Body Therapy",1,44.99,44.99,TriggerPoint,858787002942,52634477,China,OUTDOOR_SPORTS,USED_GOOD,BICYCLES PHYSICAL FITNESS,82,SPORT,HEALTH AND BEAUTY,TT,PTAP16634,MUSCLE THERAPY,irc_bicycles_physical_fitness_20260417_253_p
LPKM493514,BICYCLES-PHYSICAL FITNESS,"Hydro Flask 32oz Wide Mouth Flex Straw Bottle - Indigo: Vacuum-Insulated, BPA-Free",1,44.99,44.99,Hydro Flask,810070084158,92383212,China,OUTDOOR_SPORTS,USED_GOOD,BICYCLES PHYSICAL FITNESS,82,SPORT,HOME,TT,PTAP16634,STAINLESS STEEL,irc_bicycles_physical_fitness_20260417_253_p
LPHR016124,BICYCLES-PHYSICAL FITNESS,Owala 40oz FreeSip  Stainless Steel Tumbler - Very Very Dark,1,44.99,44.99,Owala,847280095636,92383293,China,OUTDOOR_SPORTS,USED_GOOD,BICYCLES PHYSICAL FITNESS,82,SPORT,HOME,TT,PTAP16634,TUMBLER,irc_bicycles_physical_fitness_20260417_253_p
LPHR008385,BICYCLES-PHYSICAL FITNESS,Owala 40oz Stainless Steel FreeSip Sway Tumbler - Sandy Shores,1,44.99,44.99,Owala,840467302589,94268623,China,OUTDOOR_SPORTS,USED_GOOD,BICYCLES PHYSICAL FITNESS,82,SPORT,HOME,TT,PTAP16634,STAINLESS STEEL,irc_bicycles_physical_fitness_20260417_253_p
LPJY545687,BICYCLES-PHYSICAL FITNESS,"Adjustable Hand Grip Trainer - All In Motion: TPR & ABS Material, Hand & Finger Exercise",4,11.00,44.00,All In Motion,191802001828,90364312,China,OUTDOOR_SPORTS,USED_GOOD,BICYCLES PHYSICAL FITNESS,82,SPORT,SPORTING GOODS,TT,PTAP16644,STRENGTH TRAINING,irc_bicycles_physical_fitness_20260417_253_p
LPJY974448,BICYCLES-PHYSICAL FITNESS,Raskullz Super Rainbowcorn Child Bike Helmet,2,20.99,41.98,Raskullz,847268000423,16629088,China,OUTDOOR_SPORTS,NEW,BICYCLES PHYSICAL FITNESS,82,SPORT,SPORTING GOODS,TT,PTAP16644,CHILD HELMETS,irc_bicycles_physical_fitness_20260417_253_p
LPHR327725,BICYCLES-PHYSICAL FITNESS,Multi-function Pull-Up Weight Bar 250lbs - All In Motion: Iron Workout Equipment,2,20.00,40.00,All In Motion,191802001750,90364309,China,OUTDOOR_SPORTS,USED_GOOD,BICYCLES PHYSICAL FITNESS,82,SPORT,SPORTING GOODS,B,PTBI20874,HOME GYM,irc_bicycles_physical_fitness_20260417_253_p
LPJY954697,BICYCLES-PHYSICAL FITNESS,"Men's Strength Training Gloves Black M - All In Motion: Neoprene, Weightlifting",4,10.00,40.00,All In Motion,191907562804,80594786,China,OUTDOOR_SPORTS,USED_GOOD,BICYCLES PHYSICAL FITNESS,82,SPORT,SPORTING GOODS,TT,PTAP16634,STRENGTH TRAINING,irc_bicycles_physical_fitness_20260417_253_p
LPHS802536,BICYCLES-PHYSICAL FITNESS,"Men's Strength Training Gloves Black L - All In Motion: Neoprene, Weightlifting",4,10.00,40.00,All In Motion,191907562743,80594797,China,OUTDOOR_SPORTS,USED_GOOD,BICYCLES PHYSICAL FITNESS,82,SPORT,SPORTING GOODS,TT,PTAP16634,STRENGTH TRAINING,irc_bicycles_physical_fitness_20260417_253_p
LPHR308249,BICYCLES-PHYSICAL FITNESS,Wrist Weights Anti-microbial 2.5lbs 2pc - All In Motion: Adjustable Neoprene Pair (Please be advised that sets may be missing pieces or otherwise incomplete.),2,20.00,40.00,All In Motion,191802000777,82399806,China,OUTDOOR_SPORTS,USED_GOOD,BICYCLES PHYSICAL FITNESS,82,SPORT,SPORTING GOODS,TT,PTAP16634,WEARABLES,irc_bicycles_physical_fitness_20260417_253_p
LPHR354817,BICYCLES-PHYSICAL FITNESS,CAP Adjustable Vest Body Weight - 20lbs,1,39.99,39.99,CAP,702556088074,95075869,China,OUTDOOR_SPORTS,USED_GOOD,BICYCLES PHYSICAL FITNESS,82,SPORT,SPORTING GOODS,B,PTBI20874,WEARABLES,irc_bicycles_physical_fitness_20260417_253_p
LPHR350535,BICYCLES-PHYSICAL FITNESS,"Razor A 2-Wheel Kick Scooter - Red: Steel & Aluminum Frame, Urethane Wheels",1,39.99,39.99,Razor,845423020569,11199452,China,OUTDOOR_SPORTS,USED_GOOD,BICYCLES PHYSICAL FITNESS,82,SPORT,SPORTING GOODS,B,PTBI20859,2-WHEEL SCOOTERS,irc_bicycles_physical_fitness_20260417_253_p
LPHR259032,BICYCLES-PHYSICAL FITNESS,"Hydro Flask 40oz All Around Travel Straw Tumbler - Oat: Double-Wall, BPA-Free, Spillproof",1,39.99,39.99,Hydro Flask,840394217048,92383241,China,OUTDOOR_SPORTS,SALVAGE,BICYCLES PHYSICAL FITNESS,82,SPORT,HOME,TT,PTAP16644,TUMBLER,irc_bicycles_physical_fitness_20260417_253_p
LPHS776426,BICYCLES-PHYSICAL FITNESS,Owala 40oz FreeSip Stainless Steel Water Bottle - Periwinkle Twinkle,1,39.99,39.99,Owala,847280095841,92383273,China,OUTDOOR_SPORTS,SALVAGE,BICYCLES PHYSICAL FITNESS,82,SPORT,HOME,TT,PTAP16644,STAINLESS STEEL,irc_bicycles_physical_fitness_20260417_253_p
LPHR278541,BICYCLES-PHYSICAL FITNESS,"Hydro Flask 24oz Standard Mouth Bottle - Agave: Double-Wall, BPA-Free, Leakproof",1,39.99,39.99,Hydro Flask,810070085728,92383240,China,OUTDOOR_SPORTS,SALVAGE,BICYCLES PHYSICAL FITNESS,82,SPORT,HOME,TT,PTAP16634,STAINLESS STEEL,irc_bicycles_physical_fitness_20260417_253_p
LPKM465466,BICYCLES-PHYSICAL FITNESS,"Hydro Flask 40oz All Around Travel Straw Tumbler - Black: Double-Wall, BPA-Free, Spillproof",1,39.99,39.99,Hydro Flask,840394217055,92383266,China,OUTDOOR_SPORTS,NEW,BICYCLES PHYSICAL FITNESS,82,SPORT,HOME,TT,PTAP16634,TUMBLER,irc_bicycles_physical_fitness_20260417_253_p
LPHR294355,BICYCLES-PHYSICAL FITNESS,BruMate Era 30oz 100% Leakproof Straw Tumbler - Mocha,1,39.99,39.99,BRUMATE,195429050436,94460443,China,OUTDOOR_SPORTS,USED_GOOD,BICYCLES PHYSICAL FITNESS,82,SPORT,HOME,TT,PTAP16634,TUMBLER,irc_bicycles_physical_fitness_20260417_253_p
LPKL522016,BICYCLES-PHYSICAL FITNESS,Schwinn Cyclone Tire Floor Pump - Orange,2,19.99,39.98,Schwinn,038675238657,80513491,United States of America,OUTDOOR_SPORTS,USED_GOOD,BICYCLES PHYSICAL FITNESS,82,SPORT,SPORTING GOODS,B,PTBI20994,ACCESSORIES,irc_bicycles_physical_fitness_20260417_253_p
LPJY550878,BICYCLES-PHYSICAL FITNESS,Frozen Kids' Roller Skate with Pad Set (Please be advised that sets may be missing pieces or otherwise incomplete.),2,19.99,39.98,Frozen,192995514355,88883848,China,OUTDOOR_SPORTS,USED_GOOD,BICYCLES PHYSICAL FITNESS,82,SPORT,SPORTING GOODS,TT,PTAP16634,SKATES,irc_bicycles_physical_fitness_20260417_253_p
LPHS422586,BICYCLES-PHYSICAL FITNESS,"Premium Loop Band Kit - All In Motion: Latex Resistance Bands, Medium to Heavy",3,13.00,39.00,All In Motion,198420041533,90364305,China,OUTDOOR_SPORTS,USED_GOOD,BICYCLES PHYSICAL FITNESS,82,SPORT,SPORTING GOODS,TT,PTAP16644,STRENGTH TRAINING,irc_bicycles_physical_fitness_20260417_253_p
LPHS802799,BICYCLES-PHYSICAL FITNESS,"McDavid 8-9"" Sport Ankle Sleeve with Wrap Support - S/M: Joint & Muscle Pain Relief, Nylon",3,12.99,38.97,McDavid,029369153776,91146878,Viet Nam,OUTDOOR_SPORTS,USED_GOOD,BICYCLES PHYSICAL FITNESS,82,SPORT,HEALTH AND BEAUTY,TT,PTAP16634,MUSCLE THERAPY,irc_bicycles_physical_fitness_20260417_253_p
LPKL522014,BICYCLES-PHYSICAL FITNESS,"Meditation Pillow Dark Green - All In Motion: Buckwheat Hulls Fill, Indoor Use",1,38.00,38.00,All In Motion,196365807139,85616904,China,OUTDOOR_SPORTS,USED_GOOD,BICYCLES PHYSICAL FITNESS,82,SPORT,HOME,B,PTBI20994,MEDITATION,irc_bicycles_physical_fitness_20260417_253_p
LPHR332662,BICYCLES-PHYSICAL FITNESS,"Radio Flyer Grow With Me Beginner Kids' Kick Scooter - Pink: Adjustable Handlebar, Non-Slip Deck",1,37.99,37.99,Radio Flyer,042385114897,81538420,Indonesia,OUTDOOR_SPORTS,USED_GOOD,BICYCLES PHYSICAL FITNESS,82,SPORT,SPORTING GOODS,B,PTBB59137,3 WHEEL SCOOTER,irc_bicycles_physical_fitness_20260417_253_p
LPHR321183,BICYCLES-PHYSICAL FITNESS,"Tommie Copper Sport Compression Elbow Support Sleeve - S/M: Joint Support, Polyester",6,6.19,37.14,Tommie Copper,018713631619,90679340,China,OUTDOOR_SPORTS,NEW,BICYCLES PHYSICAL FITNESS,82,SPORT,HEALTH AND BEAUTY,TT,PTAP16634,MUSCLE THERAPY,irc_bicycles_physical_fitness_20260417_253_p
LPHR072431,BICYCLES-PHYSICAL FITNESS,"Dumbbell 10lbs Blue - All In Motion: PVC Coated, Iron Filled, Single Weight",2,18.00,36.00,All In Motion,018713638267,77459839,China,OUTDOOR_SPORTS,USED_GOOD,BICYCLES PHYSICAL FITNESS,82,SPORT,SPORTING GOODS,TT,PTAP16634,STRENGTH TRAINING,irc_bicycles_physical_fitness_20260417_253_p
LPHR088916,BICYCLES-PHYSICAL FITNESS,Cork Yoga Block - Brown - All In Motion: Tan Cork Accessory,3,15.00,45.00,All In Motion,197543196090,88001437,China,OUTDOOR_SPORTS,NEW,BICYCLES PHYSICAL FITNESS,82,SPORT,SPORTING GOODS,TT,PTAP16634,YOGA,irc_bicycles_physical_fitness_20260417_253_p
LPJY552670,BICYCLES-PHYSICAL FITNESS,Pilates Ring Yoga Wheels - All In Motion Black,3,15.00,45.00,All In Motion,198850949898,94409128,China,OUTDOOR_SPORTS,USED_GOOD,BICYCLES PHYSICAL FITNESS,82,SPORT,SPORTING GOODS,TT,PTAP16634,PILATES,irc_bicycles_physical_fitness_20260417_253_p
LPHS639775,BICYCLES-PHYSICAL FITNESS,"Radio Flyer Scoot 2 Scooter - Red: Steel & Plastic, Ages 1-4, 44.1 lbs Capacity",1,44.99,44.99,Radio Flyer,042385112114,52014641,China,OUTDOOR_SPORTS,USED_GOOD,BICYCLES PHYSICAL FITNESS,82,SPORT,TOYS,B,PTBI20887,3 WHEEL SCOOTER,irc_bicycles_physical_fitness_20260417_253_p
LPHR331077,BICYCLES-PHYSICAL FITNESS,"TriggerPoint GRID STK Hand Held Foam Roller Orange: EVA Material, Whole Body Therapy",1,44.99,44.99,TriggerPoint,858787002942,52634477,China,OUTDOOR_SPORTS,USED_GOOD,BICYCLES PHYSICAL FITNESS,82,SPORT,HEALTH AND BEAUTY,TT,PTAP16644,MUSCLE THERAPY,irc_bicycles_physical_fitness_20260417_253_p
LPHR081354,BICYCLES-PHYSICAL FITNESS,Owala 40oz FreeSip Stainless Steel Tumbler - Kickflip,1,44.99,44.99,Owala,847280095599,92383300,China,OUTDOOR_SPORTS,USED_GOOD,BICYCLES PHYSICAL FITNESS,82,SPORT,HOME,TT,PTAP16644,TUMBLER,irc_bicycles_physical_fitness_20260417_253_p
LPHS811797,BICYCLES-PHYSICAL FITNESS,Owala 40oz Stainless Steel FreeSip Sway Tumbler - Misty Meadow,1,44.99,44.99,Owala,840467302596,94268624,China,OUTDOOR_SPORTS,SALVAGE,BICYCLES PHYSICAL FITNESS,82,SPORT,HOME,TT,PTAP16644,STAINLESS STEEL,irc_bicycles_physical_fitness_20260417_253_p
LPHR444027,BICYCLES-PHYSICAL FITNESS,BruMate Era 40oz 100% Leak-Proof Straw Tumbler - Dune,1,44.99,44.99,BRUMATE,195429050337,94719386,Thailand,OUTDOOR_SPORTS,SALVAGE,BICYCLES PHYSICAL FITNESS,82,SPORT,HOME,TT,PTAP16644,TUMBLER,irc_bicycles_physical_fitness_20260417_253_p
LPJY950717,BICYCLES-PHYSICAL FITNESS,"Hydro Flask 32oz Wide Mouth Bottle - Trillium: Vacuum-Insulated, BPA-Free, Leakproof",1,44.99,44.99,Hydro Flask,810096852786,92383269,China,OUTDOOR_SPORTS,SALVAGE,BICYCLES PHYSICAL FITNESS,82,SPORT,HOME,TT,PTAP16634,STAINLESS STEEL,irc_bicycles_physical_fitness_20260417_253_p
LPHR290917,BICYCLES-PHYSICAL FITNESS,BruMate Era 40oz 100% Leak-Proof Straw Tumbler - Blue Agave,1,44.99,44.99,BRUMATE,195429050306,94719385,Thailand,OUTDOOR_SPORTS,USED_GOOD,BICYCLES PHYSICAL FITNESS,82,SPORT,HOME,TT,PTAP16634,TUMBLER,irc_bicycles_physical_fitness_20260417_253_p
LPHS625191,BICYCLES-PHYSICAL FITNESS,"Hydro Flask 32oz Wide Mouth Flex Straw Bottle - Oat: Double-Wall, BPA-Free, Leakproof",2,21.99,43.98,Hydro Flask,810096851208,92383254,China,OUTDOOR_SPORTS,USED_GOOD,BICYCLES PHYSICAL FITNESS,82,SPORT,HOME,TT,PTAP16644,STAINLESS STEEL,irc_bicycles_physical_fitness_20260417_253_p
LPJY968715,BICYCLES-PHYSICAL FITNESS,Helimix 28oz Shaker Water Bottle - White,2,21.99,43.98,Helimix,852519008127,92901351,,OUTDOOR_SPORTS,USED_GOOD,BICYCLES PHYSICAL FITNESS,82,SPORT,HOME,TT,PTAP16634,MIXER,irc_bicycles_physical_fitness_20260417_253_p
LPHR342708,BICYCLES-PHYSICAL FITNESS,Vinyl Fitness Mat - All In Motion: Polyethylene Foam Gym Floor Mat,1,43.00,43.00,All In Motion,191802001095,85616920,China,OUTDOOR_SPORTS,USED_GOOD,BICYCLES PHYSICAL FITNESS,82,SPORT,SPORTING GOODS,B,PTBI20859,HOME GYM,irc_bicycles_physical_fitness_20260417_253_p
LPHR132452,BICYCLES-PHYSICAL FITNESS,Yoga Hand Towel Blue - All In Motion: Polyester Sports Accessory,2,20.00,40.00,All In Motion,191907491623,79767265,China,OUTDOOR_SPORTS,USED_GOOD,BICYCLES PHYSICAL FITNESS,82,SPORT,SPORTING GOODS,TT,PTAP16644,YOGA,irc_bicycles_physical_fitness_20260417_253_p
LPHR250338,BICYCLES-PHYSICAL FITNESS,"8.5"" Neoprene Mini Backpack Blush - All In Motion: Water-Resistant, Adjustable Strap",2,20.00,40.00,All In Motion,198420122928,92108306,Cambodia,OUTDOOR_SPORTS,NEW,BICYCLES PHYSICAL FITNESS,82,SPORT,APPAREL,TT,PTAP16644,BAGS,irc_bicycles_physical_fitness_20260417_253_p
LPHR242618,BICYCLES-PHYSICAL FITNESS,"8.5"" Neoprene Mini Backpack Cream - All In Motion: Water-Resistant, Adjustable Strap",2,20.00,40.00,All In Motion,198420122935,92108305,Cambodia,OUTDOOR_SPORTS,NEW,BICYCLES PHYSICAL FITNESS,82,SPORT,APPAREL,TT,PTAP16634,BAGS,irc_bicycles_physical_fitness_20260417_253_p
LPHR041630,BICYCLES-PHYSICAL FITNESS,Gaiam Studio Select Precision Grip Yoga Mat - Mushroom,1,39.99,39.99,Gaiam,018713665171,94411811,China,OUTDOOR_SPORTS,USED_GOOD,BICYCLES PHYSICAL FITNESS,82,SPORT,SPORTING GOODS,B,PTBI20994,YOGA,irc_bicycles_physical_fitness_20260417_253_p
LPHR128088,BICYCLES-PHYSICAL FITNESS,Radio Flyer Lil’ Flyer Tricycle for Toddlers and Kids' - Red,1,39.99,39.99,Radio Flyer,042385132921,94578807,China,OUTDOOR_SPORTS,USED_GOOD,BICYCLES PHYSICAL FITNESS,82,SPORT,SPORTING GOODS,B,PTBI20945,TRIKES,irc_bicycles_physical_fitness_20260417_253_p
LPHR354556,BICYCLES-PHYSICAL FITNESS,Radio Flyer 2-in-1 Wagon with Garden Tools Push Walker,1,39.99,39.99,Radio Flyer,042385132938,94578805,China,OUTDOOR_SPORTS,USED_GOOD,BICYCLES PHYSICAL FITNESS,82,SPORT,TOYS,B,PTBB58825,WAGONS,irc_bicycles_physical_fitness_20260417_253_p
LPHR041251,BICYCLES-PHYSICAL FITNESS,Gaiam High Tack Studio Flow Yoga Mat - Green (6mm),1,39.99,39.99,Gaiam,018713665218,94411806,China,OUTDOOR_SPORTS,USED_GOOD,BICYCLES PHYSICAL FITNESS,82,SPORT,SPORTING GOODS,B,PTBI20984,YOGA,irc_bicycles_physical_fitness_20260417_253_p
LPHR341585,BICYCLES-PHYSICAL FITNESS,Gaiam Studio Select Beginners Yoga Block Kit - Blue,1,39.99,39.99,Gaiam,018713667281,94505007,China,OUTDOOR_SPORTS,USED_GOOD,BICYCLES PHYSICAL FITNESS,82,SPORT,SPORTING GOODS,B,PTBI20859,YOGA,irc_bicycles_physical_fitness_20260417_253_p
LPHR294110,BICYCLES-PHYSICAL FITNESS,Owala 40oz Stainless Steel Straw Tumbler - Alpine Sport,1,39.99,39.99,Owala,847280087099,89056676,China,OUTDOOR_SPORTS,USED_GOOD,BICYCLES PHYSICAL FITNESS,82,SPORT,HOME,TT,PTAP16644,TUMBLER,irc_bicycles_physical_fitness_20260417_253_p
LPHR172513,BICYCLES-PHYSICAL FITNESS,"Owala 40oz FreeSip Stainless Steel Water Bottle Gemstone Chic - Plum/Brown: Portable Drinkware, Plastic Lid",1,39.99,39.99,Owala,847280078363,92244996,China,OUTDOOR_SPORTS,SALVAGE,BICYCLES PHYSICAL FITNESS,82,SPORT,HOME,TT,PTAP16644,STAINLESS STEEL,irc_bicycles_physical_fitness_20260417_253_p
LPHR259005,BICYCLES-PHYSICAL FITNESS,"Hydro Flask 40oz All Around Travel Straw Tumbler - Surf: Vacuum-Insulated, BPA-Free",1,39.99,39.99,Hydro Flask,840394217031,92776810,China,OUTDOOR_SPORTS,USED_GOOD,BICYCLES PHYSICAL FITNESS,82,SPORT,HOME,TT,PTAP16644,TUMBLER,irc_bicycles_physical_fitness_20260417_253_p
LPHS774627,BICYCLES-PHYSICAL FITNESS,BruMate Era 30oz 100% Leak-Proof Straw Tumbler - Blue Agave,1,39.99,39.99,BRUMATE,195429050405,94711607,Thailand,OUTDOOR_SPORTS,USED_GOOD,BICYCLES PHYSICAL FITNESS,82,SPORT,HOME,TT,PTAP16644,TUMBLER,irc_bicycles_physical_fitness_20260417_253_p
LPHS250766,BICYCLES-PHYSICAL FITNESS,Owala 40oz Stainless Steel Straw Tumbler - Panther Paw,1,39.99,39.99,Owala,847280077496,86392284,China,OUTDOOR_SPORTS,SALVAGE,BICYCLES PHYSICAL FITNESS,82,SPORT,HOME,TT,PTAP16634,TUMBLER,irc_bicycles_physical_fitness_20260417_253_p
LPHS800747,BICYCLES-PHYSICAL FITNESS,"Hydro Flask 40oz All Around Travel Straw Tumbler - Oat: Double-Wall, BPA-Free, Spillproof",1,39.99,39.99,Hydro Flask,840394217048,92383241,China,OUTDOOR_SPORTS,SALVAGE,BICYCLES PHYSICAL FITNESS,82,SPORT,HOME,TT,PTAP16634,TUMBLER,irc_bicycles_physical_fitness_20260417_253_p
LPJY544852,BICYCLES-PHYSICAL FITNESS,Owala 40oz FreeSip Stainless Steel Water Bottle - Very Very  Dark,1,39.99,39.99,Owala,847280095803,92383243,China,OUTDOOR_SPORTS,SALVAGE,BICYCLES PHYSICAL FITNESS,82,SPORT,HOME,TT,PTAP16634,STAINLESS STEEL,irc_bicycles_physical_fitness_20260417_253_p
LPHR268455,BICYCLES-PHYSICAL FITNESS,"Hydro Flask 40oz All Around Travel Straw Tumbler - Trillium: Double-Wall, BPA-Free",1,39.99,39.99,Hydro Flask,840394217093,92383261,China,OUTDOOR_SPORTS,SALVAGE,BICYCLES PHYSICAL FITNESS,82,SPORT,HOME,TT,PTAP16634,STAINLESS STEEL,irc_bicycles_physical_fitness_20260417_253_p
LPHS554316,BICYCLES-PHYSICAL FITNESS,Owala 40oz FreeSip Stainless Steel Water Bottle - Sandy Shores,1,39.99,39.99,Owala,847280095834,92383285,China,OUTDOOR_SPORTS,USED_GOOD,BICYCLES PHYSICAL FITNESS,82,SPORT,HOME,TT,PTAP16634,STAINLESS STEEL,irc_bicycles_physical_fitness_20260417_253_p
LPHR245075,BICYCLES-PHYSICAL FITNESS,Owala 40oz FreeSip Stainless Steel Water Bottle - Tangy Tango,1,39.99,39.99,Owala,847280095827,92383306,China,OUTDOOR_SPORTS,NEW,BICYCLES PHYSICAL FITNESS,82,SPORT,HOME,TT,PTAP16634,STAINLESS STEEL,irc_bicycles_physical_fitness_20260417_253_p
LPJY972881,BICYCLES-PHYSICAL FITNESS,Schwinn 18 in 1 Multi-Purpose Bike Tool,3,12.99,38.97,Schwinn,038675610613,14025713,China,OUTDOOR_SPORTS,USED_GOOD,BICYCLES PHYSICAL FITNESS,82,SPORT,SPORTING GOODS,TT,PTAP16634,REPAIR,irc_bicycles_physical_fitness_20260417_253_p
LPHR130159,BICYCLES-PHYSICAL FITNESS,"Radio Flyer Grow With Me Beginner Kids' Kick Scooter - Red: Adjustable Handlebar, Non-Slip Deck",1,37.99,37.99,Radio Flyer,042385114880,81538419,Indonesia,OUTDOOR_SPORTS,USED_GOOD,BICYCLES PHYSICAL FITNESS,82,SPORT,SPORTING GOODS,B,PTBI20945,3 WHEEL SCOOTER,irc_bicycles_physical_fitness_20260417_253_p
LPHR354818,BICYCLES-PHYSICAL FITNESS,"Radio Flyer Grow With Me Beginner Kids' Kick Scooter - Red: Adjustable Handlebar, Non-Slip Deck",1,37.99,37.99,Radio Flyer,042385114880,81538419,Indonesia,OUTDOOR_SPORTS,USED_GOOD,BICYCLES PHYSICAL FITNESS,82,SPORT,SPORTING GOODS,B,PTBB59137,3 WHEEL SCOOTER,irc_bicycles_physical_fitness_20260417_253_p
LPJY992977,BICYCLES-PHYSICAL FITNESS,"Dumbbell 5lbs Aqua - All In Motion: PVC Coated, Iron Filled, Arm Workout",4,12.00,48.00,All In Motion,018713638236,77459851,China,OUTDOOR_SPORTS,USED_GOOD,BICYCLES PHYSICAL FITNESS,82,SPORT,SPORTING GOODS,TT,PTAP16644,STRENGTH TRAINING,irc_bicycles_physical_fitness_20260417_253_p
LPHR328273,BICYCLES-PHYSICAL FITNESS,Bell Cantilever 200 2-Bike Trunk Rack - Black,1,47.99,47.99,Bell,035011061672,79855689,China,OUTDOOR_SPORTS,USED_GOOD,BICYCLES PHYSICAL FITNESS,82,SPORT,GARAGE & HARDWARE,B,PTBI20859,ACCESSORIES,irc_bicycles_physical_fitness_20260417_253_p
LPHR042028,BICYCLES-PHYSICAL FITNESS,Bell Cantilever 200 2-Bike Trunk Rack - Black,1,47.99,47.99,Bell,035011061672,79855689,China,OUTDOOR_SPORTS,USED_GOOD,BICYCLES PHYSICAL FITNESS,82,SPORT,GARAGE & HARDWARE,B,PTBB58533,ACCESSORIES,irc_bicycles_physical_fitness_20260417_253_p
LPHR041114,BICYCLES-PHYSICAL FITNESS,Bell Cantilever 200 2-Bike Trunk Rack - Black,1,47.99,47.99,Bell,035011061672,79855689,China,OUTDOOR_SPORTS,USED_GOOD,BICYCLES PHYSICAL FITNESS,82,SPORT,GARAGE & HARDWARE,B,PTBI20984,ACCESSORIES,irc_bicycles_physical_fitness_20260417_253_p
LPJY550630,BICYCLES-PHYSICAL FITNESS,BlenderBottle 24oz Strada Tritan Shaker Cup - Pink Iridescent,3,15.99,47.97,BlenderBottle,840467308208,94894809,China,OUTDOOR_SPORTS,NEW,BICYCLES PHYSICAL FITNESS,82,SPORT,HOME,TT,PTAP16634,MIXER,irc_bicycles_physical_fitness_20260417_253_p
LPJY557138,BICYCLES-PHYSICAL FITNESS,"Blogilates 128oz Water Bottle - Lilac Haze: BPA-Free PETG, Portable Drinkware",2,22.99,45.98,Blogilates,850052976033,89298597,China,OUTDOOR_SPORTS,USED_GOOD,BICYCLES PHYSICAL FITNESS,82,SPORT,HOME,TT,PTAP16644,ACCESSORIES,irc_bicycles_physical_fitness_20260417_253_p
LPHR122762,BICYCLES-PHYSICAL FITNESS,"Stanley 36oz IceFlow Aerolight Stainless Steel Water Bottle with Flip Straw 2.0 - Frost: Portable Drinkware, Plastic Lid",1,45.00,45.00,Stanley,041604393839,91022260,China,OUTDOOR_SPORTS,USED_GOOD,BICYCLES PHYSICAL FITNESS,82,SPORT,HOME,TT,PTAP16644,STAINLESS STEEL,irc_bicycles_physical_fitness_20260417_253_p
LPKL522221,BICYCLES-PHYSICAL FITNESS,"Radio Flyer Scoot 2 Scooter - Red: Steel & Plastic, Ages 1-4, 44.1 lbs Capacity",1,44.99,44.99,Radio Flyer,042385112114,52014641,China,OUTDOOR_SPORTS,USED_GOOD,BICYCLES PHYSICAL FITNESS,82,SPORT,TOYS,B,PTBI20994,3 WHEEL SCOOTER,irc_bicycles_physical_fitness_20260417_253_p
LPHR255519,BICYCLES-PHYSICAL FITNESS,"Hydro Flask 32oz Wide Mouth Bottle - Moonshadow: Vacuum-Insulated, BPA-Free, Leakproof",1,44.99,44.99,Hydro Flask,840394203805,92383207,China,OUTDOOR_SPORTS,USED_GOOD,BICYCLES PHYSICAL FITNESS,82,SPORT,HOME,TT,PTAP16644,STAINLESS STEEL,irc_bicycles_physical_fitness_20260417_253_p
LPHR172199,BICYCLES-PHYSICAL FITNESS,"Hydro Flask 32oz Wide Mouth Flex Straw Bottle - Moonshadow: Vacuum-Insulated, BPA-Free",1,44.99,44.99,Hydro Flask,840394203836,92383220,China,OUTDOOR_SPORTS,USED_GOOD,BICYCLES PHYSICAL FITNESS,82,SPORT,HOME,TT,PTAP16644,STAINLESS STEEL,irc_bicycles_physical_fitness_20260417_253_p
LPHR018797,BICYCLES-PHYSICAL FITNESS,"Hydro Flask 32oz Wide Mouth Flex Straw Bottle - Trillium: BPA-Free, Vacuum-Insulated",1,44.99,44.99,Hydro Flask,810096852922,92383221,China,OUTDOOR_SPORTS,USED_GOOD,BICYCLES PHYSICAL FITNESS,82,SPORT,HOME,TT,PTAP16644,STAINLESS STEEL,irc_bicycles_physical_fitness_20260417_253_p
LPHS542448,BICYCLES-PHYSICAL FITNESS,"Hydro Flask 32oz Wide Mouth Flex Straw Bottle - Trillium: BPA-Free, Vacuum-Insulated",1,44.99,44.99,Hydro Flask,810096852922,92383221,China,OUTDOOR_SPORTS,SALVAGE,BICYCLES PHYSICAL FITNESS,82,SPORT,HOME,TT,PTAP16644,STAINLESS STEEL,irc_bicycles_physical_fitness_20260417_253_p
LPJY558974,BICYCLES-PHYSICAL FITNESS,"Hydro Flask 32oz Wide Mouth Flex Straw Travel Bottle - White: BPA-Free, Vacuum-Insulated",1,44.99,44.99,Hydro Flask,840394203003,92383226,China,OUTDOOR_SPORTS,USED_GOOD,BICYCLES PHYSICAL FITNESS,82,SPORT,HOME,TT,PTAP16644,STAINLESS STEEL,irc_bicycles_physical_fitness_20260417_253_p
LPHR434326,BICYCLES-PHYSICAL FITNESS,Owala 40oz FreeSip Sway Stainless Steel Tumbler - Kickflip,1,44.99,44.99,Owala,840467302602,94268621,China,OUTDOOR_SPORTS,USED_GOOD,BICYCLES PHYSICAL FITNESS,82,SPORT,HOME,TT,PTAP16644,STAINLESS STEEL,irc_bicycles_physical_fitness_20260417_253_p
LPHR077308,BICYCLES-PHYSICAL FITNESS,Owala 40oz Stainless Steel FreeSip Sway Tumbler - Sleek,1,44.99,44.99,Owala,840467302619,94268622,China,OUTDOOR_SPORTS,SALVAGE,BICYCLES PHYSICAL FITNESS,82,SPORT,HOME,TT,PTAP16644,STAINLESS STEEL,irc_bicycles_physical_fitness_20260417_253_p
LPHR440268,BICYCLES-PHYSICAL FITNESS,BruMate Era 40oz 100% Leak-Proof Straw Tumbler - Dune,1,44.99,44.99,BRUMATE,195429050337,94719386,Thailand,OUTDOOR_SPORTS,USED_GOOD,BICYCLES PHYSICAL FITNESS,82,SPORT,HOME,TT,PTAP16644,TUMBLER,irc_bicycles_physical_fitness_20260417_253_p
LPHR097775,BICYCLES-PHYSICAL FITNESS,Owala 40oz FreeSip Stainless Steel Tumbler - Kickflip,1,44.99,44.99,Owala,847280095599,92383300,China,OUTDOOR_SPORTS,USED_GOOD,BICYCLES PHYSICAL FITNESS,82,SPORT,HOME,TT,PTAP16634,TUMBLER,irc_bicycles_physical_fitness_20260417_253_p
LPHS259326,BICYCLES-PHYSICAL FITNESS,Ignite by SPRI Resistance Cord - Heavy: Rubber Bands for Legs & Arms,3,14.99,44.97,Ignite by SPRI,759026717255,53593888,China,OUTDOOR_SPORTS,NEW,BICYCLES PHYSICAL FITNESS,82,SPORT,SPORTING GOODS,TT,PTAP16634,STRENGTH TRAINING,irc_bicycles_physical_fitness_20260417_253_p
LPJY966591,BICYCLES-PHYSICAL FITNESS,"Hydro Flask 32oz Wide Mouth Flex Straw Travel Bottle - Trillium: BPA-Free, Vacuum-Insulated",2,21.99,43.98,Hydro Flask,840394202952,92383270,China,OUTDOOR_SPORTS,USED_GOOD,BICYCLES PHYSICAL FITNESS,82,SPORT,HOME,TT,PTAP16644,STAINLESS STEEL,irc_bicycles_physical_fitness_20260417_253_p
LPHR259512,BICYCLES-PHYSICAL FITNESS,"Eight Ball Kids' 8+ Pad Set 3pk - Sunset Fade: Elbow, Knee, Wrist Protection (Please be advised that sets may be missing pieces or otherwise incomplete.)",2,21.99,43.98,Eight Ball,604352621335,80514131,China,OUTDOOR_SPORTS,NEW,BICYCLES PHYSICAL FITNESS,82,SPORT,SPORTING GOODS,TT,PTAP16634,KIDS ACCESSORIES,irc_bicycles_physical_fitness_20260417_253_p
LPHR321189,BICYCLES-PHYSICAL FITNESS,"Tommie Copper Sport Compression Elbow Support Sleeve - S/M: Joint Support, Polyester",7,6.19,43.33,Tommie Copper,018713631619,90679340,China,OUTDOOR_SPORTS,USED_GOOD,BICYCLES PHYSICAL FITNESS,82,SPORT,HEALTH AND BEAUTY,TT,PTAP16634,MUSCLE THERAPY,irc_bicycles_physical_fitness_20260417_253_p
LPHR065290,BICYCLES-PHYSICAL FITNESS,"Blogilates Sweat Resistant Hat - Black: Moisture Wicking, Quick Drying, Ponytail Opening",2,20.99,41.98,Blogilates,850028476710,86984727,China,OUTDOOR_SPORTS,NEW,BICYCLES PHYSICAL FITNESS,82,SPORT,APPAREL,TT,PTAP16644,ACCESSORIES,irc_bicycles_physical_fitness_20260417_253_p
LPHR055368,BICYCLES-PHYSICAL FITNESS,"20"" Duffel Bag Mauve S - All In Motion: Water-Resistant, Lightweight Luggage",1,40.00,40.00,All In Motion,191907491579,79767264,China,OUTDOOR_SPORTS,USED_GOOD,BICYCLES PHYSICAL FITNESS,82,SPORT,APPAREL,B,PTBI20945,BAGS,irc_bicycles_physical_fitness_20260417_253_p
LPHR088751,BICYCLES-PHYSICAL FITNESS,Owala 40oz Stainless Steel Straw Tumbler - Panther Paw,1,39.99,39.99,Owala,847280077496,86392284,China,OUTDOOR_SPORTS,SALVAGE,BICYCLES PHYSICAL FITNESS,82,SPORT,HOME,TT,PTAP16644,TUMBLER,irc_bicycles_physical_fitness_20260417_253_p
LPJY547307,BICYCLES-PHYSICAL FITNESS,"Hydro Flask 24oz Standard Mouth Bottle - Indigo: Vacuum-Insulated, Leakproof, BPA-Free",1,39.99,39.99,Hydro Flask,810070084042,92383229,China,OUTDOOR_SPORTS,USED_GOOD,BICYCLES PHYSICAL FITNESS,82,SPORT,HOME,TT,PTAP16644,STAINLESS STEEL,irc_bicycles_physical_fitness_20260417_253_p
LPJY952767,BICYCLES-PHYSICAL FITNESS,"Hydro Flask 24oz Standard Mouth Bottle - Moonshadow: Vacuum-Insulated, BPA-Free",1,39.99,39.99,Hydro Flask,840394203744,92383237,China,OUTDOOR_SPORTS,USED_GOOD,BICYCLES PHYSICAL FITNESS,82,SPORT,HOME,TT,PTAP16644,STAINLESS STEEL,irc_bicycles_physical_fitness_20260417_253_p
LPHR251953,BICYCLES-PHYSICAL FITNESS,Owala 40oz FreeSip Stainless Steel Water Bottle - Sleek,1,39.99,39.99,Owala,847280095810,92383276,China,OUTDOOR_SPORTS,USED_GOOD,BICYCLES PHYSICAL FITNESS,82,SPORT,HOME,TT,PTAP16644,STAINLESS STEEL,irc_bicycles_physical_fitness_20260417_253_p
LPHR132052,BICYCLES-PHYSICAL FITNESS,Owala 40oz FreeSip Stainless Steel Water Bottle  - Kickflip,1,39.99,39.99,Owala,847280095865,92383292,China,OUTDOOR_SPORTS,SALVAGE,BICYCLES PHYSICAL FITNESS,82,SPORT,HOME,TT,PTAP16644,STAINLESS STEEL,irc_bicycles_physical_fitness_20260417_253_p
LPJY819534,BICYCLES-PHYSICAL FITNESS,Owala 40oz FreeSip Stainless Steel Water Bottle - Tangy Tango,1,39.99,39.99,Owala,847280095827,92383306,China,OUTDOOR_SPORTS,SALVAGE,BICYCLES PHYSICAL FITNESS,82,SPORT,HOME,TT,PTAP16644,STAINLESS STEEL,irc_bicycles_physical_fitness_20260417_253_p
LPHR259013,BICYCLES-PHYSICAL FITNESS,Owala 40oz Stainless Steel Straw Tumbler - Kickflip,1,39.99,39.99,Owala,847280096138,92383310,China,OUTDOOR_SPORTS,USED_GOOD,BICYCLES PHYSICAL FITNESS,82,SPORT,HOME,TT,PTAP16644,TUMBLER,irc_bicycles_physical_fitness_20260417_253_p
LPHS541858,BICYCLES-PHYSICAL FITNESS,"Radio Flyer Grow With Me Beginner Kids' Kick Scooter - Pink: Adjustable Handlebar, Non-Slip Deck",1,37.99,37.99,Radio Flyer,042385114897,81538420,Indonesia,OUTDOOR_SPORTS,USED_GOOD,BICYCLES PHYSICAL FITNESS,82,SPORT,SPORTING GOODS,B,PTBB58533,3 WHEEL SCOOTER,irc_bicycles_physical_fitness_20260417_253_p
LPHR306465,BICYCLES-PHYSICAL FITNESS,"Hydro Flask 32oz All Around Travel Straw Tumbler - Black: Double-Wall, BPA-Free, Spillproof",2,23.99,47.98,Hydro Flask,840394216973,92383239,China,OUTDOOR_SPORTS,USED_GOOD,BICYCLES PHYSICAL FITNESS,82,SPORT,HOME,TT,PTAP16634,TUMBLER,irc_bicycles_physical_fitness_20260417_253_p
LPHS776319,BICYCLES-PHYSICAL FITNESS,Blogilates Weighted Body Vest 15lbs - Red,1,46.99,46.99,Blogilates,850052976835,94919912,China,OUTDOOR_SPORTS,USED_GOOD,BICYCLES PHYSICAL FITNESS,82,SPORT,SPORTING GOODS,TT,PTAP16634,WEARABLES,irc_bicycles_physical_fitness_20260417_253_p
LPHR305240,BICYCLES-PHYSICAL FITNESS,"Blogilates Ultimate Toning Tube Kit: TPE Resistance Bands for Legs, Arms, Glutes",1,45.99,45.99,Blogilates,850028476864,88001512,China,OUTDOOR_SPORTS,USED_GOOD,BICYCLES PHYSICAL FITNESS,82,SPORT,SPORTING GOODS,TT,PTAP16644,STRENGTH TRAINING,irc_bicycles_physical_fitness_20260417_253_p
LPJY227582,BICYCLES-PHYSICAL FITNESS,Tommie Copper Sport Comfort Back Brace - S/M: Polyester & Spandex Support,2,22.99,45.98,Tommie Copper,018713660947,92542605,China,OUTDOOR_SPORTS,USED_GOOD,BICYCLES PHYSICAL FITNESS,82,SPORT,HEALTH AND BEAUTY,TT,PTAP16634,MUSCLE THERAPY,irc_bicycles_physical_fitness_20260417_253_p
LPHR278343,BICYCLES-PHYSICAL FITNESS,24oz Stainless Steel Vacuum Insulated Water Bottle Chalk - All In Motion: Portable Drinkware,3,15.00,45.00,All In Motion,707849153170,90796150,China,OUTDOOR_SPORTS,USED_GOOD,BICYCLES PHYSICAL FITNESS,82,SPORT,HOME,TT,PTAP16644,STAINLESS STEEL,irc_bicycles_physical_fitness_20260417_253_p
LPHR270358,BICYCLES-PHYSICAL FITNESS,"Hydro Flask 32oz Wide Mouth Flex Straw Bottle - White: BPA-Free, Vacuum-Insulated, Leakproof",1,44.99,44.99,Hydro Flask,810007831718,92383213,China,OUTDOOR_SPORTS,USED_GOOD,BICYCLES PHYSICAL FITNESS,82,SPORT,HOME,TT,PTAP16644,STAINLESS STEEL,irc_bicycles_physical_fitness_20260417_253_p
LPHR071147,BICYCLES-PHYSICAL FITNESS,"Hydro Flask 32oz Wide Mouth Flex Straw Travel Bottle - Black: Vacuum-Insulated, BPA-Free",1,44.99,44.99,Hydro Flask,840394202983,92383228,China,OUTDOOR_SPORTS,USED_GOOD,BICYCLES PHYSICAL FITNESS,82,SPORT,HOME,TT,PTAP16644,STAINLESS STEEL,irc_bicycles_physical_fitness_20260417_253_p
LPHS251640,BICYCLES-PHYSICAL FITNESS,Owala 40oz FreeSip  Stainless Steel Tumbler - Sandy Shores,1,44.99,44.99,Owala,847280095193,92383284,China,OUTDOOR_SPORTS,USED_GOOD,BICYCLES PHYSICAL FITNESS,82,SPORT,HOME,TT,PTAP16644,TUMBLER,irc_bicycles_physical_fitness_20260417_253_p
LPHR282752,BICYCLES-PHYSICAL FITNESS,Owala 40oz FreeSip  Stainless Steel Tumbler - Very Very Dark,1,44.99,44.99,Owala,847280095636,92383293,China,OUTDOOR_SPORTS,SALVAGE,BICYCLES PHYSICAL FITNESS,82,SPORT,HOME,TT,PTAP16644,TUMBLER,irc_bicycles_physical_fitness_20260417_253_p
LPHS884684,BICYCLES-PHYSICAL FITNESS,Schwinn Bike Training Wheels - Black,3,14.99,44.97,Schwinn,038675197060,80178023,United States of America,OUTDOOR_SPORTS,NEW,BICYCLES PHYSICAL FITNESS,82,SPORT,SPORTING GOODS,TT,PTAP16644,MISC. ACCESSORIES,irc_bicycles_physical_fitness_20260417_253_p
LPHS780041,BICYCLES-PHYSICAL FITNESS,"Dumbbell 12lbs Gray - All In Motion: PVC Coated, Iron Filled, Single Weight",2,22.00,44.00,All In Motion,018713638274,77459818,China,OUTDOOR_SPORTS,USED_GOOD,BICYCLES PHYSICAL FITNESS,82,SPORT,SPORTING GOODS,B,PTBI20945,STRENGTH TRAINING,irc_bicycles_physical_fitness_20260417_253_p
LPHR006202,BICYCLES-PHYSICAL FITNESS,"Hydro Flask 32oz All Around Travel Straw Tumbler - White: Double-Wall, BPA-Free, Spillproof",2,20.99,41.98,Hydro Flask,840394217000,92383259,China,OUTDOOR_SPORTS,USED_GOOD,BICYCLES PHYSICAL FITNESS,82,SPORT,HOME,TT,PTAP16634,TUMBLER,irc_bicycles_physical_fitness_20260417_253_p
LPHR332384,BICYCLES-PHYSICAL FITNESS,Set of 2/3/5lb Dumbell 7pc - All In Motion (Please be advised that sets may be missing pieces or otherwise incomplete.),1,40.00,40.00,All In Motion,198850949904,94409150,China,OUTDOOR_SPORTS,USED_GOOD,BICYCLES PHYSICAL FITNESS,82,SPORT,SPORTING GOODS,B,PTBB59137,STRENGTH TRAINING,irc_bicycles_physical_fitness_20260417_253_p
LPHR160130,BICYCLES-PHYSICAL FITNESS,Premium Belt Bag Blush - All In Motion: Water-Resistant Knit Fanny Pack,2,20.00,40.00,All In Motion,198420122881,92108302,Cambodia,OUTDOOR_SPORTS,NEW,BICYCLES PHYSICAL FITNESS,82,SPORT,APPAREL,TT,PTAP16644,BAGS,irc_bicycles_physical_fitness_20260417_253_p
LPJY974725,BICYCLES-PHYSICAL FITNESS,"Men's Strength Training Gloves Black XL - All In Motion: Neoprene, Weightlifting",4,10.00,40.00,All In Motion,191907562750,80594793,China,OUTDOOR_SPORTS,USED_GOOD,BICYCLES PHYSICAL FITNESS,82,SPORT,SPORTING GOODS,TT,PTAP16634,STRENGTH TRAINING,irc_bicycles_physical_fitness_20260417_253_p
LPHR084604,BICYCLES-PHYSICAL FITNESS,"Weighted Stability Exercise Ball 45cm Circumference 75cm - All In Motion Blue: PVC, 300lb Capacity",2,20.00,40.00,All In Motion,191802001859,90364288,China,OUTDOOR_SPORTS,USED_GOOD,BICYCLES PHYSICAL FITNESS,82,SPORT,SPORTING GOODS,TT,PTAP16634,STRENGTH TRAINING,irc_bicycles_physical_fitness_20260417_253_p
LPHR045638,BICYCLES-PHYSICAL FITNESS,"Chillafish Charlie Breeze 10"" Kids' Balance Bike - Mint Green: Adjustable Handlebar & Seat",1,39.99,39.99,Chillafish,5425029651920,90777119,China,OUTDOOR_SPORTS,USED_GOOD,BICYCLES PHYSICAL FITNESS,82,SPORT,SPORTING GOODS,B,PTBI20994,BALANCE BIKES,irc_bicycles_physical_fitness_20260417_253_p
LPHR055217,BICYCLES-PHYSICAL FITNESS,CAP Women's Barbell Vest Body Weight - 30lbs,1,39.99,39.99,CAP,702556025680,85339612,China,OUTDOOR_SPORTS,USED_GOOD,BICYCLES PHYSICAL FITNESS,82,SPORT,SPORTING GOODS,B,PTBI20945,HOME GYM,irc_bicycles_physical_fitness_20260417_253_p
LPHR259014,BICYCLES-PHYSICAL FITNESS,"Hydro Flask 40oz All Around Travel Straw Tumbler - White: Double-Wall, BPA-Free",1,39.99,39.99,Hydro Flask,840394217086,92383218,China,OUTDOOR_SPORTS,USED_GOOD,BICYCLES PHYSICAL FITNESS,82,SPORT,HOME,TT,PTAP16644,TUMBLER,irc_bicycles_physical_fitness_20260417_253_p
LPHR262248,BICYCLES-PHYSICAL FITNESS,"Hydro Flask 40oz All Around Travel Straw Tumbler - White: Double-Wall, BPA-Free",1,39.99,39.99,Hydro Flask,840394217086,92383218,China,OUTDOOR_SPORTS,SALVAGE,BICYCLES PHYSICAL FITNESS,82,SPORT,HOME,TT,PTAP16644,TUMBLER,irc_bicycles_physical_fitness_20260417_253_p
LPJY558988,BICYCLES-PHYSICAL FITNESS,"Hydro Flask 40oz All Around Travel Straw Tumbler - Surf: Vacuum-Insulated, BPA-Free",1,39.99,39.99,Hydro Flask,840394217031,92776810,China,OUTDOOR_SPORTS,SALVAGE,BICYCLES PHYSICAL FITNESS,82,SPORT,HOME,TT,PTAP16644,TUMBLER,irc_bicycles_physical_fitness_20260417_253_p
LPHS997987,BICYCLES-PHYSICAL FITNESS,"Chirp Wheel XR 10"" Acupressure Back Stretcher",1,39.99,39.99,Chirp,810091140529,94411815,"Taiwan, Province of China",OUTDOOR_SPORTS,USED_GOOD,BICYCLES PHYSICAL FITNESS,82,SPORT,SPORTING GOODS,TT,PTAP16644,MUSCLE THERAPY,irc_bicycles_physical_fitness_20260417_253_p
LPHR304289,BICYCLES-PHYSICAL FITNESS,Owala 40oz FreeSip Stainless Steel Water Bottle - Sleek,1,39.99,39.99,Owala,847280095810,92383276,China,OUTDOOR_SPORTS,USED_GOOD,BICYCLES PHYSICAL FITNESS,82,SPORT,HOME,TT,PTAP16634,STAINLESS STEEL,irc_bicycles_physical_fitness_20260417_253_p
LPHR053346,BICYCLES-PHYSICAL FITNESS,BruMate Era 30oz 100% Leakproof Straw Tumbler - Mocha,1,39.99,39.99,BRUMATE,195429050436,94460443,China,OUTDOOR_SPORTS,SALVAGE,BICYCLES PHYSICAL FITNESS,82,SPORT,HOME,TT,PTAP16634,TUMBLER,irc_bicycles_physical_fitness_20260417_253_p
LPHS422420,BICYCLES-PHYSICAL FITNESS,BruMate Era 30oz 100% Leak-Proof Straw Tumbler - Dune,1,39.99,39.99,BRUMATE,195429063894,94711391,Thailand,OUTDOOR_SPORTS,USED_GOOD,BICYCLES PHYSICAL FITNESS,82,SPORT,HOME,TT,PTAP16634,TUMBLER,irc_bicycles_physical_fitness_20260417_253_p
LPHR345936,BICYCLES-PHYSICAL FITNESS,Schwinn Cyclone Tire Floor Pump - Orange,2,19.99,39.98,Schwinn,038675238657,80513491,United States of America,OUTDOOR_SPORTS,USED_GOOD,BICYCLES PHYSICAL FITNESS,82,SPORT,SPORTING GOODS,B,PTBI20887,ACCESSORIES,irc_bicycles_physical_fitness_20260417_253_p
LPHR305227,BICYCLES-PHYSICAL FITNESS,"Blogilates 64oz Half Gallon Plastic Water Bottle - Blue Ombre: BPA-Free PETG, Portable Drinkware",2,19.99,39.98,Blogilates,850028476734,86984726,China,OUTDOOR_SPORTS,NEW,BICYCLES PHYSICAL FITNESS,82,SPORT,HOME,TT,PTAP16644,ACCESSORIES,irc_bicycles_physical_fitness_20260417_253_p
LPHR094373,BICYCLES-PHYSICAL FITNESS,Schwinn 500 Lumen Light Set Bike Accessory Mount - Black (Please be advised that sets may be missing pieces or otherwise incomplete.),2,19.69,39.38,Schwinn,038675283718,92257945,United States of America,OUTDOOR_SPORTS,USED_GOOD,BICYCLES PHYSICAL FITNESS,82,SPORT,SPORTING GOODS,TT,PTAP16644,LIGHTS,irc_bicycles_physical_fitness_20260417_253_p
LPJY547672,BICYCLES-PHYSICAL FITNESS,"Radio Flyer Grow With Me Beginner Kids' Kick Scooter - Red: Adjustable Handlebar, Non-Slip Deck",1,37.99,37.99,Radio Flyer,042385114880,81538419,Indonesia,OUTDOOR_SPORTS,USED_GOOD,BICYCLES PHYSICAL FITNESS,82,SPORT,SPORTING GOODS,B,PTBI20901,3 WHEEL SCOOTER,irc_bicycles_physical_fitness_20260417_253_p
LPJY949265,BICYCLES-PHYSICAL FITNESS,McDavid Sport Compression Knit Knee Sleeve with Gel Buttress - (L /XL): Tendonitis & Arthritis Support,2,17.99,35.98,McDavid,029369148321,90469172,"Taiwan, Province of China",OUTDOOR_SPORTS,NEW,BICYCLES PHYSICAL FITNESS,82,SPORT,HEALTH AND BEAUTY,TT,PTAP16644,MUSCLE THERAPY,irc_bicycles_physical_fitness_20260417_253_p
LPHS997764,BICYCLES-PHYSICAL FITNESS,Blogilates Water Bottle Sling - Pink Gingham,2,17.99,35.98,Blogilates,850052976712,94895511,China,OUTDOOR_SPORTS,NEW,BICYCLES PHYSICAL FITNESS,82,SPORT,HOME,TT,PTAP16634,ACCESSORIES,irc_bicycles_physical_fitness_20260417_253_p
LPHR318382,BICYCLES-PHYSICAL FITNESS,Stanley 24oz IceFlow Aerolight Flip Straw Water Bottle 2.0 - Black 2.0: Stainless Steel Drinkware,1,35.00,35.00,Stanley,041604393761,92506457,China,OUTDOOR_SPORTS,USED_GOOD,BICYCLES PHYSICAL FITNESS,82,SPORT,HOME,TT,PTAP16644,STAINLESS STEEL,irc_bicycles_physical_fitness_20260417_253_p
LPJY972226,BICYCLES-PHYSICAL FITNESS,Owala 24oz Special Edition Diet Coke Stainless Steel Straw Tumbler - Classic Diet Coke,1,35.00,35.00,Owala,840467306792,94776953,China,OUTDOOR_SPORTS,USED_GOOD,BICYCLES PHYSICAL FITNESS,82,SPORT,HOME,TT,PTAP16644,TUMBLER,irc_bicycles_physical_fitness_20260417_253_p
LPJY972237,BICYCLES-PHYSICAL FITNESS,Owala 24oz Special Edition Stainless Steel FreeSip TWIST - Kisses,1,35.00,35.00,Owala,840467306068,94776955,China,OUTDOOR_SPORTS,USED_GOOD,BICYCLES PHYSICAL FITNESS,82,SPORT,HOME,TT,PTAP16644,STAINLESS STEEL,irc_bicycles_physical_fitness_20260417_253_p
LPKR551773,BICYCLES-PHYSICAL FITNESS,Owala 24oz Special Edition Stainless Steel Straw Tumbler - Diet Coke Social Club,1,35.00,35.00,Owala,840467306785,94776954,China,OUTDOOR_SPORTS,SALVAGE,BICYCLES PHYSICAL FITNESS,82,SPORT,HOME,TT,PTAP16634,TUMBLER,irc_bicycles_physical_fitness_20260417_253_p
LPHR259007,BICYCLES-PHYSICAL FITNESS,"Hydro Flask 32oz All Around Travel Straw Tumbler - Moonshadow: Vacuum-Insulated, BPA-Free",1,34.99,34.99,Hydro Flask,840394216997,92383217,China,OUTDOOR_SPORTS,USED_GOOD,BICYCLES PHYSICAL FITNESS,82,SPORT,HOME,TT,PTAP16644,TUMBLER,irc_bicycles_physical_fitness_20260417_253_p
LPHR009775,BICYCLES-PHYSICAL FITNESS,"Hydro Flask 32oz All Around Travel Straw Tumbler - Trillium: Vacuum-Insulated, BPA-Free",1,34.99,34.99,Hydro Flask,840394217017,92383251,China,OUTDOOR_SPORTS,SALVAGE,BICYCLES PHYSICAL FITNESS,82,SPORT,HOME,TT,PTAP16644,TUMBLER,irc_bicycles_physical_fitness_20260417_253_p
LPHR259004,BICYCLES-PHYSICAL FITNESS,"Hydro Flask 32oz All Around Travel Straw Tumbler - Indigo: Double-Wall, BPA-Free, Spillproof",1,34.99,34.99,Hydro Flask,840394216980,92383257,China,OUTDOOR_SPORTS,USED_GOOD,BICYCLES PHYSICAL FITNESS,82,SPORT,HOME,TT,PTAP16644,TUMBLER,irc_bicycles_physical_fitness_20260417_253_p
LPHR300176,BICYCLES-PHYSICAL FITNESS,Blogilates 10 Pound Weighted Vest - Black,1,34.99,34.99,Blogilates,850052976774,94895513,China,OUTDOOR_SPORTS,USED_GOOD,BICYCLES PHYSICAL FITNESS,82,SPORT,SPORTING GOODS,TT,PTAP16644,WEARABLES,irc_bicycles_physical_fitness_20260417_253_p
LPHS554663,BICYCLES-PHYSICAL FITNESS,"Owala 32oz FreeSip Stainless Steel Water Bottle - Alpine Sport: Insulated, Leakproof",1,34.99,34.99,Owala,847280086993,89056684,China,OUTDOOR_SPORTS,NEW,BICYCLES PHYSICAL FITNESS,82,SPORT,HOME,TT,PTAP16634,STAINLESS STEEL,irc_bicycles_physical_fitness_20260417_253_p
LPHS772385,BICYCLES-PHYSICAL FITNESS,Owala 32oz FreeSip Stainless Steel Water Bottle - Sandy Shores,1,34.99,34.99,Owala,847280087051,89056690,China,OUTDOOR_SPORTS,SALVAGE,BICYCLES PHYSICAL FITNESS,82,SPORT,HOME,TT,PTAP16634,STAINLESS STEEL,irc_bicycles_physical_fitness_20260417_253_p
LPHR241014,BICYCLES-PHYSICAL FITNESS,Owala 32oz FreeSip Stainless Steel Water Bottle - Sandy Shores,1,34.99,34.99,Owala,847280087051,89056690,China,OUTDOOR_SPORTS,NEW,BICYCLES PHYSICAL FITNESS,82,SPORT,HOME,TT,PTAP16634,STAINLESS STEEL,irc_bicycles_physical_fitness_20260417_253_p
LPHR255381,BICYCLES-PHYSICAL FITNESS,Schwinn Excursion Mountain Bike Helmet - Black,1,34.99,34.99,Schwinn,038675274563,92257667,United States of America,OUTDOOR_SPORTS,USED_GOOD,BICYCLES PHYSICAL FITNESS,82,SPORT,SPORTING GOODS,TT,PTAP16634,ADULT HELMETS,irc_bicycles_physical_fitness_20260417_253_p
LPHR019404,BICYCLES-PHYSICAL FITNESS,Schwinn Avion Youth E-Bike Helmet - Black,1,34.99,34.99,Schwinn,038675290747,92257668,United States of America,OUTDOOR_SPORTS,NEW,BICYCLES PHYSICAL FITNESS,82,SPORT,SPORTING GOODS,TT,PTAP16634,YOUTH HELMETS,irc_bicycles_physical_fitness_20260417_253_p
LPJY999850,BICYCLES-PHYSICAL FITNESS,"Hydro Flask 32oz All Around Travel Straw Tumbler - Trillium: Vacuum-Insulated, BPA-Free",1,34.99,34.99,Hydro Flask,840394217017,92383251,China,OUTDOOR_SPORTS,SALVAGE,BICYCLES PHYSICAL FITNESS,82,SPORT,HOME,TT,PTAP16634,TUMBLER,irc_bicycles_physical_fitness_20260417_253_p
LPHR134090,BICYCLES-PHYSICAL FITNESS,Owala 32oz FreeSip Stainless Steel Water Bottle - Kickflip,1,34.99,34.99,Owala,847280095780,92383265,China,OUTDOOR_SPORTS,NEW,BICYCLES PHYSICAL FITNESS,82,SPORT,HOME,TT,PTAP16634,STAINLESS STEEL,irc_bicycles_physical_fitness_20260417_253_p
LPHR300183,BICYCLES-PHYSICAL FITNESS,Owala 30oz Stainless Steel FreeSip Sway Tumbler - Sleek,1,34.99,34.99,Owala,847280096039,92383314,China,OUTDOOR_SPORTS,USED_GOOD,BICYCLES PHYSICAL FITNESS,82,SPORT,HOME,TT,PTAP16634,STAINLESS STEEL,irc_bicycles_physical_fitness_20260417_253_p
LPHS779325,BICYCLES-PHYSICAL FITNESS,Owala 32oz Stainless Steel FreeSip Water Bottle - In Good Company,1,34.99,34.99,Owala,840467306082,94658163,China,OUTDOOR_SPORTS,NEW,BICYCLES PHYSICAL FITNESS,82,SPORT,HOME,TT,PTAP16634,STAINLESS STEEL,irc_bicycles_physical_fitness_20260417_253_p
LPJY819463,BICYCLES-PHYSICAL FITNESS,McDavid Sport Compression Knit Elbow Sleeve with Gel Buttress - S/M: Tendonitis & Arthritis Support,2,17.99,35.98,McDavid,029369148376,91146882,"Taiwan, Province of China",OUTDOOR_SPORTS,USED_GOOD,BICYCLES PHYSICAL FITNESS,82,SPORT,HEALTH AND BEAUTY,TT,PTAP16634,MUSCLE THERAPY,irc_bicycles_physical_fitness_20260417_253_p
LPHS550264,BICYCLES-PHYSICAL FITNESS,Waist Band Black - All In Motion: Lightweight Polyester Fanny Pack,2,18.00,36.00,All In Motion,191907491630,79767258,Cambodia,OUTDOOR_SPORTS,USED_GOOD,BICYCLES PHYSICAL FITNESS,82,SPORT,APPAREL,TT,PTAP16634,WALK/RUN,irc_bicycles_physical_fitness_20260417_253_p
LPJY953207,BICYCLES-PHYSICAL FITNESS,McDavid Sport Compression Knit Elbow Sleeve with Gel Buttress - S/M: Tendonitis & Arthritis Support,2,17.99,35.98,McDavid,029369148376,91146882,"Taiwan, Province of China",OUTDOOR_SPORTS,NEW,BICYCLES PHYSICAL FITNESS,82,SPORT,HEALTH AND BEAUTY,TT,PTAP16634,MUSCLE THERAPY,irc_bicycles_physical_fitness_20260417_253_p
LPJY948980,BICYCLES-PHYSICAL FITNESS,Schwinn Classic Infant Bike Helmet - Blue,3,11.89,35.67,Schwinn,038675238565,80178047,United States of America,OUTDOOR_SPORTS,USED_GOOD,BICYCLES PHYSICAL FITNESS,82,SPORT,SPORTING GOODS,TT,PTAP16634,INFANT HELMET,irc_bicycles_physical_fitness_20260417_253_p
LPJY967841,BICYCLES-PHYSICAL FITNESS,"Weighted Vest 8lb - All In Motion: Total Body Workout, Recycled Material",1,35.00,35.00,All In Motion,191802001583,88001451,China,OUTDOOR_SPORTS,USED_GOOD,BICYCLES PHYSICAL FITNESS,82,SPORT,SPORTING GOODS,TT,PTAP16634,WEARABLES,irc_bicycles_physical_fitness_20260417_253_p
LPHR045493,BICYCLES-PHYSICAL FITNESS,"Bluey Mini 3D LUW Kick Scooter with Adjustable Handle Bar: 3 Wheels, ABEC-5 Bearings",1,34.99,34.99,Bluey,021331106223,91751495,China,OUTDOOR_SPORTS,SALVAGE,BICYCLES PHYSICAL FITNESS,82,SPORT,SPORTING GOODS,B,PTBI20994,3 WHEEL SCOOTER,irc_bicycles_physical_fitness_20260417_253_p
LPHR094950,BICYCLES-PHYSICAL FITNESS,Owala 32oz FreeSip Stainless Steel Water Bottle - Sandy Shores,1,34.99,34.99,Owala,847280087051,89056690,China,OUTDOOR_SPORTS,USED_GOOD,BICYCLES PHYSICAL FITNESS,82,SPORT,HOME,TT,PTAP16644,STAINLESS STEEL,irc_bicycles_physical_fitness_20260417_253_p
LPHR067612,BICYCLES-PHYSICAL FITNESS,"Hydro Flask 32oz All Around Travel Straw Tumbler - Moonshadow: Vacuum-Insulated, BPA-Free",1,34.99,34.99,Hydro Flask,840394216997,92383217,China,OUTDOOR_SPORTS,SALVAGE,BICYCLES PHYSICAL FITNESS,82,SPORT,HOME,TT,PTAP16644,TUMBLER,irc_bicycles_physical_fitness_20260417_253_p
LPHR434324,BICYCLES-PHYSICAL FITNESS,Owala 30oz FreeSip Sway Stainless Steel Tumbler - Tangy Tango,1,34.99,34.99,Owala,847280096046,92383299,China,OUTDOOR_SPORTS,USED_GOOD,BICYCLES PHYSICAL FITNESS,82,SPORT,HOME,TT,PTAP16644,STAINLESS STEEL,irc_bicycles_physical_fitness_20260417_253_p
LPHR138498,BICYCLES-PHYSICAL FITNESS,Owala 30oz Stainless Steel FreeSip Water Bottle - In Good Company,1,34.99,34.99,Owala,840467306129,94658168,China,OUTDOOR_SPORTS,USED_GOOD,BICYCLES PHYSICAL FITNESS,82,SPORT,HOME,TT,PTAP16644,STAINLESS STEEL,irc_bicycles_physical_fitness_20260417_253_p
LPHR080367,BICYCLES-PHYSICAL FITNESS,Owala 30oz Stainless Steel FreeSip Sway Water Bottle - Read My Lips,1,34.99,34.99,Owala,840467309557,94796989,China,OUTDOOR_SPORTS,SALVAGE,BICYCLES PHYSICAL FITNESS,82,SPORT,HOME,TT,PTAP16644,STAINLESS STEEL,irc_bicycles_physical_fitness_20260417_253_p
LPHS764423,BICYCLES-PHYSICAL FITNESS,Owala 30oz Stainless Steel FreeSip Sway Water Bottle - Read My Lips,1,34.99,34.99,Owala,840467309557,94796989,China,OUTDOOR_SPORTS,NEW,BICYCLES PHYSICAL FITNESS,82,SPORT,HOME,TT,PTAP16644,STAINLESS STEEL,irc_bicycles_physical_fitness_20260417_253_p
LPJY540872,BICYCLES-PHYSICAL FITNESS,Owala 32oz Stainless Steel FreeSip Water Bottle - Candy Coated,1,34.99,34.99,Owala,840467308505,94912419,China,OUTDOOR_SPORTS,SALVAGE,BICYCLES PHYSICAL FITNESS,82,SPORT,HOME,TT,PTAP16644,STAINLESS STEEL,irc_bicycles_physical_fitness_20260417_253_p
LPHR000434,BICYCLES-PHYSICAL FITNESS,Owala 32oz FreeSip Stainless Steel Water Bottle - Misty Meadows,1,34.99,34.99,Owala,847280095773,92383280,China,OUTDOOR_SPORTS,SALVAGE,BICYCLES PHYSICAL FITNESS,82,SPORT,HOME,TT,PTAP16634,STAINLESS STEEL,irc_bicycles_physical_fitness_20260417_253_p
LPHR023668,BICYCLES-PHYSICAL FITNESS,Owala 30oz Stainless Steel FreeSip Sway Tumbler - Sleek,1,34.99,34.99,Owala,847280096039,92383314,China,OUTDOOR_SPORTS,NEW,BICYCLES PHYSICAL FITNESS,82,SPORT,HOME,TT,PTAP16634,STAINLESS STEEL,irc_bicycles_physical_fitness_20260417_253_p
LPHR324857,BICYCLES-PHYSICAL FITNESS,Special Edition Owala 30oz Stainless Steel FreeSip Sway Water Bottle - Absolute Sleigh,1,34.99,34.99,Owala,840467306167,94658164,China,OUTDOOR_SPORTS,USED_GOOD,BICYCLES PHYSICAL FITNESS,82,SPORT,HOME,TT,PTAP16634,STAINLESS STEEL,irc_bicycles_physical_fitness_20260417_253_p
LPHR067244,BICYCLES-PHYSICAL FITNESS,Owala 32oz FreeSip Stainless Steel Water Bottle - Read My Lips,1,34.99,34.99,Owala,840467308482,94796991,China,OUTDOOR_SPORTS,USED_GOOD,BICYCLES PHYSICAL FITNESS,82,SPORT,HOME,TT,PTAP16634,STAINLESS STEEL,irc_bicycles_physical_fitness_20260417_253_p
LPHS548343,BICYCLES-PHYSICAL FITNESS,Schwinn Airsport Plus Frame Pump,3,11.79,35.37,Schwinn,038675111837,86855321,United States of America,OUTDOOR_SPORTS,USED_GOOD,BICYCLES PHYSICAL FITNESS,82,SPORT,SPORTING GOODS,TT,PTAP16644,PUMPS,irc_bicycles_physical_fitness_20260417_253_p
LPHR351272,BICYCLES-PHYSICAL FITNESS,Soft Kettlebell 20lb Gray - All In Motion,1,35.00,35.00,All In Motion,191802002023,94409160,China,OUTDOOR_SPORTS,USED_GOOD,BICYCLES PHYSICAL FITNESS,82,SPORT,SPORTING GOODS,B,PTBI20858,STRENGTH TRAINING,irc_bicycles_physical_fitness_20260417_253_p
LPJY542802,BICYCLES-PHYSICAL FITNESS,Owala 30oz Stainless Steel FreeSip Sway  Tumbler - Very Very Dark,1,34.99,34.99,Owala,847280096022,92383281,China,OUTDOOR_SPORTS,SALVAGE,BICYCLES PHYSICAL FITNESS,82,SPORT,HOME,TT,PTAP16644,STAINLESS STEEL,irc_bicycles_physical_fitness_20260417_253_p
LPHR094420,BICYCLES-PHYSICAL FITNESS,Owala 30oz FreeSip Sway Stainless Steel Tumbler - Tangy Tango,1,34.99,34.99,Owala,847280096046,92383299,China,OUTDOOR_SPORTS,USED_GOOD,BICYCLES PHYSICAL FITNESS,82,SPORT,HOME,TT,PTAP16644,STAINLESS STEEL,irc_bicycles_physical_fitness_20260417_253_p
LPHR019444,BICYCLES-PHYSICAL FITNESS,"Hydro Flask 32oz All Around Travel Straw Tumbler - Surf: Vacuum-Insulated, BPA-Free",1,34.99,34.99,Hydro Flask,840394216959,92776813,China,OUTDOOR_SPORTS,SALVAGE,BICYCLES PHYSICAL FITNESS,82,SPORT,HOME,TT,PTAP16644,TUMBLER,irc_bicycles_physical_fitness_20260417_253_p
LPHR088523,BICYCLES-PHYSICAL FITNESS,Blogilates 10 Pound Weighted Vest - Pink Floral,1,34.99,34.99,Blogilates,850052976750,94895504,China,OUTDOOR_SPORTS,USED_GOOD,BICYCLES PHYSICAL FITNESS,82,SPORT,SPORTING GOODS,TT,PTAP16644,WEARABLES,irc_bicycles_physical_fitness_20260417_253_p
LPJY703496,BICYCLES-PHYSICAL FITNESS,Schwinn Excursion Adult Mountain Bike Helmet - Gray,1,34.99,34.99,Schwinn,038675274570,92257662,United States of America,OUTDOOR_SPORTS,USED_GOOD,BICYCLES PHYSICAL FITNESS,82,SPORT,SPORTING GOODS,TT,PTAP16634,ADULT HELMETS,irc_bicycles_physical_fitness_20260417_253_p
LPHS422328,BICYCLES-PHYSICAL FITNESS,"Hydro Flask 24oz Insulated Shaker Bottle - Black: Double-Wall, BPA-Free, Leakproof",1,34.99,34.99,Hydro Flask,810096853226,92383215,China,OUTDOOR_SPORTS,USED_GOOD,BICYCLES PHYSICAL FITNESS,82,SPORT,HOME,TT,PTAP16634,MIXER,irc_bicycles_physical_fitness_20260417_253_p
LPHS768269,BICYCLES-PHYSICAL FITNESS,"Hydro Flask 24oz Insulated Shaker Bottle - Black: Double-Wall, BPA-Free, Leakproof",1,34.99,34.99,Hydro Flask,810096853226,92383215,China,OUTDOOR_SPORTS,SALVAGE,BICYCLES PHYSICAL FITNESS,82,SPORT,HOME,TT,PTAP16634,MIXER,irc_bicycles_physical_fitness_20260417_253_p
LPHR172429,BICYCLES-PHYSICAL FITNESS,Owala 32oz FreeSip Stainless Steel Water Bottle - Kickflip,1,34.99,34.99,Owala,847280095780,92383265,China,OUTDOOR_SPORTS,SALVAGE,BICYCLES PHYSICAL FITNESS,82,SPORT,HOME,TT,PTAP16634,STAINLESS STEEL,irc_bicycles_physical_fitness_20260417_253_p
LPHS258046,BICYCLES-PHYSICAL FITNESS,Owala 30oz Stainless Steel FreeSip Sway  Tumbler - Very Very Dark,1,34.99,34.99,Owala,847280096022,92383281,China,OUTDOOR_SPORTS,SALVAGE,BICYCLES PHYSICAL FITNESS,82,SPORT,HOME,TT,PTAP16634,STAINLESS STEEL,irc_bicycles_physical_fitness_20260417_253_p
LPHR005462,BICYCLES-PHYSICAL FITNESS,Schwinn Classic Infant Bike Helmet - Blue,3,11.89,35.67,Schwinn,038675238565,80178047,United States of America,OUTDOOR_SPORTS,USED_GOOD,BICYCLES PHYSICAL FITNESS,82,SPORT,SPORTING GOODS,TT,PTAP16644,INFANT HELMET,irc_bicycles_physical_fitness_20260417_253_p
LPHR318383,BICYCLES-PHYSICAL FITNESS,"Stanley 24oz IceFlow Aerolight Fast Flow Water Bottle - Black 2.0: Double-Wall, BPA-Free, Leakproof Stainless Steel",1,35.00,35.00,Stanley,041604417177,92660681,China,OUTDOOR_SPORTS,USED_GOOD,BICYCLES PHYSICAL FITNESS,82,SPORT,HOME,TT,PTAP16644,STAINLESS STEEL,irc_bicycles_physical_fitness_20260417_253_p
LPHS882003,BICYCLES-PHYSICAL FITNESS,"Bluey Mini 3D LUW Kick Scooter with Adjustable Handle Bar: 3 Wheels, ABEC-5 Bearings",1,34.99,34.99,Bluey,021331106223,91751495,China,OUTDOOR_SPORTS,USED_GOOD,BICYCLES PHYSICAL FITNESS,82,SPORT,SPORTING GOODS,B,PTBB58825,3 WHEEL SCOOTER,irc_bicycles_physical_fitness_20260417_253_p
LPHS439443,BICYCLES-PHYSICAL FITNESS,Owala 30oz Stainless Steel FreeSip Sway Tumbler - Misty Meadow,1,34.99,34.99,Owala,847280096077,92383312,China,OUTDOOR_SPORTS,USED_GOOD,BICYCLES PHYSICAL FITNESS,82,SPORT,HOME,TT,PTAP16644,STAINLESS STEEL,irc_bicycles_physical_fitness_20260417_253_p
LPHS763739,BICYCLES-PHYSICAL FITNESS,Owala 30oz Stainless Steel FreeSip Sway Tumbler - Sleek,1,34.99,34.99,Owala,847280096039,92383314,China,OUTDOOR_SPORTS,SALVAGE,BICYCLES PHYSICAL FITNESS,82,SPORT,HOME,TT,PTAP16644,STAINLESS STEEL,irc_bicycles_physical_fitness_20260417_253_p
LPHR291042,BICYCLES-PHYSICAL FITNESS,Owala 30oz Stainless Steel FreeSip Sway Tumbler  - Sandy Shores,1,34.99,34.99,Owala,847280096053,92383315,China,OUTDOOR_SPORTS,USED_GOOD,BICYCLES PHYSICAL FITNESS,82,SPORT,HOME,TT,PTAP16644,STAINLESS STEEL,irc_bicycles_physical_fitness_20260417_253_p
LPHS780723,BICYCLES-PHYSICAL FITNESS,Owala 30oz Stainless Steel Bucket Handle FreeSip Insulated Straw Tumbler Water Bottle - Neon Nectar,1,34.99,34.99,Owala,840467303319,93462651,China,OUTDOOR_SPORTS,USED_GOOD,BICYCLES PHYSICAL FITNESS,82,SPORT,HOME,TT,PTAP16644,STAINLESS STEEL,irc_bicycles_physical_fitness_20260417_253_p
LPHR444070,BICYCLES-PHYSICAL FITNESS,Owala 30oz Stainless Steel Bucket Handle FreeSip Insulated Straw Tumbler Water Bottle - Summer Soiree,1,34.99,34.99,Owala,840467303326,93462664,China,OUTDOOR_SPORTS,SALVAGE,BICYCLES PHYSICAL FITNESS,82,SPORT,HOME,TT,PTAP16644,STAINLESS STEEL,irc_bicycles_physical_fitness_20260417_253_p
LPJY758765,BICYCLES-PHYSICAL FITNESS,Special Edition Owala 30oz Stainless Steel FreeSip Sway Water Bottle - Absolute Sleigh,1,34.99,34.99,Owala,840467306167,94658164,China,OUTDOOR_SPORTS,USED_GOOD,BICYCLES PHYSICAL FITNESS,82,SPORT,HOME,TT,PTAP16644,STAINLESS STEEL,irc_bicycles_physical_fitness_20260417_253_p
LPHR295847,BICYCLES-PHYSICAL FITNESS,Owala 30oz Stainless Steel FreeSip Sway - Sparkling Sherbert,1,34.99,34.99,Owala,847280095094,95033763,China,OUTDOOR_SPORTS,USED_GOOD,BICYCLES PHYSICAL FITNESS,82,SPORT,HOME,TT,PTAP16644,STAINLESS STEEL,irc_bicycles_physical_fitness_20260417_253_p
LPHR052682,BICYCLES-PHYSICAL FITNESS,Owala 32oz FreeSip Stainless Steel Water Bottle - Very Very Dark,1,34.99,34.99,Owala,847280062317,85032970,China,OUTDOOR_SPORTS,NEW,BICYCLES PHYSICAL FITNESS,82,SPORT,HOME,TT,PTAP16634,STAINLESS STEEL,irc_bicycles_physical_fitness_20260417_253_p
LPHR078363,BICYCLES-PHYSICAL FITNESS,"Hydro Flask 32oz All Around Travel Straw Tumbler - Trillium: Vacuum-Insulated, BPA-Free",1,34.99,34.99,Hydro Flask,840394217017,92383251,China,OUTDOOR_SPORTS,LIKE_NEW,BICYCLES PHYSICAL FITNESS,82,SPORT,HOME,TT,PTAP16634,TUMBLER,irc_bicycles_physical_fitness_20260417_253_p
LPHS700239,BICYCLES-PHYSICAL FITNESS,Owala  30oz FreeSip Sway Stainless Steel Tumbler - Kickflip,1,34.99,34.99,Owala,847280096084,92383297,China,OUTDOOR_SPORTS,USED_GOOD,BICYCLES PHYSICAL FITNESS,82,SPORT,HOME,TT,PTAP16634,STAINLESS STEEL,irc_bicycles_physical_fitness_20260417_253_p
LPHR098292,BICYCLES-PHYSICAL FITNESS,Owala 30oz FreeSip SWAY Stainless Steel Water Bottle - Periwinkle Twinkle,1,34.99,34.99,Owala,847280096060,92383308,China,OUTDOOR_SPORTS,USED_GOOD,BICYCLES PHYSICAL FITNESS,82,SPORT,HOME,TT,PTAP16634,STAINLESS STEEL,irc_bicycles_physical_fitness_20260417_253_p
LPHR071150,BICYCLES-PHYSICAL FITNESS,Owala 30oz FreeSip SWAY Stainless Steel Water Bottle - Periwinkle Twinkle,1,34.99,34.99,Owala,847280096060,92383308,China,OUTDOOR_SPORTS,NEW,BICYCLES PHYSICAL FITNESS,82,SPORT,HOME,TT,PTAP16634,STAINLESS STEEL,irc_bicycles_physical_fitness_20260417_253_p
LPJY998492,BICYCLES-PHYSICAL FITNESS,Blogilates Stainless Steel Insulated Water Bottle (62 fl oz) - Evening Haze,1,34.99,34.99,Blogilates,850052976675,94444256,China,OUTDOOR_SPORTS,USED_GOOD,BICYCLES PHYSICAL FITNESS,82,SPORT,HOME,TT,PTAP16634,ACCESSORIES,irc_bicycles_physical_fitness_20260417_253_p
LPJY945241,BICYCLES-PHYSICAL FITNESS,Owala 32oz FreeSip Stainless Steel Water Bottle - Read My Lips,1,34.99,34.99,Owala,840467308482,94796991,China,OUTDOOR_SPORTS,NEW,BICYCLES PHYSICAL FITNESS,82,SPORT,HOME,TT,PTAP16634,STAINLESS STEEL,irc_bicycles_physical_fitness_20260417_253_p
LPHR342143,BICYCLES-PHYSICAL FITNESS,Melo Beam 3 Wheel Kick Scooter with Light Up Wheels - Black,1,33.99,33.99,Melo,5391544970504,94601190,Cambodia,OUTDOOR_SPORTS,USED_GOOD,BICYCLES PHYSICAL FITNESS,82,SPORT,SPORTING GOODS,B,PTBI20874,3 WHEEL SCOOTER,irc_bicycles_physical_fitness_20260417_253_p
LPHR055272,BICYCLES-PHYSICAL FITNESS,Schwinn Cyclone Max Floor Pump - Gray,1,32.99,32.99,Schwinn,038675197763,77523368,United States of America,OUTDOOR_SPORTS,USED_GOOD,BICYCLES PHYSICAL FITNESS,82,SPORT,SPORTING GOODS,B,PTBB58825,PUMPS,irc_bicycles_physical_fitness_20260417_253_p
LPHR046914,BICYCLES-PHYSICAL FITNESS,Bell Chicane Adult Bike Helmet - Black,1,32.99,32.99,Bell Sports,035011953502,21456409,China,OUTDOOR_SPORTS,USED_GOOD,BICYCLES PHYSICAL FITNESS,82,SPORT,SPORTING GOODS,TT,PTAP16644,ADULT HELMETS,irc_bicycles_physical_fitness_20260417_253_p
LPHR047152,BICYCLES-PHYSICAL FITNESS,"2"" Weighted Jump Rope - Black - All In Motion: Polypropylene, TPR, TPU",2,16.00,32.00,All In Motion,191802001767,90364308,China,OUTDOOR_SPORTS,USED_GOOD,BICYCLES PHYSICAL FITNESS,82,SPORT,SPORTING GOODS,TT,PTAP16644,HOME GYM,irc_bicycles_physical_fitness_20260417_253_p
LPJY974007,BICYCLES-PHYSICAL FITNESS,Stability Exercise Ball Gray 75cm - All In Motion,2,16.00,32.00,All In Motion,191802002085,94409166,China,OUTDOOR_SPORTS,USED_GOOD,BICYCLES PHYSICAL FITNESS,82,SPORT,SPORTING GOODS,TT,PTAP16634,STRENGTH TRAINING,irc_bicycles_physical_fitness_20260417_253_p
LPJY259788,BICYCLES-PHYSICAL FITNESS,"Premium Fitness Yoga Mat 15mm Orange - All In Motion: Standard Size, Low Tack Grip, Solid Pattern",1,30.00,30.00,All In Motion,018713658852,90891699,China,OUTDOOR_SPORTS,USED_GOOD,BICYCLES PHYSICAL FITNESS,82,SPORT,SPORTING GOODS,B,PTBB58533,HOME GYM,irc_bicycles_physical_fitness_20260417_253_p
LPHR078365,BICYCLES-PHYSICAL FITNESS,40oz Stainless Steel Tumbler with Straw Cream - Embark,2,15.00,30.00,Embark,197543649992,88632445,China,OUTDOOR_SPORTS,USED_GOOD,BICYCLES PHYSICAL FITNESS,82,SPORT,HOME,TT,PTAP16644,TUMBLER,irc_bicycles_physical_fitness_20260417_253_p
LPHR015418,BICYCLES-PHYSICAL FITNESS,"19"" Backpack Black - All In Motion: Lightweight Polyester, Adjustable Straps",1,30.00,30.00,All In Motion,191907491562,79767253,China,OUTDOOR_SPORTS,NEW,BICYCLES PHYSICAL FITNESS,82,SPORT,APPAREL,TT,PTAP16634,BAGS,irc_bicycles_physical_fitness_20260417_253_p
LPHR304290,BICYCLES-PHYSICAL FITNESS,24oz Stainless Steel Vacuum Insulated Water Bottle Chalk - All In Motion: Portable Drinkware,2,15.00,30.00,All In Motion,707849153170,90796150,China,OUTDOOR_SPORTS,USED_GOOD,BICYCLES PHYSICAL FITNESS,82,SPORT,HOME,TT,PTAP16634,STAINLESS STEEL,irc_bicycles_physical_fitness_20260417_253_p
LPHS434365,BICYCLES-PHYSICAL FITNESS,Yoga Knit Socks - 4-10 - All In Motion,3,10.00,30.00,All In Motion,198850949911,94660834,Pakistan,OUTDOOR_SPORTS,NEW,BICYCLES PHYSICAL FITNESS,82,SPORT,APPAREL,TT,PTAP16634,YOGA,irc_bicycles_physical_fitness_20260417_253_p
LPHR328292,BICYCLES-PHYSICAL FITNESS,"Bluey 10"" Fly Wheel Kids' Tricycle with Electronic Sound",1,29.99,29.99,Bluey,192995610057,88232450,China,OUTDOOR_SPORTS,USED_GOOD,BICYCLES PHYSICAL FITNESS,82,SPORT,SPORTING GOODS,B,PTBI20859,TRIKES,irc_bicycles_physical_fitness_20260417_253_p
LPJY542084,BICYCLES-PHYSICAL FITNESS,Owala 24oz Stainless Steel Straw Tumbler - Alpine Sport,1,29.99,29.99,Owala,847280085293,89056683,China,OUTDOOR_SPORTS,USED_GOOD,BICYCLES PHYSICAL FITNESS,82,SPORT,HOME,TT,PTAP16644,TUMBLER,irc_bicycles_physical_fitness_20260417_253_p
LPHR270382,BICYCLES-PHYSICAL FITNESS,"Chirp Wheel XR 4"" Back Stretcher: Upper Body Muscle Relief, 500 lb Capacity",1,29.99,29.99,Chirp,810091140536,90469169,United States of America,OUTDOOR_SPORTS,USED_GOOD,BICYCLES PHYSICAL FITNESS,82,SPORT,SPORTING GOODS,TT,PTAP16644,MUSCLE THERAPY,irc_bicycles_physical_fitness_20260417_253_p
LPHS763834,BICYCLES-PHYSICAL FITNESS,Owala 20oz SmoothSip Slider Coffee Tumbler - Tangy Tango Orange,1,29.99,29.99,Owala,847280095988,92383286,China,OUTDOOR_SPORTS,SALVAGE,BICYCLES PHYSICAL FITNESS,82,SPORT,HOME,TT,PTAP16644,WARM BEV,irc_bicycles_physical_fitness_20260417_253_p
LPHS776358,BICYCLES-PHYSICAL FITNESS,McDavid Sport Ankle Brace - Black - S,1,29.99,29.99,McDavid,029369148284,86205166,"Taiwan, Province of China",OUTDOOR_SPORTS,USED_GOOD,BICYCLES PHYSICAL FITNESS,82,SPORT,HEALTH AND BEAUTY,TT,PTAP16634,MUSCLE THERAPY,irc_bicycles_physical_fitness_20260417_253_p
LPHR015461,BICYCLES-PHYSICAL FITNESS,Owala 24oz Stainless Steel Straw Tumbler - Electric Orchid,1,29.99,29.99,Owala,847280085132,89056692,China,OUTDOOR_SPORTS,USED_GOOD,BICYCLES PHYSICAL FITNESS,82,SPORT,HOME,TT,PTAP16634,TUMBLER,irc_bicycles_physical_fitness_20260417_253_p
LPJY952820,BICYCLES-PHYSICAL FITNESS,Owala 24oz FreeSip Twist Stainless Steel Water Bottle – Periwinkle Twinkle,1,29.99,29.99,Owala,847280095926,92383256,China,OUTDOOR_SPORTS,USED_GOOD,BICYCLES PHYSICAL FITNESS,82,SPORT,HOME,TT,PTAP16634,STAINLESS STEEL,irc_bicycles_physical_fitness_20260417_253_p
LPHR308031,BICYCLES-PHYSICAL FITNESS,Owala 24oz FreeSip Stainless Steel Water Bottle  - Periwinkle Twinkle,1,29.99,29.99,Owala,847280095735,92383260,China,OUTDOOR_SPORTS,SALVAGE,BICYCLES PHYSICAL FITNESS,82,SPORT,HOME,TT,PTAP16634,STAINLESS STEEL,irc_bicycles_physical_fitness_20260417_253_p
LPHR245078,BICYCLES-PHYSICAL FITNESS,Owala 20oz SmoothSip Slider Coffee Tumbler - Tangy Tango Orange,1,29.99,29.99,Owala,847280095988,92383286,China,OUTDOOR_SPORTS,NEW,BICYCLES PHYSICAL FITNESS,82,SPORT,HOME,TT,PTAP16634,WARM BEV,irc_bicycles_physical_fitness_20260417_253_p
LPHR450040,BICYCLES-PHYSICAL FITNESS,Owala 24oz FreeSip Stainless Steel Water Bottle - Hearth & Hand with Magnolia - Fruit Tart,1,29.99,29.99,Owala; Hearth & Hand with Magnolia,847280097302,93230583,China,OUTDOOR_SPORTS,USED_GOOD,BICYCLES PHYSICAL FITNESS,82,SPORT,HOME,TT,PTAP16634,STAINLESS STEEL,irc_bicycles_physical_fitness_20260417_253_p
LPHS259362,BICYCLES-PHYSICAL FITNESS,Ignite by SPRI Resistance Cord - Ultra Heavy: Foam & Rubber for Legs & Arms,2,14.99,29.98,Ignite by SPRI,759026717262,53593889,China,OUTDOOR_SPORTS,NEW,BICYCLES PHYSICAL FITNESS,82,SPORT,SPORTING GOODS,TT,PTAP16644,STRENGTH TRAINING,irc_bicycles_physical_fitness_20260417_253_p
LPJY968132,BICYCLES-PHYSICAL FITNESS,Schwinn Bike Training Wheels - Black,2,14.99,29.98,Schwinn,038675197060,80178023,United States of America,OUTDOOR_SPORTS,USED_GOOD,BICYCLES PHYSICAL FITNESS,82,SPORT,SPORTING GOODS,TT,PTAP16634,MISC. ACCESSORIES,irc_bicycles_physical_fitness_20260417_253_p
LPHR077372,BICYCLES-PHYSICAL FITNESS,Champion Game-Ready Chug Bottle 40oz - Black,2,14.99,29.98,Champion,018713666093,94460514,China,OUTDOOR_SPORTS,USED_GOOD,BICYCLES PHYSICAL FITNESS,82,SPORT,HOME,TT,PTAP16634,SIDELINE,irc_bicycles_physical_fitness_20260417_253_p
LPJY970359,BICYCLES-PHYSICAL FITNESS,BlenderBottle 25oz Strada Stainless Steel Shaker Cup - Terrazzo Pint,1,27.99,27.99,BlenderBottle,840467308246,94894802,China,OUTDOOR_SPORTS,NEW,BICYCLES PHYSICAL FITNESS,82,SPORT,HOME,TT,PTAP16644,MIXER,irc_bicycles_physical_fitness_20260417_253_p
LPJY544961,BICYCLES-PHYSICAL FITNESS,Owala 24oz FreeSip Stainless Steel Water Bottle - Can You See Me?,1,27.99,27.99,Owala,847280077830,91986197,China,OUTDOOR_SPORTS,NEW,BICYCLES PHYSICAL FITNESS,82,SPORT,HOME,TT,PTAP16634,STAINLESS STEEL,irc_bicycles_physical_fitness_20260417_253_p
LPHS445702,BICYCLES-PHYSICAL FITNESS,"Nalgene 32 fl oz Plastic Wide Mouth Water Bottle - Marmalade: Portable Drinkware, Recycled Content",2,13.49,26.98,Nalgene,661195005883,93486449,United States of America,OUTDOOR_SPORTS,NEW,BICYCLES PHYSICAL FITNESS,82,SPORT,HOME,TT,PTAP16634,TRITAN,irc_bicycles_physical_fitness_20260417_253_p
LPHS596810,BICYCLES-PHYSICAL FITNESS,"Hand Recovery Handheld Massager Kit - All In Motion: TPR Material, Manual Power",2,13.00,26.00,All In Motion,018713658890,90364289,China,OUTDOOR_SPORTS,USED_GOOD,BICYCLES PHYSICAL FITNESS,82,SPORT,HEALTH AND BEAUTY,TT,PTAP16644,MUSCLE THERAPY,irc_bicycles_physical_fitness_20260417_253_p
LPHR090298,BICYCLES-PHYSICAL FITNESS,Gaiam Studio Select Resistance Tube - Light Blue,2,12.99,25.98,Gaiam,018713665256,94413597,China,OUTDOOR_SPORTS,USED_GOOD,BICYCLES PHYSICAL FITNESS,82,SPORT,SPORTING GOODS,TT,PTAP16644,STRENGTH TRAINING,irc_bicycles_physical_fitness_20260417_253_p
LPHR013259,BICYCLES-PHYSICAL FITNESS,Gaiam Studio Select Resistance Tube - Heavy - Gray,2,12.99,25.98,Gaiam,018713665270,94413599,China,OUTDOOR_SPORTS,USED_GOOD,BICYCLES PHYSICAL FITNESS,82,SPORT,SPORTING GOODS,TT,PTAP16634,STRENGTH TRAINING,irc_bicycles_physical_fitness_20260417_253_p
LPHR056235,BICYCLES-PHYSICAL FITNESS,"36"" Foam Roller - Beige - All In Motion: EPE Material, Whole Body Use",1,25.00,25.00,All In Motion,198420041502,90364293,China,OUTDOOR_SPORTS,USED_GOOD,BICYCLES PHYSICAL FITNESS,82,SPORT,HEALTH AND BEAUTY,B,PTBB58533,MUSCLE THERAPY,irc_bicycles_physical_fitness_20260417_253_p
LPHR348494,BICYCLES-PHYSICAL FITNESS,"2pk Adjustable Trekking Poles Black - All In Motion: Aluminum, Rubber Handles (Please be advised that sets may be missing pieces or otherwise incomplete.)",1,25.00,25.00,All In Motion,054003866941,88001435,China,OUTDOOR_SPORTS,USED_GOOD,BICYCLES PHYSICAL FITNESS,82,SPORT,SPORTING GOODS,B,PTBB58825,WALK/RUN,irc_bicycles_physical_fitness_20260417_253_p
LPJY984461,BICYCLES-PHYSICAL FITNESS,"Cloud Print Yoga Mat 5mm Violet - All In Motion: PVC Material, Low Tack Grip",1,25.00,25.00,All In Motion,191802000821,82721436,China,OUTDOOR_SPORTS,NEW,BICYCLES PHYSICAL FITNESS,82,SPORT,SPORTING GOODS,B,PTBI20887,YOGA,irc_bicycles_physical_fitness_20260417_253_p
LPHS762427,BICYCLES-PHYSICAL FITNESS,Raskullz Astro Cat Toddler Helmet Pink,1,24.99,24.99,Raskullz,847268008153,16629089,China,OUTDOOR_SPORTS,USED_GOOD,BICYCLES PHYSICAL FITNESS,82,SPORT,SPORTING GOODS,TT,PTAP16644,TODDLER HELMETS,irc_bicycles_physical_fitness_20260417_253_p
LPHR061972,BICYCLES-PHYSICAL FITNESS,Schwinn Bike Seat Pack with Repair Tools - Black,1,24.99,24.99,Schwinn,038675238480,80594781,United States of America,OUTDOOR_SPORTS,NEW,BICYCLES PHYSICAL FITNESS,82,SPORT,SPORTING GOODS,TT,PTAP16644,REPAIR,irc_bicycles_physical_fitness_20260417_253_p
LPHR337056,BICYCLES-PHYSICAL FITNESS,Owala 16oz Kids' FreeSip Stainless Steel Water Bottle - Periwinkle Twinkle,1,24.99,24.99,Owala,847280095711,92383253,China,OUTDOOR_SPORTS,NEW,BICYCLES PHYSICAL FITNESS,82,SPORT,HOME,TT,PTAP16644,STAINLESS STEEL,irc_bicycles_physical_fitness_20260417_253_p
LPHR316502,BICYCLES-PHYSICAL FITNESS,Spider-Man Classic Toddler Helmet,1,24.99,24.99,Bell,035011978659,83814547,United States of America,OUTDOOR_SPORTS,USED_GOOD,BICYCLES PHYSICAL FITNESS,82,SPORT,SPORTING GOODS,TT,PTAP16634,TODDLER HELMETS,irc_bicycles_physical_fitness_20260417_253_p
LPHS997821,BICYCLES-PHYSICAL FITNESS,Owala 16oz Kids' FreeSip Stainless Steel Water Bottle - Misty Meadow,1,24.99,24.99,Owala,847280095728,92383288,China,OUTDOOR_SPORTS,NEW,BICYCLES PHYSICAL FITNESS,82,SPORT,HOME,TT,PTAP16634,STAINLESS STEEL,irc_bicycles_physical_fitness_20260417_253_p
LPJY547693,BICYCLES-PHYSICAL FITNESS,Gaiam Premium Yoga Mat - Black Midnight Mandala (6mm),1,22.99,22.99,Gaiam,018713639578,88167554,China,OUTDOOR_SPORTS,USED_GOOD,BICYCLES PHYSICAL FITNESS,82,SPORT,SPORTING GOODS,B,PTBI20901,YOGA,irc_bicycles_physical_fitness_20260417_253_p
LPHR268037,BICYCLES-PHYSICAL FITNESS,Bell Rally Cycling Kids' Bike Helmet - Blue/Pink Starburst,1,22.99,22.99,Bell,035011978024,91864898,United States of America,OUTDOOR_SPORTS,NEW,BICYCLES PHYSICAL FITNESS,82,SPORT,SPORTING GOODS,TT,PTAP16644,CHILD HELMETS,irc_bicycles_physical_fitness_20260417_253_p
LPHS544121,BICYCLES-PHYSICAL FITNESS,"Eight Ball Kids' 8+ Pad Set 3pk - Sunset Fade: Elbow, Knee, Wrist Protection (Please be advised that sets may be missing pieces or otherwise incomplete.)",1,21.99,21.99,Eight Ball,604352621335,80514131,China,OUTDOOR_SPORTS,USED_GOOD,BICYCLES PHYSICAL FITNESS,82,SPORT,SPORTING GOODS,TT,PTAP16644,KIDS ACCESSORIES,irc_bicycles_physical_fitness_20260417_253_p
LPHS700790,BICYCLES-PHYSICAL FITNESS,"Hydro Flask 32oz Wide Mouth Flex Straw Bottle - Oat: Double-Wall, BPA-Free, Leakproof",1,21.99,21.99,Hydro Flask,810096851208,92383254,China,OUTDOOR_SPORTS,NEW,BICYCLES PHYSICAL FITNESS,82,SPORT,HOME,TT,PTAP16634,STAINLESS STEEL,irc_bicycles_physical_fitness_20260417_253_p
LPHR351280,BICYCLES-PHYSICAL FITNESS,Soft Kettlebell 5lb Cream - All In Motion,1,21.00,21.00,All In Motion,191802002030,94409157,China,OUTDOOR_SPORTS,USED_GOOD,BICYCLES PHYSICAL FITNESS,82,SPORT,SPORTING GOODS,B,PTBI20859,STRENGTH TRAINING,irc_bicycles_physical_fitness_20260417_253_p
LPHR041973,BICYCLES-PHYSICAL FITNESS,CAP Barbell Adjustable Vest Body Weight - 20lbs,1,20.99,20.99,CAP,702556020333,85339650,China,OUTDOOR_SPORTS,NEW,BICYCLES PHYSICAL FITNESS,82,SPORT,SPORTING GOODS,B,PTBI20994,HOME GYM,irc_bicycles_physical_fitness_20260417_253_p
LPHR337249,BICYCLES-PHYSICAL FITNESS,"Hydro Flask 32oz All Around Travel Straw Tumbler - White: Double-Wall, BPA-Free, Spillproof",1,20.99,20.99,Hydro Flask,840394217000,92383259,China,OUTDOOR_SPORTS,NEW,BICYCLES PHYSICAL FITNESS,82,SPORT,HOME,TT,PTAP16644,TUMBLER,irc_bicycles_physical_fitness_20260417_253_p
LPHR260230,BICYCLES-PHYSICAL FITNESS,"Sliding Core Discs Black/Gray - All In Motion: Total Body Exercise Trainers, PVC Material",2,10.00,20.00,All In Motion,018713638106,77459845,China,OUTDOOR_SPORTS,USED_GOOD,BICYCLES PHYSICAL FITNESS,82,SPORT,SPORTING GOODS,TT,PTAP16644,HOME GYM,irc_bicycles_physical_fitness_20260417_253_p
LPJY972651,BICYCLES-PHYSICAL FITNESS,"Men's Strength Training Gloves Black L - All In Motion: Neoprene, Weightlifting",2,10.00,20.00,All In Motion,191907562743,80594797,China,OUTDOOR_SPORTS,USED_GOOD,BICYCLES PHYSICAL FITNESS,82,SPORT,SPORTING GOODS,TT,PTAP16644,STRENGTH TRAINING,irc_bicycles_physical_fitness_20260417_253_p
LPHR122321,BICYCLES-PHYSICAL FITNESS,"Weighted Stability Exercise Ball - Cream 55cm - All In Motion: PVC, 300lb Capacity",1,20.00,20.00,All In Motion,191802001835,90364292,China,OUTDOOR_SPORTS,NEW,BICYCLES PHYSICAL FITNESS,82,SPORT,SPORTING GOODS,TT,PTAP16644,STRENGTH TRAINING,irc_bicycles_physical_fitness_20260417_253_p
LPHR262266,BICYCLES-PHYSICAL FITNESS,Premium Belt Bag Blush - All In Motion: Water-Resistant Knit Fanny Pack,1,20.00,20.00,All In Motion,198420122881,92108302,Cambodia,OUTDOOR_SPORTS,USED_GOOD,BICYCLES PHYSICAL FITNESS,82,SPORT,APPAREL,TT,PTAP16644,BAGS,irc_bicycles_physical_fitness_20260417_253_p
LPHR270620,BICYCLES-PHYSICAL FITNESS,"8.5"" Neoprene Mini Backpack Light Mint Green - All In Motion: Water-Resistant, Adjustable Strap",1,20.00,20.00,All In Motion,198420122911,92108303,Cambodia,OUTDOOR_SPORTS,USED_GOOD,BICYCLES PHYSICAL FITNESS,82,SPORT,APPAREL,TT,PTAP16644,BAGS,irc_bicycles_physical_fitness_20260417_253_p
LPHR084572,BICYCLES-PHYSICAL FITNESS,Yoga Hand Towel Blue - All In Motion: Polyester Sports Accessory,1,20.00,20.00,All In Motion,191907491623,79767265,China,OUTDOOR_SPORTS,USED_GOOD,BICYCLES PHYSICAL FITNESS,82,SPORT,SPORTING GOODS,TT,PTAP16634,YOGA,irc_bicycles_physical_fitness_20260417_253_p
LPJY954690,BICYCLES-PHYSICAL FITNESS,"Women's Strength Training Gloves Purple M - All In Motion: Neoprene, Weightlifting",2,10.00,20.00,All In Motion,191907562828,80594795,China,OUTDOOR_SPORTS,USED_GOOD,BICYCLES PHYSICAL FITNESS,82,SPORT,SPORTING GOODS,TT,PTAP16634,STRENGTH TRAINING,irc_bicycles_physical_fitness_20260417_253_p
LPHR090588,BICYCLES-PHYSICAL FITNESS,Frozen Kids' Roller Skate with Pad Set (Please be advised that sets may be missing pieces or otherwise incomplete.),1,19.99,19.99,Frozen,192995514355,88883848,China,OUTDOOR_SPORTS,USED_GOOD,BICYCLES PHYSICAL FITNESS,82,SPORT,SPORTING GOODS,TT,PTAP16644,SKATES,irc_bicycles_physical_fitness_20260417_253_p
LPHR349380,BICYCLES-PHYSICAL FITNESS,Spider-Man Kids' Bike Pad and Glove Set - Blue/Red (Please be advised that sets may be missing pieces or otherwise incomplete.),1,19.99,19.99,Spider-Man,035011994789,92653362,China,OUTDOOR_SPORTS,NEW,BICYCLES PHYSICAL FITNESS,82,SPORT,SPORTING GOODS,TT,PTAP16644,ACCESSORIES,irc_bicycles_physical_fitness_20260417_253_p
LPHS800825,BICYCLES-PHYSICAL FITNESS,Gaiam Studio Select 3-in-1 Resistance Tube,1,19.99,19.99,Gaiam,018713665294,94413596,China,OUTDOOR_SPORTS,USED_GOOD,BICYCLES PHYSICAL FITNESS,82,SPORT,SPORTING GOODS,TT,PTAP16634,STRENGTH TRAINING,irc_bicycles_physical_fitness_20260417_253_p
LPHS882415,BICYCLES-PHYSICAL FITNESS,Blogilates Tone and Sculpt Fitness Kit Slider Discs Toning Tube and Resistance Band - Light/Medium,1,19.99,19.99,Blogilates,850052976651,94419026,China,OUTDOOR_SPORTS,USED_GOOD,BICYCLES PHYSICAL FITNESS,82,SPORT,SPORTING GOODS,TT,PTAP16634,STRENGTH TRAINING,irc_bicycles_physical_fitness_20260417_253_p
LPHS997751,BICYCLES-PHYSICAL FITNESS,Blogilates Water Bottle Sling - Pink Gingham,1,17.99,17.99,Blogilates,850052976712,94895511,China,OUTDOOR_SPORTS,NEW,BICYCLES PHYSICAL FITNESS,82,SPORT,HOME,TT,PTAP16644,ACCESSORIES,irc_bicycles_physical_fitness_20260417_253_p
LPHR138441,BICYCLES-PHYSICAL FITNESS,"Master Lock 7.25"" U Lock with Looped End Cable: Bike Security",1,17.49,17.49,Master Lock,071649283321,54288060,China,OUTDOOR_SPORTS,USED_GOOD,BICYCLES PHYSICAL FITNESS,82,SPORT,SPORTING GOODS,TT,PTAP16644,ACCESSORIES,irc_bicycles_physical_fitness_20260417_253_p
LPJY955077,BICYCLES-PHYSICAL FITNESS,Raskullz Balance Buddy Light Up LED Bike Training Wheels,1,16.99,16.99,Raskullz,847268023910,92258054,China,OUTDOOR_SPORTS,NEW,BICYCLES PHYSICAL FITNESS,82,SPORT,SPORTING GOODS,TT,PTAP16634,KIDS ACCESSORIES,irc_bicycles_physical_fitness_20260417_253_p
LPJY951106,BICYCLES-PHYSICAL FITNESS,"Tommie Copper Sport Low Cut Socks 3pk - L/XL: Nylon, Polyester, Spandex Blend (Please be advised that sets may be missing pieces or otherwise incomplete.)",1,16.99,16.99,Tommie Copper,018713631855,92542607,China,OUTDOOR_SPORTS,USED_GOOD,BICYCLES PHYSICAL FITNESS,82,SPORT,HEALTH AND BEAUTY,TT,PTAP16634,MUSCLE THERAPY,irc_bicycles_physical_fitness_20260417_253_p
LPJY546575,BICYCLES-PHYSICAL FITNESS,"2"" Weighted Jump Rope - Black - All In Motion: Polypropylene, TPR, TPU",1,16.00,16.00,All In Motion,191802001767,90364308,China,OUTDOOR_SPORTS,USED_GOOD,BICYCLES PHYSICAL FITNESS,82,SPORT,SPORTING GOODS,TT,PTAP16634,HOME GYM,irc_bicycles_physical_fitness_20260417_253_p
LPJY949415,BICYCLES-PHYSICAL FITNESS,"Gatorade 12oz Stainless Steel Water Bottle - Yellow: Portable Drinkware, Plastic Lid",1,15.99,15.99,Gatorade,052000056082,92514286,United States of America,OUTDOOR_SPORTS,USED_GOOD,BICYCLES PHYSICAL FITNESS,82,SPORT,HOME,TT,PTAP16634,STAINLESS STEEL,irc_bicycles_physical_fitness_20260417_253_p
LPHR094624,BICYCLES-PHYSICAL FITNESS,Schwinn Sport MF Dual Strap Seat Cover,1,15.29,15.29,Schwinn,038675198708,86816886,United States of America,OUTDOOR_SPORTS,USED_GOOD,BICYCLES PHYSICAL FITNESS,82,SPORT,SPORTING GOODS,TT,PTAP16634,SEATS,irc_bicycles_physical_fitness_20260417_253_p
LPHR050253,BICYCLES-PHYSICAL FITNESS,Yoga Mat Pink (3mm) - All In Motion,1,15.00,15.00,All In Motion,191802001965,94409153,China,OUTDOOR_SPORTS,USED_GOOD,BICYCLES PHYSICAL FITNESS,82,SPORT,SPORTING GOODS,B,PTBI20994,YOGA,irc_bicycles_physical_fitness_20260417_253_p
LPHR342437,BICYCLES-PHYSICAL FITNESS,Pilates Ring Yoga Wheels - All In Motion Black,1,15.00,15.00,All In Motion,198850949898,94409128,China,OUTDOOR_SPORTS,USED_GOOD,BICYCLES PHYSICAL FITNESS,82,SPORT,SPORTING GOODS,B,PTBI20874,PILATES,irc_bicycles_physical_fitness_20260417_253_p
LPJY970437,BICYCLES-PHYSICAL FITNESS,40oz Stainless Steel Tumbler with Straw Purple - Embark: BPA-Free Drinkware,1,15.00,15.00,Embark,198420113698,92028562,China,OUTDOOR_SPORTS,USED_GOOD,BICYCLES PHYSICAL FITNESS,82,SPORT,HOME,TT,PTAP16644,TUMBLER,irc_bicycles_physical_fitness_20260417_253_p
LPJY409498,BICYCLES-PHYSICAL FITNESS,Owala 32oz Stainless Steel FreeSip Water Bottle - Candy Coated,1,34.99,34.99,Owala,840467308505,94912419,China,OUTDOOR_SPORTS,NEW,BICYCLES PHYSICAL FITNESS,82,SPORT,HOME,TT,PTAP16634,STAINLESS STEEL,irc_bicycles_physical_fitness_20260417_253_p
LPJK441467,BICYCLES-PHYSICAL FITNESS,Melo Supernova Kick Scooter - Black,1,33.99,33.99,Melo,5391544970641,93890926,Cambodia,OUTDOOR_SPORTS,USED_GOOD,BICYCLES PHYSICAL FITNESS,82,SPORT,SPORTING GOODS,B,PTBI20874,2-WHEEL SCOOTERS,irc_bicycles_physical_fitness_20260417_253_p
LPJY556812,BICYCLES-PHYSICAL FITNESS,Blogilates 19oz Glass Protein Shaker Bottle with Silicone Sleeve - Pink,2,16.99,33.98,Blogilates,850052976668,94430695,China,OUTDOOR_SPORTS,USED_GOOD,BICYCLES PHYSICAL FITNESS,82,SPORT,HOME,TT,PTAP16644,ACCESSORIES,irc_bicycles_physical_fitness_20260417_253_p
LPJY703433,BICYCLES-PHYSICAL FITNESS,"30oz Stainless Steel Tumbler with Straw Cream - Embark: Portable Drinkware, Off-White",3,11.00,33.00,Embark,197543640289,88883636,China,OUTDOOR_SPORTS,USED_GOOD,BICYCLES PHYSICAL FITNESS,82,SPORT,HOME,TT,PTAP16634,TUMBLER,irc_bicycles_physical_fitness_20260417_253_p
LPHS774703,BICYCLES-PHYSICAL FITNESS,Stability Exercise Ball Green 55cm - All In Motion,2,16.00,32.00,All In Motion,191802002108,94409164,China,OUTDOOR_SPORTS,NEW,BICYCLES PHYSICAL FITNESS,82,SPORT,SPORTING GOODS,TT,PTAP16634,STRENGTH TRAINING,irc_bicycles_physical_fitness_20260417_253_p
LPHR090481,BICYCLES-PHYSICAL FITNESS,Stability Exercise Ball Blue 65cm - All In Motion,2,16.00,32.00,All In Motion,191802002092,94409165,China,OUTDOOR_SPORTS,USED_GOOD,BICYCLES PHYSICAL FITNESS,82,SPORT,SPORTING GOODS,TT,PTAP16634,STRENGTH TRAINING,irc_bicycles_physical_fitness_20260417_253_p
LPHR321286,BICYCLES-PHYSICAL FITNESS,Tommie Copper Sport Compression Wrist Sleeve - S/M: Supports & Braces for Adults,5,6.19,30.95,Tommie Copper,018713631763,92542599,China,OUTDOOR_SPORTS,NEW,BICYCLES PHYSICAL FITNESS,82,SPORT,HEALTH AND BEAUTY,TT,PTAP16634,MUSCLE THERAPY,irc_bicycles_physical_fitness_20260417_253_p
LPHR056063,BICYCLES-PHYSICAL FITNESS,Pilates Ring Yoga Wheels - All In Motion Black,2,15.00,30.00,All In Motion,198850949898,94409128,China,OUTDOOR_SPORTS,USED_GOOD,BICYCLES PHYSICAL FITNESS,82,SPORT,SPORTING GOODS,B,PTBB58533,PILATES,irc_bicycles_physical_fitness_20260417_253_p
LPHR332782,BICYCLES-PHYSICAL FITNESS,"Acupressure Mat and Pillow Set - All In Motion: Polyurethane Foam, Linen, Cotton (Please be advised that sets may be missing pieces or otherwise incomplete.)",1,30.00,30.00,All In Motion,191802001804,90364310,China,OUTDOOR_SPORTS,USED_GOOD,BICYCLES PHYSICAL FITNESS,82,SPORT,HEALTH AND BEAUTY,B,PTBB59137,MUSCLE THERAPY,irc_bicycles_physical_fitness_20260417_253_p
LPHS439500,BICYCLES-PHYSICAL FITNESS,Adjustable Handheld Roller - All In Motion: TPR Manual Body Massager,2,15.00,30.00,All In Motion,018713658906,90364298,China,OUTDOOR_SPORTS,USED_GOOD,BICYCLES PHYSICAL FITNESS,82,SPORT,HEALTH AND BEAUTY,TT,PTAP16634,MUSCLE THERAPY,irc_bicycles_physical_fitness_20260417_253_p
LPJY961719,BICYCLES-PHYSICAL FITNESS,Yoga Block Tri Color All In Motion - Peach Orange,3,10.00,30.00,All In Motion,198850949928,94409132,China,OUTDOOR_SPORTS,NEW,BICYCLES PHYSICAL FITNESS,82,SPORT,SPORTING GOODS,TT,PTAP16634,YOGA,irc_bicycles_physical_fitness_20260417_253_p
LPHS816792,BICYCLES-PHYSICAL FITNESS,"Minnie Mouse 10"" Fly Wheel Kids' Tricycle with Electronic Sound - Pink/Purple",1,29.99,29.99,Minnie Mouse,192995608337,88232456,China,OUTDOOR_SPORTS,USED_GOOD,BICYCLES PHYSICAL FITNESS,82,SPORT,SPORTING GOODS,B,PTBB58533,TRIKES,irc_bicycles_physical_fitness_20260417_253_p
LPHR095136,BICYCLES-PHYSICAL FITNESS,Owala 24oz FreeSip Stainless Steel Water Bottle - Golden Quest,1,29.99,29.99,Owala,847280093991,91897293,China,OUTDOOR_SPORTS,SALVAGE,BICYCLES PHYSICAL FITNESS,82,SPORT,HOME,TT,PTAP16644,STAINLESS STEEL,irc_bicycles_physical_fitness_20260417_253_p
LPHR295765,BICYCLES-PHYSICAL FITNESS,Owala 24oz FreeSip Stainless Steel Water Bottle  - Navy Nights,1,29.99,29.99,Owala,847280094004,91897296,China,OUTDOOR_SPORTS,USED_GOOD,BICYCLES PHYSICAL FITNESS,82,SPORT,HOME,TT,PTAP16644,STAINLESS STEEL,irc_bicycles_physical_fitness_20260417_253_p
LPJY972228,BICYCLES-PHYSICAL FITNESS,Owala Special Edition 24oz FreeSip Stainless Steel Water Bottle - High Noon,1,29.99,29.99,Owala,840467303678,93290989,China,OUTDOOR_SPORTS,USED_GOOD,BICYCLES PHYSICAL FITNESS,82,SPORT,HOME,TT,PTAP16644,STAINLESS STEEL,irc_bicycles_physical_fitness_20260417_253_p
LPHR068401,BICYCLES-PHYSICAL FITNESS,Gaiam Studio Select Resistance Tube Gym in a Bag,1,29.99,29.99,Gaiam,018713665300,94413595,China,OUTDOOR_SPORTS,USED_GOOD,BICYCLES PHYSICAL FITNESS,82,SPORT,SPORTING GOODS,TT,PTAP16644,BAGS,irc_bicycles_physical_fitness_20260417_253_p
LPHR018683,BICYCLES-PHYSICAL FITNESS,Owala 24oz Stainless Steel FreeSip Water Bottle - Read My Lips,1,29.99,29.99,Owala,840467308352,94894803,China,OUTDOOR_SPORTS,USED_GOOD,BICYCLES PHYSICAL FITNESS,82,SPORT,HOME,TT,PTAP16644,STAINLESS STEEL,irc_bicycles_physical_fitness_20260417_253_p
LPHR160648,BICYCLES-PHYSICAL FITNESS,Owala 24oz Stainless Steel FreeSip Water Bottle - Out of the Blue,1,29.99,29.99,Owala,840467308369,94894804,China,OUTDOOR_SPORTS,USED_GOOD,BICYCLES PHYSICAL FITNESS,82,SPORT,HOME,TT,PTAP16644,STAINLESS STEEL,irc_bicycles_physical_fitness_20260417_253_p
LPHS449734,BICYCLES-PHYSICAL FITNESS,Owala 24oz Stainless Steel FreeSip Water Bottle - Candy Coated,1,29.99,29.99,Owala,840467308376,94912420,China,OUTDOOR_SPORTS,SALVAGE,BICYCLES PHYSICAL FITNESS,82,SPORT,HOME,TT,PTAP16644,STAINLESS STEEL,irc_bicycles_physical_fitness_20260417_253_p
LPJY941605,BICYCLES-PHYSICAL FITNESS,Owala 24oz FreeSip Stainless Steel Water Bottle - Sleek,1,29.99,29.99,Owala,847280072347,83522375,China,OUTDOOR_SPORTS,NEW,BICYCLES PHYSICAL FITNESS,82,SPORT,HOME,TT,PTAP16634,STAINLESS STEEL,irc_bicycles_physical_fitness_20260417_253_p
LPHR288435,BICYCLES-PHYSICAL FITNESS,McDavid Sport Knee Knit Sleeve with Buttress and Stays - Gray -  S/M,1,29.99,29.99,McDavid,029369148338,86205173,"Taiwan, Province of China",OUTDOOR_SPORTS,USED_GOOD,BICYCLES PHYSICAL FITNESS,82,SPORT,HEALTH AND BEAUTY,TT,PTAP16634,MUSCLE THERAPY,irc_bicycles_physical_fitness_20260417_253_p
LPHS459913,BICYCLES-PHYSICAL FITNESS,"Brightz Ride LED - Flame: Silicone & ABS Bike Light, Handlebar & Seat Post Mount",1,29.99,29.99,Brightz,811860031499,92487494,China,OUTDOOR_SPORTS,LIKE_NEW,BICYCLES PHYSICAL FITNESS,82,SPORT,SPORTING GOODS,TT,PTAP16634,ACCESSORIES,irc_bicycles_physical_fitness_20260417_253_p
LPHR008381,BICYCLES-PHYSICAL FITNESS,Owala 24oz Stainless Steel FreeSip Twist Water Bottle - Bubblegum Burst,1,29.99,29.99,Owala,840467303746,93486820,China,OUTDOOR_SPORTS,USED_GOOD,BICYCLES PHYSICAL FITNESS,82,SPORT,HOME,TT,PTAP16634,STAINLESS STEEL,irc_bicycles_physical_fitness_20260417_253_p
LPHR076571,BICYCLES-PHYSICAL FITNESS,Owala 24oz Stainless Steel FreeSip Water Bottle - In Good Company,1,29.99,29.99,Owala,840467308345,94894811,China,OUTDOOR_SPORTS,USED_GOOD,BICYCLES PHYSICAL FITNESS,82,SPORT,HOME,TT,PTAP16634,STAINLESS STEEL,irc_bicycles_physical_fitness_20260417_253_p
LPHR248110,BICYCLES-PHYSICAL FITNESS,"McDavid Sport Tennis and Golf Elbow Strap: Tendonitis & Muscle Pain Relief, Nylon",2,14.99,29.98,McDavid,029369160194,91146885,Viet Nam,OUTDOOR_SPORTS,USED_GOOD,BICYCLES PHYSICAL FITNESS,82,SPORT,HEALTH AND BEAUTY,TT,PTAP16644,MUSCLE THERAPY,irc_bicycles_physical_fitness_20260417_253_p
LPJY950586,BICYCLES-PHYSICAL FITNESS,"Brightz Color Morphing Bike Wheel LED Lights: Iron, Silicone, Polyurethane, ABS",2,14.99,29.98,Brightz,811860032281,89207349,China,OUTDOOR_SPORTS,USED_GOOD,BICYCLES PHYSICAL FITNESS,82,SPORT,SPORTING GOODS,TT,PTAP16634,ACCESSORIES,irc_bicycles_physical_fitness_20260417_253_p
LPHR267154,BICYCLES-PHYSICAL FITNESS,Gaiam Studio Select Barre Sock 2pk (Please be advised that sets may be missing pieces or otherwise incomplete.),2,14.99,29.98,Gaiam,018713665324,94413600,China,OUTDOOR_SPORTS,USED_GOOD,BICYCLES PHYSICAL FITNESS,82,SPORT,APPAREL,TT,PTAP16634,YOGA,irc_bicycles_physical_fitness_20260417_253_p
LPJY251303,BICYCLES-PHYSICAL FITNESS,Champion Game-Ready Chug Bottle 40oz - Blue,2,14.99,29.98,Champion,018713666116,94472972,China,OUTDOOR_SPORTS,USED_GOOD,BICYCLES PHYSICAL FITNESS,82,SPORT,HOME,TT,PTAP16634,SIDELINE,irc_bicycles_physical_fitness_20260417_253_p
LPHR069097,BICYCLES-PHYSICAL FITNESS,"Hydro Flask 24oz Wide Mouth Flex Straw Bottle - White: BPA-Free, Vacuum-Insulated",1,28.49,28.49,Hydro Flask,810070084127,92506407,China,OUTDOOR_SPORTS,USED_GOOD,BICYCLES PHYSICAL FITNESS,82,SPORT,HOME,TT,PTAP16634,STAINLESS STEEL,irc_bicycles_physical_fitness_20260417_253_p
LPHR062021,BICYCLES-PHYSICAL FITNESS,"Solid Barre Liner Socks 2pk - Brown/Purple - All In Motion: Cotton, Nylon Yoga Accessories (Please be advised that sets may be missing pieces or otherwise incomplete.)",2,14.00,28.00,All In Motion,016975119395,79797725,Pakistan,OUTDOOR_SPORTS,USED_GOOD,BICYCLES PHYSICAL FITNESS,82,SPORT,SPORTING GOODS,TT,PTAP16634,YOGA,irc_bicycles_physical_fitness_20260417_253_p
LPHS885756,BICYCLES-PHYSICAL FITNESS,BlenderBottle 24oz Stainless Steel Strada Straw Tumbler - Sage Green,1,27.99,27.99,BlenderBottle,847280097227,92901397,China,OUTDOOR_SPORTS,NEW,BICYCLES PHYSICAL FITNESS,82,SPORT,HOME,TT,PTAP16634,MIXER,irc_bicycles_physical_fitness_20260417_253_p
LPHR270019,BICYCLES-PHYSICAL FITNESS,BlenderBottle 25oz Strada Stainless Steel Shaker Cup - White Gradient,1,27.99,27.99,BlenderBottle,840467308222,94894806,China,OUTDOOR_SPORTS,NEW,BICYCLES PHYSICAL FITNESS,82,SPORT,HOME,TT,PTAP16634,MIXER,irc_bicycles_physical_fitness_20260417_253_p
LPHR264506,BICYCLES-PHYSICAL FITNESS,BlenderBottle 25oz Strada Stainless Steel Shaker Cup - Tan Floral,1,27.99,27.99,BlenderBottle,840467308253,94894807,China,OUTDOOR_SPORTS,USED_GOOD,BICYCLES PHYSICAL FITNESS,82,SPORT,HOME,TT,PTAP16634,MIXER,irc_bicycles_physical_fitness_20260417_253_p
LPHR268413,BICYCLES-PHYSICAL FITNESS,"TriggerPoint NANO Foot Roller - Orange: EVA Foam, Whole Body Therapy",1,26.99,26.99,TriggerPoint,858787002973,52634544,China,OUTDOOR_SPORTS,USED_GOOD,BICYCLES PHYSICAL FITNESS,82,SPORT,HEALTH AND BEAUTY,TT,PTAP16644,MUSCLE THERAPY,irc_bicycles_physical_fitness_20260417_253_p
LPJY970825,BICYCLES-PHYSICAL FITNESS,"McDavid Sport Jumper's Knee Patella Strap: Joint Support, Nylon, One Size",2,13.19,26.38,McDavid,029369153813,90469154,"Taiwan, Province of China",OUTDOOR_SPORTS,NEW,BICYCLES PHYSICAL FITNESS,82,SPORT,HEALTH AND BEAUTY,TT,PTAP16644,MUSCLE THERAPY,irc_bicycles_physical_fitness_20260417_253_p
LPHS792850,BICYCLES-PHYSICAL FITNESS,Wrist/Ankle Weight 2pc 1lb Set - All In Motion (Please be advised that sets may be missing pieces or otherwise incomplete.),2,13.00,26.00,All In Motion,191802002078,94409162,China,OUTDOOR_SPORTS,USED_GOOD,BICYCLES PHYSICAL FITNESS,82,SPORT,SPORTING GOODS,TT,PTAP16634,WEARABLES,irc_bicycles_physical_fitness_20260417_253_p
LPHR041781,BICYCLES-PHYSICAL FITNESS,Schwinn Cyclone Plus Bike Pump - White,1,25.99,25.99,Schwinn,038675121447,52529290,United States of America,OUTDOOR_SPORTS,USED_GOOD,BICYCLES PHYSICAL FITNESS,82,SPORT,SPORTING GOODS,B,PTBI20994,ACCESSORIES,irc_bicycles_physical_fitness_20260417_253_p
LPHS639371,BICYCLES-PHYSICAL FITNESS,Schwinn Cyclone Plus Bike Pump - White,1,25.99,25.99,Schwinn,038675121447,52529290,United States of America,OUTDOOR_SPORTS,USED_GOOD,BICYCLES PHYSICAL FITNESS,82,SPORT,SPORTING GOODS,B,PTBI20901,ACCESSORIES,irc_bicycles_physical_fitness_20260417_253_p
LPHS422573,BICYCLES-PHYSICAL FITNESS,Schwinn Commute Bike Saddle - Black,1,25.99,25.99,Schwinn,038675238626,80513490,United States of America,OUTDOOR_SPORTS,NEW,BICYCLES PHYSICAL FITNESS,82,SPORT,SPORTING GOODS,TT,PTAP16644,SEATS,irc_bicycles_physical_fitness_20260417_253_p
LPJY551090,BICYCLES-PHYSICAL FITNESS,Schwinn Commute Bike Saddle - Black,1,25.99,25.99,Schwinn,038675238626,80513490,United States of America,OUTDOOR_SPORTS,USED_GOOD,BICYCLES PHYSICAL FITNESS,82,SPORT,SPORTING GOODS,TT,PTAP16644,SEATS,irc_bicycles_physical_fitness_20260417_253_p
LPHS422365,BICYCLES-PHYSICAL FITNESS,Tommie Copper Sport Compression Gloves - S/M: Supports & Braces for Carpal Tunnel,2,12.99,25.98,Tommie Copper,018713660923,92542608,China,OUTDOOR_SPORTS,USED_GOOD,BICYCLES PHYSICAL FITNESS,82,SPORT,HEALTH AND BEAUTY,TT,PTAP16644,MUSCLE THERAPY,irc_bicycles_physical_fitness_20260417_253_p
LPHS792843,BICYCLES-PHYSICAL FITNESS,Tommie Copper Sport Compression Gloves - S/M: Supports & Braces for Carpal Tunnel,2,12.99,25.98,Tommie Copper,018713660923,92542608,China,OUTDOOR_SPORTS,USED_GOOD,BICYCLES PHYSICAL FITNESS,82,SPORT,HEALTH AND BEAUTY,TT,PTAP16634,MUSCLE THERAPY,irc_bicycles_physical_fitness_20260417_253_p
LPJY984460,BICYCLES-PHYSICAL FITNESS,"Cloud Print Yoga Mat 5mm Violet - All In Motion: PVC Material, Low Tack Grip",1,25.00,25.00,All In Motion,191802000821,82721436,China,OUTDOOR_SPORTS,NEW,BICYCLES PHYSICAL FITNESS,82,SPORT,SPORTING GOODS,B,PTBI20901,YOGA,irc_bicycles_physical_fitness_20260417_253_p
LPHR131301,BICYCLES-PHYSICAL FITNESS,Yoga Mat TPE Brown (5mm) - All In Motion,1,25.00,25.00,All In Motion,191802002122,94409171,China,OUTDOOR_SPORTS,USED_GOOD,BICYCLES PHYSICAL FITNESS,82,SPORT,SPORTING GOODS,B,PTBB59137,YOGA,irc_bicycles_physical_fitness_20260417_253_p
LPJY960377,BICYCLES-PHYSICAL FITNESS,"Premium Belt Fanny Pack Bag - Black - All In Motion: Water-Resistant, Adjustable Strap",1,25.00,25.00,All In Motion,198420024505,90364304,Cambodia,OUTDOOR_SPORTS,NEW,BICYCLES PHYSICAL FITNESS,82,SPORT,APPAREL,TT,PTAP16644,BAGS,irc_bicycles_physical_fitness_20260417_253_p
LPHR161994,BICYCLES-PHYSICAL FITNESS,Wrist/Ankle Weight 2lb 2pc Set - All In Motion (Please be advised that sets may be missing pieces or otherwise incomplete.),1,25.00,25.00,All In Motion,191802002061,94409163,China,OUTDOOR_SPORTS,NEW,BICYCLES PHYSICAL FITNESS,82,SPORT,SPORTING GOODS,TT,PTAP16644,WEARABLES,irc_bicycles_physical_fitness_20260417_253_p
LPHR089928,BICYCLES-PHYSICAL FITNESS,"2pk Adjustable Trekking Poles Black - All In Motion: Aluminum, Rubber Handles (Please be advised that sets may be missing pieces or otherwise incomplete.)",1,25.00,25.00,All In Motion,054003866941,88001435,China,OUTDOOR_SPORTS,USED_GOOD,BICYCLES PHYSICAL FITNESS,82,SPORT,SPORTING GOODS,TT,PTAP16634,WALK/RUN,irc_bicycles_physical_fitness_20260417_253_p
LPHR035125,BICYCLES-PHYSICAL FITNESS,Wrist/Ankle Weight 2lb 2pc Set - All In Motion (Please be advised that sets may be missing pieces or otherwise incomplete.),1,25.00,25.00,All In Motion,191802002061,94409163,China,OUTDOOR_SPORTS,NEW,BICYCLES PHYSICAL FITNESS,82,SPORT,SPORTING GOODS,TT,PTAP16634,WEARABLES,irc_bicycles_physical_fitness_20260417_253_p
LPHR346257,BICYCLES-PHYSICAL FITNESS,Raskullz Astro Cat Toddler Helmet Pink,1,24.99,24.99,Raskullz,847268008153,16629089,China,OUTDOOR_SPORTS,NEW,BICYCLES PHYSICAL FITNESS,82,SPORT,SPORTING GOODS,TT,PTAP16644,TODDLER HELMETS,irc_bicycles_physical_fitness_20260417_253_p
LPHR089434,BICYCLES-PHYSICAL FITNESS,Blackburn Hybrid Bike Tire 700c - Black,1,24.99,24.99,Blackburn,035011995342,94430445,"Taiwan, Province of China",OUTDOOR_SPORTS,NEW,BICYCLES PHYSICAL FITNESS,82,SPORT,SPORTING GOODS,TT,PTAP16644,TIRES,irc_bicycles_physical_fitness_20260417_253_p
LPJY974121,BICYCLES-PHYSICAL FITNESS,Schwinn Bike Seat Pack with Repair Tools - Black,1,24.99,24.99,Schwinn,038675238480,80594781,United States of America,OUTDOOR_SPORTS,USED_GOOD,BICYCLES PHYSICAL FITNESS,82,SPORT,SPORTING GOODS,TT,PTAP16634,REPAIR,irc_bicycles_physical_fitness_20260417_253_p
LPHR478000,BICYCLES-PHYSICAL FITNESS,Raskullz Lil Sharkie Cycling Kids' Boys' Bike Helmet - Blue,1,24.99,24.99,Raskullz,847268022456,92257665,China,OUTDOOR_SPORTS,USED_GOOD,BICYCLES PHYSICAL FITNESS,82,SPORT,SPORTING GOODS,TT,PTAP16634,INFANT HELMET,irc_bicycles_physical_fitness_20260417_253_p
LPHR161097,BICYCLES-PHYSICAL FITNESS,"Tommie Copper Sport Compression Knee High Socks 2pk - S/M: Leg Support, Microfiber, Adult (Please be advised that sets may be missing pieces or otherwise incomplete.)",2,12.29,24.58,Tommie Copper,018713631817,91151090,China,OUTDOOR_SPORTS,NEW,BICYCLES PHYSICAL FITNESS,82,SPORT,HEALTH AND BEAUTY,TT,PTAP16644,MUSCLE THERAPY,irc_bicycles_physical_fitness_20260417_253_p
LPHR086293,BICYCLES-PHYSICAL FITNESS,"Dumbbell 5lbs Aqua - All In Motion: PVC Coated, Iron Filled, Arm Workout",2,12.00,24.00,All In Motion,018713638236,77459851,China,OUTDOOR_SPORTS,NEW,BICYCLES PHYSICAL FITNESS,82,SPORT,SPORTING GOODS,TT,PTAP16644,STRENGTH TRAINING,irc_bicycles_physical_fitness_20260417_253_p
LPHR353289,BICYCLES-PHYSICAL FITNESS,Blogilates Jelly Hand Weight Dumbbell - 10lbs,1,23.99,23.99,Blogilates,850052976156,91151481,China,OUTDOOR_SPORTS,USED_GOOD,BICYCLES PHYSICAL FITNESS,82,SPORT,SPORTING GOODS,B,PTBI20874,STRENGTH TRAINING,irc_bicycles_physical_fitness_20260417_253_p
LPHR261578,BICYCLES-PHYSICAL FITNESS,"Blackburn 20"" Self Sealing Bike Tube - Black",2,11.99,23.98,Blackburn,035011995243,94430440,China,OUTDOOR_SPORTS,NEW,BICYCLES PHYSICAL FITNESS,82,SPORT,SPORTING GOODS,TT,PTAP16634,TUBES,irc_bicycles_physical_fitness_20260417_253_p
LPHR089522,BICYCLES-PHYSICAL FITNESS,"Blackburn 20"" Self Sealing Bike Tube - Black",2,11.99,23.98,Blackburn,035011995243,94430440,China,OUTDOOR_SPORTS,USED_GOOD,BICYCLES PHYSICAL FITNESS,82,SPORT,SPORTING GOODS,TT,PTAP16634,TUBES,irc_bicycles_physical_fitness_20260417_253_p
LPHS624171,BICYCLES-PHYSICAL FITNESS,"Blackburn 26"" Cruiser Bike Tire - Black",1,22.49,22.49,Blackburn,035011995373,94430437,"Taiwan, Province of China",OUTDOOR_SPORTS,USED_GOOD,BICYCLES PHYSICAL FITNESS,82,SPORT,SPORTING GOODS,TT,PTAP16634,TIRES,irc_bicycles_physical_fitness_20260417_253_p
LPJY975524,BICYCLES-PHYSICAL FITNESS,"Premium Flat Band Kit - All In Motion: Latex Resistance Bands, Medium to Heavy",2,11.00,22.00,All In Motion,198420041540,90364290,China,OUTDOOR_SPORTS,USED_GOOD,BICYCLES PHYSICAL FITNESS,82,SPORT,SPORTING GOODS,TT,PTAP16644,STRENGTH TRAINING,irc_bicycles_physical_fitness_20260417_253_p
LPHR351273,BICYCLES-PHYSICAL FITNESS,Soft Kettlebell 5lb Cream - All In Motion,1,21.00,21.00,All In Motion,191802002030,94409157,China,OUTDOOR_SPORTS,USED_GOOD,BICYCLES PHYSICAL FITNESS,82,SPORT,SPORTING GOODS,B,PTBI20858,STRENGTH TRAINING,irc_bicycles_physical_fitness_20260417_253_p
LPHS776335,BICYCLES-PHYSICAL FITNESS,"Blackburn 24"" Mountain Bike Tire - Black",1,20.99,20.99,Blackburn,035011995366,94430438,"Taiwan, Province of China",OUTDOOR_SPORTS,NEW,BICYCLES PHYSICAL FITNESS,82,SPORT,SPORTING GOODS,TT,PTAP16644,ACCESSORIES,irc_bicycles_physical_fitness_20260417_253_p
LPHR325238,BICYCLES-PHYSICAL FITNESS,Raskullz Super Rainbowcorn Child Bike Helmet,1,20.99,20.99,Raskullz,847268000423,16629088,China,OUTDOOR_SPORTS,USED_GOOD,BICYCLES PHYSICAL FITNESS,82,SPORT,SPORTING GOODS,TT,PTAP16634,CHILD HELMETS,irc_bicycles_physical_fitness_20260417_253_p
LPHR242612,BICYCLES-PHYSICAL FITNESS,"8.5"" Neoprene Mini Backpack Cream - All In Motion: Water-Resistant, Adjustable Strap",1,20.00,20.00,All In Motion,198420122935,92108305,Cambodia,OUTDOOR_SPORTS,NEW,BICYCLES PHYSICAL FITNESS,82,SPORT,APPAREL,TT,PTAP16644,BAGS,irc_bicycles_physical_fitness_20260417_253_p
LPHR312450,BICYCLES-PHYSICAL FITNESS,"Belt Fanny Pack Blush - All In Motion: Adjustable Strap, Solid Pattern",1,20.00,20.00,All In Motion,198420122980,92201038,Cambodia,OUTDOOR_SPORTS,USED_GOOD,BICYCLES PHYSICAL FITNESS,82,SPORT,APPAREL,TT,PTAP16644,BAGS,irc_bicycles_physical_fitness_20260417_253_p
LPHR126030,BICYCLES-PHYSICAL FITNESS,Better Hand Gripper - All In Motion: ABS Exercise Trainer for Hand Muscles,2,10.00,20.00,All In Motion,191802000746,82399803,China,OUTDOOR_SPORTS,USED_GOOD,BICYCLES PHYSICAL FITNESS,82,SPORT,SPORTING GOODS,TT,PTAP16634,HOME GYM,irc_bicycles_physical_fitness_20260417_253_p
LPJY543460,BICYCLES-PHYSICAL FITNESS,64oz Stainless Steel Vacuum Insulated Water Bottle Chalk - All In Motion: Portable Drinkware,1,20.00,20.00,All In Motion,707849153200,90796146,China,OUTDOOR_SPORTS,USED_GOOD,BICYCLES PHYSICAL FITNESS,82,SPORT,HOME,TT,PTAP16634,LARGE CAPACITY,irc_bicycles_physical_fitness_20260417_253_p
LPHR017228,BICYCLES-PHYSICAL FITNESS,Yoga Block Tri Color All In Motion - Blue,2,10.00,20.00,All In Motion,198850949935,94409131,China,OUTDOOR_SPORTS,USED_GOOD,BICYCLES PHYSICAL FITNESS,82,SPORT,SPORTING GOODS,TT,PTAP16634,YOGA,irc_bicycles_physical_fitness_20260417_253_p
LPHR258663,BICYCLES-PHYSICAL FITNESS,Frozen Kids' Roller Skate with Pad Set (Please be advised that sets may be missing pieces or otherwise incomplete.),1,19.99,19.99,Frozen,192995514355,88883848,China,OUTDOOR_SPORTS,NEW,BICYCLES PHYSICAL FITNESS,82,SPORT,SPORTING GOODS,TT,PTAP16644,SKATES,irc_bicycles_physical_fitness_20260417_253_p
LPHR258664,BICYCLES-PHYSICAL FITNESS,PAW Patrol Jr.Roller Kids' Roller Skate with Pad Set (Please be advised that sets may be missing pieces or otherwise incomplete.),1,19.99,19.99,PAW Patrol,192995514331,88883849,China,OUTDOOR_SPORTS,NEW,BICYCLES PHYSICAL FITNESS,82,SPORT,SPORTING GOODS,TT,PTAP16644,SKATES,irc_bicycles_physical_fitness_20260417_253_p
LPHR089220,BICYCLES-PHYSICAL FITNESS,Schwinn Classic Dot Matrix Cycling Toddler Boys' Bike Helmet,1,19.99,19.99,Schwinn,038675290884,92653357,United States of America,OUTDOOR_SPORTS,USED_GOOD,BICYCLES PHYSICAL FITNESS,82,SPORT,SPORTING GOODS,TT,PTAP16644,TODDLER HELMETS,irc_bicycles_physical_fitness_20260417_253_p
LPHS776321,BICYCLES-PHYSICAL FITNESS,"Blackburn 27.5"" Mountain Bike Tire - Black",1,19.99,19.99,Blackburn,035011995380,94430431,"Taiwan, Province of China",OUTDOOR_SPORTS,USED_GOOD,BICYCLES PHYSICAL FITNESS,82,SPORT,SPORTING GOODS,TT,PTAP16644,TIRES,irc_bicycles_physical_fitness_20260417_253_p
LPJY996527,BICYCLES-PHYSICAL FITNESS,Raskullz Kids' Bike Basket with Charms - Gray,1,19.99,19.99,Raskullz,847268024467,92653358,China,OUTDOOR_SPORTS,USED_GOOD,BICYCLES PHYSICAL FITNESS,82,SPORT,SPORTING GOODS,TT,PTAP16634,KIDS ACCESSORIES,irc_bicycles_physical_fitness_20260417_253_p
LPHR294417,BICYCLES-PHYSICAL FITNESS,McDavid Sport Compression Knit Knee Sleeve with Gel Buttress - S/M: Tendonitis & Arthritis Support,1,17.99,17.99,McDavid,029369148314,90469186,"Taiwan, Province of China",OUTDOOR_SPORTS,NEW,BICYCLES PHYSICAL FITNESS,82,SPORT,HEALTH AND BEAUTY,TT,PTAP16644,MUSCLE THERAPY,irc_bicycles_physical_fitness_20260417_253_p
LPJY953208,BICYCLES-PHYSICAL FITNESS,"McDavid Sport Compression Knit Elbow Sleeve with Gel Buttress - L/XL: Arthritis Support, Nylon & Spandex",1,17.99,17.99,McDavid,029369148383,91146875,"Taiwan, Province of China",OUTDOOR_SPORTS,NEW,BICYCLES PHYSICAL FITNESS,82,SPORT,HEALTH AND BEAUTY,TT,PTAP16634,MUSCLE THERAPY,irc_bicycles_physical_fitness_20260417_253_p
LPJY960362,BICYCLES-PHYSICAL FITNESS,Masterlock ULock Key - Black,1,16.99,16.99,Master Lock,716492052556,13592034,,OUTDOOR_SPORTS,NEW,BICYCLES PHYSICAL FITNESS,82,SPORT,SPORTING GOODS,TT,PTAP16644,LOCKS,irc_bicycles_physical_fitness_20260417_253_p
LPHR094284,BICYCLES-PHYSICAL FITNESS,Masterlock ULock Key - Black,1,16.99,16.99,Master Lock,716492052556,13592034,,OUTDOOR_SPORTS,USED_GOOD,BICYCLES PHYSICAL FITNESS,82,SPORT,SPORTING GOODS,TT,PTAP16644,LOCKS,irc_bicycles_physical_fitness_20260417_253_p
LPHR075641,BICYCLES-PHYSICAL FITNESS,Blogilates Loop Bands - 4pk: Latex Resistance for Legs & Arms (Please be advised that sets may be missing pieces or otherwise incomplete.),1,16.99,16.99,Blogilates,850028476598,85585583,China,OUTDOOR_SPORTS,USED_GOOD,BICYCLES PHYSICAL FITNESS,82,SPORT,SPORTING GOODS,TT,PTAP16644,STRENGTH TRAINING,irc_bicycles_physical_fitness_20260417_253_p
LPHR088914,BICYCLES-PHYSICAL FITNESS,Paw Patrol Pup Pals Kids' Bike Pad Set (Please be advised that sets may be missing pieces or otherwise incomplete.),1,16.99,16.99,PAW Patrol,035011994321,92653355,United States of America,OUTDOOR_SPORTS,USED_GOOD,BICYCLES PHYSICAL FITNESS,82,SPORT,SPORTING GOODS,TT,PTAP16634,KIDS ACCESSORIES,irc_bicycles_physical_fitness_20260417_253_p
LPHR270389,BICYCLES-PHYSICAL FITNESS,BlenderBottle 24oz Plastic Strada Tritian Water Bottle - Pink,1,15.99,15.99,BlenderBottle,840467304552,94408630,China,OUTDOOR_SPORTS,USED_GOOD,BICYCLES PHYSICAL FITNESS,82,SPORT,HOME,TT,PTAP16644,MIXER,irc_bicycles_physical_fitness_20260417_253_p
LPHS763835,BICYCLES-PHYSICAL FITNESS,BlenderBottle 24oz Strada Tritan Shaker Cup - Black,1,15.99,15.99,BlenderBottle,840467308185,94894805,China,OUTDOOR_SPORTS,USED_GOOD,BICYCLES PHYSICAL FITNESS,82,SPORT,HOME,TT,PTAP16644,MIXER,irc_bicycles_physical_fitness_20260417_253_p
LPHS624069,BICYCLES-PHYSICAL FITNESS,BlenderBottle 24oz Strada Tritan Shaker Cup - Confetti,1,15.99,15.99,BlenderBottle,840467308215,94894812,China,OUTDOOR_SPORTS,NEW,BICYCLES PHYSICAL FITNESS,82,SPORT,HOME,TT,PTAP16644,MIXER,irc_bicycles_physical_fitness_20260417_253_p
LPHR254532,BICYCLES-PHYSICAL FITNESS,BlenderBottle 24oz Strada Tritan Shaker Cup - Purple,1,15.99,15.99,BlenderBottle,840467308611,94922012,China,OUTDOOR_SPORTS,NEW,BICYCLES PHYSICAL FITNESS,82,SPORT,HOME,TT,PTAP16644,MIXER,irc_bicycles_physical_fitness_20260417_253_p
LPHR256586,BICYCLES-PHYSICAL FITNESS,BlenderBottle 24oz Strada Tritan Shaker Cup - Mint Green,1,15.99,15.99,BlenderBottle,840467308628,94922014,China,OUTDOOR_SPORTS,USED_GOOD,BICYCLES PHYSICAL FITNESS,82,SPORT,HOME,TT,PTAP16644,MIXER,irc_bicycles_physical_fitness_20260417_253_p
LPJY747904,BICYCLES-PHYSICAL FITNESS,"Stretch Strap - All In Motion: Yoga Accessory, 100% Recycled PET",1,15.00,15.00,All In Motion,196365807160,85616918,China,OUTDOOR_SPORTS,NEW,BICYCLES PHYSICAL FITNESS,82,SPORT,SPORTING GOODS,TT,PTAP16644,MUSCLE THERAPY,irc_bicycles_physical_fitness_20260417_253_p
LPJY962549,BICYCLES-PHYSICAL FITNESS,40oz Stainless Steel Tumbler with Straw Black - Embark,1,15.00,15.00,Embark,197543650004,88632443,China,OUTDOOR_SPORTS,USED_GOOD,BICYCLES PHYSICAL FITNESS,82,SPORT,HOME,TT,PTAP16644,TUMBLER,irc_bicycles_physical_fitness_20260417_253_p
LPHR087100,BICYCLES-PHYSICAL FITNESS,40oz Stainless Steel Tumbler with Straw Cream - Embark,1,15.00,15.00,Embark,197543649992,88632445,China,OUTDOOR_SPORTS,NEW,BICYCLES PHYSICAL FITNESS,82,SPORT,HOME,TT,PTAP16644,TUMBLER,irc_bicycles_physical_fitness_20260417_253_p
LPHS811404,BICYCLES-PHYSICAL FITNESS,24oz Stainless Steel Vacuum Insulated Water Bottle Soft Green - All In Motion: Portable Drinkware,1,15.00,15.00,All In Motion,707849153187,90796152,China,OUTDOOR_SPORTS,NEW,BICYCLES PHYSICAL FITNESS,82,SPORT,HOME,TT,PTAP16644,STAINLESS STEEL,irc_bicycles_physical_fitness_20260417_253_p
LPHR008506,BICYCLES-PHYSICAL FITNESS,"32oz Stainless Steel Hydration Water Bottle - Cream - Embark: Portable Drinkware, Polypropylene Lid",1,15.00,15.00,Embark,198420113674,92028564,China,OUTDOOR_SPORTS,USED_GOOD,BICYCLES PHYSICAL FITNESS,82,SPORT,HOME,TT,PTAP16644,STAINLESS STEEL,irc_bicycles_physical_fitness_20260417_253_p
LPHS624184,BICYCLES-PHYSICAL FITNESS,40oz Stainless Steel Tumbler with Straw Purple - Embark: BPA-Free Drinkware,1,15.00,15.00,Embark,198420113698,92028562,China,OUTDOOR_SPORTS,NEW,BICYCLES PHYSICAL FITNESS,82,SPORT,HOME,TT,PTAP16634,TUMBLER,irc_bicycles_physical_fitness_20260417_253_p
LPJY544874,BICYCLES-PHYSICAL FITNESS,Brightz Shape Patterned Bike Wheel LED Light: Silicone Reflector Accessory,1,14.99,14.99,Brightz,811860032205,89207352,China,OUTDOOR_SPORTS,NEW,BICYCLES PHYSICAL FITNESS,82,SPORT,SPORTING GOODS,TT,PTAP16644,ACCESSORIES,irc_bicycles_physical_fitness_20260417_253_p
LPHR061088,BICYCLES-PHYSICAL FITNESS,Champion Game-Ready Chug Bottle 40oz - Black,1,14.99,14.99,Champion,018713666093,94460514,China,OUTDOOR_SPORTS,NEW,BICYCLES PHYSICAL FITNESS,82,SPORT,HOME,TT,PTAP16634,SIDELINE,irc_bicycles_physical_fitness_20260417_253_p
LPHR057814,BICYCLES-PHYSICAL FITNESS,"Dumbbell 8lbs Green - All In Motion: PVC Coated, Iron Filled, Single Piece",1,14.00,14.00,All In Motion,018713638250,77459830,China,OUTDOOR_SPORTS,USED_GOOD,BICYCLES PHYSICAL FITNESS,82,SPORT,SPORTING GOODS,B,PTBB58533,STRENGTH TRAINING,irc_bicycles_physical_fitness_20260417_253_p
LPHR308499,BICYCLES-PHYSICAL FITNESS,"Blackburn 20"" BMX Bike Tire - Black",1,13.59,13.59,Blackburn,035011995359,94430436,"Taiwan, Province of China",OUTDOOR_SPORTS,USED_GOOD,BICYCLES PHYSICAL FITNESS,82,SPORT,SPORTING GOODS,TT,PTAP16644,ACCESSORIES,irc_bicycles_physical_fitness_20260417_253_p
LPJY941426,BICYCLES-PHYSICAL FITNESS,Loop Band Kit Blue - All In Motion: Latex Resistance Bands for Legs & Arms,1,13.00,13.00,All In Motion,018713639899,79767261,China,OUTDOOR_SPORTS,USED_GOOD,BICYCLES PHYSICAL FITNESS,82,SPORT,SPORTING GOODS,TT,PTAP16644,STRENGTH TRAINING,irc_bicycles_physical_fitness_20260417_253_p
LPJY951035,BICYCLES-PHYSICAL FITNESS,"24oz Stainless Steel Hydration Water Bottle - Purple - Embark: Portable Drinkware, Polypropylene Lid",1,13.00,13.00,Embark,198420113490,92028556,China,OUTDOOR_SPORTS,USED_GOOD,BICYCLES PHYSICAL FITNESS,82,SPORT,HOME,TT,PTAP16644,STAINLESS STEEL,irc_bicycles_physical_fitness_20260417_253_p
LPJY545641,BICYCLES-PHYSICAL FITNESS,"24oz Stainless Steel Hydration Water Bottle - Green - Embark: Portable Drinkware, Polypropylene Lid",1,13.00,13.00,Embark,198420113728,92028560,China,OUTDOOR_SPORTS,NEW,BICYCLES PHYSICAL FITNESS,82,SPORT,HOME,TT,PTAP16644,STAINLESS STEEL,irc_bicycles_physical_fitness_20260417_253_p
LPHS546470,BICYCLES-PHYSICAL FITNESS,Women's Varsity Stripe Yoga Crew Socks - All in Motion Black 4-10,1,13.00,13.00,All In Motion,198850949874,94660835,Pakistan,OUTDOOR_SPORTS,NEW,BICYCLES PHYSICAL FITNESS,82,SPORT,APPAREL,TT,PTAP16644,YOGA,irc_bicycles_physical_fitness_20260417_253_p
LPJY548663,BICYCLES-PHYSICAL FITNESS,"Master Lock 6' X 1/2"" Re settable Combo Cable: Bike Security Lock",1,12.99,12.99,Master Lock,071649049491,54287919,China,OUTDOOR_SPORTS,NEW,BICYCLES PHYSICAL FITNESS,82,SPORT,SPORTING GOODS,TT,PTAP16644,ACCESSORIES,irc_bicycles_physical_fitness_20260417_253_p
LPJY948283,BICYCLES-PHYSICAL FITNESS,Gaiam Studio Select Resistance Tube - Medium - Green,1,12.99,12.99,Gaiam,018713665263,94413598,China,OUTDOOR_SPORTS,NEW,BICYCLES PHYSICAL FITNESS,82,SPORT,SPORTING GOODS,TT,PTAP16634,STRENGTH TRAINING,irc_bicycles_physical_fitness_20260417_253_p
LPHS806136,BICYCLES-PHYSICAL FITNESS,Gaiam Studio Select Resistance Tube - Medium - Green,1,12.99,12.99,Gaiam,018713665263,94413598,China,OUTDOOR_SPORTS,USED_GOOD,BICYCLES PHYSICAL FITNESS,82,SPORT,SPORTING GOODS,TT,PTAP16634,STRENGTH TRAINING,irc_bicycles_physical_fitness_20260417_253_p
LPHS885686,BICYCLES-PHYSICAL FITNESS,"Tommie Copper Sport Compression Elbow Support Sleeve - L/XL: Joint Support, Slip On",2,6.19,12.38,Tommie Copper,018713631626,91151089,China,OUTDOOR_SPORTS,NEW,BICYCLES PHYSICAL FITNESS,82,SPORT,HEALTH AND BEAUTY,TT,PTAP16644,MUSCLE THERAPY,irc_bicycles_physical_fitness_20260417_253_p
LPHS776329,BICYCLES-PHYSICAL FITNESS,"Blackburn 20"" Self Sealing Bike Tube - Black",1,11.99,11.99,Blackburn,035011995243,94430440,China,OUTDOOR_SPORTS,NEW,BICYCLES PHYSICAL FITNESS,82,SPORT,SPORTING GOODS,TT,PTAP16644,TUBES,irc_bicycles_physical_fitness_20260417_253_p
LPHR012867,BICYCLES-PHYSICAL FITNESS,Minnie Mouse Toddler Bike Helmet - Pink,1,11.79,11.79,Bell Sports; Minnie Mouse; Disney; Disney Junior,035011964188,52825408,United States of America,OUTDOOR_SPORTS,USED_GOOD,BICYCLES PHYSICAL FITNESS,82,SPORT,SPORTING GOODS,TT,PTAP16634,TODDLER HELMETS,irc_bicycles_physical_fitness_20260417_253_p
LPHR263011,BICYCLES-PHYSICAL FITNESS,"30oz Stainless Steel Tumbler with Straw Black - Embark: Portable Drinkware, 10.85"" Height",1,11.00,11.00,Embark,197543640265,88883635,China,OUTDOOR_SPORTS,USED_GOOD,BICYCLES PHYSICAL FITNESS,82,SPORT,HOME,TT,PTAP16634,TUMBLER,irc_bicycles_physical_fitness_20260417_253_p
LPJY727680,BICYCLES-PHYSICAL FITNESS,"Brightz LED Bicycle Bell - Silver: Iron & Plastic, Hardware Mounted",1,10.99,10.99,Brightz,811860032243,86816869,China,OUTDOOR_SPORTS,USED_GOOD,BICYCLES PHYSICAL FITNESS,82,SPORT,SPORTING GOODS,TT,PTAP16644,ACCESSORIES,irc_bicycles_physical_fitness_20260417_253_p
LPHS558863,BICYCLES-PHYSICAL FITNESS,"Tommie Copper Sport Compression Ankle Support Sleeve - L/XL: Joint Support, Polyester",1,10.89,10.89,Tommie Copper,018713631800,90679312,China,OUTDOOR_SPORTS,NEW,BICYCLES PHYSICAL FITNESS,82,SPORT,HEALTH AND BEAUTY,TT,PTAP16634,MUSCLE THERAPY,irc_bicycles_physical_fitness_20260417_253_p
LPJY557231,BICYCLES-PHYSICAL FITNESS,"20oz Stainless Steel Tumbler with Straw Purple - Embark: BPA-Free, Portable Drinkware",1,10.00,10.00,Embark,198420113681,92028557,China,OUTDOOR_SPORTS,USED_GOOD,BICYCLES PHYSICAL FITNESS,82,SPORT,HOME,TT,PTAP16644,TUMBLER,irc_bicycles_physical_fitness_20260417_253_p
LPHS778261,BICYCLES-PHYSICAL FITNESS,Yoga Block Tri Color All In Motion - Blue,1,10.00,10.00,All In Motion,198850949935,94409131,China,OUTDOOR_SPORTS,NEW,BICYCLES PHYSICAL FITNESS,82,SPORT,SPORTING GOODS,TT,PTAP16644,YOGA,irc_bicycles_physical_fitness_20260417_253_p
LPHS778143,BICYCLES-PHYSICAL FITNESS,"Women's Strength Training Gloves Purple XS - All In Motion: Neoprene, Weightlifting",1,10.00,10.00,All In Motion,191907562811,80594792,China,OUTDOOR_SPORTS,USED_GOOD,BICYCLES PHYSICAL FITNESS,82,SPORT,SPORTING GOODS,TT,PTAP16634,STRENGTH TRAINING,irc_bicycles_physical_fitness_20260417_253_p
LPJY962930,BICYCLES-PHYSICAL FITNESS,64oz Tritan Beverage Plastic Water Bottle Soft Green - All In Motion‚Ñ¢,1,10.00,10.00,All In Motion,198420024536,90796155,China,OUTDOOR_SPORTS,USED_GOOD,BICYCLES PHYSICAL FITNESS,82,SPORT,HOME,TT,PTAP16634,LARGE CAPACITY,irc_bicycles_physical_fitness_20260417_253_p
LPHS885500,BICYCLES-PHYSICAL FITNESS,"Tommie Copper Sport Compression Elbow Support Sleeve - S/M: Joint Support, Polyester",1,6.19,6.19,Tommie Copper,018713631619,90679340,China,OUTDOOR_SPORTS,NEW,BICYCLES PHYSICAL FITNESS,82,SPORT,HEALTH AND BEAUTY,TT,PTAP16644,MUSCLE THERAPY,irc_bicycles_physical_fitness_20260417_253_p
LPJY541765,BICYCLES-PHYSICAL FITNESS,"32oz Stainless Steel Hydration Water Bottle - Purple - Embark: Portable Drinkware, Polypropylene Lid",1,15.00,15.00,Embark,198420113704,92028568,China,OUTDOOR_SPORTS,NEW,BICYCLES PHYSICAL FITNESS,82,SPORT,HOME,TT,PTAP16644,STAINLESS STEEL,irc_bicycles_physical_fitness_20260417_253_p
LPJY964114,BICYCLES-PHYSICAL FITNESS,"17.75"" Massage Stick Aqua Blue - All In Motion: Handheld Polyurethane Foam Massager",1,15.00,15.00,All In Motion,191802000685,82399788,China,OUTDOOR_SPORTS,USED_GOOD,BICYCLES PHYSICAL FITNESS,82,SPORT,HEALTH AND BEAUTY,TT,PTAP16634,MUSCLE THERAPY,irc_bicycles_physical_fitness_20260417_253_p
LPHS624694,BICYCLES-PHYSICAL FITNESS,"McDavid Sport Compression Knit Ankle Sleeve with Gel Buttress - (S /M): Joint Support, Nylon & Spandex, Age 16+",1,14.99,14.99,McDavid,029369148260,91146880,"Taiwan, Province of China",OUTDOOR_SPORTS,USED_GOOD,BICYCLES PHYSICAL FITNESS,82,SPORT,HEALTH AND BEAUTY,TT,PTAP16644,MUSCLE THERAPY,irc_bicycles_physical_fitness_20260417_253_p
LPHR008382,BICYCLES-PHYSICAL FITNESS,Champion Game-Ready Chug Bottle 40oz - Red,1,14.99,14.99,Champion,018713666109,94460516,China,OUTDOOR_SPORTS,USED_GOOD,BICYCLES PHYSICAL FITNESS,82,SPORT,HOME,TT,PTAP16644,SIDELINE,irc_bicycles_physical_fitness_20260417_253_p
LPHR240661,BICYCLES-PHYSICAL FITNESS,Ignite by SPRI Resistance Cord - Heavy: Rubber Bands for Legs & Arms,1,14.99,14.99,Ignite by SPRI,759026717255,53593888,China,OUTDOOR_SPORTS,USED_GOOD,BICYCLES PHYSICAL FITNESS,82,SPORT,SPORTING GOODS,TT,PTAP16634,STRENGTH TRAINING,irc_bicycles_physical_fitness_20260417_253_p
LPHS558415,BICYCLES-PHYSICAL FITNESS,Brightz Shape Patterned Bike Wheel LED Light: Silicone Reflector Accessory,1,14.99,14.99,Brightz,811860032205,89207352,China,OUTDOOR_SPORTS,LIKE_NEW,BICYCLES PHYSICAL FITNESS,82,SPORT,SPORTING GOODS,TT,PTAP16634,ACCESSORIES,irc_bicycles_physical_fitness_20260417_253_p
LPHR269053,BICYCLES-PHYSICAL FITNESS,McDavid Sport Compression Knit Ankle Sleeve with Gel Buttress - (L /XL): Tendonitis & Arthritis Support,1,14.99,14.99,McDavid,029369148277,91146881,"Taiwan, Province of China",OUTDOOR_SPORTS,USED_GOOD,BICYCLES PHYSICAL FITNESS,82,SPORT,HEALTH AND BEAUTY,TT,PTAP16634,MUSCLE THERAPY,irc_bicycles_physical_fitness_20260417_253_p
LPJY583958,BICYCLES-PHYSICAL FITNESS,Gaiam Studio Select Barre Sock 2pk (Please be advised that sets may be missing pieces or otherwise incomplete.),1,14.99,14.99,Gaiam,018713665324,94413600,China,OUTDOOR_SPORTS,NEW,BICYCLES PHYSICAL FITNESS,82,SPORT,APPAREL,TT,PTAP16634,YOGA,irc_bicycles_physical_fitness_20260417_253_p
LPJY965698,BICYCLES-PHYSICAL FITNESS,Champion Game-Ready Chug Bottle 40oz - White,1,14.99,14.99,Champion,018713666123,94472896,China,OUTDOOR_SPORTS,NEW,BICYCLES PHYSICAL FITNESS,82,SPORT,HOME,TT,PTAP16634,SIDELINE,irc_bicycles_physical_fitness_20260417_253_p
LPHS558345,BICYCLES-PHYSICAL FITNESS,"Blackburn 20"" BMX Bike Tire - Black",1,13.59,13.59,Blackburn,035011995359,94430436,"Taiwan, Province of China",OUTDOOR_SPORTS,USED_GOOD,BICYCLES PHYSICAL FITNESS,82,SPORT,SPORTING GOODS,TT,PTAP16634,ACCESSORIES,irc_bicycles_physical_fitness_20260417_253_p
LPHR268450,BICYCLES-PHYSICAL FITNESS,"Nalgene 32 fl oz Plastic Narrow Mouth Water Bottle - Periwinkle Blue: Portable Drinkware, Recycled Content",1,13.49,13.49,Nalgene,661195005944,93486448,United States of America,OUTDOOR_SPORTS,NEW,BICYCLES PHYSICAL FITNESS,82,SPORT,HOME,TT,PTAP16644,TRITAN,irc_bicycles_physical_fitness_20260417_253_p
LPHS445704,BICYCLES-PHYSICAL FITNESS,"Nalgene 32 fl oz Plastic Wide Mouth Water Bottle - Periwinkle Blue: Portable Drinkware, Recycled Content",1,13.49,13.49,Nalgene,661195005890,93486456,United States of America,OUTDOOR_SPORTS,NEW,BICYCLES PHYSICAL FITNESS,82,SPORT,HOME,TT,PTAP16634,TRITAN,irc_bicycles_physical_fitness_20260417_253_p
LPHS625103,BICYCLES-PHYSICAL FITNESS,"Phone Armband (fits up to 6.1"" Phone) Black - All In Motion: Adjustable Strap, Moisture-Wicking",1,13.00,13.00,All In Motion,197543111024,88001461,Cambodia,OUTDOOR_SPORTS,NEW,BICYCLES PHYSICAL FITNESS,82,SPORT,ELECTRONICS,TT,PTAP16644,WALK/RUN,irc_bicycles_physical_fitness_20260417_253_p
LPJY227794,BICYCLES-PHYSICAL FITNESS,"24oz Stainless Steel Hydration Water Bottle - Green - Embark: Portable Drinkware, Polypropylene Lid",1,13.00,13.00,Embark,198420113728,92028560,China,OUTDOOR_SPORTS,USED_GOOD,BICYCLES PHYSICAL FITNESS,82,SPORT,HOME,TT,PTAP16644,STAINLESS STEEL,irc_bicycles_physical_fitness_20260417_253_p
LPHR076913,BICYCLES-PHYSICAL FITNESS,"Premium Loop Band Kit - All In Motion: Latex Resistance Bands, Medium to Heavy",1,13.00,13.00,All In Motion,198420041533,90364305,China,OUTDOOR_SPORTS,USED_GOOD,BICYCLES PHYSICAL FITNESS,82,SPORT,SPORTING GOODS,TT,PTAP16634,STRENGTH TRAINING,irc_bicycles_physical_fitness_20260417_253_p
LPHR168538,BICYCLES-PHYSICAL FITNESS,"McDavid 9-10"" Sport Ankle Sleeve with Wrap Support - L/XL: Muscle Pain Relief, Joint Brace",1,12.99,12.99,McDavid,029369153783,91146879,Viet Nam,OUTDOOR_SPORTS,NEW,BICYCLES PHYSICAL FITNESS,82,SPORT,HEALTH AND BEAUTY,TT,PTAP16644,MUSCLE THERAPY,irc_bicycles_physical_fitness_20260417_253_p
LPHS555194,BICYCLES-PHYSICAL FITNESS,"Tommie Copper Sport Compression Knee High Socks 2pk - L/XL: Leg Support, Microfiber (Please be advised that sets may be missing pieces or otherwise incomplete.)",1,12.29,12.29,Tommie Copper,018713631824,90679343,China,OUTDOOR_SPORTS,NEW,BICYCLES PHYSICAL FITNESS,82,SPORT,HEALTH AND BEAUTY,TT,PTAP16644,MUSCLE THERAPY,irc_bicycles_physical_fitness_20260417_253_p
LPHR066257,BICYCLES-PHYSICAL FITNESS,"Tommie Copper Sport Compression Knee High Socks 2pk - L/XL: Leg Support, Microfiber (Please be advised that sets may be missing pieces or otherwise incomplete.)",1,12.29,12.29,Tommie Copper,018713631824,90679343,China,OUTDOOR_SPORTS,NEW,BICYCLES PHYSICAL FITNESS,82,SPORT,HEALTH AND BEAUTY,TT,PTAP16634,MUSCLE THERAPY,irc_bicycles_physical_fitness_20260417_253_p
LPHR273063,BICYCLES-PHYSICAL FITNESS,"Flat Band Kit Blue - All In Motion: Medium Resistance, Total Body Workout, Latex",1,12.00,12.00,All In Motion,018713639882,79767257,China,OUTDOOR_SPORTS,NEW,BICYCLES PHYSICAL FITNESS,82,SPORT,SPORTING GOODS,TT,PTAP16634,STRENGTH TRAINING,irc_bicycles_physical_fitness_20260417_253_p
LPHR254141,BICYCLES-PHYSICAL FITNESS,Blogilates Jelly Hand Weight Dumbbell - 3lbs,1,11.99,11.99,Blogilates,850052976132,91151482,China,OUTDOOR_SPORTS,NEW,BICYCLES PHYSICAL FITNESS,82,SPORT,SPORTING GOODS,TT,PTAP16644,STRENGTH TRAINING,irc_bicycles_physical_fitness_20260417_253_p
LPJY990801,BICYCLES-PHYSICAL FITNESS,Blogilates Jelly Hand Weight Dumbbell - 3lbs,1,11.99,11.99,Blogilates,850052976132,91151482,China,OUTDOOR_SPORTS,NEW,BICYCLES PHYSICAL FITNESS,82,SPORT,SPORTING GOODS,TT,PTAP16634,STRENGTH TRAINING,irc_bicycles_physical_fitness_20260417_253_p
LPHR134180,BICYCLES-PHYSICAL FITNESS,Minnie Mouse Toddler Bike Helmet - Pink,1,11.79,11.79,Bell Sports; Minnie Mouse; Disney; Disney Junior,035011964188,52825408,United States of America,OUTDOOR_SPORTS,USED_GOOD,BICYCLES PHYSICAL FITNESS,82,SPORT,SPORTING GOODS,TT,PTAP16644,TODDLER HELMETS,irc_bicycles_physical_fitness_20260417_253_p
LPJY974662,BICYCLES-PHYSICAL FITNESS,Schwinn Airsport Plus Frame Pump,1,11.79,11.79,Schwinn,038675111837,86855321,United States of America,OUTDOOR_SPORTS,USED_GOOD,BICYCLES PHYSICAL FITNESS,82,SPORT,SPORTING GOODS,TT,PTAP16634,PUMPS,irc_bicycles_physical_fitness_20260417_253_p
LPJY967135,BICYCLES-PHYSICAL FITNESS,"30oz Stainless Steel Tumbler with Straw Cream - Embark: Portable Drinkware, Off-White",1,11.00,11.00,Embark,197543640289,88883636,China,OUTDOOR_SPORTS,USED_GOOD,BICYCLES PHYSICAL FITNESS,82,SPORT,HOME,TT,PTAP16644,TUMBLER,irc_bicycles_physical_fitness_20260417_253_p
LPHR080276,BICYCLES-PHYSICAL FITNESS,"Premium Flat Band Kit - All In Motion: Latex Resistance Bands, Medium to Heavy",1,11.00,11.00,All In Motion,198420041540,90364290,China,OUTDOOR_SPORTS,USED_GOOD,BICYCLES PHYSICAL FITNESS,82,SPORT,SPORTING GOODS,TT,PTAP16634,STRENGTH TRAINING,irc_bicycles_physical_fitness_20260417_253_p
LPJY541938,BICYCLES-PHYSICAL FITNESS,"1.6"" Segmented Jump Rope - Black - All In Motion: Polypropylene & TPR Material",1,11.00,11.00,All In Motion,191802001774,90364294,China,OUTDOOR_SPORTS,NEW,BICYCLES PHYSICAL FITNESS,82,SPORT,SPORTING GOODS,TT,PTAP16634,HOME GYM,irc_bicycles_physical_fitness_20260417_253_p
LPJY795607,BICYCLES-PHYSICAL FITNESS,"Adjustable Hand Grip Trainer - All In Motion: TPR & ABS Material, Hand & Finger Exercise",1,11.00,11.00,All In Motion,191802001828,90364312,China,OUTDOOR_SPORTS,NEW,BICYCLES PHYSICAL FITNESS,82,SPORT,SPORTING GOODS,TT,PTAP16634,STRENGTH TRAINING,irc_bicycles_physical_fitness_20260417_253_p
LPHR337248,BICYCLES-PHYSICAL FITNESS,"Men's Strength Training Gloves Black L - All In Motion: Neoprene, Weightlifting",1,10.00,10.00,All In Motion,191907562743,80594797,China,OUTDOOR_SPORTS,NEW,BICYCLES PHYSICAL FITNESS,82,SPORT,SPORTING GOODS,TT,PTAP16644,STRENGTH TRAINING,irc_bicycles_physical_fitness_20260417_253_p
LPJY552344,BICYCLES-PHYSICAL FITNESS,64oz Tritan Beverage Plastic Water Bottle Soft Green - All In Motion‚Ñ¢,1,10.00,10.00,All In Motion,198420024536,90796155,China,OUTDOOR_SPORTS,USED_GOOD,BICYCLES PHYSICAL FITNESS,82,SPORT,HOME,TT,PTAP16644,LARGE CAPACITY,irc_bicycles_physical_fitness_20260417_253_p
LPHR122809,BICYCLES-PHYSICAL FITNESS,"Men's Strength Training Gloves Black XL - All In Motion: Neoprene, Weightlifting",1,10.00,10.00,All In Motion,191907562750,80594793,China,OUTDOOR_SPORTS,NEW,BICYCLES PHYSICAL FITNESS,82,SPORT,SPORTING GOODS,TT,PTAP16634,STRENGTH TRAINING,irc_bicycles_physical_fitness_20260417_253_p
LPHS555766,BICYCLES-PHYSICAL FITNESS,24oz Tritan Hydration Water Bottle - White - All in Motion: Portable Plastic Drinkware,1,10.00,10.00,All In Motion,198420113537,92028554,China,OUTDOOR_SPORTS,USED_GOOD,BICYCLES PHYSICAL FITNESS,82,SPORT,HOME,TT,PTAP16634,MIXER,irc_bicycles_physical_fitness_20260417_253_p
LPHR018887,BICYCLES-PHYSICAL FITNESS,"20oz Stainless Steel Tumbler with Straw Purple - Embark: BPA-Free, Portable Drinkware",1,10.00,10.00,Embark,198420113681,92028557,China,OUTDOOR_SPORTS,USED_GOOD,BICYCLES PHYSICAL FITNESS,82,SPORT,HOME,TT,PTAP16634,TUMBLER,irc_bicycles_physical_fitness_20260417_253_p
LPHS421496,BICYCLES-PHYSICAL FITNESS,"Premium Belt Bag Dusty Navy - All In Motion: Water-Resistant, Adjustable Strap",1,10.00,10.00,All In Motion,198420122973,92108308,Cambodia,OUTDOOR_SPORTS,NEW,BICYCLES PHYSICAL FITNESS,82,SPORT,APPAREL,TT,PTAP16634,BAGS,irc_bicycles_physical_fitness_20260417_253_p
LPHS766945,BICYCLES-PHYSICAL FITNESS,"Brightz Streamer LED Bicycle Tassels - Pastel: Silicone & ABS Material, 24-Hour Battery",1,9.59,9.59,Brightz,811860032731,86822407,China,OUTDOOR_SPORTS,LIKE_NEW,BICYCLES PHYSICAL FITNESS,82,SPORT,SPORTING GOODS,TT,PTAP16644,ACCESSORIES,irc_bicycles_physical_fitness_20260417_253_p
LPHR292206,BICYCLES-PHYSICAL FITNESS,"Tommie Copper Sport Compression Arm Support Sleeve - S/M: Joint Support, Polyester Material",1,7.29,7.29,Tommie Copper,018713635822,90679319,China,OUTDOOR_SPORTS,USED_GOOD,BICYCLES PHYSICAL FITNESS,82,SPORT,HEALTH AND BEAUTY,TT,PTAP16634,MUSCLE THERAPY,irc_bicycles_physical_fitness_20260417_253_p
LPHS885706,BICYCLES-PHYSICAL FITNESS,Tommie Copper Sport Compression Wrist Sleeve - S/M: Supports & Braces for Adults,1,6.19,6.19,Tommie Copper,018713631763,92542599,China,OUTDOOR_SPORTS,NEW,BICYCLES PHYSICAL FITNESS,82,SPORT,HEALTH AND BEAUTY,TT,PTAP16644,MUSCLE THERAPY,irc_bicycles_physical_fitness_20260417_253_p
LPHR266890,BICYCLES-PHYSICAL FITNESS,"Dumbbell 2lbs Violet - All In Motion: PVC Coated, Iron Filled, Single Weight",1,5.00,5.00,All In Motion,018713638212,77459847,China,OUTDOOR_SPORTS,USED_GOOD,BICYCLES PHYSICAL FITNESS,82,SPORT,SPORTING GOODS,TT,PTAP16634,STRENGTH TRAINING,irc_bicycles_physical_fitness_20260417_253_p
LPJY980253,BICYCLES-PHYSICAL FITNESS,Blogilates 10 Pound Weighted Vest - Black,1,34.99,34.99,Blogilates,850052976774,94895513,China,OUTDOOR_SPORTS,USED_GOOD,BICYCLES PHYSICAL FITNESS,82,SPORT,SPORTING GOODS,TT,PTAP16634,WEARABLES,irc_bicycles_physical_fitness_20260417_253_p
LPHR043240,BICYCLES-PHYSICAL FITNESS,"Roller Derby Sport Kids' Roller Skate - Dinosaur Blue/Black M: Adjustable, Padded Collar",1,34.99,34.99,Roller Derby,049288364503,82400938,China,OUTDOOR_SPORTS,USED_GOOD,BICYCLES PHYSICAL FITNESS,82,SPORT,SPORTING GOODS,B,PTBI20858,SKATES,irc_bicycles_physical_fitness_20260417_253_p
LPHR090809,BICYCLES-PHYSICAL FITNESS,Owala 30oz Stainless Steel FreeSip Sway - Eucalyptus,1,34.99,34.99,Owala,847280095049,95033764,China,OUTDOOR_SPORTS,LIKE_NEW,BICYCLES PHYSICAL FITNESS,82,SPORT,HOME,TT,PTAP16634,STAINLESS STEEL,irc_bicycles_physical_fitness_20260417_253_p
LPHR341613,BICYCLES-PHYSICAL FITNESS,Melo Supernova Kick Scooter - Black,1,33.99,33.99,Melo,5391544970641,93890926,Cambodia,OUTDOOR_SPORTS,USED_GOOD,BICYCLES PHYSICAL FITNESS,82,SPORT,SPORTING GOODS,B,PTBB59137,2-WHEEL SCOOTERS,irc_bicycles_physical_fitness_20260417_253_p
LPJY783614,BICYCLES-PHYSICAL FITNESS,"1.6"" Segmented Jump Rope - Black - All In Motion: Polypropylene & TPR Material",3,11.00,33.00,All In Motion,191802001774,90364294,China,OUTDOOR_SPORTS,USED_GOOD,BICYCLES PHYSICAL FITNESS,82,SPORT,SPORTING GOODS,TT,PTAP16644,HOME GYM,irc_bicycles_physical_fitness_20260417_253_p
LPJY553034,BICYCLES-PHYSICAL FITNESS,Stability Exercise Ball Green 55cm - All In Motion,2,16.00,32.00,All In Motion,191802002108,94409164,China,OUTDOOR_SPORTS,USED_GOOD,BICYCLES PHYSICAL FITNESS,82,SPORT,SPORTING GOODS,TT,PTAP16634,STRENGTH TRAINING,irc_bicycles_physical_fitness_20260417_253_p
LPHR049455,BICYCLES-PHYSICAL FITNESS,"Premium Fitness Yoga Mat 15mm Orange - All In Motion: Standard Size, Low Tack Grip, Solid Pattern",1,30.00,30.00,All In Motion,018713658852,90891699,China,OUTDOOR_SPORTS,USED_GOOD,BICYCLES PHYSICAL FITNESS,82,SPORT,SPORTING GOODS,B,PTBI20984,HOME GYM,irc_bicycles_physical_fitness_20260417_253_p
LPHR079381,BICYCLES-PHYSICAL FITNESS,"17.75"" Massage Stick Aqua Blue - All In Motion: Handheld Polyurethane Foam Massager",2,15.00,30.00,All In Motion,191802000685,82399788,China,OUTDOOR_SPORTS,USED_GOOD,BICYCLES PHYSICAL FITNESS,82,SPORT,HEALTH AND BEAUTY,TT,PTAP16644,MUSCLE THERAPY,irc_bicycles_physical_fitness_20260417_253_p
LPHR047073,BICYCLES-PHYSICAL FITNESS,"Yoga Towel Blue - All In Motion: Sports Exercise Mat, Recycled Material",1,30.00,30.00,All In Motion,191802001606,88001454,China,OUTDOOR_SPORTS,USED_GOOD,BICYCLES PHYSICAL FITNESS,82,SPORT,SPORTING GOODS,TT,PTAP16644,YOGA,irc_bicycles_physical_fitness_20260417_253_p
LPHR088909,BICYCLES-PHYSICAL FITNESS,Yoga Knit Socks - 4-10 - All In Motion,3,10.00,30.00,All In Motion,198850949911,94660834,Pakistan,OUTDOOR_SPORTS,USED_GOOD,BICYCLES PHYSICAL FITNESS,82,SPORT,APPAREL,TT,PTAP16644,YOGA,irc_bicycles_physical_fitness_20260417_253_p
LPHR266285,BICYCLES-PHYSICAL FITNESS,McDavid Sport Knee Brace with Hinges - Black - L/XL,1,29.99,29.99,McDavid,029369148369,86205165,"Taiwan, Province of China",OUTDOOR_SPORTS,USED_GOOD,BICYCLES PHYSICAL FITNESS,82,SPORT,HEALTH AND BEAUTY,TT,PTAP16644,MUSCLE THERAPY,irc_bicycles_physical_fitness_20260417_253_p
LPHR262383,BICYCLES-PHYSICAL FITNESS,Owala 24oz Stainless Steel Straw Tumbler - Lime Light,1,29.99,29.99,Owala,847280085125,89056675,China,OUTDOOR_SPORTS,SALVAGE,BICYCLES PHYSICAL FITNESS,82,SPORT,HOME,TT,PTAP16644,TUMBLER,irc_bicycles_physical_fitness_20260417_253_p
LPJY541040,BICYCLES-PHYSICAL FITNESS,Owala 24oz Stainless Steel Straw Tumbler - Tangy Tango,1,29.99,29.99,Owala,847280085149,89056687,China,OUTDOOR_SPORTS,USED_GOOD,BICYCLES PHYSICAL FITNESS,82,SPORT,HOME,TT,PTAP16644,TUMBLER,irc_bicycles_physical_fitness_20260417_253_p
LPHR166164,BICYCLES-PHYSICAL FITNESS,Owala 24oz Stainless Steel Straw Tumbler - Electric Orchid,1,29.99,29.99,Owala,847280085132,89056692,China,OUTDOOR_SPORTS,NEW,BICYCLES PHYSICAL FITNESS,82,SPORT,HOME,TT,PTAP16644,TUMBLER,irc_bicycles_physical_fitness_20260417_253_p
LPHR019442,BICYCLES-PHYSICAL FITNESS,Owala 24oz FreeSip Twist Stainless Steel Water Bottle - Sleek,1,29.99,29.99,Owala,847280095896,92383305,China,OUTDOOR_SPORTS,SALVAGE,BICYCLES PHYSICAL FITNESS,82,SPORT,HOME,TT,PTAP16644,STAINLESS STEEL,irc_bicycles_physical_fitness_20260417_253_p
LPHR062859,BICYCLES-PHYSICAL FITNESS,Owala 24oz Stainless Steel FreeSip Water Bottle - Summer Paradise,1,29.99,29.99,Owala,840467302329,94894810,China,OUTDOOR_SPORTS,USED_GOOD,BICYCLES PHYSICAL FITNESS,82,SPORT,HOME,TT,PTAP16644,STAINLESS STEEL,irc_bicycles_physical_fitness_20260417_253_p
LPHR067211,BICYCLES-PHYSICAL FITNESS,Owala 24oz FreeSip Stainless Steel Water Bottle - Tangy Tango,1,29.99,29.99,Owala,847280085361,89056691,China,OUTDOOR_SPORTS,USED_GOOD,BICYCLES PHYSICAL FITNESS,82,SPORT,HOME,TT,PTAP16634,STAINLESS STEEL,irc_bicycles_physical_fitness_20260417_253_p
LPJY735733,BICYCLES-PHYSICAL FITNESS,Owala 24oz FreeSip Twist Stainless Steel Water Bottle - Sleek,1,29.99,29.99,Owala,847280095896,92383305,China,OUTDOOR_SPORTS,USED_GOOD,BICYCLES PHYSICAL FITNESS,82,SPORT,HOME,TT,PTAP16634,STAINLESS STEEL,irc_bicycles_physical_fitness_20260417_253_p
LPHR072857,BICYCLES-PHYSICAL FITNESS,Owala 24oz Stainless Steel FreeSip Twist Water Bottle - Summer Soiree,1,29.99,29.99,Owala,840467303227,93462657,China,OUTDOOR_SPORTS,NEW,BICYCLES PHYSICAL FITNESS,82,SPORT,HOME,TT,PTAP16634,STAINLESS STEEL,irc_bicycles_physical_fitness_20260417_253_p
LPHR132713,BICYCLES-PHYSICAL FITNESS,Owala 20oz FreeSip Hearth & Hand with Magnolia - Autumn Apple,1,29.99,29.99,Hearth & Hand with Magnolia; Owala,840467304996,94505013,China,OUTDOOR_SPORTS,SALVAGE,BICYCLES PHYSICAL FITNESS,82,SPORT,HOME,TT,PTAP16634,WARM BEV,irc_bicycles_physical_fitness_20260417_253_p
LPHS619756,BICYCLES-PHYSICAL FITNESS,"Blogilates 12 Week Fit Journal: Hard Cover, Elastic Closure, Preprinted Pages",1,29.49,29.49,Blogilates,810054660187,80315228,China,OUTDOOR_SPORTS,NEW,BICYCLES PHYSICAL FITNESS,82,SPORT,STATIONERY & OFFICE SUPPLIES,TT,PTAP16644,ACCESSORIES,irc_bicycles_physical_fitness_20260417_253_p
LPHS885287,BICYCLES-PHYSICAL FITNESS,"Tommie Copper Sport Compression Arm Support Sleeve - L/XL: Joint Support, Polyester",4,7.29,29.16,Tommie Copper,018713635839,91151093,China,OUTDOOR_SPORTS,USED_GOOD,BICYCLES PHYSICAL FITNESS,82,SPORT,HEALTH AND BEAUTY,TT,PTAP16644,MUSCLE THERAPY,irc_bicycles_physical_fitness_20260417_253_p
LPHR070000,BICYCLES-PHYSICAL FITNESS,"Dumbbell 8lbs Green - All In Motion: PVC Coated, Iron Filled, Single Piece",2,14.00,28.00,All In Motion,018713638250,77459830,China,OUTDOOR_SPORTS,NEW,BICYCLES PHYSICAL FITNESS,82,SPORT,SPORTING GOODS,TT,PTAP16644,STRENGTH TRAINING,irc_bicycles_physical_fitness_20260417_253_p
LPHR000345,BICYCLES-PHYSICAL FITNESS,Bell Frenzy Youth Bike Helmet - Pink/Mint,1,27.99,27.99,Bell,199270070216,1004020706,United States of America,OUTDOOR_SPORTS,USED_GOOD,BICYCLES PHYSICAL FITNESS,82,SPORT,SPORTING GOODS,TT,PTAP16644,YOUTH HELMETS,irc_bicycles_physical_fitness_20260417_253_p
LPHR081369,BICYCLES-PHYSICAL FITNESS,"Eight Ball Kids' 8+ Helmet - Gun Metal: Medium, Padded, Vented, Adjustable Strap",1,26.99,26.99,Eight Ball,604352032063,79684507,China,OUTDOOR_SPORTS,USED_GOOD,BICYCLES PHYSICAL FITNESS,82,SPORT,SPORTING GOODS,TT,PTAP16644,YOUTH HELMETS,irc_bicycles_physical_fitness_20260417_253_p
LPHR041501,BICYCLES-PHYSICAL FITNESS,Up and Grow Bake Shop Pedal and Push Car,1,26.31,26.31,Best Ride on Cars; Up and Grow,850045100759,90777321,,OUTDOOR_SPORTS,NEW,BICYCLES PHYSICAL FITNESS,82,SPORT,TOYS,B,PTBI20994,FOOT TO FLOOR,irc_bicycles_physical_fitness_20260417_253_p
LPHR080008,BICYCLES-PHYSICAL FITNESS,Women's Varsity Stripe Yoga Crew Socks - All in Motion Black 4-10,2,13.00,26.00,All In Motion,198850949874,94660835,Pakistan,OUTDOOR_SPORTS,USED_GOOD,BICYCLES PHYSICAL FITNESS,82,SPORT,APPAREL,TT,PTAP16644,YOGA,irc_bicycles_physical_fitness_20260417_253_p
LPJY557480,BICYCLES-PHYSICAL FITNESS,Bubba Celestial Dew 18+24oz Dual Sip Lid - Blue/Green,2,12.99,25.98,Bubba,607869326113,94934273,China,OUTDOOR_SPORTS,NEW,BICYCLES PHYSICAL FITNESS,82,SPORT,HOME,TT,PTAP16644,ACCESSORIES,irc_bicycles_physical_fitness_20260417_253_p
LPHR089386,BICYCLES-PHYSICAL FITNESS,Bubba Celestial Dew 18+24oz Dual Sip Lid - Blue/Green,2,12.99,25.98,Bubba,607869326113,94934273,China,OUTDOOR_SPORTS,USED_GOOD,BICYCLES PHYSICAL FITNESS,82,SPORT,HOME,TT,PTAP16644,ACCESSORIES,irc_bicycles_physical_fitness_20260417_253_p
LPHR305273,BICYCLES-PHYSICAL FITNESS,Wipeout Dry Erase Kids' Pad Set 3pk - Groovy: Cycling Protective Gear for Ages 5+ (Please be advised that sets may be missing pieces or otherwise incomplete.),2,12.79,25.58,Wipeout,604352041058,83814548,China,OUTDOOR_SPORTS,NEW,BICYCLES PHYSICAL FITNESS,82,SPORT,SPORTING GOODS,TT,PTAP16634,ACCESSORIES,irc_bicycles_physical_fitness_20260417_253_p
LPJY961470,BICYCLES-PHYSICAL FITNESS,"Medicine Ball 10lbs - Blue - All In Motion: PVC Shell, Sand Fill",1,25.00,25.00,All In Motion,191802001866,90364313,China,OUTDOOR_SPORTS,USED_GOOD,BICYCLES PHYSICAL FITNESS,82,SPORT,SPORTING GOODS,TT,PTAP16644,STRENGTH TRAINING,irc_bicycles_physical_fitness_20260417_253_p
LPHR297107,BICYCLES-PHYSICAL FITNESS,Ankle Weights Anti-microbial 4lbs 2pc - All In Motion: Adjustable Neoprene Pair (Please be advised that sets may be missing pieces or otherwise incomplete.),1,25.00,25.00,All In Motion,191802000791,82399808,China,OUTDOOR_SPORTS,USED_GOOD,BICYCLES PHYSICAL FITNESS,82,SPORT,SPORTING GOODS,TT,PTAP16634,WEARABLES,irc_bicycles_physical_fitness_20260417_253_p
LPHR256226,BICYCLES-PHYSICAL FITNESS,"Medicine Ball 10lbs - Blue - All In Motion: PVC Shell, Sand Fill",1,25.00,25.00,All In Motion,191802001866,90364313,China,OUTDOOR_SPORTS,USED_GOOD,BICYCLES PHYSICAL FITNESS,82,SPORT,SPORTING GOODS,TT,PTAP16634,STRENGTH TRAINING,irc_bicycles_physical_fitness_20260417_253_p
LPHR242599,BICYCLES-PHYSICAL FITNESS,Schwinn Classic Waves Toddler Helmet – Blue/Green,1,24.99,24.99,Schwinn,038675290730,92257672,United States of America,OUTDOOR_SPORTS,USED_GOOD,BICYCLES PHYSICAL FITNESS,82,SPORT,SPORTING GOODS,TT,PTAP16644,TODDLER HELMETS,irc_bicycles_physical_fitness_20260417_253_p
LPHS625170,BICYCLES-PHYSICAL FITNESS,Owala 16oz Kids' FreeSip Stainless Steel Water Bottle - Misty Meadow,1,24.99,24.99,Owala,847280095728,92383288,China,OUTDOOR_SPORTS,NEW,BICYCLES PHYSICAL FITNESS,82,SPORT,HOME,TT,PTAP16644,STAINLESS STEEL,irc_bicycles_physical_fitness_20260417_253_p
LPHR161580,BICYCLES-PHYSICAL FITNESS,Mickey Mouse Cycling Infant Bike Helmet,1,24.99,24.99,Mickey Mouse,035011994284,92653354,United States of America,OUTDOOR_SPORTS,USED_GOOD,BICYCLES PHYSICAL FITNESS,82,SPORT,SPORTING GOODS,TT,PTAP16644,TODDLER HELMETS,irc_bicycles_physical_fitness_20260417_253_p
LPHR306464,BICYCLES-PHYSICAL FITNESS,Owala 16oz Kids' FreeSip Stainless Steel Water Bottle - Rocky Shore,1,24.99,24.99,Owala,847280091072,90150424,China,OUTDOOR_SPORTS,USED_GOOD,BICYCLES PHYSICAL FITNESS,82,SPORT,HOME,TT,PTAP16634,STAINLESS STEEL,irc_bicycles_physical_fitness_20260417_253_p
LPHR177426,BICYCLES-PHYSICAL FITNESS,Owala 16oz Kids' FreeSip Stainless Steel Water Bottle - Periwinkle Twinkle,1,24.99,24.99,Owala,847280095711,92383253,China,OUTDOOR_SPORTS,NEW,BICYCLES PHYSICAL FITNESS,82,SPORT,HOME,TT,PTAP16634,STAINLESS STEEL,irc_bicycles_physical_fitness_20260417_253_p
LPHR097990,BICYCLES-PHYSICAL FITNESS,Blackburn Hybrid Bike Tire 700c - Black,1,24.99,24.99,Blackburn,035011995342,94430445,"Taiwan, Province of China",OUTDOOR_SPORTS,NEW,BICYCLES PHYSICAL FITNESS,82,SPORT,SPORTING GOODS,TT,PTAP16634,TIRES,irc_bicycles_physical_fitness_20260417_253_p
LPKL522260,BICYCLES-PHYSICAL FITNESS,Blogilates Jelly Hand Weight Dumbbell - 10lbs,1,23.99,23.99,Blogilates,850052976156,91151481,China,OUTDOOR_SPORTS,USED_GOOD,BICYCLES PHYSICAL FITNESS,82,SPORT,SPORTING GOODS,B,PTBI20994,STRENGTH TRAINING,irc_bicycles_physical_fitness_20260417_253_p
LPJY758224,BICYCLES-PHYSICAL FITNESS,"Blackburn 20"" Self Sealing Bike Tube - Black",2,11.99,23.98,Blackburn,035011995243,94430440,China,OUTDOOR_SPORTS,USED_GOOD,BICYCLES PHYSICAL FITNESS,82,SPORT,SPORTING GOODS,TT,PTAP16644,TUBES,irc_bicycles_physical_fitness_20260417_253_p
LPHS776342,BICYCLES-PHYSICAL FITNESS,"Blackburn 26"" Cruiser Bike Tire - Black",1,22.49,22.49,Blackburn,035011995373,94430437,"Taiwan, Province of China",OUTDOOR_SPORTS,NEW,BICYCLES PHYSICAL FITNESS,82,SPORT,SPORTING GOODS,TT,PTAP16644,TIRES,irc_bicycles_physical_fitness_20260417_253_p
LPHR060309,BICYCLES-PHYSICAL FITNESS,"Hydro Flask 32oz Wide Mouth Flex Straw Bottle - Oat: Double-Wall, BPA-Free, Leakproof",1,21.99,21.99,Hydro Flask,810096851208,92383254,China,OUTDOOR_SPORTS,NEW,BICYCLES PHYSICAL FITNESS,82,SPORT,HOME,TT,PTAP16644,STAINLESS STEEL,irc_bicycles_physical_fitness_20260417_253_p
LPJY556025,BICYCLES-PHYSICAL FITNESS,"Tommie Copper Sport Compression Ankle Support Sleeve - S/M: Joint Support, Polyester",2,10.89,21.78,Tommie Copper,018713631794,91151094,China,OUTDOOR_SPORTS,USED_GOOD,BICYCLES PHYSICAL FITNESS,82,SPORT,HEALTH AND BEAUTY,TT,PTAP16644,MUSCLE THERAPY,irc_bicycles_physical_fitness_20260417_253_p
LPHR000917,BICYCLES-PHYSICAL FITNESS,"Tommie Copper Sport Compression Ankle Support Sleeve - L/XL: Joint Support, Polyester",2,10.89,21.78,Tommie Copper,018713631800,90679312,China,OUTDOOR_SPORTS,USED_GOOD,BICYCLES PHYSICAL FITNESS,82,SPORT,HEALTH AND BEAUTY,TT,PTAP16634,MUSCLE THERAPY,irc_bicycles_physical_fitness_20260417_253_p
LPJY968638,BICYCLES-PHYSICAL FITNESS,Muscle Hook Acupressure Massager - Black - All In Motion,1,21.00,21.00,All In Motion,191802002047,94409161,China,OUTDOOR_SPORTS,USED_GOOD,BICYCLES PHYSICAL FITNESS,82,SPORT,HEALTH AND BEAUTY,TT,PTAP16644,MUSCLE THERAPY,irc_bicycles_physical_fitness_20260417_253_p
LPHS811921,BICYCLES-PHYSICAL FITNESS,Raskullz Super Rainbowcorn Child Bike Helmet,1,20.99,20.99,Raskullz,847268000423,16629088,China,OUTDOOR_SPORTS,USED_GOOD,BICYCLES PHYSICAL FITNESS,82,SPORT,SPORTING GOODS,TT,PTAP16644,CHILD HELMETS,irc_bicycles_physical_fitness_20260417_253_p
LPJY972649,BICYCLES-PHYSICAL FITNESS,"Men's Strength Training Gloves Black M - All In Motion: Neoprene, Weightlifting",2,10.00,20.00,All In Motion,191907562804,80594786,China,OUTDOOR_SPORTS,USED_GOOD,BICYCLES PHYSICAL FITNESS,82,SPORT,SPORTING GOODS,TT,PTAP16644,STRENGTH TRAINING,irc_bicycles_physical_fitness_20260417_253_p
LPJY556815,BICYCLES-PHYSICAL FITNESS,64oz Stainless Steel Vacuum Insulated Water Bottle Chalk - All In Motion: Portable Drinkware,1,20.00,20.00,All In Motion,707849153200,90796146,China,OUTDOOR_SPORTS,USED_GOOD,BICYCLES PHYSICAL FITNESS,82,SPORT,HOME,TT,PTAP16644,LARGE CAPACITY,irc_bicycles_physical_fitness_20260417_253_p
LPHR250339,BICYCLES-PHYSICAL FITNESS,"Belt Fanny Pack Cream - All In Motion: Adjustable Strap, Solid Pattern",1,20.00,20.00,All In Motion,198420122867,92201036,Cambodia,OUTDOOR_SPORTS,NEW,BICYCLES PHYSICAL FITNESS,82,SPORT,APPAREL,TT,PTAP16644,BAGS,irc_bicycles_physical_fitness_20260417_253_p
LPHR260622,BICYCLES-PHYSICAL FITNESS,"Belt Fanny Pack Blush - All In Motion: Adjustable Strap, Solid Pattern",1,20.00,20.00,All In Motion,198420122980,92201038,Cambodia,OUTDOOR_SPORTS,NEW,BICYCLES PHYSICAL FITNESS,82,SPORT,APPAREL,TT,PTAP16644,BAGS,irc_bicycles_physical_fitness_20260417_253_p
LPJY553025,BICYCLES-PHYSICAL FITNESS,Yoga Mat Towel Gray- All In Motion: Polyester Sports Accessory,1,20.00,20.00,All In Motion,191907491616,79767266,China,OUTDOOR_SPORTS,USED_GOOD,BICYCLES PHYSICAL FITNESS,82,SPORT,SPORTING GOODS,TT,PTAP16634,YOGA,irc_bicycles_physical_fitness_20260417_253_p
LPHR073625,BICYCLES-PHYSICAL FITNESS,64oz Stainless Steel Vacuum Insulated Water Bottle Black - All In Motion: Portable Drinkware,1,20.00,20.00,All In Motion,707849153194,90796153,China,OUTDOOR_SPORTS,USED_GOOD,BICYCLES PHYSICAL FITNESS,82,SPORT,HOME,TT,PTAP16634,LARGE CAPACITY,irc_bicycles_physical_fitness_20260417_253_p
LPHR082912,BICYCLES-PHYSICAL FITNESS,Gaiam Studio Select 3-in-1 Resistance Tube,1,19.99,19.99,Gaiam,018713665294,94413596,China,OUTDOOR_SPORTS,USED_GOOD,BICYCLES PHYSICAL FITNESS,82,SPORT,SPORTING GOODS,TT,PTAP16644,STRENGTH TRAINING,irc_bicycles_physical_fitness_20260417_253_p
LPKM493573,BICYCLES-PHYSICAL FITNESS,Frozen Kids' Roller Skate with Pad Set (Please be advised that sets may be missing pieces or otherwise incomplete.),1,19.99,19.99,Frozen,192995514355,88883848,China,OUTDOOR_SPORTS,NEW,BICYCLES PHYSICAL FITNESS,82,SPORT,SPORTING GOODS,TT,PTAP16634,SKATES,irc_bicycles_physical_fitness_20260417_253_p
LPJY954734,BICYCLES-PHYSICAL FITNESS,Raskullz Kids' Bike Basket with Charms - Lavendar,1,19.99,19.99,Raskullz,847268024603,92653377,China,OUTDOOR_SPORTS,USED_GOOD,BICYCLES PHYSICAL FITNESS,82,SPORT,SPORTING GOODS,TT,PTAP16634,KIDS ACCESSORIES,irc_bicycles_physical_fitness_20260417_253_p
LPHR321208,BICYCLES-PHYSICAL FITNESS,Tommie Copper Sport Compression Wrist Sleeve - S/M: Supports & Braces for Adults,3,6.19,18.57,Tommie Copper,018713631763,92542599,China,OUTDOOR_SPORTS,USED_GOOD,BICYCLES PHYSICAL FITNESS,82,SPORT,HEALTH AND BEAUTY,TT,PTAP16634,MUSCLE THERAPY,irc_bicycles_physical_fitness_20260417_253_p
LPHR068928,BICYCLES-PHYSICAL FITNESS,Blogilates Water Bottle Sling - Black,1,17.99,17.99,Blogilates,850052976699,94895506,China,OUTDOOR_SPORTS,NEW,BICYCLES PHYSICAL FITNESS,82,SPORT,HOME,TT,PTAP16644,ACCESSORIES,irc_bicycles_physical_fitness_20260417_253_p
LPHR291518,BICYCLES-PHYSICAL FITNESS,Blogilates Water Bottle Sling - Pink Gingham,1,17.99,17.99,Blogilates,850052976712,94895511,China,OUTDOOR_SPORTS,USED_GOOD,BICYCLES PHYSICAL FITNESS,82,SPORT,HOME,TT,PTAP16644,ACCESSORIES,irc_bicycles_physical_fitness_20260417_253_p
LPHR331359,BICYCLES-PHYSICAL FITNESS,Blogilates Water Bottle Sling - Peach: Polyethylene & Polyester Drinkware Accessory,1,17.99,17.99,Blogilates,850028476888,88001548,China,OUTDOOR_SPORTS,NEW,BICYCLES PHYSICAL FITNESS,82,SPORT,HOME,TT,PTAP16634,ACCESSORIES,irc_bicycles_physical_fitness_20260417_253_p
LPHR046901,BICYCLES-PHYSICAL FITNESS,Blogilates Water Bottle Sling - Cream Floral,1,17.99,17.99,Blogilates,850052976705,94895514,China,OUTDOOR_SPORTS,NEW,BICYCLES PHYSICAL FITNESS,82,SPORT,HOME,TT,PTAP16634,ACCESSORIES,irc_bicycles_physical_fitness_20260417_253_p
LPHR018843,BICYCLES-PHYSICAL FITNESS,"Master Lock 7.25"" U Lock with Looped End Cable: Bike Security",1,17.49,17.49,Master Lock,071649283321,54288060,China,OUTDOOR_SPORTS,USED_GOOD,BICYCLES PHYSICAL FITNESS,82,SPORT,SPORTING GOODS,TT,PTAP16634,ACCESSORIES,irc_bicycles_physical_fitness_20260417_253_p
LPHR460229,BICYCLES-PHYSICAL FITNESS,Masterlock ULock Key - Black,1,16.99,16.99,Master Lock,716492052556,13592034,,OUTDOOR_SPORTS,USED_GOOD,BICYCLES PHYSICAL FITNESS,82,SPORT,SPORTING GOODS,TT,PTAP16634,LOCKS,irc_bicycles_physical_fitness_20260417_253_p
LPHR346295,BICYCLES-PHYSICAL FITNESS,BlenderBottle 24oz Strada Tritan Shaker Bottle - Green: Leakproof Shaker,1,15.99,15.99,BlenderBottle,847280092604,91197469,China,OUTDOOR_SPORTS,USED_GOOD,BICYCLES PHYSICAL FITNESS,82,SPORT,HOME,TT,PTAP16644,MIXER,irc_bicycles_physical_fitness_20260417_253_p
LPHR456031,BICYCLES-PHYSICAL FITNESS,BlenderBottle 24oz Strada Tritan Shaker Cup - White,1,15.99,15.99,BlenderBottle,840467308192,94894801,China,OUTDOOR_SPORTS,NEW,BICYCLES PHYSICAL FITNESS,82,SPORT,HOME,TT,PTAP16644,MIXER,irc_bicycles_physical_fitness_20260417_253_p
LPHS237801,BICYCLES-PHYSICAL FITNESS,BlenderBottle 24oz Strada Tritan Shaker Cup - Confetti,1,15.99,15.99,BlenderBottle,840467308215,94894812,China,OUTDOOR_SPORTS,USED_GOOD,BICYCLES PHYSICAL FITNESS,82,SPORT,HOME,TT,PTAP16644,MIXER,irc_bicycles_physical_fitness_20260417_253_p
LPJY962530,BICYCLES-PHYSICAL FITNESS,40oz Stainless Steel Tumbler with Straw Light Blue - Embark,2,15.00,30.00,Embark,197543649961,88632446,China,OUTDOOR_SPORTS,USED_GOOD,BICYCLES PHYSICAL FITNESS,82,SPORT,HOME,TT,PTAP16644,TUMBLER,irc_bicycles_physical_fitness_20260417_253_p
LPHR266503,BICYCLES-PHYSICAL FITNESS,"Posture Corrector Back Brace Stretcher - All In Motion: Nylon, 300lb Capacity",2,15.00,30.00,All In Motion,018713658876,90364301,China,OUTDOOR_SPORTS,USED_GOOD,BICYCLES PHYSICAL FITNESS,82,SPORT,SPORTING GOODS,TT,PTAP16644,MUSCLE THERAPY,irc_bicycles_physical_fitness_20260417_253_p
LPHR262384,BICYCLES-PHYSICAL FITNESS,Owala 20oz Stainless Steel SmoothSip Travel Mug - Golden Quest,1,29.99,29.99,Owala,847280094011,91897291,,OUTDOOR_SPORTS,USED_GOOD,BICYCLES PHYSICAL FITNESS,82,SPORT,HOME,TT,PTAP16644,WARM BEV,irc_bicycles_physical_fitness_20260417_253_p
LPHS763869,BICYCLES-PHYSICAL FITNESS,Owala 24oz FreeSip Stainless Steel Water Bottle  - Periwinkle Twinkle,1,29.99,29.99,Owala,847280095735,92383260,China,OUTDOOR_SPORTS,SALVAGE,BICYCLES PHYSICAL FITNESS,82,SPORT,HOME,TT,PTAP16644,STAINLESS STEEL,irc_bicycles_physical_fitness_20260417_253_p
LPHS764425,BICYCLES-PHYSICAL FITNESS,Owala 24oz Stainless Steel FreeSip Water Bottle - In Good Company,1,29.99,29.99,Owala,840467308345,94894811,China,OUTDOOR_SPORTS,NEW,BICYCLES PHYSICAL FITNESS,82,SPORT,HOME,TT,PTAP16644,STAINLESS STEEL,irc_bicycles_physical_fitness_20260417_253_p
LPHR120980,BICYCLES-PHYSICAL FITNESS,Owala 24oz FreeSip Stainless Steel Water Bottle - Very Very Dark,1,29.99,29.99,Owala,847280071920,80310908,China,OUTDOOR_SPORTS,USED_GOOD,BICYCLES PHYSICAL FITNESS,82,SPORT,HOME,TT,PTAP16634,STAINLESS STEEL,irc_bicycles_physical_fitness_20260417_253_p
LPHS776966,BICYCLES-PHYSICAL FITNESS,Owala 24oz FreeSip Stainless Steel Water Bottle - Sandy Shores,1,29.99,29.99,Owala,847280085347,89056680,China,OUTDOOR_SPORTS,NEW,BICYCLES PHYSICAL FITNESS,82,SPORT,HOME,TT,PTAP16634,STAINLESS STEEL,irc_bicycles_physical_fitness_20260417_253_p
LPHR091448,BICYCLES-PHYSICAL FITNESS,Owala 24oz FreeSip Stainless Steel Water Bottle - Tangy Tango,1,29.99,29.99,Owala,847280085361,89056691,China,OUTDOOR_SPORTS,SALVAGE,BICYCLES PHYSICAL FITNESS,82,SPORT,HOME,TT,PTAP16634,STAINLESS STEEL,irc_bicycles_physical_fitness_20260417_253_p
LPHR262385,BICYCLES-PHYSICAL FITNESS,Owala 20oz Stainless Steel SmoothSip Travel Mug - Golden Quest,1,29.99,29.99,Owala,847280094011,91897291,,OUTDOOR_SPORTS,LIKE_NEW,BICYCLES PHYSICAL FITNESS,82,SPORT,HOME,TT,PTAP16634,WARM BEV,irc_bicycles_physical_fitness_20260417_253_p
LPHR008383,BICYCLES-PHYSICAL FITNESS,Owala 24oz FreeSip TWIST Stainless Steel Water Bottle - Kickflip,1,29.99,29.99,Owala,847280095940,92383268,China,OUTDOOR_SPORTS,USED_GOOD,BICYCLES PHYSICAL FITNESS,82,SPORT,HOME,TT,PTAP16634,STAINLESS STEEL,irc_bicycles_physical_fitness_20260417_253_p
LPHR324835,BICYCLES-PHYSICAL FITNESS,Owala 24oz FreeSip Stainless Steel Water Bottle  - Misty Meadow,1,29.99,29.99,Owala,847280095742,92383298,China,OUTDOOR_SPORTS,SALVAGE,BICYCLES PHYSICAL FITNESS,82,SPORT,HOME,TT,PTAP16634,STAINLESS STEEL,irc_bicycles_physical_fitness_20260417_253_p
LPHR450042,BICYCLES-PHYSICAL FITNESS,Owala 24oz FreeSip Stainless Steel Water Bottle - Hearth & Hand with Magnolia - Fruit Tart,1,29.99,29.99,Owala; Hearth & Hand with Magnolia,847280097302,93230583,China,OUTDOOR_SPORTS,NEW,BICYCLES PHYSICAL FITNESS,82,SPORT,HOME,TT,PTAP16634,STAINLESS STEEL,irc_bicycles_physical_fitness_20260417_253_p
LPHR308024,BICYCLES-PHYSICAL FITNESS,Owala 24oz Stainless Steel FreeSip Twist Water Bottle - Shocking Grape,1,29.99,29.99,Owala,840467303234,93462666,China,OUTDOOR_SPORTS,USED_GOOD,BICYCLES PHYSICAL FITNESS,82,SPORT,HOME,TT,PTAP16634,STAINLESS STEEL,irc_bicycles_physical_fitness_20260417_253_p
LPHS434308,BICYCLES-PHYSICAL FITNESS,Owala 24oz Stainless Steel FreeSip Twist Water Bottle - Bubblegum Burst,1,29.99,29.99,Owala,840467303746,93486820,China,OUTDOOR_SPORTS,USED_GOOD,BICYCLES PHYSICAL FITNESS,82,SPORT,HOME,TT,PTAP16634,STAINLESS STEEL,irc_bicycles_physical_fitness_20260417_253_p
LPHR016290,BICYCLES-PHYSICAL FITNESS,Owala 24oz FreeSip Hearth & Hand with Magnolia - Sunflower Bouquet,1,29.99,29.99,Hearth & Hand with Magnolia; Owala,840467305016,94505011,China,OUTDOOR_SPORTS,USED_GOOD,BICYCLES PHYSICAL FITNESS,82,SPORT,HOME,TT,PTAP16634,STAINLESS STEEL,irc_bicycles_physical_fitness_20260417_253_p
LPHR172743,BICYCLES-PHYSICAL FITNESS,Owala 24oz Stainless Steel FreeSip Water Bottle - Out of the Blue,1,29.99,29.99,Owala,840467308369,94894804,China,OUTDOOR_SPORTS,SALVAGE,BICYCLES PHYSICAL FITNESS,82,SPORT,HOME,TT,PTAP16634,STAINLESS STEEL,irc_bicycles_physical_fitness_20260417_253_p
LPHS772748,BICYCLES-PHYSICAL FITNESS,"McDavid Sport Compression Knit Ankle Sleeve with Gel Buttress - (S /M): Joint Support, Nylon & Spandex, Age 16+",2,14.99,29.98,McDavid,029369148260,91146880,"Taiwan, Province of China",OUTDOOR_SPORTS,NEW,BICYCLES PHYSICAL FITNESS,82,SPORT,HEALTH AND BEAUTY,TT,PTAP16634,MUSCLE THERAPY,irc_bicycles_physical_fitness_20260417_253_p
LPHS776474,BICYCLES-PHYSICAL FITNESS,Bell Frenzy Youth Bike Helmet - Pink/Mint,1,27.99,27.99,Bell,199270070216,1004020706,United States of America,OUTDOOR_SPORTS,USED_GOOD,BICYCLES PHYSICAL FITNESS,82,SPORT,SPORTING GOODS,TT,PTAP16634,YOUTH HELMETS,irc_bicycles_physical_fitness_20260417_253_p
LPJY964110,BICYCLES-PHYSICAL FITNESS,"TriggerPoint NANO Foot Roller - Orange: EVA Foam, Whole Body Therapy",1,26.99,26.99,TriggerPoint,858787002973,52634544,China,OUTDOOR_SPORTS,USED_GOOD,BICYCLES PHYSICAL FITNESS,82,SPORT,HEALTH AND BEAUTY,TT,PTAP16634,MUSCLE THERAPY,irc_bicycles_physical_fitness_20260417_253_p
LPHR046885,BICYCLES-PHYSICAL FITNESS,"24oz Stainless Steel Hydration Water Bottle - Purple - Embark: Portable Drinkware, Polypropylene Lid",2,13.00,26.00,Embark,198420113490,92028556,China,OUTDOOR_SPORTS,USED_GOOD,BICYCLES PHYSICAL FITNESS,82,SPORT,HOME,TT,PTAP16634,STAINLESS STEEL,irc_bicycles_physical_fitness_20260417_253_p
LPHR041340,BICYCLES-PHYSICAL FITNESS,Schwinn Cyclone Plus Bike Pump - White,1,25.99,25.99,Schwinn,038675121447,52529290,United States of America,OUTDOOR_SPORTS,USED_GOOD,BICYCLES PHYSICAL FITNESS,82,SPORT,SPORTING GOODS,B,PTBI20984,ACCESSORIES,irc_bicycles_physical_fitness_20260417_253_p
LPHR320228,BICYCLES-PHYSICAL FITNESS,"McDavid 9-10"" Sport Ankle Sleeve with Wrap Support - L/XL: Muscle Pain Relief, Joint Brace",2,12.99,25.98,McDavid,029369153783,91146879,Viet Nam,OUTDOOR_SPORTS,USED_GOOD,BICYCLES PHYSICAL FITNESS,82,SPORT,HEALTH AND BEAUTY,TT,PTAP16634,MUSCLE THERAPY,irc_bicycles_physical_fitness_20260417_253_p
LPHS982405,BICYCLES-PHYSICAL FITNESS,"Brightz Ride LED - Star: ABS Bike Lights, Handlebar & Seat Post Mount, 11-Hour Battery",1,25.49,25.49,Brightz,811860032892,92487497,China,OUTDOOR_SPORTS,USED_GOOD,BICYCLES PHYSICAL FITNESS,82,SPORT,SPORTING GOODS,TT,PTAP16634,ACCESSORIES,irc_bicycles_physical_fitness_20260417_253_p
LPHR240223,BICYCLES-PHYSICAL FITNESS,Spider-Man Classic Toddler Helmet,1,24.99,24.99,Bell,035011978659,83814547,United States of America,OUTDOOR_SPORTS,NEW,BICYCLES PHYSICAL FITNESS,82,SPORT,SPORTING GOODS,TT,PTAP16644,TODDLER HELMETS,irc_bicycles_physical_fitness_20260417_253_p
LPHR177236,BICYCLES-PHYSICAL FITNESS,Owala 16oz Kids' FreeSip Stainless Steel Water Bottle - Very Very Dark,1,24.99,24.99,Owala,847280080533,87974494,China,OUTDOOR_SPORTS,NEW,BICYCLES PHYSICAL FITNESS,82,SPORT,HOME,TT,PTAP16644,STAINLESS STEEL,irc_bicycles_physical_fitness_20260417_253_p
LPHR094949,BICYCLES-PHYSICAL FITNESS,Owala 16oz Kids' FreeSip Stainless Steel Water Bottle - Periwinkle Twinkle,1,24.99,24.99,Owala,847280095711,92383253,China,OUTDOOR_SPORTS,USED_GOOD,BICYCLES PHYSICAL FITNESS,82,SPORT,HOME,TT,PTAP16644,STAINLESS STEEL,irc_bicycles_physical_fitness_20260417_253_p
LPHS449738,BICYCLES-PHYSICAL FITNESS,Mickey Mouse Cycling Infant Bike Helmet,1,24.99,24.99,Mickey Mouse,035011994284,92653354,United States of America,OUTDOOR_SPORTS,NEW,BICYCLES PHYSICAL FITNESS,82,SPORT,SPORTING GOODS,TT,PTAP16644,TODDLER HELMETS,irc_bicycles_physical_fitness_20260417_253_p
LPHR046383,BICYCLES-PHYSICAL FITNESS,Schwinn Classic Waves Toddler Helmet – Blue/Green,1,24.99,24.99,Schwinn,038675290730,92257672,United States of America,OUTDOOR_SPORTS,USED_GOOD,BICYCLES PHYSICAL FITNESS,82,SPORT,SPORTING GOODS,TT,PTAP16634,TODDLER HELMETS,irc_bicycles_physical_fitness_20260417_253_p
LPJY551733,BICYCLES-PHYSICAL FITNESS,"Tommie Copper Sport Compression Knee High Socks 2pk - S/M: Leg Support, Microfiber, Adult (Please be advised that sets may be missing pieces or otherwise incomplete.)",2,12.29,24.58,Tommie Copper,018713631817,91151090,China,OUTDOOR_SPORTS,USED_GOOD,BICYCLES PHYSICAL FITNESS,82,SPORT,HEALTH AND BEAUTY,TT,PTAP16644,MUSCLE THERAPY,irc_bicycles_physical_fitness_20260417_253_p
LPHR264615,BICYCLES-PHYSICAL FITNESS,"Dumbbell 15lbs Blue - All In Motion: PVC Coated, Iron Core, Total Body Workout",1,24.00,24.00,All In Motion,018713638281,77459840,China,OUTDOOR_SPORTS,USED_GOOD,BICYCLES PHYSICAL FITNESS,82,SPORT,SPORTING GOODS,TT,PTAP16644,STRENGTH TRAINING,irc_bicycles_physical_fitness_20260417_253_p
LPHR072427,BICYCLES-PHYSICAL FITNESS,"Dumbbell 5lbs Aqua - All In Motion: PVC Coated, Iron Filled, Arm Workout",2,12.00,24.00,All In Motion,018713638236,77459851,China,OUTDOOR_SPORTS,USED_GOOD,BICYCLES PHYSICAL FITNESS,82,SPORT,SPORTING GOODS,TT,PTAP16634,STRENGTH TRAINING,irc_bicycles_physical_fitness_20260417_253_p
LPHR033517,BICYCLES-PHYSICAL FITNESS,"Hydro Flask 32oz All Around Travel Straw Tumbler - Black: Double-Wall, BPA-Free, Spillproof",1,23.99,23.99,Hydro Flask,840394216973,92383239,China,OUTDOOR_SPORTS,NEW,BICYCLES PHYSICAL FITNESS,82,SPORT,HOME,TT,PTAP16634,TUMBLER,irc_bicycles_physical_fitness_20260417_253_p
LPJY968086,BICYCLES-PHYSICAL FITNESS,"Tommie 10-14"" Copper Sport Compression Calf Sleeve - S/M: Leg Support, Polyester Material",2,11.89,23.78,Tommie Copper,018713635877,92542600,China,OUTDOOR_SPORTS,USED_GOOD,BICYCLES PHYSICAL FITNESS,82,SPORT,HEALTH AND BEAUTY,TT,PTAP16634,MUSCLE THERAPY,irc_bicycles_physical_fitness_20260417_253_p
LPHR298813,BICYCLES-PHYSICAL FITNESS,Bell Richter Cycling Kids' Bike Helmet - Black/Blue,1,22.99,22.99,Bell,035011978130,91864886,United States of America,OUTDOOR_SPORTS,NEW,BICYCLES PHYSICAL FITNESS,82,SPORT,SPORTING GOODS,TT,PTAP16634,YOUTH HELMETS,irc_bicycles_physical_fitness_20260417_253_p
LPHS432183,BICYCLES-PHYSICAL FITNESS,"Hydro Flask 32oz Wide Mouth Flex Straw Travel Bottle - Trillium: BPA-Free, Vacuum-Insulated",1,21.99,21.99,Hydro Flask,840394202952,92383270,China,OUTDOOR_SPORTS,USED_GOOD,BICYCLES PHYSICAL FITNESS,82,SPORT,HOME,TT,PTAP16634,STAINLESS STEEL,irc_bicycles_physical_fitness_20260417_253_p
LPJY968721,BICYCLES-PHYSICAL FITNESS,Helimix 28oz Shaker Water Bottle - White,1,21.99,21.99,Helimix,852519008127,92901351,,OUTDOOR_SPORTS,NEW,BICYCLES PHYSICAL FITNESS,82,SPORT,HOME,TT,PTAP16634,MIXER,irc_bicycles_physical_fitness_20260417_253_p
LPHR079649,BICYCLES-PHYSICAL FITNESS,Soft Kettlebell 5lb Cream - All In Motion,1,21.00,21.00,All In Motion,191802002030,94409157,China,OUTDOOR_SPORTS,USED_GOOD,BICYCLES PHYSICAL FITNESS,82,SPORT,SPORTING GOODS,TT,PTAP16634,STRENGTH TRAINING,irc_bicycles_physical_fitness_20260417_253_p
LPHS776322,BICYCLES-PHYSICAL FITNESS,"Blackburn 26"" Comfort Bike Tire - Black",1,20.99,20.99,Blackburn,035011995397,94430443,"Taiwan, Province of China",OUTDOOR_SPORTS,NEW,BICYCLES PHYSICAL FITNESS,82,SPORT,SPORTING GOODS,TT,PTAP16644,TIRES,irc_bicycles_physical_fitness_20260417_253_p
LPHR035816,BICYCLES-PHYSICAL FITNESS,"Blogilates Sweat Resistant Hat - Black: Moisture Wicking, Quick Drying, Ponytail Opening",1,20.99,20.99,Blogilates,850028476710,86984727,China,OUTDOOR_SPORTS,USED_GOOD,BICYCLES PHYSICAL FITNESS,82,SPORT,APPAREL,TT,PTAP16634,ACCESSORIES,irc_bicycles_physical_fitness_20260417_253_p
LPHS764304,BICYCLES-PHYSICAL FITNESS,20oz Stainless Steel Straw Tumbler - Black - Embark‚Ñ¢,2,10.00,20.00,Embark,198420113612,92290769,China,OUTDOOR_SPORTS,USED_GOOD,BICYCLES PHYSICAL FITNESS,82,SPORT,HOME,TT,PTAP16644,TUMBLER,irc_bicycles_physical_fitness_20260417_253_p
LPHR430079,BICYCLES-PHYSICAL FITNESS,Yoga Hand Towel Blue - All In Motion: Polyester Sports Accessory,1,20.00,20.00,All In Motion,191907491623,79767265,China,OUTDOOR_SPORTS,NEW,BICYCLES PHYSICAL FITNESS,82,SPORT,SPORTING GOODS,TT,PTAP16634,YOGA,irc_bicycles_physical_fitness_20260417_253_p
LPHR440172,BICYCLES-PHYSICAL FITNESS,"Weighted Stability Exercise Ball - Red 65cm - All In Motion: PVC, 300lb Capacity",1,20.00,20.00,All In Motion,191802001842,90364287,China,OUTDOOR_SPORTS,USED_GOOD,BICYCLES PHYSICAL FITNESS,82,SPORT,SPORTING GOODS,TT,PTAP16634,STRENGTH TRAINING,irc_bicycles_physical_fitness_20260417_253_p
LPHS624854,BICYCLES-PHYSICAL FITNESS,"Belt Fanny Pack Blush - All In Motion: Adjustable Strap, Solid Pattern",1,20.00,20.00,All In Motion,198420122980,92201038,Cambodia,OUTDOOR_SPORTS,NEW,BICYCLES PHYSICAL FITNESS,82,SPORT,APPAREL,TT,PTAP16634,BAGS,irc_bicycles_physical_fitness_20260417_253_p
LPHR172390,BICYCLES-PHYSICAL FITNESS,"Kryptonite Combination U-Lock - Black: Secure Bike Lock, U-Locks Type",1,19.99,19.99,Kryptonite,720018005292,92653375,United States of America,OUTDOOR_SPORTS,NEW,BICYCLES PHYSICAL FITNESS,82,SPORT,SPORTING GOODS,TT,PTAP16644,ACCESSORIES,irc_bicycles_physical_fitness_20260417_253_p
LPHS776320,BICYCLES-PHYSICAL FITNESS,"Blackburn 27.5"" Mountain Bike Tire - Black",1,19.99,19.99,Blackburn,035011995380,94430431,"Taiwan, Province of China",OUTDOOR_SPORTS,NEW,BICYCLES PHYSICAL FITNESS,82,SPORT,SPORTING GOODS,TT,PTAP16644,TIRES,irc_bicycles_physical_fitness_20260417_253_p
LPHS556250,BICYCLES-PHYSICAL FITNESS,"Blogilates 64oz Half Gallon Plastic Water Bottle - Blue Ombre: BPA-Free PETG, Portable Drinkware",1,19.99,19.99,Blogilates,850028476734,86984726,China,OUTDOOR_SPORTS,USED_GOOD,BICYCLES PHYSICAL FITNESS,82,SPORT,HOME,TT,PTAP16634,ACCESSORIES,irc_bicycles_physical_fitness_20260417_253_p
LPHR300063,BICYCLES-PHYSICAL FITNESS,"Blackburn 27.5"" Mountain Bike Tire - Black",1,19.99,19.99,Blackburn,035011995380,94430431,"Taiwan, Province of China",OUTDOOR_SPORTS,USED_GOOD,BICYCLES PHYSICAL FITNESS,82,SPORT,SPORTING GOODS,TT,PTAP16634,TIRES,irc_bicycles_physical_fitness_20260417_253_p
LPHR280653,BICYCLES-PHYSICAL FITNESS,Fabric Round Hip Band Set - All In Motion: Polyester Rubber Resistance Bands (Please be advised that sets may be missing pieces or otherwise incomplete.),1,18.00,18.00,All In Motion,191802001811,90364291,China,OUTDOOR_SPORTS,USED_GOOD,BICYCLES PHYSICAL FITNESS,82,SPORT,SPORTING GOODS,TT,PTAP16634,STRENGTH TRAINING,irc_bicycles_physical_fitness_20260417_253_p
LPHR094311,BICYCLES-PHYSICAL FITNESS,Blogilates Water Bottle Sling - Cream Floral,1,17.99,17.99,Blogilates,850052976705,94895514,China,OUTDOOR_SPORTS,USED_GOOD,BICYCLES PHYSICAL FITNESS,82,SPORT,HOME,TT,PTAP16644,ACCESSORIES,irc_bicycles_physical_fitness_20260417_253_p
LPHR434134,BICYCLES-PHYSICAL FITNESS,Brightz Bike Noisemaker - Beige: Universal ABS Accessory,3,5.84,17.52,Brightz,811860035404,92406947,China,OUTDOOR_SPORTS,NEW,BICYCLES PHYSICAL FITNESS,82,SPORT,SPORTING GOODS,TT,PTAP16634,BIKE ACCESSORIES,irc_bicycles_physical_fitness_20260417_253_p
LPHR003665,BICYCLES-PHYSICAL FITNESS,"Master Lock 7.25"" U Lock with Looped End Cable: Bike Security",1,17.49,17.49,Master Lock,071649283321,54288060,China,OUTDOOR_SPORTS,NEW,BICYCLES PHYSICAL FITNESS,82,SPORT,SPORTING GOODS,TT,PTAP16644,ACCESSORIES,irc_bicycles_physical_fitness_20260417_253_p
LPHR298576,BICYCLES-PHYSICAL FITNESS,Blogilates 19oz Glass Protein Shaker Bottle with Silicone Sleeve - Blue,1,16.99,16.99,Blogilates,850052976606,94430696,China,OUTDOOR_SPORTS,NEW,BICYCLES PHYSICAL FITNESS,82,SPORT,HOME,TT,PTAP16644,ACCESSORIES,irc_bicycles_physical_fitness_20260417_253_p
LPHR008357,BICYCLES-PHYSICAL FITNESS,Stability Exercise Ball Gray 75cm - All In Motion,1,16.00,16.00,All In Motion,191802002085,94409166,China,OUTDOOR_SPORTS,USED_GOOD,BICYCLES PHYSICAL FITNESS,82,SPORT,SPORTING GOODS,TT,PTAP16644,STRENGTH TRAINING,irc_bicycles_physical_fitness_20260417_253_p
LPHR088754,BICYCLES-PHYSICAL FITNESS,BlenderBottle 24oz Strada Tritan Shaker Bottle - Green: Leakproof Shaker,1,15.99,15.99,BlenderBottle,847280092604,91197469,China,OUTDOOR_SPORTS,NEW,BICYCLES PHYSICAL FITNESS,82,SPORT,HOME,TT,PTAP16644,MIXER,irc_bicycles_physical_fitness_20260417_253_p
LPJY949296,BICYCLES-PHYSICAL FITNESS,"Gatorade 12oz Stainless Steel Water Bottle - Yellow: Portable Drinkware, Plastic Lid",1,15.99,15.99,Gatorade,052000056082,92514286,United States of America,OUTDOOR_SPORTS,NEW,BICYCLES PHYSICAL FITNESS,82,SPORT,HOME,TT,PTAP16644,STAINLESS STEEL,irc_bicycles_physical_fitness_20260417_253_p
LPHR079460,BICYCLES-PHYSICAL FITNESS,BlenderBottle 24oz Strada Tritan Shaker Bottle - Clear/Plum: Leakproof Shaker,1,15.99,15.99,BlenderBottle,847280092598,91197462,China,OUTDOOR_SPORTS,USED_GOOD,BICYCLES PHYSICAL FITNESS,82,SPORT,HOME,TT,PTAP16634,MIXER,irc_bicycles_physical_fitness_20260417_253_p
LPHR139630,BICYCLES-PHYSICAL FITNESS,BlenderBottle 24oz Strada Tritan Shaker Bottle - Green: Leakproof Shaker,1,15.99,15.99,BlenderBottle,847280092604,91197469,China,OUTDOOR_SPORTS,NEW,BICYCLES PHYSICAL FITNESS,82,SPORT,HOME,TT,PTAP16634,MIXER,irc_bicycles_physical_fitness_20260417_253_p
LPHS597743,BICYCLES-PHYSICAL FITNESS,Gaiam Studio Select Circle Weight 5lb Dumbbell,1,15.99,15.99,Gaiam,018713665317,94413594,China,OUTDOOR_SPORTS,USED_GOOD,BICYCLES PHYSICAL FITNESS,82,SPORT,SPORTING GOODS,TT,PTAP16634,STRENGTH TRAINING,irc_bicycles_physical_fitness_20260417_253_p
LPHR012115,BICYCLES-PHYSICAL FITNESS,BlenderBottle 24oz Strada Tritan Shaker Cup - White,1,15.99,15.99,BlenderBottle,840467308192,94894801,China,OUTDOOR_SPORTS,USED_GOOD,BICYCLES PHYSICAL FITNESS,82,SPORT,HOME,TT,PTAP16634,MIXER,irc_bicycles_physical_fitness_20260417_253_p
LPJY974144,BICYCLES-PHYSICAL FITNESS,"Honey Stinger Organic Gluten Free Cookies and Cream Waffle - 6pk: Ready to Eat Snack Bars, 6.36oz, 1g Protein (Please be advised that sets may be missing pieces or otherwise incomplete.)",2,7.89,15.78,Honey Stinger,810815025545,85413220,Canada,OUTDOOR_SPORTS,NEW,BICYCLES PHYSICAL FITNESS,82,SPORT,GROCERY,TT,PTAP16634,NUTRITION,irc_bicycles_physical_fitness_20260417_253_p
LPHR346403,BICYCLES-PHYSICAL FITNESS,Schwinn Sport MF Dual Strap Seat Cover,1,15.29,15.29,Schwinn,038675198708,86816886,United States of America,OUTDOOR_SPORTS,USED_GOOD,BICYCLES PHYSICAL FITNESS,82,SPORT,SPORTING GOODS,TT,PTAP16644,SEATS,irc_bicycles_physical_fitness_20260417_253_p
LPHR327277,BICYCLES-PHYSICAL FITNESS,Yoga Mat Blue (3mm) - All In Motion,1,15.00,15.00,All In Motion,191802001972,94409151,China,OUTDOOR_SPORTS,USED_GOOD,BICYCLES PHYSICAL FITNESS,82,SPORT,SPORTING GOODS,TT,PTBB59068,YOGA,irc_bicycles_physical_fitness_20260417_253_p
LPHR343375,BICYCLES-PHYSICAL FITNESS,Yoga Mat Pink (3mm) - All In Motion,1,15.00,15.00,All In Motion,191802001965,94409153,China,OUTDOOR_SPORTS,USED_GOOD,BICYCLES PHYSICAL FITNESS,82,SPORT,SPORTING GOODS,B,PTBI20874,YOGA,irc_bicycles_physical_fitness_20260417_253_p
LPHR354468,BICYCLES-PHYSICAL FITNESS,Pilates Ring Yoga Wheels - All In Motion Black,1,15.00,15.00,All In Motion,198850949898,94409128,China,OUTDOOR_SPORTS,USED_GOOD,BICYCLES PHYSICAL FITNESS,82,SPORT,SPORTING GOODS,B,PTBI20901,PILATES,irc_bicycles_physical_fitness_20260417_253_p
LPHR326690,BICYCLES-PHYSICAL FITNESS,Yoga Mat Gray (3mm) - All In Motion,1,15.00,15.00,All In Motion,191802001934,94409152,China,OUTDOOR_SPORTS,USED_GOOD,BICYCLES PHYSICAL FITNESS,82,SPORT,SPORTING GOODS,B,PTBI20887,YOGA,irc_bicycles_physical_fitness_20260417_253_p
LPJY962545,BICYCLES-PHYSICAL FITNESS,"Stretch Strap - All In Motion: Yoga Accessory, 100% Recycled PET",1,15.00,15.00,All In Motion,196365807160,85616918,China,OUTDOOR_SPORTS,USED_GOOD,BICYCLES PHYSICAL FITNESS,82,SPORT,SPORTING GOODS,TT,PTAP16644,MUSCLE THERAPY,irc_bicycles_physical_fitness_20260417_253_p
LPHR422461,BICYCLES-PHYSICAL FITNESS,Adjustable Handheld Roller - All In Motion: TPR Manual Body Massager,1,15.00,15.00,All In Motion,018713658906,90364298,China,OUTDOOR_SPORTS,USED_GOOD,BICYCLES PHYSICAL FITNESS,82,SPORT,HEALTH AND BEAUTY,TT,PTAP16644,MUSCLE THERAPY,irc_bicycles_physical_fitness_20260417_253_p
LPJY551724,BICYCLES-PHYSICAL FITNESS,"32oz Stainless Steel Hydration Water Bottle - Green - Embark: Portable Drinkware, Polypropylene Lid",1,15.00,15.00,Embark,198420113711,92028566,China,OUTDOOR_SPORTS,NEW,BICYCLES PHYSICAL FITNESS,82,SPORT,HOME,TT,PTAP16644,STAINLESS STEEL,irc_bicycles_physical_fitness_20260417_253_p
LPHR053949,BICYCLES-PHYSICAL FITNESS,"13"" Deep Tissue Foam Roller - Aqua Blue - All In Motion: EVA Material, Whole Body Use",1,15.00,15.00,All In Motion,198420041496,90364307,China,OUTDOOR_SPORTS,USED_GOOD,BICYCLES PHYSICAL FITNESS,82,SPORT,HEALTH AND BEAUTY,TT,PTAP16634,MUSCLE THERAPY,irc_bicycles_physical_fitness_20260417_253_p
LPHS775219,BICYCLES-PHYSICAL FITNESS,"32oz Stainless Steel Hydration Water Bottle - Cream - Embark: Portable Drinkware, Polypropylene Lid",1,15.00,15.00,Embark,198420113674,92028564,China,OUTDOOR_SPORTS,USED_GOOD,BICYCLES PHYSICAL FITNESS,82,SPORT,HOME,TT,PTAP16634,STAINLESS STEEL,irc_bicycles_physical_fitness_20260417_253_p
LPHS259359,BICYCLES-PHYSICAL FITNESS,Ignite by SPRI Resistance Cord - Heavy: Rubber Bands for Legs & Arms,1,14.99,14.99,Ignite by SPRI,759026717255,53593888,China,OUTDOOR_SPORTS,USED_GOOD,BICYCLES PHYSICAL FITNESS,82,SPORT,SPORTING GOODS,TT,PTAP16644,STRENGTH TRAINING,irc_bicycles_physical_fitness_20260417_253_p
LPHS625046,BICYCLES-PHYSICAL FITNESS,Brightz Shape Patterned Bike Wheel LED Light: Silicone Reflector Accessory,1,14.99,14.99,Brightz,811860032205,89207352,China,OUTDOOR_SPORTS,LIKE_NEW,BICYCLES PHYSICAL FITNESS,82,SPORT,SPORTING GOODS,TT,PTAP16644,ACCESSORIES,irc_bicycles_physical_fitness_20260417_253_p
LPJY227726,BICYCLES-PHYSICAL FITNESS,Champion Game-Ready Chug Bottle 40oz - Dark Forest/Gray Blue,1,14.99,14.99,Champion,018713666673,94460951,China,OUTDOOR_SPORTS,USED_GOOD,BICYCLES PHYSICAL FITNESS,82,SPORT,HOME,TT,PTAP16644,SIDELINE,irc_bicycles_physical_fitness_20260417_253_p
LPHS760838,BICYCLES-PHYSICAL FITNESS,Champion Game-Ready Chug Bottle 40oz - Red,1,14.99,14.99,Champion,018713666109,94460516,China,OUTDOOR_SPORTS,USED_GOOD,BICYCLES PHYSICAL FITNESS,82,SPORT,HOME,TT,PTAP16634,SIDELINE,irc_bicycles_physical_fitness_20260417_253_p
LPHR098559,BICYCLES-PHYSICAL FITNESS,Wrist/Ankle Weight 2pc 1lb Set - All In Motion (Please be advised that sets may be missing pieces or otherwise incomplete.),1,13.00,13.00,All In Motion,191802002078,94409162,China,OUTDOOR_SPORTS,NEW,BICYCLES PHYSICAL FITNESS,82,SPORT,SPORTING GOODS,TT,PTAP16644,WEARABLES,irc_bicycles_physical_fitness_20260417_253_p
LPHR264698,BICYCLES-PHYSICAL FITNESS,"Hand Recovery Handheld Massager Kit - All In Motion: TPR Material, Manual Power",1,13.00,13.00,All In Motion,018713658890,90364289,China,OUTDOOR_SPORTS,USED_GOOD,BICYCLES PHYSICAL FITNESS,82,SPORT,HEALTH AND BEAUTY,TT,PTAP16634,MUSCLE THERAPY,irc_bicycles_physical_fitness_20260417_253_p
LPHS772979,BICYCLES-PHYSICAL FITNESS,"24oz Stainless Steel Hydration Water Bottle - Black - Embark: Portable Drinkware, Polypropylene Lid",1,13.00,13.00,Embark,198420113506,92028558,China,OUTDOOR_SPORTS,USED_GOOD,BICYCLES PHYSICAL FITNESS,82,SPORT,HOME,TT,PTAP16634,STAINLESS STEEL,irc_bicycles_physical_fitness_20260417_253_p
LPHR258291,BICYCLES-PHYSICAL FITNESS,"BlenderBottle 20oz Classic V2 Plastic Water Bottle - White: BPA-Free, Screw-On Lid, Portable Drinkware",1,12.99,12.99,BlenderBottle,847280086924,89077539,China,OUTDOOR_SPORTS,USED_GOOD,BICYCLES PHYSICAL FITNESS,82,SPORT,HOME,TT,PTAP16644,MIXER,irc_bicycles_physical_fitness_20260417_253_p
LPHR258421,BICYCLES-PHYSICAL FITNESS,"McDavid 8-9"" Sport Ankle Sleeve with Wrap Support - S/M: Joint & Muscle Pain Relief, Nylon",1,12.99,12.99,McDavid,029369153776,91146878,Viet Nam,OUTDOOR_SPORTS,NEW,BICYCLES PHYSICAL FITNESS,82,SPORT,HEALTH AND BEAUTY,TT,PTAP16644,MUSCLE THERAPY,irc_bicycles_physical_fitness_20260417_253_p
LPHR330242,BICYCLES-PHYSICAL FITNESS,"BlenderBottle 20oz Classic V2 Plastic Water Bottle - White: BPA-Free, Screw-On Lid, Portable Drinkware",1,12.99,12.99,BlenderBottle,847280086924,89077539,China,OUTDOOR_SPORTS,USED_GOOD,BICYCLES PHYSICAL FITNESS,82,SPORT,HOME,TT,PTAP16634,MIXER,irc_bicycles_physical_fitness_20260417_253_p
LPJY968645,BICYCLES-PHYSICAL FITNESS,"Wipeout Dry Erase Kids' Pad Set 3pk - Black: Cycling, Skateboarding Protection (Please be advised that sets may be missing pieces or otherwise incomplete.)",1,12.79,12.79,Wipeout,604352041010,50357231,China,OUTDOOR_SPORTS,USED_GOOD,BICYCLES PHYSICAL FITNESS,82,SPORT,SPORTING GOODS,TT,PTAP16644,ACCESSORIES,irc_bicycles_physical_fitness_20260417_253_p
LPHR134057,BICYCLES-PHYSICAL FITNESS,Schwinn Tri-Layer Grips - Black/Gray,1,11.99,11.99,Schwinn,038675582309,77523373,,OUTDOOR_SPORTS,NEW,BICYCLES PHYSICAL FITNESS,82,SPORT,SPORTING GOODS,TT,PTAP16644,ACCESSORIES,irc_bicycles_physical_fitness_20260417_253_p
LPJY550005,BICYCLES-PHYSICAL FITNESS,"Blackburn 26"" Self Sealing Bike Tube - Black",1,11.99,11.99,Blackburn,035011995250,94430432,China,OUTDOOR_SPORTS,USED_GOOD,BICYCLES PHYSICAL FITNESS,82,SPORT,SPORTING GOODS,TT,PTAP16644,TUBES,irc_bicycles_physical_fitness_20260417_253_p
LPHR349332,BICYCLES-PHYSICAL FITNESS,CAP 8lbs Coated Hex Dumbbell with Contoured Handle,1,11.99,11.99,CAP,702556021859,95072002,China,OUTDOOR_SPORTS,USED_GOOD,BICYCLES PHYSICAL FITNESS,82,SPORT,SPORTING GOODS,TT,PTAP16634,STRENGTH TRAINING,irc_bicycles_physical_fitness_20260417_253_p
LPHR268346,BICYCLES-PHYSICAL FITNESS,Schwinn Bike Seat Pack - Black,1,11.19,11.19,Schwinn,038675238442,80594780,,OUTDOOR_SPORTS,USED_GOOD,BICYCLES PHYSICAL FITNESS,82,SPORT,SPORTING GOODS,TT,PTAP16644,STORAGE,irc_bicycles_physical_fitness_20260417_253_p
LPHS885687,BICYCLES-PHYSICAL FITNESS,"Tommie Copper Sport Compression Ankle Support Sleeve - L/XL: Joint Support, Polyester",1,10.89,10.89,Tommie Copper,018713631800,90679312,China,OUTDOOR_SPORTS,USED_GOOD,BICYCLES PHYSICAL FITNESS,82,SPORT,HEALTH AND BEAUTY,TT,PTAP16644,MUSCLE THERAPY,irc_bicycles_physical_fitness_20260417_253_p
LPHR074065,BICYCLES-PHYSICAL FITNESS,"Tommie Copper Sport Compression Ankle Support Sleeve - S/M: Joint Support, Polyester",1,10.89,10.89,Tommie Copper,018713631794,91151094,China,OUTDOOR_SPORTS,NEW,BICYCLES PHYSICAL FITNESS,82,SPORT,HEALTH AND BEAUTY,TT,PTAP16644,MUSCLE THERAPY,irc_bicycles_physical_fitness_20260417_253_p
LPHS259327,BICYCLES-PHYSICAL FITNESS,"Tommie Copper Sport Compression Ankle Support Sleeve - S/M: Joint Support, Polyester",1,10.89,10.89,Tommie Copper,018713631794,91151094,China,OUTDOOR_SPORTS,USED_GOOD,BICYCLES PHYSICAL FITNESS,82,SPORT,HEALTH AND BEAUTY,TT,PTAP16634,MUSCLE THERAPY,irc_bicycles_physical_fitness_20260417_253_p
LPHR276479,BICYCLES-PHYSICAL FITNESS,24oz Tritan Hydration Water Bottle - Soft Green - All in Motion: Portable Plastic Drinkware,1,10.00,10.00,All In Motion,198420113520,92028551,China,OUTDOOR_SPORTS,USED_GOOD,BICYCLES PHYSICAL FITNESS,82,SPORT,HOME,TT,PTAP16644,TRITAN,irc_bicycles_physical_fitness_20260417_253_p
LPHR122812,BICYCLES-PHYSICAL FITNESS,"Men's Strength Training Gloves Black L - All In Motion: Neoprene, Weightlifting",1,10.00,10.00,All In Motion,191907562743,80594797,China,OUTDOOR_SPORTS,NEW,BICYCLES PHYSICAL FITNESS,82,SPORT,SPORTING GOODS,TT,PTAP16634,STRENGTH TRAINING,irc_bicycles_physical_fitness_20260417_253_p
LPJY983842,BICYCLES-PHYSICAL FITNESS,"Dumbbell 3lbs Lilac - All In Motion: PVC Coated, Iron Filled, Arm Workout",1,7.00,7.00,All In Motion,018713638229,77459834,China,OUTDOOR_SPORTS,USED_GOOD,BICYCLES PHYSICAL FITNESS,82,SPORT,SPORTING GOODS,TT,PTAP16634,STRENGTH TRAINING,irc_bicycles_physical_fitness_20260417_253_p
LPHR321750,BICYCLES-PHYSICAL FITNESS,"Tommie Copper Sport Compression Wrist Sleeve - L/XL: Carpal Tunnel Support, Polyester",1,6.19,6.19,Tommie Copper,018713631770,92542602,China,OUTDOOR_SPORTS,NEW,BICYCLES PHYSICAL FITNESS,82,SPORT,HEALTH AND BEAUTY,TT,PTAP16644,MUSCLE THERAPY,irc_bicycles_physical_fitness_20260417_253_p
LPHR174663,BICYCLES-PHYSICAL FITNESS,"Blackburn 26"" Bike Tube - Black",1,5.99,5.99,Blackburn,035011995304,94430435,China,OUTDOOR_SPORTS,NEW,BICYCLES PHYSICAL FITNESS,82,SPORT,SPORTING GOODS,TT,PTAP16644,ACCESSORIES,irc_bicycles_physical_fitness_20260417_253_p
LPHR341883,BICYCLES-PHYSICAL FITNESS,Pilates Ring Yoga Wheels - All In Motion Black,1,15.00,15.00,All In Motion,198850949898,94409128,China,OUTDOOR_SPORTS,USED_GOOD,BICYCLES PHYSICAL FITNESS,82,SPORT,SPORTING GOODS,B,PTBI20859,PILATES,irc_bicycles_physical_fitness_20260417_253_p
LPHR341798,BICYCLES-PHYSICAL FITNESS,Yoga Mat Blue (3mm) - All In Motion,1,15.00,15.00,All In Motion,191802001972,94409151,China,OUTDOOR_SPORTS,USED_GOOD,BICYCLES PHYSICAL FITNESS,82,SPORT,SPORTING GOODS,B,PTBI20859,YOGA,irc_bicycles_physical_fitness_20260417_253_p
LPHR434538,BICYCLES-PHYSICAL FITNESS,Foot Massager Aqua Blue - All In Motion: Manual Plastic Body Massager,1,15.00,15.00,All In Motion,191802000692,82399798,China,OUTDOOR_SPORTS,USED_GOOD,BICYCLES PHYSICAL FITNESS,82,SPORT,HEALTH AND BEAUTY,TT,PTAP16644,MUSCLE THERAPY,irc_bicycles_physical_fitness_20260417_253_p
LPHS768196,BICYCLES-PHYSICAL FITNESS,24oz Vacuum Insulated Stainless Steel Water Bottle Black - All In Motion: Portable Drinkware,1,15.00,15.00,All In Motion,707849131437,83489358,China,OUTDOOR_SPORTS,USED_GOOD,BICYCLES PHYSICAL FITNESS,82,SPORT,HOME,TT,PTAP16644,STAINLESS STEEL,irc_bicycles_physical_fitness_20260417_253_p
LPHR034586,BICYCLES-PHYSICAL FITNESS,"Posture Corrector Back Brace Stretcher - All In Motion: Nylon, 300lb Capacity",1,15.00,15.00,All In Motion,018713658876,90364301,China,OUTDOOR_SPORTS,NEW,BICYCLES PHYSICAL FITNESS,82,SPORT,SPORTING GOODS,TT,PTAP16644,MUSCLE THERAPY,irc_bicycles_physical_fitness_20260417_253_p
LPHR071167,BICYCLES-PHYSICAL FITNESS,24oz Stainless Steel Vacuum Insulated Water Bottle Cobalt - All In Motion: Portable Drinkware,1,15.00,15.00,All In Motion,707849153149,90796148,China,OUTDOOR_SPORTS,USED_GOOD,BICYCLES PHYSICAL FITNESS,82,SPORT,HOME,TT,PTAP16644,STAINLESS STEEL,irc_bicycles_physical_fitness_20260417_253_p
LPJY227933,BICYCLES-PHYSICAL FITNESS,"32oz Stainless Steel Hydration Water Bottle - Black - Embark: Portable Drinkware, Polypropylene Lid",1,15.00,15.00,Embark,198420113629,92028563,China,OUTDOOR_SPORTS,USED_GOOD,BICYCLES PHYSICAL FITNESS,82,SPORT,HOME,TT,PTAP16644,STAINLESS STEEL,irc_bicycles_physical_fitness_20260417_253_p
LPJY551729,BICYCLES-PHYSICAL FITNESS,"32oz Stainless Steel Hydration Water Bottle - Cream - Embark: Portable Drinkware, Polypropylene Lid",1,15.00,15.00,Embark,198420113674,92028564,China,OUTDOOR_SPORTS,NEW,BICYCLES PHYSICAL FITNESS,82,SPORT,HOME,TT,PTAP16644,STAINLESS STEEL,irc_bicycles_physical_fitness_20260417_253_p
LPHR088915,BICYCLES-PHYSICAL FITNESS,Cork Yoga Block - Brown - All In Motion: Tan Cork Accessory,1,15.00,15.00,All In Motion,197543196090,88001437,China,OUTDOOR_SPORTS,USED_GOOD,BICYCLES PHYSICAL FITNESS,82,SPORT,SPORTING GOODS,TT,PTAP16634,YOGA,irc_bicycles_physical_fitness_20260417_253_p
LPHR053205,BICYCLES-PHYSICAL FITNESS,"Yoga Mat Carrier - All In Motion: Buckle Closure, Recycled Nylon",1,15.00,15.00,All In Motion,198420024499,90364306,Cambodia,OUTDOOR_SPORTS,USED_GOOD,BICYCLES PHYSICAL FITNESS,82,SPORT,SPORTING GOODS,TT,PTAP16634,YOGA,irc_bicycles_physical_fitness_20260417_253_p
LPHR081389,BICYCLES-PHYSICAL FITNESS,Sharper Image Hot and Cold Weighted Eye Mask: Fabric Polyester Relaxation Therapy,1,14.99,14.99,Sharper Image,840397503223,90644089,China,OUTDOOR_SPORTS,NEW,BICYCLES PHYSICAL FITNESS,82,SPORT,HEALTH AND BEAUTY,TT,PTAP16644,BATTERY,irc_bicycles_physical_fitness_20260417_253_p
LPHS555244,BICYCLES-PHYSICAL FITNESS,Champion Game-Ready Chug Bottle 40oz - White,1,14.99,14.99,Champion,018713666123,94472896,China,OUTDOOR_SPORTS,USED_GOOD,BICYCLES PHYSICAL FITNESS,82,SPORT,HOME,TT,PTAP16644,SIDELINE,irc_bicycles_physical_fitness_20260417_253_p
LPHR318227,BICYCLES-PHYSICAL FITNESS,"McDavid Sport Tennis and Golf Elbow Strap: Tendonitis & Muscle Pain Relief, Nylon",1,14.99,14.99,McDavid,029369160194,91146885,Viet Nam,OUTDOOR_SPORTS,USED_GOOD,BICYCLES PHYSICAL FITNESS,82,SPORT,HEALTH AND BEAUTY,TT,PTAP16634,MUSCLE THERAPY,irc_bicycles_physical_fitness_20260417_253_p
LPHS776336,BICYCLES-PHYSICAL FITNESS,"Blackburn 20"" BMX Bike Tire - Black",1,13.59,13.59,Blackburn,035011995359,94430436,"Taiwan, Province of China",OUTDOOR_SPORTS,NEW,BICYCLES PHYSICAL FITNESS,82,SPORT,SPORTING GOODS,TT,PTAP16644,ACCESSORIES,irc_bicycles_physical_fitness_20260417_253_p
LPHR010180,BICYCLES-PHYSICAL FITNESS,Loop Band Kit Blue - All In Motion: Latex Resistance Bands for Legs & Arms,1,13.00,13.00,All In Motion,018713639899,79767261,China,OUTDOOR_SPORTS,NEW,BICYCLES PHYSICAL FITNESS,82,SPORT,SPORTING GOODS,TT,PTAP16634,STRENGTH TRAINING,irc_bicycles_physical_fitness_20260417_253_p
LPHR070206,BICYCLES-PHYSICAL FITNESS,"Premium Loop Band Kit - All In Motion: Latex Resistance Bands, Medium to Heavy",1,13.00,13.00,All In Motion,198420041533,90364305,China,OUTDOOR_SPORTS,NEW,BICYCLES PHYSICAL FITNESS,82,SPORT,SPORTING GOODS,TT,PTAP16634,STRENGTH TRAINING,irc_bicycles_physical_fitness_20260417_253_p
LPHR073646,BICYCLES-PHYSICAL FITNESS,"24oz Stainless Steel Hydration Water Bottle - Green - Embark: Portable Drinkware, Polypropylene Lid",1,13.00,13.00,Embark,198420113728,92028560,China,OUTDOOR_SPORTS,USED_GOOD,BICYCLES PHYSICAL FITNESS,82,SPORT,HOME,TT,PTAP16634,STAINLESS STEEL,irc_bicycles_physical_fitness_20260417_253_p
LPJY947090,BICYCLES-PHYSICAL FITNESS,CamelBak Copolyester Lid - Clear L,1,12.99,12.99,CamelBak,886798044019,90177746,China,OUTDOOR_SPORTS,USED_GOOD,BICYCLES PHYSICAL FITNESS,82,SPORT,HOME,TT,PTAP16634,ACCESSORIES,irc_bicycles_physical_fitness_20260417_253_p
LPHR244785,BICYCLES-PHYSICAL FITNESS,"McDavid 9-10"" Sport Ankle Sleeve with Wrap Support - L/XL: Muscle Pain Relief, Joint Brace",1,12.99,12.99,McDavid,029369153783,91146879,Viet Nam,OUTDOOR_SPORTS,NEW,BICYCLES PHYSICAL FITNESS,82,SPORT,HEALTH AND BEAUTY,TT,PTAP16634,MUSCLE THERAPY,irc_bicycles_physical_fitness_20260417_253_p
LPHR278574,BICYCLES-PHYSICAL FITNESS,Gaiam Studio Select Resistance Tube - Light Blue,1,12.99,12.99,Gaiam,018713665256,94413597,China,OUTDOOR_SPORTS,USED_GOOD,BICYCLES PHYSICAL FITNESS,82,SPORT,SPORTING GOODS,TT,PTAP16634,STRENGTH TRAINING,irc_bicycles_physical_fitness_20260417_253_p
LPHR337363,BICYCLES-PHYSICAL FITNESS,Bubba Dual Sip Lid 18+24oz - Moonblush,1,12.99,12.99,Bubba,607869326250,95097009,China,OUTDOOR_SPORTS,USED_GOOD,BICYCLES PHYSICAL FITNESS,82,SPORT,HOME,TT,PTAP16634,ACCESSORIES,irc_bicycles_physical_fitness_20260417_253_p
LPHS885305,BICYCLES-PHYSICAL FITNESS,"Tommie Copper Sport Compression Elbow Support Sleeve - S/M: Joint Support, Polyester",2,6.19,12.38,Tommie Copper,018713631619,90679340,China,OUTDOOR_SPORTS,USED_GOOD,BICYCLES PHYSICAL FITNESS,82,SPORT,HEALTH AND BEAUTY,TT,PTAP16644,MUSCLE THERAPY,irc_bicycles_physical_fitness_20260417_253_p
LPHR088003,BICYCLES-PHYSICAL FITNESS,Mini Ab Ball Blue - All In Motion: PVC Exercise Trainer for Abdominal Workouts,1,12.00,12.00,All In Motion,018713638090,77459844,China,OUTDOOR_SPORTS,NEW,BICYCLES PHYSICAL FITNESS,82,SPORT,SPORTING GOODS,TT,PTAP16644,HOME GYM,irc_bicycles_physical_fitness_20260417_253_p
LPHR086305,BICYCLES-PHYSICAL FITNESS,CAP 8lbs Coated Hex Dumbbell with Contoured Handle,1,11.99,11.99,CAP,702556021859,95072002,China,OUTDOOR_SPORTS,USED_GOOD,BICYCLES PHYSICAL FITNESS,82,SPORT,SPORTING GOODS,TT,PTAP16644,STRENGTH TRAINING,irc_bicycles_physical_fitness_20260417_253_p
LPHR242242,BICYCLES-PHYSICAL FITNESS,"30oz Stainless Steel Tumbler with Straw Cream - Embark: Portable Drinkware, Off-White",1,11.00,11.00,Embark,197543640289,88883636,China,OUTDOOR_SPORTS,NEW,BICYCLES PHYSICAL FITNESS,82,SPORT,HOME,TT,PTAP16634,TUMBLER,irc_bicycles_physical_fitness_20260417_253_p
LPHR249965,BICYCLES-PHYSICAL FITNESS,"11.9"" Ropeless Jump Rope - Black - All In Motion: Polypropylene, TPR Handles",1,11.00,11.00,All In Motion,191802001781,90364295,China,OUTDOOR_SPORTS,USED_GOOD,BICYCLES PHYSICAL FITNESS,82,SPORT,SPORTING GOODS,TT,PTAP16634,HOME GYM,irc_bicycles_physical_fitness_20260417_253_p
LPHS259361,BICYCLES-PHYSICAL FITNESS,Ignite by SPRI Resistance Cord - Light: Rubber Bands for Legs & Arms,1,10.99,10.99,Ignite by SPRI,759026719471,79756693,China,OUTDOOR_SPORTS,NEW,BICYCLES PHYSICAL FITNESS,82,SPORT,SPORTING GOODS,TT,PTAP16644,STRENGTH TRAINING,irc_bicycles_physical_fitness_20260417_253_p
LPHS259360,BICYCLES-PHYSICAL FITNESS,Ignite by SPRI Resistance Cord - Light: Rubber Bands for Legs & Arms,1,10.99,10.99,Ignite by SPRI,759026719471,79756693,China,OUTDOOR_SPORTS,USED_GOOD,BICYCLES PHYSICAL FITNESS,82,SPORT,SPORTING GOODS,TT,PTAP16644,STRENGTH TRAINING,irc_bicycles_physical_fitness_20260417_253_p
LPHR337247,BICYCLES-PHYSICAL FITNESS,"Brightz LED Bicycle Bell - Silver: Iron & Plastic, Hardware Mounted",1,10.99,10.99,Brightz,811860032243,86816869,China,OUTDOOR_SPORTS,NEW,BICYCLES PHYSICAL FITNESS,82,SPORT,SPORTING GOODS,TT,PTAP16644,ACCESSORIES,irc_bicycles_physical_fitness_20260417_253_p
LPHS259340,BICYCLES-PHYSICAL FITNESS,Ignite by SPRI Resistance Cord - Light: Rubber Bands for Legs & Arms,1,10.99,10.99,Ignite by SPRI,759026719471,79756693,China,OUTDOOR_SPORTS,NEW,BICYCLES PHYSICAL FITNESS,82,SPORT,SPORTING GOODS,TT,PTAP16634,STRENGTH TRAINING,irc_bicycles_physical_fitness_20260417_253_p
LPHS772830,BICYCLES-PHYSICAL FITNESS,"Women's Strength Training Gloves Purple XS - All In Motion: Neoprene, Weightlifting",1,10.00,10.00,All In Motion,191907562811,80594792,China,OUTDOOR_SPORTS,NEW,BICYCLES PHYSICAL FITNESS,82,SPORT,SPORTING GOODS,TT,PTAP16644,STRENGTH TRAINING,irc_bicycles_physical_fitness_20260417_253_p
LPHR297321,BICYCLES-PHYSICAL FITNESS,"Women's Strength Training Gloves Purple S - All In Motion: Neoprene, Weightlifting",1,10.00,10.00,All In Motion,191907562781,80594796,China,OUTDOOR_SPORTS,USED_GOOD,BICYCLES PHYSICAL FITNESS,82,SPORT,SPORTING GOODS,TT,PTAP16644,STRENGTH TRAINING,irc_bicycles_physical_fitness_20260417_253_p
LPHS259235,BICYCLES-PHYSICAL FITNESS,24oz Tritan Hydration Water Bottle - Dark Blue - All in Motion: Portable Plastic Drinkware,1,10.00,10.00,All In Motion,198420113735,92028553,China,OUTDOOR_SPORTS,USED_GOOD,BICYCLES PHYSICAL FITNESS,82,SPORT,HOME,TT,PTAP16644,TRITAN,irc_bicycles_physical_fitness_20260417_253_p
LPHS423687,BICYCLES-PHYSICAL FITNESS,"20oz Stainless Steel Tumbler with Straw Cream - Embark: BPA-Free, Portable Drinkware",1,10.00,10.00,Embark,198420113551,92290770,China,OUTDOOR_SPORTS,USED_GOOD,BICYCLES PHYSICAL FITNESS,82,SPORT,HOME,TT,PTAP16644,TUMBLER,irc_bicycles_physical_fitness_20260417_253_p
LPHR456233,BICYCLES-PHYSICAL FITNESS,"64oz Tritan Beverage Plastic Water Bottle Blush - All In Motion: BPA-Free, Silicone Lid",1,10.00,10.00,All In Motion,198420024543,90796154,China,OUTDOOR_SPORTS,NEW,BICYCLES PHYSICAL FITNESS,82,SPORT,HOME,TT,PTAP16634,LARGE CAPACITY,irc_bicycles_physical_fitness_20260417_253_p
LPHS419866,BICYCLES-PHYSICAL FITNESS,24oz Tritan Hydration Water Bottle - Purple - All in Motion: Portable Plastic Drinkware,1,10.00,10.00,All In Motion,198420113650,92028555,China,OUTDOOR_SPORTS,USED_GOOD,BICYCLES PHYSICAL FITNESS,82,SPORT,HOME,TT,PTAP16634,TRITAN,irc_bicycles_physical_fitness_20260417_253_p
LPHR252017,BICYCLES-PHYSICAL FITNESS,Yoga Knit Socks - 4-10 - All In Motion,1,10.00,10.00,All In Motion,198850949911,94660834,Pakistan,OUTDOOR_SPORTS,USED_GOOD,BICYCLES PHYSICAL FITNESS,82,SPORT,APPAREL,TT,PTAP16634,YOGA,irc_bicycles_physical_fitness_20260417_253_p
LPHR077299,BICYCLES-PHYSICAL FITNESS,"Brightz Streamer LED Bicycle Tassels - Pastel: Silicone & ABS Material, 24-Hour Battery",1,9.59,9.59,Brightz,811860032731,86822407,China,OUTDOOR_SPORTS,USED_GOOD,BICYCLES PHYSICAL FITNESS,82,SPORT,SPORTING GOODS,TT,PTAP16644,ACCESSORIES,irc_bicycles_physical_fitness_20260417_253_p
LPJY974132,BICYCLES-PHYSICAL FITNESS,"Honey Stinger Organic Gluten Free Cookies and Cream Waffle - 6pk: Ready to Eat Snack Bars, 6.36oz, 1g Protein (Please be advised that sets may be missing pieces or otherwise incomplete.)",1,7.89,7.89,Honey Stinger,810815025545,85413220,Canada,OUTDOOR_SPORTS,USED_GOOD,BICYCLES PHYSICAL FITNESS,82,SPORT,GROCERY,TT,PTAP16634,NUTRITION,irc_bicycles_physical_fitness_20260417_253_p
LPHS885685,BICYCLES-PHYSICAL FITNESS,"Tommie Copper Sport Compression Knee Support Sleeve - S/M: Joint Support, Polyester Material",1,7.69,7.69,Tommie Copper,018713631534,91151091,China,OUTDOOR_SPORTS,NEW,BICYCLES PHYSICAL FITNESS,82,SPORT,HEALTH AND BEAUTY,TT,PTAP16644,MUSCLE THERAPY,irc_bicycles_physical_fitness_20260417_253_p